EXPID,X,Y,rot_rate_model,rot_rate_measured,C
163700,-12.443015,-0.61909,0.481,-0.0512794836686772,0.5322794836686772
163820,8.720608,1.48857,0.433,0.11244881653008518,0.32055118346991485
163821,15.573836,5.72247,0.406,-0.2871825173190789,0.6931825173190789
163822,5.196391,-1.84834,0.447,-0.05843611647073174,0.5054361164707317
163823,12.054471,1.2454,0.422,0.08162786797594997,0.34037213202405003
163825,10.852995,0.71027,0.427,-0.005562720562433615,0.4325627205624336
163827,2.695228,-3.04367,0.456,0.04339211516793693,0.41260788483206307
163829,-39.723245,22.85191,0.324,0.033608341634472294,0.2903916583655277
163833,-34.229996,12.84808,0.394,-0.0036014091318981225,0.3976014091318981
163834,-25.749189,8.03862,0.443,0.024306006189843993,0.41869399381015604
163835,-19.244411,12.63907,0.439,0.061622973902422926,0.37737702609757706
163837,-24.035008,4.93295,0.459,-0.07161440736309484,0.5306144073630948
163842,-20.502533,7.22977,0.454,0.0980005753757088,0.35599942462429124
163843,-12.260785,7.73017,0.457,-0.014458217250138,0.47145821725013803
163846,-12.389854,6.26382,0.461,0.011177707699629736,0.4498222923003703
163847,-8.53371,10.58891,0.45,-0.004617453496323393,0.45461745349632343
163848,-11.580078,5.75873,0.462,0.12126887299265475,0.34073112700734526
164009,13.444375,10.0536,0.411,-0.008916857608958623,0.4199168576089586
164012,17.08991,-8.33322,0.404,-0.04435597685758181,0.44835597685758183
164013,16.614424,-15.11423,0.399,0.28104153449507924,0.11795846550492078
164014,-37.111199,28.5943,0.333,-0.04193095246374939,0.3749309524637494
164015,-36.358413,23.22831,0.345,-0.1384753889332096,0.48347538893320957
164017,-32.20437,17.56644,0.384,-0.10221115994100861,0.4862111599410086
164020,-23.846946,15.72848,0.42,-0.1347495490478329,0.5547495490478329
164045,-10.758417,9.56263,0.453,0.050680921406891545,0.40231907859310845
164046,-11.329308,13.71251,0.445,-0.09663957584133089,0.5416395758413309
164047,-11.350773,13.1974,0.446,-0.12381300509233599,0.569813005092336
164048,-13.311057,8.8464,0.454,-0.10500297883978708,0.5590029788397871
164049,-14.190976,4.05919,0.468,0.015745580900701196,0.4522544190992988
164050,-14.888158,7.43201,0.457,-0.11022974180701514,0.5672297418070151
164051,-10.66883,3.09204,0.469,-0.15984015653747652,0.6288401565374765
164052,-10.03558,2.76596,0.469,-0.06557105557918802,0.534571055579188
164053,-7.434601,9.76374,0.452,0.04970091825400362,0.4022990817459964
164054,-15.264999,11.50692,0.447,0.2313692314983459,0.2156307685016541
164055,-7.662306,9.32063,0.452,-0.009689415262772033,0.4616894152627721
164056,3.470331,5.74782,0.442,0.005539412504292222,0.43646058749570776
164057,-5.043547,-5.06636,0.479,-0.04756824541108875,0.5265682454110887
164058,-4.209609,-5.54651,0.478,-0.06608169294774699,0.544081692947747
164059,1.376035,-8.18948,0.465,0.20184469953002085,0.26315530046997915
164158,14.78767,31.28272,0.411,0.19205157345148346,0.2189484265485165
164159,13.580059,9.9086,0.41,-0.1608982816499877,0.5708982816499877
164161,16.707666,-6.24829,0.407,-0.04302460787475982,0.4500246078747598
164162,11.606631,0.31512,0.424,-0.003944251802584731,0.4279442518025847
164163,14.761481,-3.70533,0.415,-0.0765099505767709,0.4915099505767709
164165,1.743583,-1.77626,0.457,0.08519884136766978,0.3718011586323302
164166,3.140854,-1.60722,0.453,-0.0061827321201690785,0.4591827321201691
164167,-31.842952,35.96396,0.38,-0.07071033314192887,0.4507103331419289
164168,-32.058042,33.94759,0.373,-0.10125094109758913,0.47425094109758914
164169,-33.782183,27.66833,0.356,-0.0816605776409734,0.4376605776409734
164170,-34.20329,23.43946,0.358,-0.07319133733844889,0.4311913373384489
164171,-28.764099,12.35647,0.417,0.016376633836194834,0.4006233661638052
164172,-30.145113,8.77852,0.429,-0.08359661210438253,0.5125966121043826
164173,-27.364168,4.2815,0.457,-0.011303874040511223,0.4683038740405112
164174,-24.818975,7.21152,0.448,-0.10720039002023371,0.5552003900202337
164175,-22.190758,6.68251,0.454,-0.008444764259759456,0.46244476425975944
164176,-21.291961,4.69906,0.463,-0.06064463939295412,0.5236446393929541
164177,-18.412346,5.09231,0.463,0.013803122562336503,0.4491968774376635
164178,-14.929237,4.60533,0.466,-0.003540360230869761,0.4695403602308698
164179,-13.212915,6.99798,0.459,-0.015858888184474697,0.4748588881844747
164180,-11.40631,6.26386,0.461,-0.047209697133982015,0.508209697133982
164181,-8.822629,5.73178,0.461,0.00818412089986155,0.4528158791001385
164182,-7.346439,7.86631,0.455,-0.04352155823508838,0.49852155823508837
164183,-6.633337,7.14015,0.456,-0.026819211987648663,0.48281921198764866
164184,-8.387677,7.76227,0.456,-0.05093730020515869,0.5069373002051587
164185,-4.681349,-5.38646,0.479,0.07842432372866041,0.40057567627133955
164186,-4.568007,5.41475,0.457,-0.008900231765631449,0.46590023176563145
164187,-3.877798,7.92336,0.452,-0.06537323972701688,0.5173732397270169
164188,-2.344732,5.72284,0.453,-0.04394779271877029,0.4969477927187703
164189,-0.92657,5.73184,0.451,-0.07581947454588912,0.5268194745458892
164190,2.069453,-8.18948,0.463,-0.021525402565711078,0.4845254025657111
164191,-4.071328,-7.50824,0.481,0.004965514486222248,0.47603448551377775
164545,12.566705,26.69393,0.413,-0.009382556646119916,0.4223825566461199
164546,11.636181,26.59293,0.416,-0.20708398767170472,0.6230839876717047
164547,7.468687,21.99213,0.424,-0.0025658111955349917,0.426565811195535
164549,6.619945,-8.04854,0.447,-0.09318824832744083,0.5401882483274408
164551,7.836026,-14.03719,0.441,0.0001545422551505438,0.44084545774484946
164554,-34.135712,18.98357,0.37,-0.0724053541394549,0.4424053541394549
164555,-37.745704,13.63101,0.374,-0.121631129932773,0.49563112993277303
164556,-31.796463,7.78909,0.429,-0.05526210725696812,0.4842621072569681
164557,-30.566194,12.57339,0.41,-0.09804792339699035,0.5080479233969903
164558,-28.327231,8.49255,0.435,-0.054052443167997455,0.48905244316799745
164559,-26.20161,10.34216,0.432,-0.038408275021059174,0.4704082750210592
164560,-24.493964,12.27771,0.429,-0.052037196807636056,0.48103719680763607
164563,-22.404011,8.80302,0.446,-0.06600125086609443,0.5120012508660945
164564,-21.134483,8.8471,0.448,-0.07252996159770356,0.5205299615977036
164565,-18.767075,10.90969,0.444,-0.14360615161100296,0.5876061516110029
164567,-17.585813,9.38541,0.45,-0.24154346264475357,0.6915434626447536
164569,-12.075744,9.98472,0.452,-0.07271573989098215,0.5247157398909822
164570,-9.302095,12.66235,0.447,0.013214210526977573,0.43378578947302243
164571,-15.679021,7.76203,0.456,-0.0988400838934313,0.5548400838934313
164572,-10.306829,6.59996,0.459,0.12072508264029583,0.33827491735970416
164573,-14.820039,5.41448,0.463,0.03764263511542545,0.4253573648845746
164574,-3.466653,-6.19473,0.477,0.12015243888512628,0.3568475611148737
164575,-5.115249,-7.1281,0.483,0.0793576649341749,0.4036423350658251
164576,-3.416751,-6.47483,0.477,0.07387598124724581,0.40312401875275417
164577,-5.984429,5.7318,0.458,-0.0867530622034384,0.5447530622034384
164578,0.677973,-5.38344,0.464,0.16735257851318006,0.29664742148682
164580,-0.55166,-6.52985,0.469,0.026264873183009876,0.4427351268169901
164581,-3.2743,-7.50823,0.479,0.10375158463514109,0.37524841536485887
164679,-11.299561,-11.63914,0.51,0.19126631099463942,0.3187336890053606
164682,-4.434206,-2.31242,0.472,0.14331101892389514,0.32868898107610484
164687,-33.100637,16.75004,0.383,0.04128133130199346,0.34171866869800654
164688,-38.574973,13.47695,0.37,-0.13650860550447916,0.5065086055044792
164691,-24.023985,10.61133,0.436,-0.14969311321302717,0.5856931132130272
164692,-28.535836,9.56086,0.429,-0.12350088377014067,0.5525008837701406
164694,-25.483463,9.40502,0.438,-0.18241890038111458,0.6204189003811146
164696,-25.248724,6.39027,0.451,-0.08291386842669433,0.5339138684266943
164698,-21.094774,5.28023,0.461,-0.06668476432556159,0.5276847643255616
164699,-18.28789,5.60844,0.462,-0.0446278602043317,0.5066278602043317
164701,-16.183433,7.34598,0.457,-0.07477495719070913,0.5317749571907091
164702,-13.73778,8.78239,0.454,-0.035405785767765124,0.48940578576776517
164703,4.581749,2.17588,0.444,-0.007089341111296154,0.45108934111129617
164704,-9.890674,5.93079,0.461,0.037377261645535245,0.4236227383544648
164705,-7.74927,8.2944,0.455,-0.007206087890399825,0.46220608789039985
164706,-6.779886,9.46868,0.452,-0.010177564288784684,0.4621775642887847
164707,-6.304942,8.30742,0.453,0.04187398751231991,0.4111260124876801
164708,-9.034252,6.02884,0.46,-0.004383035417061797,0.46438303541706183
164709,-7.373475,5.66878,0.46,-0.013010104835379014,0.47301010483537903
164710,-6.228509,6.63203,0.457,-0.06614387588972781,0.5231438758897278
164711,0.413167,9.66576,0.443,0.0522799278274258,0.3907200721725742
164712,0.487229,4.58055,0.45,-0.027679665135945095,0.4776796651359451
164713,0.308789,5.81086,0.449,0.020261690655550477,0.4287383093444495
164714,-6.377297,-7.10513,0.486,0.03520287908768047,0.4507971209123195
164811,-56.839481,59.00629,0.288,-0.03005608898817854,0.3180560889881785
164812,-57.241467,61.19574,0.315,0.08251677150353068,0.23248322849646932
164814,-49.90255,54.60825,0.334,-0.13610827943389284,0.4701082794338929
164816,-43.226486,41.7663,0.307,-0.07993385944714645,0.3869338594471464
164817,-40.911567,46.78944,0.363,-0.04839206564219198,0.411392065642192
164818,-34.075199,57.9422,0.556,0.03874459682017937,0.5172554031798207
164822,-28.329113,25.25721,0.387,-0.1587597177625857,0.5457597177625857
164823,-22.03934,17.18589,0.422,0.08829069225807074,0.33370930774192925
164824,-23.532265,15.14739,0.423,-0.03601867472547963,0.45901867472547964
164825,-27.00681,8.69967,0.437,-0.05510411617652972,0.4921041161765297
164826,-25.991089,12.84881,0.423,-0.10030694858214312,0.5233069485821431
164828,-20.395831,9.40529,0.447,-0.12244121538050504,0.5694412153805051
164830,-20.056637,8.65614,0.45,-0.009709045354998424,0.45970904535499846
164833,-14.633697,10.44473,0.45,0.0013145151914473801,0.44868548480855264
164946,-68.481275,50.0523,-0.019,0.09458994869757457,-0.11358994869757458
164947,-45.99025,68.52996,0.628,-0.10208657132215547,0.7300865713221555
164949,-36.387146,65.19994,0.663,0.0009359880131842194,0.6620640119868159
164950,-32.291932,62.32044,0.643,-0.078054070341619,0.7210540703416191
164951,-35.580126,53.22812,0.478,-0.06297699417327603,0.540976994173276
164952,-36.564311,46.10463,0.399,-0.09141309770346887,0.49041309770346886
164953,-31.412908,24.64589,0.372,0.11840674400050279,0.2535932559994972
164954,-31.060543,21.02722,0.38,-0.07931251863772201,0.45931251863772204
164955,-30.001392,15.68818,0.4,-0.11501878808451708,0.5150187880845171
164956,-28.375673,12.81165,0.416,-0.16845691993260387,0.5844569199326038
164957,-26.001618,13.16486,0.422,-0.19356465195039638,0.6155646519503963
164958,-28.51121,8.65552,0.434,-0.09670769312193604,0.530707693121936
164959,-22.449162,9.09309,0.445,-0.01914245406538328,0.4641424540653833
164960,-23.277431,11.61363,0.434,-0.06555953869869154,0.4995595386986915
164961,-21.529789,9.2972,0.445,-0.013879760541418746,0.45887976054141877
164963,-14.96006,10.96586,0.448,-0.014784871899835487,0.46278487189983547
164966,-11.952976,7.92025,0.457,0.07380086467629196,0.3831991353237081
164967,-8.782075,10.65192,0.45,0.059199239831980284,0.39080076016801973
164968,-8.144714,12.61835,0.447,-0.11028130863995188,0.5572813086399518
164969,-6.973522,11.4021,0.449,-0.06633524635447997,0.51533524635448
164970,-6.74743,7.92233,0.455,0.054112312346849684,0.4008876876531503
164971,-7.360979,8.6625,0.454,-0.011930726278888606,0.4659307262788886
164972,-2.392565,-5.99665,0.474,0.042002035947507864,0.43199796405249213
164974,-6.31768,5.81081,0.458,0.004465778990641043,0.453534221009359
164975,-6.593842,9.10361,0.452,-0.04921020836793841,0.5012102083679384
164976,-5.677162,5.98788,0.457,-0.06408921035323585,0.5210892103532359
164977,-1.907612,5.89188,0.452,-0.00983240191917398,0.461832401919174
165075,-68.287616,36.52638,-0.046,0.08776893779316894,-0.13376893779316895
165076,-47.496222,58.90244,0.425,-0.12802063945501835,0.5530206394550183
165078,-42.426705,45.07104,0.335,-0.06839716187139508,0.40339716187139507
165080,-37.017423,41.55276,0.365,-0.08547937514835756,0.45047937514835756
165082,-35.621186,36.53091,0.355,-0.08141970003487647,0.43641970003487646
165083,-33.400671,33.20341,0.362,-0.09502336926974783,0.45702336926974785
165084,-30.842737,30.42703,0.375,-0.06886485915174045,0.44386485915174045
165085,-31.616569,25.19701,0.37,-0.030634135280171036,0.40063413528017106
165086,-27.670576,11.34132,0.424,-0.05380635288751001,0.47780635288751
165087,-27.368623,15.72834,0.409,-0.17313830682857864,0.5821383068285786
165088,-25.107424,18.28599,0.41,-0.030535971269278598,0.44053597126927857
165089,-24.777014,15.03134,0.42,-0.11007573007150717,0.5300757300715071
165091,-21.108061,14.6004,0.43,0.056526032709755716,0.3734739672902443
165092,-19.375917,14.91655,0.433,-0.02496344289957612,0.45796344289957613
165093,-17.633128,13.59635,0.439,-0.09308324729003874,0.5320832472900388
165094,-16.012573,13.43835,0.441,-0.04613674762394658,0.4871367476239466
165095,-15.269004,12.51817,0.444,-0.047891898558099374,0.4918918985580994
165096,-10.357154,-6.65205,0.495,0.08862334015743795,0.40637665984256205
165097,-8.494219,30.79669,0.45,0.021377834814846123,0.4286221651851539
165098,-9.133242,30.74968,0.45,-0.057906143354357155,0.5079061433543571
165099,-9.58039,31.07374,0.45,-0.0003008942697197471,0.45030089426971975
165100,-9.751662,30.15656,0.448,-0.04768326049459811,0.4956832604945981
165101,-6.643283,34.12841,0.461,0.04671178329164902,0.41428821670835103
165102,-7.027649,32.42304,0.456,-0.21455840673974982,0.6705584067397499
165103,-7.660583,33.64128,0.459,0.11163197981734457,0.34736802018265545
165104,-3.598494,37.08706,0.473,0.07780547742830474,0.39519452257169524
165105,-5.284186,34.89561,0.464,-0.08827375819021407,0.5522737581902141
165106,-3.82013,31.94195,0.455,0.2781786796514231,0.1768213203485769
165107,-4.913883,31.95795,0.455,0.012554895991383196,0.4424451040086168
165108,-2.051095,38.21427,0.478,-0.12121011794475026,0.5992101179447502
165109,-1.139416,35.35185,0.464,0.06705439401347685,0.3969456059865232
165110,-2.591478,34.92074,0.464,-0.10080792284841401,0.5648079228484141
165111,2.442903,30.85373,0.446,-0.08582594202432019,0.5318259420243202
165112,1.124199,34.87375,0.46,0.04133977059872076,0.4186602294012793
165113,1.380061,34.67672,0.459,-0.0930893536538225,0.5520893536538225
165115,3.138788,30.23157,0.443,-0.34851165236417414,0.7915116523641741
165213,30.844055,-14.17832,0.329,0.020796087514141918,0.3082039124858581
165215,-59.351105,59.90504,0.259,-0.032564234480145775,0.2915642344801458
165216,-52.446218,63.20681,0.427,-0.05250959454581789,0.4795095945458179
165467,-15.246202,43.43791,0.498,0.07840783181344069,0.4195921681865593
165468,-19.989066,45.56818,0.499,-0.12630541025602973,0.6253054102560297
165469,-15.99709,49.15398,0.545,0.06260546320031,0.48239453679969
165470,-17.953905,44.97113,0.501,-0.046108004444437974,0.547108004444438
165475,-10.285777,44.15315,0.512,-0.05658196897004708,0.5685819689700471
165476,-10.784368,40.54349,0.488,0.004084956986536637,0.48391504301346333
165477,-11.173581,42.02874,0.496,-0.021794354980770772,0.5177943549807708
165479,-7.171811,38.32218,0.479,-0.011373421089966603,0.49037342108996657
165482,-2.42068,34.6397,0.463,0.1934227571855646,0.2695772428144354
165484,-6.501459,42.17886,0.501,-0.11039628954772042,0.6113962895477204
165485,-7.426213,39.51838,0.485,-0.059800991620963966,0.544800991620964
165489,0.3288,38.2963,0.475,-0.00012432396609591133,0.4751243239660959
165491,-2.836544,48.59506,0.55,-0.08018036723529252,0.6301803672352926
165590,-56.08976,73.58181,0.6,-0.0411552569513065,0.6411552569513065
165597,-35.858135,12.63791,0.388,0.020201176484292982,0.36779882351570703
165598,-29.484545,15.45217,0.403,-0.028863444679984654,0.43186344467998466
165844,-49.916827,12.62013,0.307,0.020235553973162068,0.2867644460268379
165845,-46.253434,14.57619,0.318,0.1253679508563477,0.1926320491436523
165846,-39.36062,4.45222,0.426,0.09641763221422188,0.3295823677857781
165847,-24.026072,9.78417,0.439,-0.053469416702068444,0.49246941670206845
165848,-17.121901,-0.19515,0.483,0.10734819593872832,0.37565180406127163
165849,-14.371999,2.44574,0.473,0.10731388631342687,0.3656861136865731
165850,-17.716006,10.3606,0.447,-0.0990104006203396,0.5460104006203396
165851,-16.920909,12.65515,0.442,0.02142433067964253,0.42057566932035745
165852,-16.527512,9.38543,0.451,-0.012261611369227845,0.46326161136922783
165853,-17.139454,9.98454,0.449,-0.15967765097774508,0.6086776509777451
165854,-15.155613,6.87387,0.459,0.02963959351054347,0.42936040648945656
165855,-15.04179,6.33073,0.461,-0.03821389682608749,0.4992138968260875
165856,-10.731302,9.4236,0.453,0.06317942171131591,0.3898205782886841
165857,-12.515065,10.24174,0.451,0.003960051818392196,0.4470399481816078
165858,-11.160933,7.14005,0.458,0.00842146366667684,0.4495785363333232
165859,-9.170535,4.05132,0.465,0.037222530443373106,0.42777746955662693
165860,-10.610147,4.78648,0.464,-0.12978359243700402,0.5937835924370041
165861,-5.867833,-4.52418,0.48,0.08462279674121317,0.3953772032587868
165862,-5.729048,-8.04446,0.486,-0.13591265258279442,0.6219126525827944
165863,-7.207974,10.0858,0.451,0.05323655453850513,0.3977634454614949
165864,-9.151339,10.96997,0.45,-0.1076016191674832,0.5576016191674832
165865,-5.205553,6.63805,0.456,0.10055378575215422,0.3554462142478458
165867,-1.723052,7.24921,0.45,0.05543623131635147,0.39456376868364856
165868,-3.755722,5.81085,0.455,0.08350940558857582,0.3714905944114242
165869,1.562678,6.12693,0.446,0.11943066542992042,0.3265693345700796
165870,0.182114,7.44126,0.447,-0.07088429531968081,0.5178842953196808
165871,3.373769,34.67666,0.456,0.28276508718896015,0.17323491281103987
165872,4.011039,31.58292,0.445,-0.18113360197306694,0.626133601973067
165874,2.275861,8.33346,0.442,0.11264138659410992,0.32935861340589007
166006,12.446978,-10.82889,0.423,-0.06800872621816581,0.4910087262181658
166007,16.69099,-6.91359,0.407,0.14861058561791232,0.2583894143820876
166008,17.297104,-14.46198,0.397,-0.02337311120956168,0.4203731112095617
166009,20.649627,-17.20863,0.374,-0.21490399022070988,0.5889039902207098
166022,-36.431154,65.35795,0.666,-0.2751892664559758,0.9411892664559758
166023,-32.199979,72.43747,0.864,-0.1598803148735717,1.0238803148735718
166024,-27.626154,15.36119,0.41,0.12450041440166858,0.2854995855983314
166025,-22.707537,22.49792,0.412,0.029137927804307427,0.38286207219569257
166026,-19.680305,19.35742,0.424,-0.03730065077627786,0.46130065077627785
166027,-17.47461,14.8706,0.436,-0.0641409581261427,0.5001409581261427
166028,-16.639358,14.35352,0.439,-0.12150885691480716,0.5605088569148071
166029,-13.514012,13.7865,0.443,-0.11302484111866674,0.5560248411186668
166030,-13.73493,14.61465,0.442,-0.18860567420103758,0.6306056742010375
166031,-11.703031,14.05459,0.444,-0.052631848372171414,0.49663184837217145
166032,-10.818153,10.42484,0.451,0.009952586559277709,0.4410474134407223
166033,-8.683504,13.08043,0.446,0.02212901016917321,0.42387098983082677
166034,-8.737685,14.05163,0.445,-0.045309459062425096,0.4903094590624251
166035,-7.744808,10.4909,0.45,0.09232183127542631,0.3576781687245737
166285,10.295312,-5.10058,0.432,-0.14683877338462348,0.5788387733846234
166288,2.784018,65.53217,0.756,0.06354201165099728,0.6924579883490027
166289,6.336453,70.83892,0.836,-0.023515933293385322,0.8595159332933853
166290,3.726182,70.69591,0.849,-0.18428628923888443,1.0332862892388843
166292,-13.143191,75.72478,1.02,-0.7180250699489803,1.7380250699489803
166294,-15.84353,74.3161,0.982,-0.5043854641107602,1.4863854641107603
166296,-18.171179,75.69958,1.015,-0.38945368844787104,1.4044536884478709
166298,-11.272813,70.12763,0.883,-0.13038668299827472,1.0133866829982747
166299,-15.587813,10.49067,0.449,0.04214618727911871,0.4068538127208813
166300,-12.42351,-6.9042,0.5,0.10526592384007842,0.39473407615992157
166302,-7.70757,-6.16278,0.488,-0.0423230156628529,0.5303230156628529
166441,-21.560979,64.54252,0.748,-0.14001044229363954,0.8880104422936396
166443,-24.545977,67.26923,0.79,-0.22658633615890958,1.0165863361589096
166448,-13.70993,66.52036,0.806,-0.050137298702442684,0.8561372987024427
166449,-15.177177,65.36697,0.781,-0.1569994635459691,0.9379994635459692
166450,-13.438899,62.6052,0.733,-0.08131804609157355,0.8143180460915735
166451,-24.030672,59.31604,0.644,-0.12554116647433614,0.7695411664743361
166452,-20.686029,62.51399,0.713,0.03174042744689655,0.6812595725531034
166454,-15.786904,65.68105,0.786,-0.06300866839555538,0.8490086683955554
166455,-11.973306,59.94651,0.69,0.12227108140215531,0.5677289185978447
166456,-10.050034,57.06583,0.649,0.0667634716355722,0.5822365283644279
166457,-6.586828,54.1922,0.612,0.11361467605069019,0.4983853239493098
166458,-4.755793,36.1869,0.47,-0.04566536903970416,0.5156653690397042
166459,-7.601515,9.38466,0.452,0.03758402653151771,0.4144159734684823
166609,18.229082,6.17445,0.396,0.018674592849221714,0.3773254071507783
166610,18.236004,-4.62584,0.401,0.07232923114373455,0.32867076885626545
166611,4.052064,-2.31246,0.451,0.06851276774317401,0.382487232256826
166614,-26.770041,42.68641,0.445,-0.020024711390406583,0.4650247113904066
166616,-26.915146,49.61576,0.502,-0.05179703659649106,0.553797036596491
166617,-28.300054,21.61746,0.392,-0.07405953815384371,0.4660595381538437
166618,-25.81375,33.20373,0.407,0.015068570397581424,0.39193142960241856
166619,-23.329098,36.31039,0.429,-0.029210065329817576,0.45821006532981756
166620,-27.962502,45.5169,0.458,-0.2010757109805835,0.6590757109805835
166621,-27.020552,48.49052,0.49,-0.2738567244069074,0.7638567244069074
166622,-26.506327,51.48515,0.525,-0.2005820517991423,0.7255820517991423
166623,-21.889336,55.1261,0.593,0.04419371681975234,0.5488062831802476
166624,-26.226568,57.46547,0.604,-0.2360774762755292,0.8400774762755292
166625,-20.717271,61.26863,0.691,0.5890469225189909,0.10195307748100901
166626,-20.10924,52.71261,0.57,0.1282871491747152,0.4417128508252848
166627,-20.960827,67.45043,0.809,-0.10353572499205392,0.9125357249920539
166628,-21.021866,60.14632,0.671,-0.09231844345456865,0.7633184434545687
166629,-23.869077,59.21999,0.644,-0.028319196281929613,0.6723191962819296
166630,-29.316025,59.96494,0.624,-0.21596496349362843,0.8399649634936284
166631,-35.380217,59.24643,0.565,-0.20140642690518729,0.7664064269051872
166632,11.546555,60.92076,0.635,0.2591087479663682,0.37589125203363183
166633,-42.764323,56.05714,0.442,-0.21464388014999997,0.65664388015
166635,-39.521079,73.29998,0.821,-0.3687194513055766,1.1897194513055767
166636,-39.97515,76.41402,0.903,-0.3183476950918855,1.2213476950918856
166637,-13.394912,59.24731,0.678,0.18430726225846053,0.49369273774153954
166640,-15.213568,53.884,0.599,-0.14670072868041498,0.7457007286804149
166642,-13.188775,63.02832,0.74,-0.06215459112128198,0.802154591121282
166643,-9.72109,69.03725,0.858,0.12857156999395053,0.7294284300060494
166644,-10.71756,66.04425,0.798,-0.23480127372730078,1.032801273727301
166645,-8.791619,60.43267,0.699,0.02008715386723143,0.6789128461327685
166646,-8.8883,57.02682,0.649,-0.06519816776690339,0.7141981677669034
166647,-8.244534,53.97412,0.609,-0.06535566785236582,0.6743556678523658
166650,-7.242309,49.12214,0.557,0.18211915557833747,0.3748808444216626
166651,-5.707232,52.02673,0.586,-0.09414029738658297,0.6801402973865829
166652,-6.464352,8.68851,0.453,0.037255543139605295,0.41574445686039474
166753,16.154783,-7.70088,0.409,0.1239110001025728,0.2850889998974272
166754,-0.594867,-2.2954,0.463,-0.036645854518030985,0.499645854518031
166755,3.456411,-1.11207,0.451,-0.013517879863357332,0.46451787986335735
166756,-32.24796,38.55642,0.387,-0.13558424752998763,0.5225842475299877
166757,-36.008417,31.70995,0.342,0.011476472116760728,0.3305235278832393
166758,-33.749943,31.76713,0.358,-0.14522548955103057,0.5032254895510305
166760,-30.627259,24.11386,0.377,-0.013870934888047009,0.39087093488804703
166762,-18.474063,23.14315,0.424,0.01598882278300686,0.40801117721699315
166763,-18.473481,31.1596,0.432,-0.07458754533668065,0.5065875453366806
166765,-17.734955,40.73637,0.473,-0.06009019508169184,0.5330901950816919
166766,-18.702379,45.11314,0.5,-0.14833368261389304,0.648333682613893
166767,-19.479424,48.07969,0.523,-0.04996224926053822,0.5729622492605383
166768,-20.366809,50.50114,0.544,-0.04727191517978506,0.5912719151797851
166769,-21.704016,52.68856,0.563,-0.18519535554891614,0.748195355548916
166770,-10.037486,51.26752,0.577,0.01733668197976426,0.5596633180202357
166771,-21.211545,54.98107,0.594,0.056360203715873566,0.5376397962841264
166772,-23.256833,53.72074,0.569,-0.13540051625692032,0.7044005162569202
166773,-25.319268,55.90916,0.587,-0.22090141793489987,0.8079014179348998
166774,-26.433872,53.68661,0.551,-0.14554804447042768,0.6965480444704277
166775,9.743742,48.24193,0.511,0.2199619103206711,0.29103808967932887
166776,-35.003876,53.88319,0.491,-0.3514350029824284,0.8424350029824283
166777,18.396562,45.45422,0.445,0.18501207793262134,0.25998792206737864
166778,-39.091607,72.02659,0.792,-0.4508961478992143,1.2428961478992142
166779,-39.144855,63.34017,0.6,-0.13380144837107844,0.7338014483710784
166780,-36.513989,69.13498,0.747,-0.19299816331966083,0.9399981633196608
166784,0.629467,52.04076,0.577,0.1566425415083939,0.42035745849160605
166785,-22.580113,53.97379,0.575,-0.025909252194206957,0.6009092521942069
166786,-21.614913,60.24934,0.671,-0.23912199810929008,0.9101219981092901
166787,-16.921561,74.87926,0.995,0.09082827880473907,0.9041717211952609
166788,-15.492902,43.09383,0.495,-0.04740713134111047,0.5424071313411105
166789,-13.114673,56.64966,0.64,0.2663521397953194,0.3736478602046806
166790,-9.037958,66.1113,0.798,0.3129145987477812,0.48508540125221883
166791,-8.316886,71.83129,0.919,-0.11517921041694407,1.034179210416944
166792,-5.273692,62.9644,0.737,0.07828249636739619,0.6587175036326038
166793,-4.93343,59.71252,0.685,-0.12859440848493972,0.8135944084849398
166794,-3.826508,55.9356,0.631,0.022254179974105382,0.6087458200258946
166795,-4.091277,51.37861,0.578,-0.08886876449861988,0.6668687644986199
166796,-3.353689,45.86355,0.527,-0.15879477639931663,0.6857947763993166
166797,-2.690918,42.91304,0.505,-0.036949976744485996,0.541949976744486
166904,-32.309987,15.45197,0.391,-0.15491915533172795,0.545919155331728
166908,-22.673049,11.90673,0.434,0.037982728240487686,0.3960172717595123
166919,-12.259527,39.50928,0.479,-0.13822420418159947,0.6172242041815994
167001,-35.499427,19.84759,0.36,0.008159347597891813,0.35184065240210816
167258,12.365564,-11.72335,0.423,-0.11560379605277307,0.5386037960527731
167265,-29.119017,19.417,0.392,-0.09925574915219373,0.4912557491521937
169038,-27.462036,15.68831,0.409,0.1484944563979839,0.26050554360201605
169069,4.903122,9.79877,0.435,0.05035713021814279,0.3846428697818572
169291,-17.950452,11.98496,0.442,-0.047095004170578575,0.4890950041705786
169622,0.62494,14.34374,0.438,-0.02264415298894662,0.4606441529889466
169623,1.100944,16.52516,0.436,0.18088471571519646,0.25511528428480357
169727,-28.524572,73.63314,0.92,-0.4279388863758594,1.3479388863758595
169731,-24.430386,54.05478,0.567,-0.0057186957182646415,0.5727186957182646
170997,-21.538684,2.88453,0.47,-0.03127909614592401,0.501279096145924
171000,-13.264269,10.29473,0.451,-0.007123010293778178,0.45812301029377817
171001,-13.892978,11.48697,0.448,-0.015371174516542912,0.4633711745165429
171003,-17.862925,14.27548,0.437,-0.024239474365627598,0.4612394743656276
171012,-6.066474,32.94416,0.457,0.004836064927446518,0.4521639350725535
171013,-7.509897,38.21415,0.478,-0.14692187182002725,0.6249218718200272
171014,-7.966891,38.23015,0.478,-0.06633954982669843,0.5443395498266984
171427,-23.624402,17.35287,0.417,0.13335022686520234,0.28364977313479767
171428,-25.931503,20.90547,0.402,-0.08772163305450313,0.48972163305450317
171429,-30.684215,18.32871,0.388,-0.10035260689286288,0.48835260689286286
171431,-26.608695,15.45135,0.413,-0.13180450069874747,0.5448045006987474
171433,-23.601959,10.71945,0.437,-0.059549137703793546,0.49654913770379355
171435,-24.386223,9.8902,0.438,-0.06296316406407897,0.5009631640640789
171436,-14.88987,12.99329,0.444,0.036578435695954335,0.4074215643040457
171437,-15.773122,10.44472,0.449,-0.07705513349724884,0.5260551334972489
171439,-15.420903,17.96626,0.435,0.22004258456759965,0.21495741543240035
171440,-14.881778,13.11929,0.443,0.09897492259621606,0.34402507740378396
171441,-12.189689,32.0199,0.449,0.08551626246415422,0.3634837375358458
171442,-7.147284,7.41321,0.456,0.023228797557587794,0.43277120244241224
171444,-8.003008,11.99723,0.448,0.04954751210913165,0.39845248789086835
171446,-13.369967,19.5976,0.436,0.1046986617867772,0.33130133821322283
171447,-5.143529,11.52414,0.447,0.07263209225039352,0.3743679077496065
171451,-2.23226,13.10549,0.443,0.15476622295799028,0.2882337770420097
171452,-1.667541,15.76301,0.44,-0.003257067330815394,0.4432570673308154
171453,-1.904918,17.98242,0.439,-0.19444431929988346,0.6334443192998834
171454,-2.284771,21.01095,0.439,-0.1332447090274131,0.5722447090274131
171455,-2.734462,23.19631,0.44,-0.03032187749394411,0.4703218774939441
171458,-1.056744,35.98395,0.467,-0.0767488497349853,0.5437488497349854
171564,-26.288442,11.6745,0.427,-0.03460269518746338,0.4616026951874634
171565,-24.956775,14.51817,0.421,-0.033704598143063806,0.4547045981430638
171566,-23.616053,11.56558,0.434,-0.0157515054400432,0.4497515054400432
171567,-27.827292,5.96798,0.448,-0.09109389722781522,0.5390938972278152
171569,-19.734476,15.50766,0.431,-0.07973416810702674,0.5107341681070268
171571,-16.912847,13.42933,0.44,-0.07935268980685223,0.5193526898068522
171573,-13.825055,9.48256,0.452,-0.13449224822223016,0.5864922482222301
171575,-11.064707,10.53686,0.451,-0.029098826713317552,0.48009882671331755
171576,-9.324454,6.87405,0.458,-0.047645304827469925,0.5056453048274699
171577,-6.977783,9.5267,0.452,-0.0007494772532512124,0.4527494772532512
171578,-6.509726,8.83554,0.453,0.016731814465938754,0.43626818553406127
171579,-5.81731,8.27342,0.453,0.014677613871915001,0.438322386128085
171580,-5.467877,7.43223,0.454,-0.023911213832956767,0.47791121383295676
171581,-3.783433,7.07816,0.453,-0.001501853619073937,0.45450185361907397
171582,-1.311636,6.83011,0.45,0.029199041683237874,0.4208009583167621
171583,0.901311,9.52573,0.443,0.08525748349091551,0.3577425165090845
171586,-4.708881,11.41913,0.447,-0.0804287306104258,0.5274287306104258
171587,-5.407457,10.68597,0.449,0.051498069288216264,0.39750193071178375
171588,1.732038,7.70831,0.443,0.0018440515004096273,0.4411559484995904
171589,4.934734,10.0068,0.434,0.051710736773627336,0.3822892632263727
171590,7.647391,11.88817,0.426,0.08335106925842545,0.34264893074157454
171591,9.952217,14.76872,0.418,0.014110809933114553,0.40388919006688545
171593,10.512713,20.65386,0.415,-0.0384735446168961,0.4534735446168961
171595,4.972219,30.44867,0.44,-0.15561091073187341,0.5956109107318734
172025,-19.320168,-7.28072,0.513,0.17213980008061797,0.34086019991938205
172031,-11.740251,7.72218,0.457,0.11597102728247909,0.3410289727175209
172033,-10.971865,6.59995,0.46,-0.19164277378446656,0.6516427737844666
172035,-8.450461,9.16459,0.453,-0.1269736366984153,0.5799736366984153
172036,-6.365299,13.20248,0.446,0.2006841188467247,0.2453158811532753
172038,-7.814472,12.41531,0.447,-0.15421929691870706,0.6012192969187071
172039,-8.757975,11.93518,0.448,0.06724787746380163,0.3807521225361984
172040,-3.457789,8.11441,0.451,0.014933416473587063,0.4360665835264129
172041,-1.563024,10.49095,0.445,0.004080277458506866,0.44091972254149314
172042,-0.815514,6.87212,0.449,-0.029323589173397953,0.47832358917339796
172043,1.320945,6.411,0.446,0.08752530171158256,0.35847469828841744
172044,4.007979,8.34044,0.438,0.024051251731782842,0.41394874826821715
172045,4.038288,5.94586,0.441,0.013636683395738132,0.42736331660426186
172046,2.26841,6.406,0.444,0.02137131852952361,0.4226286814704764
172047,6.246492,10.01478,0.431,0.0816158078800983,0.3493841921199017
172049,11.855014,20.65384,0.411,0.008155258995033558,0.4028447410049664
172050,4.022452,12.98146,0.434,-0.00424682312940101,0.438246823129401
172150,-28.613647,5.85186,0.447,0.02227449398056228,0.4247255060194377
172151,-24.567493,9.82714,0.438,0.023712761077936788,0.4142872389220632
172152,-21.806044,9.51825,0.444,-0.03608687382595064,0.48008687382595067
172159,-20.646398,12.51798,0.437,-0.05291869401799156,0.48991869401799154
172160,-11.350483,14.86875,0.443,-0.023558888692084116,0.4665588886920841
172161,4.119344,2.17589,0.445,0.17189761631994288,0.2731023836800571
172162,-9.8949,16.24303,0.442,0.052753843460888565,0.38924615653911143
172163,-12.274524,11.22296,0.449,-0.017096506532165226,0.4660965065321652
172164,-11.434106,10.84392,0.45,-0.06433993098721533,0.5143399309872153
172168,-4.176003,7.53027,0.453,0.07571205449422319,0.3772879455057768
172169,-1.416226,7.2162,0.45,0.03839239442656769,0.41160760557343234
172171,-1.471082,-5.06632,0.47,-0.009025198720475133,0.4790251987204751
172173,1.759011,-5.73358,0.461,0.03581692537856296,0.42518307462143706
172174,1.404788,-6.88299,0.464,0.03932122623578807,0.4246787737642119
172176,1.911339,-4.31209,0.459,0.05477595455696629,0.40422404544303375
172179,10.383064,4.92546,0.425,0.0033871343739854155,0.4216128656260146
172181,5.041626,12.98145,0.431,-0.2597416301541868,0.6907416301541868
172279,-27.91425,15.6883,0.408,0.13799128968645533,0.2700087103135447
172280,-27.593581,13.64485,0.416,0.0925438026851798,0.32345619731482017
172281,-24.416129,16.58166,0.417,-0.06279936380873084,0.47979936380873084
172282,-23.209094,12.60185,0.431,0.14213384497068648,0.2888661550293135
172283,-21.750879,15.40153,0.427,-0.07983793855032702,0.506837938550327
172284,-25.522348,11.21245,0.43,0.14812938818419236,0.28187061181580764
172285,-19.712578,13.51222,0.436,0.05858276598534049,0.3774172340146595
172286,-20.1243,3.99387,0.467,-0.04385669474362234,0.5108566947436224
172287,-19.137374,13.59629,0.437,-0.18548505684394948,0.6224850568439495
172288,-13.005693,15.99394,0.44,0.031261363902233844,0.4087386360977662
172289,-13.892595,17.83726,0.437,-0.08459491130113801,0.521594911301138
172290,-16.889948,12.65517,0.442,-0.07463242448720142,0.5166324244872014
172492,-4.898623,30.39258,0.451,0.07032388905957339,0.38067611094042664
172493,-4.841608,29.88747,0.449,0.014952374465157773,0.4340476255348422
172494,-1.919129,53.43305,0.598,-0.3004660703105925,0.8984660703105924
172495,-4.218934,30.75664,0.451,-0.04319639406405089,0.4941963940640509
172496,-4.557487,30.12152,0.45,-0.12305333698450413,0.5730533369845041
172497,-4.168083,29.35934,0.448,-0.06282550745605237,0.5108255074560524
172498,-4.730518,28.46919,0.447,-0.1752363673683802,0.6222363673683802
172499,-5.583228,27.47904,0.445,-0.24475293512937393,0.689752935129374
172500,2.126918,41.99089,0.492,0.08545178442153667,0.4065482155784633
172501,0.972793,39.51149,0.481,-0.0013318434984506257,0.4823318434984506
172502,0.114882,36.43602,0.467,-0.0894006689083734,0.5564006689083735
172503,-0.435622,35.05282,0.463,-0.15005508967321707,0.6130550896732171
172504,8.640995,29.66852,0.43,-0.08148046749216262,0.5114804674921626
172505,11.142002,29.6685,0.422,-0.06058872653372622,0.4825887265337262
173014,-0.15523,-6.34578,0.468,0.05397818239687927,0.41402181760312073
173016,-6.330746,-7.20114,0.486,0.011685488057467087,0.4743145119425329
173018,-3.561041,-6.61588,0.478,-0.0540996665248313,0.5320996665248313
173020,-2.882613,-6.31677,0.476,-0.2028752729580369,0.6788752729580368
173119,-21.973852,20.16644,0.417,-0.11161872447079343,0.5286187244707934
173137,2.590226,-7.87537,0.461,0.07733580857737908,0.3836641914226209
173139,-2.511438,-6.52985,0.475,-0.03963987107871861,0.5146398710787186
173141,-0.162823,-7.23511,0.469,0.049825311571330855,0.4191746884286691
173142,2.931129,-4.45615,0.456,-0.026120576887933327,0.48212057688793336
173143,8.440637,7.82725,0.428,0.04221882035197457,0.38578117964802544
173144,3.641069,4.92563,0.443,-0.07124428074497839,0.5142442807449784
173145,12.478308,10.52478,0.413,0.05500599455748862,0.35799400544251136
173146,8.590256,7.95228,0.427,-0.033244250399313675,0.46024425039931366
173147,9.60414,8.65842,0.424,0.018825508295042277,0.40517449170495773
173148,12.729213,29.66848,0.416,0.011837928946072888,0.4041620710539271
173149,13.824756,9.57054,0.41,-0.09696712081523437,0.5069671208152343
173150,6.000861,12.37632,0.43,-0.25126065713818535,0.6812606571381854
173151,7.684795,15.71397,0.424,-0.07195179245465604,0.49595179245465604
173247,-14.852983,16.39995,0.437,-0.10338914535336,0.54038914535336
173248,-14.268063,19.01548,0.435,0.06297431541897103,0.37202568458102897
173249,-23.819778,12.65487,0.429,-0.032566844295737,0.461566844295737
173255,-9.263748,10.09677,0.452,0.10455112357653006,0.34744887642346994
173260,-3.294996,-8.37955,0.48,-0.0357767254048903,0.5157767254048903
173263,-3.62759,10.19188,0.448,0.054086444670138775,0.3939135553298612
173266,4.850072,7.13015,0.438,-0.031463354353650386,0.4694633543536504
173267,2.651621,11.2601,0.438,0.022666048929139135,0.41533395107086085
173269,-2.549466,15.714,0.441,-0.013763267684409837,0.45476326768440983
173270,6.450871,16.66916,0.426,0.02247278300181115,0.40352721699818883
173271,6.860252,19.72473,0.425,-0.06996773690599915,0.49496773690599916
173369,-23.635979,19.52124,0.413,-0.1452678749071813,0.5582678749071812
173371,-21.498785,6.76858,0.455,-0.0209684922928743,0.4759684922928743
173372,-19.005167,6.17955,0.459,-0.019953922859224385,0.4789539228592244
173373,-18.750552,10.59363,0.445,-0.1104696909869281,0.5554696909869281
173374,-17.215217,7.76301,0.455,-0.043600972222022444,0.4986009722220225
173375,-16.212744,8.86933,0.453,-0.060845727228874324,0.5138457272288743
173376,-13.502282,8.39731,0.455,0.0016819745820194465,0.45331802541798055
173377,-9.761698,6.49095,0.459,0.038750331147812046,0.42024966885218795
173378,-10.171979,7.21511,0.458,0.024692836685863993,0.43330716331413605
173379,-10.755678,10.24179,0.451,0.03173576181070459,0.4192642381892954
173380,-8.895305,8.03433,0.456,-0.015805538466587898,0.4718055384665879
173382,-5.202967,10.19887,0.449,-0.0765092486419501,0.5255092486419501
173384,-5.128168,8.87156,0.451,0.08957954966989141,0.3614204503301086
173385,-5.390482,12.63938,0.446,-0.03746490532505861,0.4834649053250586
173386,-3.715157,12.23931,0.445,-0.06796810826204602,0.5129681082620461
173387,-5.010414,12.87143,0.445,-0.03628533635703237,0.48128533635703236
173388,-4.61542,10.00682,0.449,-0.08357282704913539,0.5325728270491354
173389,-4.279784,9.33368,0.45,0.025545037668857195,0.4244549623311428
173390,-3.79052,5.52478,0.456,0.0056961378299398326,0.4503038621700602
173391,-0.229032,-5.75857,0.467,-0.0056350060632277005,0.4726350060632277
173392,4.451313,-7.62133,0.454,0.12131578796814958,0.33268421203185045
173394,11.67225,13.52144,0.414,-0.022559030676530215,0.4365590306765302
173395,4.904498,9.57071,0.435,0.027709882679230836,0.40729011732076914
173396,12.837869,11.92306,0.411,0.08664076978945896,0.324359230210541
173397,12.016486,7.67014,0.417,-0.16989025532745353,0.5868902553274535
173398,3.989285,17.40732,0.431,-0.1377967185150377,0.5687967185150377
173399,5.857605,20.74492,0.427,0.1054264083470113,0.3215735916529887
173496,-24.896919,19.36319,0.409,-0.11971869226506847,0.5287186922650684
173497,-25.446516,21.38356,0.404,-0.3055530803110058,0.7095530803110058
173498,-23.57062,13.07799,0.429,-0.12132337679937036,0.5503233767993704
173499,-22.596964,11.21261,0.437,-0.10533656887850762,0.5423365688785076
173500,-17.75008,14.06844,0.438,0.05206778763359027,0.38593221236640973
173501,-17.790866,11.95098,0.443,0.002813800516378876,0.44018619948362114
173502,-13.952609,14.71367,0.441,0.022227472768506448,0.41877252723149355
173503,-12.035661,16.155,0.441,-0.02226779622276967,0.4632677962227697
173504,-13.051671,10.58882,0.45,-0.030537527006550356,0.4805375270065504
173505,-10.717744,13.21143,0.446,-0.07308297641066733,0.5190829764106674
173506,-9.666837,13.37049,0.446,0.025965345599325132,0.4200346544006749
173507,-7.546924,11.44511,0.449,-0.12319994833989661,0.5721999483398966
173509,-7.564682,12.93242,0.446,0.08768928476356384,0.35831071523643615
173510,-4.38015,12.62939,0.445,-0.010302398340070634,0.45530239834007064
173511,-2.790487,15.06188,0.441,-0.06861702601160795,0.509617026011608
173512,-2.388322,13.02047,0.443,-0.060562986305190886,0.5035629863051909
173513,-1.345988,9.94683,0.446,0.10511722480431931,0.34088277519568067
173514,0.635915,12.73842,0.44,0.016179964194924505,0.4238200358050755
173515,1.445729,11.64919,0.439,0.045606276978719384,0.3933937230212806
173516,1.591132,9.69377,0.441,-0.03403718417523416,0.47503718417523416
173517,4.680111,13.16849,0.432,0.06447221057854605,0.3675277894214539
173518,3.231019,13.1845,0.435,0.03099375458467159,0.4040062454153284
173519,8.042353,16.36609,0.423,0.09175133246007497,0.331248667539925
173520,8.45316,15.83998,0.422,-0.01489459708564566,0.43689459708564565
173521,7.022273,17.52832,0.425,0.0028346661911866295,0.4221653338088134
173522,8.372542,14.60373,0.423,0.10693605323789315,0.3160639467621068
173523,9.78351,16.87016,0.418,0.04753424754844319,0.3704657524515568
173524,5.073073,7.67028,0.436,0.03048441973691445,0.40551558026308554
173525,11.310503,13.15338,0.415,0.08572723047488788,0.3292727695251121
173526,14.703447,16.525,0.402,0.1184300153187361,0.28356998468126393
173528,10.391411,26.91,0.42,0.16991258575954662,0.25008741424045333
173647,-34.968978,5.52607,0.433,0.026821699634941038,0.406178300365059
173650,-26.553502,14.3231,0.417,-0.09232350606011579,0.5093235060601158
173651,-19.382472,17.50108,0.428,0.09567164041728728,0.33232835958271273
173652,-20.896207,13.72321,0.433,-0.3696060017387942,0.8026060017387942
173653,-16.72251,16.87301,0.434,-0.06504356072832336,0.49904356072832334
173654,-12.72533,20.32175,0.436,0.05173119769269373,0.38426880230730626
173655,-17.107573,14.15948,0.438,-0.033444912999106804,0.4714449129991068
173656,-12.638095,8.77343,0.455,-0.0032836069272745233,0.45828360692727454
173657,-9.98713,8.11433,0.456,0.029918484636860487,0.42608151536313954
173658,-7.477945,8.48146,0.454,-0.05121920771337861,0.5052192077133786
173659,-6.853392,10.38889,0.45,0.03826058058928972,0.4117394194107103
173660,-6.111911,9.69374,0.451,0.011200486448081002,0.439799513551919
173661,-8.862502,7.46419,0.457,-0.004389799709840379,0.4613897997098404
173662,-6.909066,6.97911,0.457,0.04846662317675988,0.40853337682324015
173664,-2.352699,9.8318,0.447,0.09585877914298935,0.35114122085701066
173668,-0.655978,8.36347,0.447,-0.03154154583495903,0.47854154583495906
173671,4.092971,-6.16276,0.454,0.038109363826805305,0.4158906361731947
173672,3.971411,-6.03871,0.455,0.0018353237326654297,0.4531646762673346
173673,4.449963,-6.32382,0.453,-0.029095394973478853,0.48209539497347886
173677,4.674626,9.33366,0.436,0.1961126477350497,0.2398873522649503
173682,9.46224,8.50738,0.424,-0.0172761603487302,0.4412761603487302
173683,7.849883,16.52512,0.423,0.006735157825162827,0.41626484217483717
173685,13.089636,11.00788,0.411,0.1685275385394047,0.24247246146059528
173686,10.4575,13.05039,0.418,0.022096882076308763,0.3959031179236912
173687,9.233494,14.65474,0.42,0.12872026478002288,0.2912797352199771
173787,-51.762297,19.53265,0.242,-0.08620858575126773,0.3282085857512677
173788,-46.079144,23.71439,0.271,0.030753832560476046,0.24024616743952398
173789,-40.096967,64.15531,0.605,-0.2887801054838525,0.8937801054838526
174253,-66.449215,73.99082,0.409,0.4474308700105708,-0.03843087001057083
174255,-60.981722,68.13866,0.38,0.2269038224200787,0.1530961775799213
174256,-56.272743,10.11189,0.282,-0.11279447164836084,0.3947944716483608
174258,-41.411532,-7.07527,0.519,0.09657804305113206,0.42242195694886797
174260,-43.123719,17.28225,0.323,-0.14412349323916676,0.4671234932391668
174261,-40.036884,14.23589,0.358,0.04871550643937565,0.3092844935606243
174262,-36.558215,19.99155,0.353,-0.13071710373808354,0.4837171037380835
174263,-30.778379,46.62899,0.449,0.31674058629672536,0.13225941370327465
174264,-28.101466,50.73593,0.506,0.0010399060371823195,0.5049600939628177
174265,-24.856548,71.35451,0.882,-0.08884474326172564,0.9708447432617257
174267,-21.152172,16.92691,0.425,-0.13748046331182984,0.5624804633118299
174268,-16.789856,24.39044,0.428,-0.04120984113154053,0.4692098411315405
174269,-14.734262,29.65841,0.439,0.08658893251166981,0.3524110674883302
174270,-14.730794,23.92138,0.433,-0.029398729268966337,0.46239872926896636
174272,-10.24579,13.60953,0.445,-0.41536750291184904,0.860367502911849
174273,-12.074434,9.99671,0.452,-0.08597420489421016,0.5379742048942102
174274,-7.330298,16.22106,0.442,0.15711477364436696,0.28488522635563307
174275,-8.499091,12.61733,0.447,-0.07356839168719227,0.5205683916871923
174276,-4.923819,15.75,0.442,0.10092593195046944,0.34107406804953055
174277,-2.941139,7.17319,0.452,0.042292208923687964,0.40970779107631206
174279,-0.382146,7.51327,0.448,0.0248034469323053,0.4231965530676947
174281,2.913964,7.62728,0.441,0.02418715642288537,0.4168128435771146
174283,5.082866,7.38619,0.437,0.05388118408106189,0.3831188159189381
174284,7.055146,10.78994,0.429,0.06594875493094972,0.3630512450690503
174285,9.751273,7.89221,0.424,-0.07215343636936507,0.49615343636936504
174286,5.013063,11.00803,0.433,-0.04635590572456318,0.47935590572456316
174287,13.496908,7.345,0.412,0.013811984930482512,0.39818801506951745
174288,15.429035,13.43333,0.401,0.019696250791875973,0.38130374920812404
174289,11.833197,7.28805,0.418,-0.09412835053178868,0.5121283505317886
174292,8.718626,19.46867,0.42,0.05649502219883188,0.3635049778011681
174392,-0.080373,65.11106,0.761,0.17880333392973236,0.5821966660702677
174402,-28.082425,62.80575,0.681,-0.20827063800394352,0.8892706380039436
174406,-21.392553,-8.8135,0.523,0.021923500746615827,0.5010764992533842
174408,-13.13409,23.17927,0.435,0.07021531476805043,0.36478468523194957
174409,-12.07313,18.44643,0.438,0.10015955738482903,0.337840442615171
174410,-9.819331,15.29586,0.443,-0.038265470451725334,0.48126547045172535
174411,-6.964801,12.14726,0.447,-0.013512664215761557,0.4605126642157616
174412,-6.119655,11.64917,0.448,0.022870741867212906,0.4251292581327871
174413,-2.526119,-7.05004,0.476,0.11552459157391891,0.36047540842608106
174414,-5.763429,5.20368,0.459,-0.1342816759139203,0.5932816759139203
174415,-5.267508,8.08738,0.453,0.16570445245908563,0.28729554754091435
174416,-1.069983,-3.64684,0.467,0.08306341058169901,0.383936589418301
174419,7.063919,8.36441,0.431,-0.009479579976321878,0.44047957997632187
174420,2.603269,15.32293,0.434,-0.09623353310096994,0.53023353310097
174421,1.876011,17.43933,0.435,-0.01967111893509217,0.45467111893509216
174422,9.70042,7.89226,0.424,-0.006650460698802478,0.4306504606988025
174423,4.430869,16.12407,0.431,0.009082385279355511,0.4219176147206445
174424,2.764733,17.24529,0.433,-0.09691522664234181,0.5299152266423418
174426,6.952357,7.28814,0.432,0.09664845666016805,0.33535154333983197
174427,15.301457,15.28373,0.401,-0.0731980376423683,0.47419803764236834
174428,6.698272,22.80928,0.426,-0.16640721018045027,0.5924072101804503
174429,10.533665,27.38209,0.42,0.08332034571540947,0.3366796542845905
174530,-17.665239,55.87037,0.619,-0.059076092699832335,0.6780760926998324
174531,-17.095566,58.58605,0.66,-0.0164529606769725,0.6764529606769726
174532,-19.752667,58.04585,0.643,0.07341920968378902,0.569580790316211
174533,-7.183286,61.62401,0.717,0.2847784287520825,0.4322215712479175
174534,-27.213979,60.83226,0.652,-0.21556676726965066,0.8675667672696507
174535,-25.107367,57.60358,0.612,-0.19499343155308738,0.8069934315530873
174536,-25.31625,60.48329,0.657,-0.2999881462268496,0.9569881462268497
174537,-29.227414,55.33387,0.555,-0.23063734897653732,0.7856373489765374
174538,-30.177275,53.13134,0.52,-0.01710583717968102,0.5371058371796811
174539,-35.196859,46.18269,0.411,-0.190991420831725,0.601991420831725
174540,-29.838711,65.95353,0.731,-0.09086620131757729,0.8218662013175773
174541,-28.595328,60.21804,0.633,-0.20636564523658493,0.839365645236585
174542,-24.408587,74.78781,0.972,0.015184016772776131,0.9568159832272238
174543,-23.697744,43.49366,0.467,-0.20002592365488198,0.667025923654882
174544,-23.159492,40.69818,0.451,-0.02102639069041973,0.47202639069041974
174545,-18.411118,63.28725,0.735,0.2899311700591812,0.4450688299408188
174546,-17.188597,71.81404,0.918,0.06053190198883804,0.857468098011162
174547,-5.618265,48.71807,0.553,0.16499836325721265,0.3880016367427874
174549,-4.614622,43.62914,0.511,-0.13191808518445255,0.6429180851844526
174550,-3.607124,33.43637,0.459,-0.055201717608158875,0.5142017176081589
174551,-3.863717,30.48557,0.451,0.12247966834947889,0.32852033165052114
174552,-3.966792,28.54319,0.447,-0.06727633549918571,0.5142763354991857
174553,-2.307925,14.59779,0.441,-0.23472444825372352,0.6757244482537235
174554,-3.435135,12.57338,0.445,0.2337070383150627,0.2112929616849373
174555,-8.202732,5.8378,0.46,-0.0710497972333814,0.5310497972333814
174556,-1.11534,-6.71792,0.471,0.08753970108167748,0.3834602989183225
174557,-2.911751,-4.42711,0.473,-0.053003983256321455,0.5260039832563215
174561,3.954328,21.244,0.431,-0.08681120110121884,0.5178112011012188
174562,-0.019026,21.8581,0.437,-0.05000512192373261,0.48700512192373263
174567,6.714915,30.91577,0.437,0.029628018522656036,0.407371981477344
174964,-5.524126,42.46294,0.503,0.1835458839428975,0.3194541160571025
175091,-11.250909,42.24781,0.498,-0.09837275003101939,0.5963727500310194
175092,-10.785923,43.73509,0.509,-0.0844838116169867,0.5934838116169867
175093,-10.313259,43.27501,0.506,0.0292720237729545,0.4767279762270455
175094,-9.279344,44.49925,0.516,-0.11378340335246441,0.6297834033524644
175095,-8.883854,44.97034,0.52,-0.07217145699226646,0.5921714569922665
175096,-7.39784,45.32542,0.524,0.07857263464060518,0.44542736535939487
175097,-7.76712,58.60423,0.671,-0.026762979707440133,0.6977629797074402
175098,-7.133644,55.59451,0.629,0.014635982736777143,0.6143640172632229
175099,-5.133093,58.47321,0.667,-0.044598026506915356,0.7115980265069154
175100,-4.102996,53.59008,0.603,0.05453371892885819,0.5484662810711418
175101,-4.288107,52.84992,0.594,-0.034441678846793305,0.6284416788467933
175102,-4.902194,48.20498,0.548,0.010512277103930361,0.5374877228960697
175103,-0.501016,44.92239,0.517,0.09292844229469768,0.42407155770530236
175111,-0.86763,30.91548,0.45,-0.04670791613130646,0.4967079161313065
175112,4.634875,16.8422,0.43,0.01041142668265955,0.41958857331734045
175224,-17.099852,17.40213,0.433,-0.09351016022156283,0.5265101602215628
175225,-13.511117,20.16873,0.435,0.06271258967785683,0.3722874103221432
175226,-12.78467,21.98307,0.436,-0.11042687928289195,0.5464268792828919
175227,-9.206911,25.38269,0.441,0.10111006294767881,0.3398899370523212
175228,-8.588217,29.09836,0.446,-0.05818506810050765,0.5041850681005077
175229,-8.783135,31.71688,0.452,-0.035604092336433954,0.487604092336434
175230,-10.279629,35.70463,0.464,-0.2885030271555727,0.7525030271555727
175231,-11.447257,38.21306,0.474,-0.1240098255220269,0.5980098255220269
175232,-9.650629,41.22464,0.493,0.0881461687769636,0.4048538312230364
175233,-3.763076,34.89569,0.464,0.06454446765297606,0.39945553234702397
175234,-7.734436,42.29587,0.501,-0.028486519691616623,0.5294865196916166
175235,-8.805508,42.46288,0.502,-0.13636203609055758,0.6383620360905575
175236,-10.229406,40.84756,0.49,-0.09786242041798855,0.5878624204179885
175237,3.26533,48.07296,0.533,0.18803022835000124,0.34496977164999876
175238,-7.803674,61.70503,0.719,-0.15917202216632517,0.8781720221663252
175239,-1.391424,64.84398,0.761,0.037213715802979164,0.7237862841970208
175240,-3.007434,67.54383,0.816,-0.3863691355326627,1.2023691355326627
175241,-2.443926,64.34882,0.755,-0.1722015117527125,0.9272015117527125
175243,-2.897251,57.67002,0.652,-0.17157111779725243,0.8235711177972524
175245,-4.747204,55.47349,0.626,0.08042922565570024,0.5455707743442998
175246,-3.662837,51.92072,0.584,-0.01788505885555371,0.6018850588555537
175247,-5.651009,47.12076,0.538,-0.046095183108418515,0.5840951831084186
175248,-3.513629,43.82919,0.512,0.09257987953062052,0.4194201204693795
175249,-1.290362,40.53465,0.489,0.11070276908998113,0.3782972309100189
175250,-2.323088,39.30045,0.483,-0.09974407287210407,0.5827440728721041
175251,1.112678,42.625,0.498,0.08958223864257801,0.40841776135742197
175252,-1.686441,37.07211,0.472,-0.08914425581459948,0.5611442558145995
175253,-0.154371,27.18394,0.442,0.024490529299558042,0.417509470700442
175254,0.332644,29.00824,0.445,-0.10525830881371558,0.5502583088137156
175255,2.833152,19.04962,0.433,0.07504536979513783,0.3579546302048622
175256,0.953126,22.31218,0.436,-0.03547923901814884,0.4714792390181488
175257,6.973262,29.47348,0.434,0.07142216990261806,0.3625778300973819
175258,6.693057,27.58313,0.431,-0.09090597239216289,0.5219059723921629
175365,-21.246126,12.0558,0.437,-0.178408080603524,0.615408080603524
175366,-20.787961,12.31195,0.437,-0.030112794358137365,0.46711279435813735
175383,-7.51001,26.44386,0.443,0.05816381767821977,0.38483618232178024
175384,-5.473857,28.77724,0.447,-0.12895831818410142,0.5759583181841015
175385,-8.304735,30.52064,0.45,0.05007411155407758,0.3999258884459224
175386,-6.023644,33.56231,0.459,-0.09195390448706861,0.5509539044870686
175387,-1.787443,37.68121,0.475,-0.02077835917993508,0.49577835917993507
175388,5.535138,36.43487,0.457,0.1400509359431763,0.3169490640568237
175389,-3.98148,61.05188,0.704,-0.2462746536188907,0.9502746536188906
175390,-6.215624,63.45654,0.747,-0.2489458775746114,0.9959458775746114
175391,-1.816603,66.77558,0.797,0.10482574823683581,0.6921742517631643
175392,2.067535,37.78219,0.47,0.21172047185748927,0.2582795281425107
175394,0.780103,50.85351,0.565,-0.02052353610732247,0.5855235361073224
175395,-1.366955,48.31801,0.545,-0.16102560606880578,0.7060256060688058
175396,2.329036,53.10998,0.584,0.03233882994516386,0.5516611700548361
175397,0.047546,50.34641,0.562,-0.15647400160815714,0.7184740016081572
175398,2.292402,41.22676,0.488,0.0821989422834943,0.4058010577165057
175399,1.03995,44.19126,0.509,-0.1236509348050642,0.6326509348050642
175400,1.750989,32.29113,0.451,-0.06860439831399817,0.5196043983139982
175401,5.167314,35.61575,0.455,0.26753838004928865,0.18746161995071137
175402,4.141464,37.35309,0.464,-0.09367019682834062,0.5576701968283406
175403,10.444247,38.94022,0.452,0.06696021558520499,0.385039784414795
175404,9.151775,40.68756,0.465,-0.021151741727964652,0.48615174172796466
175405,7.598917,38.95529,0.462,-0.115161006784918,0.577161006784918
175406,6.163567,37.16801,0.459,-0.10777623815406724,0.5667762381540673
175505,-18.490667,15.04959,0.434,-0.0430559104676299,0.4770559104676299
175506,-27.006584,15.43722,0.411,-0.04069459912573512,0.4516945991257351
175507,-17.829552,16.5459,0.433,0.09049419195666863,0.34250580804333136
175508,-17.74887,18.43429,0.43,0.13284701675654684,0.2971529832434532
175509,-17.660341,21.44086,0.427,0.04163894579952106,0.38536105420047895
175510,-16.774682,18.00723,0.432,-0.13680330119711206,0.5688033011971121
175513,-11.941621,-6.83316,0.499,0.11519186211122871,0.3838081378887713
175514,-11.033257,14.56268,0.444,-0.012673307912675258,0.45667330791267524
175515,-12.050172,10.84389,0.45,-0.11073705534769823,0.5607370553476982
175528,-1.522752,27.75602,0.444,0.014606037472222479,0.4293939625277775
175529,6.514299,28.76935,0.433,-0.00715349342248122,0.4401534934224812
175530,5.132986,54.38124,0.589,0.15159209892345843,0.43740790107654154
175531,2.852901,56.42972,0.621,-0.09133435893001172,0.7123343589300117
175532,0.0361,55.0024,0.612,-0.18042496843843506,0.792424968438435
175533,2.158109,45.80455,0.518,0.01017563794301677,0.5078243620569832
175534,11.243089,37.23687,0.442,0.1334943317003364,0.30850566829966364
175536,7.133915,45.7655,0.503,-0.15317383248388955,0.6561738324838895
175537,4.674357,42.29291,0.488,-0.13085089094183125,0.6188508909418312
175538,6.454134,46.8317,0.514,-0.19189411276149476,0.7058941127614948
175539,5.371461,23.84445,0.43,-0.20758495111558173,0.6375849511155818
175540,7.108177,28.96239,0.432,-0.09751215382127164,0.5295121538212716
175637,-22.355471,20.98263,0.415,-0.15711351896395592,0.5721135189639559
175638,-18.423632,24.22836,0.424,0.07765355069068859,0.3463464493093114
175639,-16.743447,12.31209,0.443,-0.006647046248065632,0.4496470462480656
175648,-2.26807,-7.52122,0.476,0.11962924069516252,0.35637075930483747
175650,-5.763382,-5.26742,0.481,0.15059143716972884,0.33040856283027115
175653,-1.397795,13.55058,0.441,-0.32903088159269545,0.7700308815926955
175654,-3.622767,13.1685,0.444,-0.049622570934581334,0.49362257093458134
175655,-0.888916,17.07926,0.438,0.08808013613980582,0.3499198638601942
175656,-1.394783,16.7502,0.439,-0.09510246378328839,0.5341024637832884
175657,-2.40535,19.58671,0.439,-0.02413494121939749,0.46313494121939747
175658,0.458099,23.19932,0.437,0.09943311265540344,0.33756688734459656
175659,0.997989,25.48569,0.439,-0.08491150981302606,0.523911509813026
175660,0.178613,23.00829,0.437,0.020785435475495367,0.4162145645245046
175661,0.525802,21.90211,0.436,-0.08790973193984601,0.523909731939846
175662,4.764806,25.19069,0.432,-0.16332211037967304,0.5953221103796731
175663,6.474872,59.75652,0.649,0.3517913083595771,0.2972086916404229
175664,3.119626,61.38597,0.688,-0.20412515950455332,0.8921251595045533
175665,8.856852,33.49924,0.438,0.009842940183470032,0.42815705981652996
175668,9.402315,49.0971,0.52,0.2992361994408309,0.2207638005591691
175669,15.668325,33.00502,0.411,-0.16155043837751568,0.5725504383775156
175670,7.276493,40.50557,0.471,-0.012879087926154676,0.48387908792615464
175671,3.340205,40.2976,0.48,0.042752293324307564,0.4372477066756924
175768,-19.956484,12.9931,0.437,0.07721790615231251,0.3597820938476875
175769,-19.114799,15.85373,0.431,0.03831624840178679,0.3926837515982132
175770,-19.292311,14.32344,0.434,-0.122142561068216,0.556142561068216
175781,-0.689688,7.08217,0.449,0.08406389930537404,0.36493610069462595
175782,-0.397848,10.60197,0.443,-0.0006225459815071074,0.44362254598150713
175783,0.625653,6.8161,0.447,0.03713208965263361,0.4098679103473664
175787,2.6582,8.17441,0.441,-0.007174953690201865,0.4481749536902019
175789,7.454863,7.45719,0.431,-0.059838915540114355,0.49083891554011433
175790,3.016599,11.34412,0.437,-0.09296181151049648,0.5299618115104965
175791,1.068792,15.83603,0.437,-0.008843308199904294,0.4458433081999043
175792,1.487557,17.97643,0.435,0.014901516810209377,0.4200984831897906
175793,8.172716,20.7379,0.422,0.09457713509097121,0.3274228649090288
175794,-0.565052,31.3246,0.451,-0.2892725693270787,0.7402725693270786
175795,6.052632,36.85895,0.458,0.4032777840387094,0.05472221596129062
175796,5.17039,35.20067,0.454,-0.003634060221916689,0.4576340602219167
175797,7.891745,38.53521,0.459,-0.029782670107229698,0.4887826701072297
175798,6.617518,36.82593,0.456,-0.051503833616972014,0.507503833616972
175799,8.265738,25.64878,0.425,-0.2842263288127576,0.7092263288127576
175800,7.655834,27.18106,0.428,-0.2157482963421415,0.6437482963421415
175899,-18.052472,15.50767,0.434,-0.16997834172218887,0.6039783417221889
175900,-19.461127,19.19239,0.425,-0.14190185001786199,0.566901850017862
175901,-20.40662,18.60123,0.424,-0.31529123037458523,0.7392912303745852
175902,-18.258452,18.60134,0.429,-0.004893837671088619,0.43389383767108863
175911,-1.096953,7.35124,0.449,0.03779531424060548,0.4112046857593945
175912,-0.671694,11.17809,0.443,-0.023500741835688694,0.4665007418356887
175913,-0.111079,13.6096,0.44,-0.008806036012707984,0.44880603601270797
175914,-0.695224,10.2559,0.444,-0.055347656193708836,0.49934765619370886
175915,-1.118891,9.51573,0.446,-0.06148841082258725,0.5074884108225872
175916,0.01571,9.10364,0.445,-0.047641413300585043,0.49264141330058503
175917,1.665459,11.46515,0.439,-0.018690571704907358,0.45769057170490735
175933,8.473167,9.79869,0.426,-0.013065848618832344,0.43906584861883236
175936,9.998673,11.86114,0.42,0.09687311677614112,0.32312688322385885
175937,13.680669,33.00506,0.42,0.0785800957999751,0.3414199042000249
175938,16.947351,29.7024,0.399,0.06883121025387874,0.3301687897461213
175939,11.185974,18.97255,0.413,-0.19877863475867497,0.6117786347586749
176227,5.395002,31.89598,0.443,0.14657869217394306,0.2964213078260569
176361,2.224245,-5.67156,0.46,-0.01874556884918125,0.4787455688491813
176603,-15.964221,22.98718,0.43,0.045518548187091674,0.3844814518129083
176755,2.30699,43.93821,0.504,0.1866085582974485,0.3173914417025515
176759,17.111218,36.33755,0.413,-0.06287689632003651,0.4758768963200365
176861,-15.316263,20.1687,0.433,0.02727420265582982,0.4057257973441702
176864,-11.313228,9.77869,0.452,0.005466438966163388,0.4465335610338366
176868,-4.842481,11.52416,0.447,-0.0062170486685064795,0.4532170486685065
176876,3.035703,17.23129,0.433,0.11654783650849246,0.3164521634915075
176887,18.580874,37.01767,0.407,-0.0060601362228020345,0.413060136222802
176992,-13.224023,21.18893,0.435,-0.08097825310176006,0.51597825310176
177009,-0.817736,25.6037,0.441,0.08657251292279791,0.35442748707720206
177142,1.872299,23.74942,0.436,-0.08487946539186039,0.5208794653918604
177143,2.663877,26.19883,0.437,0.15191551030016223,0.2850844896998378
177144,2.966879,29.27939,0.442,-0.07294422718710103,0.514944227187101
177145,2.083562,28.54322,0.442,0.0055852788072035114,0.4364147211927965
177146,3.694859,31.28585,0.445,0.002270435620105218,0.4427295643798948
177147,7.740577,27.9582,0.429,0.11012925872313387,0.3188707412768661
177148,7.313713,23.73044,0.425,-0.0011633015398651977,0.4261633015398652
177149,8.190688,21.72308,0.422,-0.03950563866373575,0.46150563866373573
177150,8.72147,19.1356,0.42,0.018747406742392354,0.40125259325760765
177151,11.169116,21.52501,0.414,0.06003247237492233,0.35396752762507766
177152,13.504129,23.90241,0.407,0.044388358960033306,0.3626116410399667
177153,13.944031,23.11025,0.405,-0.06426201220003372,0.4692620122000337
177154,15.4794,21.89399,0.399,-0.011780655145438535,0.41078065514543854
177155,17.501727,20.57368,0.391,-0.06001290866974623,0.45101290866974625
177156,17.476714,16.41888,0.392,-0.11136625592200307,0.5033662559220031
177157,20.168757,18.58023,0.38,-0.06657590690772505,0.4465759069077251
177158,8.709497,41.43571,0.471,0.2006496966430525,0.2703503033569475
177256,-13.206092,28.90627,0.44,0.06279781896376453,0.3772021810362355
177258,-15.331792,19.39356,0.433,-0.041036695963707584,0.47403669596370757
177259,-10.618038,-6.20389,0.494,0.13324562290767625,0.3607543770923237
177260,-13.057662,-6.83324,0.501,-0.01968130528471701,0.520681305284717
177261,-11.004619,-6.14588,0.495,-0.028266988762408997,0.523266988762409
177262,-9.439962,-6.50397,0.492,-0.008859843202171234,0.5008598432021713
177264,-7.23457,14.05465,0.445,0.019119102219112147,0.42588089778088783
177265,-6.030905,14.7778,0.444,-0.06087877339696518,0.5048787733969652
177266,-5.310054,17.28428,0.441,-0.10907498019085056,0.5500749801908505
177267,0.152966,20.43286,0.437,0.1409279988756359,0.2960720011243641
177268,-0.601404,21.23599,0.437,-0.10938732830297682,0.5463873283029768
177269,1.529166,23.92145,0.436,0.03561340405062717,0.4003865959493728
177270,-0.458855,29.18824,0.446,-0.11743469718935473,0.5634346971893547
177271,6.080578,27.13804,0.432,0.04169037696486455,0.39030962303513544
177272,-3.004031,19.26265,0.439,-0.004468909560869035,0.44346890956086904
177273,2.008442,-7.05005,0.462,0.05613440086400724,0.4058655991359928
177274,-1.835598,-7.59825,0.475,0.019130285442662053,0.45586971455733794
177275,9.338019,14.66373,0.42,0.009096732076495348,0.4109032679235046
177276,8.394761,19.96576,0.421,-0.05245377551378729,0.47345377551378726
177277,7.159928,28.77635,0.432,-0.08269567165975325,0.5146956716597533
177278,5.994821,26.29989,0.431,-0.10495844897576107,0.5359584489757611
177279,14.431964,35.76655,0.424,0.08023169696942924,0.34376830303057077
177280,10.332754,28.93837,0.423,-0.020213741233373085,0.4432137412333731
177281,9.969949,27.34208,0.422,-0.12937822530485862,0.5513782253048586
177282,7.885334,25.2097,0.425,-0.07654486869287189,0.5015448686928718
177283,10.469262,18.61448,0.415,0.04554292684861322,0.36945707315138676
177284,12.196325,23.85342,0.411,-0.0033171355167210116,0.414317135516721
177285,9.979493,16.41908,0.417,-0.02118196150695946,0.4381819615069594
177286,11.509904,9.47555,0.417,0.07649591825357203,0.34050408174642793
177287,16.20552,13.92741,0.398,0.08022263100856605,0.31777736899143394
177290,10.754606,48.06589,0.505,0.15685429388356667,0.34814570611643336
177392,-14.054486,30.69563,0.442,-0.06421295344568806,0.5062129534456881
177393,-13.951548,26.97894,0.436,-0.05350883708082784,0.4895088370808278
177394,-11.008202,22.68921,0.438,0.07608402958339772,0.3619159704166023
177395,-10.061394,19.19159,0.439,-0.03118724586003815,0.4701872458600381
177396,-9.058299,21.52302,0.439,-0.05612854998279884,0.49512854998279887
177397,-8.553675,20.95692,0.44,-0.1421326223607784,0.5821326223607783
177398,-8.073711,20.43483,0.44,-0.11894608680618082,0.5589460868061809
177399,-6.973459,18.00941,0.441,-0.13425265871747097,0.575252658717471
177400,-4.698813,21.23398,0.44,0.09241359457494708,0.3475864054250529
177401,-5.022637,24.09846,0.441,-0.003527214439794599,0.4445272144397946
177402,-3.457349,26.44383,0.443,0.06866596657018001,0.37433403342981997
177403,1.650306,33.26239,0.454,0.14445052030986805,0.30954947969013197
177404,-2.253037,35.00978,0.464,-0.21989201841030348,0.6838920184103034
177405,-0.768633,38.25229,0.477,0.051271927917043485,0.4257280720829565
177406,-3.925744,19.26264,0.44,-0.10419055097888667,0.5441905509788867
177420,23.236634,35.76631,0.376,-0.16504131981900985,0.5410413198190098
177421,16.088605,44.25204,0.452,-0.0647345996976028,0.5167345996976028
177423,8.939601,33.53126,0.438,0.040787594937615336,0.39721240506238464
177424,9.728134,16.95018,0.418,-0.16408662476788283,0.5820866247678829
177527,-14.007373,28.21615,0.438,-0.14015248566607008,0.57815248566607
177528,-15.496538,27.50701,0.434,-0.15767876740504444,0.5916787674050444
177529,-13.852656,24.68655,0.434,-0.08285401980229538,0.5168540198022954
177530,-13.648528,29.12434,0.44,-0.08053178308997042,0.5205317830899704
177533,-9.650206,11.40204,0.449,0.16605249025928434,0.2829475097407157
177534,-6.529236,14.51574,0.444,0.21288997433183615,0.23111002566816385
177535,-10.042988,12.12921,0.448,0.02182735659564644,0.42617264340435357
177536,-5.190867,-7.47924,0.484,-0.13585456667753673,0.6198545666775367
177537,-4.274538,18.00942,0.44,0.22576560340898533,0.21423439659101468
177538,-4.039251,21.23398,0.44,-0.49938570963974444,0.9393857096397444
177540,4.466088,20.43486,0.43,-0.23219041830720222,0.6621904183072023
177542,-2.256625,36.58203,0.47,0.22310587851007588,0.2468941214899241
177543,-1.721609,37.58519,0.474,-0.060448346277663566,0.5344483462776636
177544,-0.392318,40.72068,0.489,0.09180607568352246,0.39719392431647754
177545,0.643427,41.26477,0.491,-0.006786797055444709,0.4977867970554447
177546,-0.265978,39.01441,0.48,0.09629151336193255,0.38370848663806745
177547,-1.85461,19.96577,0.438,0.21485680591239226,0.22314319408760774
177548,1.252031,52.68689,0.583,0.27278099305871684,0.3102190069412831
177549,-0.750972,51.7447,0.577,-0.18648101205612225,0.7634810120561222
177550,-0.550434,48.66408,0.547,0.014396590159343027,0.532603409840657
177551,6.577893,38.95228,0.465,0.1278889392078525,0.33711106079214753
177552,2.88872,44.25226,0.505,-0.1760972601721641,0.6810972601721641
177553,13.507166,38.17798,0.437,0.00212645045968874,0.43487354954031127
177554,10.143325,46.36455,0.496,-0.008605107483358094,0.5046051074833581
177555,11.491534,41.69167,0.461,-0.0015009470390395935,0.4625009470390396
177557,14.67302,40.79742,0.442,-0.014214178284982913,0.4562141782849829
177558,15.256326,35.59849,0.42,-0.0896382707941097,0.5096382707941097
177559,19.913499,43.50181,0.425,0.0033829149096058124,0.4216170850903942
177560,10.52379,44.85328,0.484,-0.07764581265634624,0.5616458126563462
177657,-18.450784,24.33338,0.424,0.10865980219554758,0.31534019780445244
177658,-12.631625,35.08845,0.458,0.4419173336779914,0.01608266632200861
177659,-15.792017,32.3149,0.442,-0.04759254876126512,0.4895925487612651
177660,-20.246631,20.95667,0.421,-0.00903183631555827,0.43003183631555825
177661,-11.493432,12.54226,0.447,0.020995854678594026,0.42600414532140596
177663,-12.256576,13.98756,0.444,-0.04829752676370144,0.4922975267637014
177664,-10.920621,17.69331,0.44,0.056564322474412364,0.38343567752558766
177665,-8.928601,18.96256,0.44,-0.1372367547299734,0.5772367547299734
177666,-8.504386,18.5815,0.44,-0.17122505026846938,0.6112250502684694
177667,-11.953047,15.06177,0.442,0.18081479732792474,0.26118520267207523
177668,-7.954667,18.13742,0.441,0.15057006465099862,0.2904299353490014
177669,-1.616041,42.45097,0.501,0.051372229542739255,0.44962777045726077
177671,-6.200326,28.81529,0.447,0.20489188485975793,0.24210811514024208
177672,-1.456569,44.26328,0.513,0.13612230700323139,0.37687769299676865
177673,0.297583,42.10791,0.496,0.04352384157684141,0.4524761584231586
177674,3.317452,25.38171,0.435,0.01627200063611645,0.41872799936388355
177675,5.262524,24.22953,0.43,-0.10115978416241188,0.5311597841624118
177677,6.322334,42.61393,0.486,0.10521409480066048,0.3807859051993395
177678,7.955647,41.64273,0.475,0.012122758744049533,0.4628772412559504
177679,13.219756,45.24628,0.473,0.14751615159113568,0.3254838484088643
177680,14.148468,47.56671,0.484,-0.1186349811483597,0.6026349811483597
177681,14.633937,49.66811,0.497,-0.05506631050665581,0.5520663105066558
177682,13.828603,45.02624,0.469,-0.06057538599381351,0.5295753859938135
177683,17.10462,48.8939,0.475,0.0007120760670118943,0.4742879239329881
177684,10.887022,13.92757,0.416,-0.21370314629232023,0.6297031462923202
177685,17.805631,21.33282,0.39,-0.09067798694760239,0.4806779869476024
177686,19.284195,35.5984,0.399,-0.2233717144975939,0.622371714497594
177688,11.643503,51.39553,0.528,0.18605639774178387,0.3419436022582162
178200,-23.222032,62.46189,0.702,-0.31574010400941355,1.0177401040094134
178201,-27.632703,76.94351,1.016,-0.9654818727199944,1.9814818727199945
178202,-30.034764,71.63828,0.859,-0.5727861682482465,1.4317861682482464
178203,-27.663301,67.59613,0.78,-0.06991881456336713,0.8499188145633672
178204,-24.007881,60.8404,0.67,0.08786303650228522,0.5821369634977148
178205,-23.205838,64.02329,0.731,-0.12591917084044468,0.8569191708404447
178206,-23.448535,59.02796,0.643,-0.2555344257167533,0.8985344257167533
178207,-21.222777,75.98149,1.016,-0.24325795579433127,1.2592579557943313
178208,-19.072953,67.82059,0.823,-0.1260121744965122,0.9490121744965121
178209,-16.968812,64.45863,0.76,0.17400512104520896,0.5859948789547911
178210,-16.442455,40.65136,0.476,0.13373049202301188,0.3422695079769881
178211,-16.905868,25.60363,0.429,0.11609212841823952,0.3129078715817605
178212,-14.163443,21.57796,0.434,0.16162054621328337,0.27237945378671663
178213,-13.210961,16.48302,0.439,0.023842335124025244,0.4151576648759748
178214,-11.953737,13.33141,0.445,-0.09515582250476809,0.5401558225047681
178215,-10.819144,19.51664,0.439,0.027824395438277336,0.41117560456172264
178216,-0.08287,48.33902,0.543,0.038007470402588645,0.5049925295974114
178217,1.854476,46.30063,0.523,0.10925706764205413,0.4137429323579459
178218,1.371239,39.29144,0.479,0.033435043277218246,0.44556495672278174
178219,6.601877,43.42606,0.49,0.11721291093883318,0.3727870890611668
178221,4.524149,13.16449,0.432,-0.15928095008491824,0.5912809500849182
178222,10.196131,17.88034,0.416,0.07980237571829947,0.3361976242817005
178223,11.303561,26.63694,0.417,-0.10273258712050086,0.5197325871205009
178224,10.839714,53.10989,0.549,0.0394863853079544,0.5095136146920456
178225,12.243309,52.22167,0.532,-0.12421990219804903,0.656219902198049
178226,13.592881,47.46169,0.486,-0.036866567780672654,0.5228665677806726
178227,11.952601,35.59859,0.434,-0.16489965083601052,0.5988996508360105
178228,18.912072,25.25352,0.386,-0.09862374438047783,0.48462374438047784
178229,20.417674,23.88521,0.378,-0.08123773269026412,0.45923773269026413
178230,14.097862,56.06252,0.559,-0.05626445644317912,0.6152644564431792
178412,3.509225,38.37026,0.47,0.07209001965473727,0.3979099803452627
178413,2.824824,40.18858,0.481,-0.05991589182307879,0.5409158918230788
178414,5.589863,43.52111,0.493,0.04013385602198679,0.4528661439780132
178415,4.043871,41.87185,0.487,-0.15926739603651321,0.6462673960365132
178416,6.266533,45.20741,0.502,0.02871216260275015,0.47328783739724983
178417,9.216623,48.54699,0.516,0.09715648087701609,0.4188435191229839
178419,12.326008,50.14624,0.514,-0.1228890240621781,0.6368890240621781
178420,11.412857,58.17606,0.601,-0.10194385632369356,0.7029438563236935
178422,22.158934,42.24549,0.404,-0.22079426740705252,0.6247942674070526
178423,9.022848,55.50446,0.583,-0.08163702668120504,0.664637026681205
178578,12.296242,51.52753,0.526,0.26038697280312856,0.26561302719687147
178619,3.269268,54.23121,0.594,-0.10048366885202153,0.6944836688520215
178624,9.754852,59.15433,0.623,-0.18426685731158518,0.8072668573115852
178625,15.558325,65.22588,0.665,0.2696684504951474,0.3953315495048526
178626,9.149652,61.63999,0.66,-0.10205403324443678,0.7620540332444368
178742,-12.846095,48.74099,0.548,-0.09689890048010323,0.6448989004801032
178766,-2.196655,42.46597,0.502,0.1277505401052236,0.3742494598947764
178767,4.785927,47.8879,0.527,0.24864078100675094,0.2783592189932491
178768,5.055814,50.19435,0.547,0.03474800400554885,0.5122519959944511
178769,7.428846,51.87967,0.553,0.017195696192927722,0.5358043038070723
178774,10.024701,68.59505,0.767,0.21747302303749855,0.5495269769625015
179142,1.064182,65.9033,0.771,0.3169615388902694,0.4540384611097306
179294,-8.940388,17.68533,0.441,-0.02548697188189721,0.4664869718818972
179305,-1.236411,29.57029,0.447,-0.061404975278129256,0.5084049752781292
179306,0.599357,29.16331,0.445,0.13191291412829703,0.313087085871703
179307,-5.932853,46.05757,0.53,0.020285592555700956,0.5097144074442991
179308,-0.017524,51.88572,0.577,0.3211234629940123,0.25587653700598767
179310,-0.984646,49.2922,0.554,0.014852880676918277,0.5391471193230818
179311,-0.49947,51.21459,0.571,-0.025027434749945968,0.5960274347499459
179312,4.538419,54.69131,0.594,0.19413459659506144,0.39986540340493854
179313,2.556879,53.53207,0.588,-0.08524455803694085,0.6732445580369408
179314,2.322672,56.60277,0.625,-0.048841185438135905,0.6738411854381359
179315,6.396703,59.91856,0.652,0.1003823183520343,0.5516176816479658
179316,6.340063,63.08142,0.698,-0.033305431097359214,0.7313054310973591
179317,8.49381,66.36337,0.738,0.1057934531005616,0.6322065468994384
179318,6.893116,61.50798,0.672,-0.1327330469891905,0.8047330469891906
179319,12.051054,70.01551,0.776,0.22600488203417585,0.5499951179658242
179320,12.203572,73.10165,0.835,-0.30692272260534115,1.141922722605341
179321,9.658374,75.96791,0.92,-0.35033529228463534,1.2703352922846354
179322,10.480388,71.82021,0.824,-0.1994899345182294,1.0234899345182293
179419,-12.172609,20.29775,0.437,-0.08538004287294164,0.5223800428729416
179420,-11.281864,23.40033,0.438,-0.13920384876917277,0.5772038487691727
179428,-7.221657,21.20898,0.44,0.08577890479646388,0.3542210952035361
179429,-5.420332,20.79591,0.44,0.007395853172156196,0.4326041468278438
179435,8.499492,25.38173,0.424,0.2261812056318223,0.19781879436817768
179436,7.421015,26.61095,0.428,-0.1128859920784552,0.5408859920784552
179437,4.516118,28.45627,0.437,-0.006899874914175697,0.4438998749141757
179438,8.52963,24.96465,0.423,0.0910022040280257,0.3319977959719743
179439,8.708392,26.11986,0.424,-0.0850153394173039,0.5090153394173039
179440,1.843573,58.02811,0.645,0.08222158516806903,0.562778414831931
179441,4.600662,61.36696,0.681,0.2320872434076323,0.44891275659236773
179442,5.253132,65.51215,0.744,0.031214485696927228,0.7127855143030728
179443,3.197638,68.63419,0.811,-0.1515203486114419,0.962520348611442
179444,5.55409,71.94036,0.864,0.06999509609795965,0.7940049039020404
179445,7.030335,75.28769,0.927,-0.08499525058543639,1.0119952505854364
179446,-9.511987,71.82025,0.92,-0.5727741173227412,1.4927741173227411
179447,-9.021229,52.90988,0.596,-0.05699294467762347,0.6529929446776235
179448,-10.552364,56.69472,0.643,-0.17991989975934006,0.8229198997593401
179449,-8.847005,62.67329,0.736,0.005374752301762327,0.7306252476982377
179450,-7.377083,68.92826,0.853,0.015127620299988593,0.8378723797000114
179451,39.784037,70.48095,0.413,-0.002167146119860119,0.4151671461198601
179452,43.528362,73.82947,0.382,-0.15623904885184145,0.5382390488518415
179550,-6.757506,24.17048,0.441,-0.2470912463708834,0.6880912463708834
179553,-9.88853,25.74175,0.44,-0.0886099720971555,0.5286099720971555
179554,-7.310908,17.77136,0.441,-0.18668729097565245,0.6276872909756525
179555,-4.893708,27.38999,0.445,0.06853228259734144,0.37646771740265855
179556,-4.453778,30.70962,0.451,-0.030686505366100948,0.48168650536610097
179563,0.819493,19.98078,0.436,-0.14692364319283216,0.5829236431928322
179564,-0.07873,10.33091,0.443,-0.09999361984904563,0.5429936198490456
179565,-1.108804,13.1365,0.442,-0.07129341085145997,0.51329341085146
179566,2.924616,9.58574,0.439,0.00831535771062809,0.4306846422893719
179567,3.925178,17.26429,0.431,-0.05871901154487293,0.4897190115448729
179568,7.940681,20.49886,0.422,0.060787191509175525,0.3612128084908245
179569,13.563843,17.9983,0.406,0.06849357052469005,0.33750642947530995
179570,6.42211,56.18364,0.604,0.10430924232901811,0.49969075767098187
179571,9.332184,59.56744,0.631,0.13915591514878828,0.4918440848512117
179572,9.439303,53.10993,0.556,-0.16061719294042837,0.7166171929404284
179573,5.453775,52.22178,0.565,-0.024656555911287396,0.5896565559112873
179574,11.15256,55.99052,0.577,0.15009811347853158,0.4269018865214684
179576,12.185551,50.79937,0.52,-0.0416245823054659,0.561624582305466
179578,15.926371,42.24567,0.442,-0.09967546972999426,0.5416754697299943
179579,-39.305818,-10.94272,0.555,0.10834456871962739,0.44665543128037266
179581,-33.131794,-5.94663,0.514,0.0595814034784328,0.45441859652156724
179710,-13.365224,10.66984,0.45,0.05329207539336578,0.39670792460663423
179711,-14.175072,8.30726,0.455,0.08440784347290957,0.37059215652709043
179712,-9.162654,13.19644,0.446,0.3142344922888605,0.13176550771113948
179713,-10.760279,10.88292,0.45,0.032140003572220126,0.4178599964277799
179714,-9.254891,11.14703,0.45,0.03597973814808995,0.41402026185191004
179716,-5.686272,15.90602,0.442,-0.23440477106675087,0.6764047710667509
179717,-3.774206,8.58152,0.451,0.06162929671735029,0.3893707032826497
179719,1.057731,8.27144,0.444,-0.024337511119331842,0.46833751111933186
179720,-0.796284,-5.71555,0.469,0.012100599871987805,0.45689940012801217
179722,-3.679113,-7.50822,0.48,0.08859726626904102,0.39140273373095896
179725,4.029735,-7.10811,0.455,0.07530354208022079,0.37969645791977924
179726,3.864849,12.30732,0.434,0.0452454068783797,0.3887545931216203
179727,4.19312,14.60378,0.432,0.045841169371534,0.386158830628466
179728,4.229247,16.87022,0.431,0.02528239262791575,0.40571760737208423
179729,4.753946,22.3982,0.43,0.025732240044789804,0.4042677599552102
179730,9.910237,20.12978,0.417,-0.020043367901671605,0.4370433679016716
179731,7.84463,16.65313,0.423,-0.024779351479475818,0.4477793514794758
179733,8.862116,16.38608,0.42,0.019943382252562158,0.40005661774743784
179734,8.242083,34.02037,0.441,0.07538378334647174,0.3656162166535283
179735,8.170767,39.47237,0.463,0.07078632492506398,0.39221367507493604
179736,15.904861,13.43428,0.4,-0.07954034967352971,0.47954034967352976
179738,15.97935,35.32143,0.416,0.02226896831573329,0.3937310316842667
179739,18.500475,38.65496,0.413,-0.04104271323523956,0.45404271323523954
179740,20.06697,20.34459,0.38,-0.24561775470574004,0.62561775470574
179741,15.963656,48.1728,0.478,-0.01953965285898855,0.49753965285898855
179742,18.774006,51.51039,0.483,-0.08483190468645116,0.5678319046864512
179840,-12.946903,12.08211,0.447,0.07201217382680127,0.37498782617319876
179841,-9.369187,25.74175,0.441,0.04224802598840137,0.3987519740115986
179843,-9.918743,26.67392,0.441,-0.0342007700201622,0.4752007700201622
179844,-7.140151,31.09775,0.452,0.11590999368146372,0.3360900063185363
179846,-3.67679,30.25853,0.45,-0.029818814625537038,0.47981881462553705
179847,-9.942173,26.27985,0.441,-0.0332808147619103,0.4742808147619103
179848,-8.783681,29.28139,0.447,-0.14466900462641993,0.5916690046264199
179849,-5.806779,37.80412,0.477,-0.06683892190336319,0.5438389219033631
179850,-1.480319,30.95952,0.451,0.05654528532331435,0.3944547146766857
179852,-4.799362,29.74845,0.449,0.09982302198134109,0.34917697801865893
179853,1.648319,37.40713,0.469,0.1073470415435855,0.3616529584564145
179855,-4.775753,45.24642,0.523,-0.18050222235398838,0.7035022223539884
179856,1.979644,53.78013,0.593,0.1372544923482513,0.4557455076517487
179857,-0.796345,50.58646,0.566,-0.213729275948916,0.779729275948916
179858,0.039322,47.56687,0.537,-0.19581096214893207,0.732810962148932
179859,1.792904,44.25227,0.508,-0.029053418967791542,0.5370534189677916
179860,0.105528,41.67984,0.494,-0.030584235453543347,0.5245842354535434
179861,-0.116637,39.13543,0.48,-0.017634131184227443,0.49763413118422745
179862,-0.434022,40.85471,0.49,-0.030065607699815766,0.5200656076998158
179863,6.217479,43.71313,0.493,0.22981393107858483,0.26318606892141516
179864,6.632267,46.34861,0.509,0.09822102035590163,0.4107789796440984
179865,6.171711,42.42891,0.485,0.014748944111105429,0.47025105588889454
179866,3.562709,37.57712,0.467,0.009432844310509869,0.45756715568949013
179867,8.094428,40.9106,0.47,0.11304431851213755,0.35695568148786244
179868,12.409961,44.23611,0.471,0.06952692862190325,0.40147307137809674
179869,5.16841,51.51063,0.559,-0.10784533294458722,0.6668453329445873
179870,13.278073,46.15345,0.479,0.0845261288286914,0.3944738711713086
179871,16.44674,49.41801,0.483,0.12027422458688411,0.3627257754131159
179872,11.714017,55.70146,0.57,0.008554274301436354,0.5614457256985635
179970,-8.435346,12.66235,0.447,-0.2655398692644946,0.7125398692644946
179971,-12.916265,7.00898,0.459,-0.14113426615286556,0.6001342661528656
179972,-9.694435,11.70714,0.449,0.0787738462562129,0.3702261537437871
179973,-6.950917,9.55571,0.452,-0.0764277371583537,0.5284277371583537
179974,-4.438601,9.16664,0.45,0.1258044386029957,0.32419556139700434
179982,-4.951995,15.2709,0.443,-0.1173756146714189,0.5603756146714189
179983,0.381022,13.76463,0.439,0.058565560622391766,0.38043443937760824
179984,1.30423,8.36046,0.443,0.07676500811770895,0.366234991882291
179985,4.704227,10.68595,0.434,0.07758366326467453,0.35641633673532547
179987,8.354196,8.43438,0.427,0.1911708447939409,0.2358291552060591
179989,9.186102,9.38158,0.424,0.034674369430885775,0.38932563056911423
179991,3.908508,47.98994,0.531,0.06437523041865592,0.46662476958134413
179992,2.559632,46.15461,0.52,-0.0072652966654738315,0.5272652966654738
179993,9.251395,51.32455,0.54,0.17938000890398287,0.36061999109601717
179994,11.372386,54.65323,0.561,0.16582149825339693,0.39517850174660313
179995,14.680681,8.00109,0.408,0.020999391246513243,0.38700060875348674
179998,16.710486,55.38429,0.533,0.19009310588517142,0.3429068941148286
179999,22.013564,20.34453,0.371,-0.1879992673934552,0.5589992673934552
180000,12.14577,59.45037,0.612,-0.00901577639965406,0.621015776399654
180001,14.234831,62.78821,0.641,0.04922658065064913,0.5917734193493509
180160,-12.032666,9.55562,0.453,-0.14801555984894918,0.6010155598489492
180161,-9.755846,6.60096,0.459,-0.25674861668463406,0.7157486166846341
180162,-9.634112,11.84115,0.448,0.05795521279581145,0.39004478720418856
180163,-7.165697,9.16661,0.452,0.06153134782351556,0.39046865217648447
180164,-8.937331,8.2964,0.455,-0.0856183984781763,0.5406183984781763
180166,-3.806781,-7.2011,0.48,-0.04184052131489293,0.5218405213148929
180168,0.509207,-7.75231,0.467,0.014823638877663537,0.4521763611223365
180170,-1.016048,-6.58587,0.471,0.018847157153102426,0.45215284284689755
180171,2.710048,-4.54618,0.457,0.023225574661477493,0.4337744253385225
180174,10.575809,12.01614,0.418,0.013089686283521081,0.4049103137164789
180175,10.361868,10.37177,0.42,-0.02049891775553172,0.4404989177555317
180176,14.384122,12.69516,0.405,0.09581351659537075,0.3091864834046293
180177,14.644176,10.41765,0.406,-0.024956026007723328,0.43095602600772337
180179,17.708436,11.32573,0.394,-0.04259115951633902,0.43659115951633903
180180,20.487173,10.59242,0.383,-0.031050609149427446,0.41405060914942743
180490,-4.563563,10.97004,0.448,-0.056575502289016914,0.5045755022890169
180752,12.04654,75.48068,0.887,-0.2149090035735874,1.1019090035735875
181423,21.690661,61.57166,0.558,-0.16056255867985306,0.7185625586798531
181648,-4.970698,14.05167,0.444,0.018202887352495204,0.4257971126475048
181659,10.272175,16.84414,0.416,0.007591569036335707,0.40840843096366425
181660,12.530916,19.18055,0.409,-0.06831195899117276,0.47731195899117274
182025,-6.877375,17.71735,0.441,-0.0657151631614534,0.5067151631614534
182027,-7.838763,15.3809,0.443,-0.26064891513990296,0.703648915139903
182309,19.584446,19.04934,0.382,-0.17213815140017116,0.5541381514001712
182314,28.328268,28.09566,0.335,-0.06378970034290891,0.39878970034290895
182315,-17.933017,-12.02077,0.529,0.15608066205033475,0.37291933794966525
182316,-18.048609,-9.40059,0.52,-0.043276204357114045,0.563276204357114
182429,-10.779489,72.85666,0.946,0.12673458445214814,0.8192654155478518
182430,-10.271645,64.88491,0.776,-0.1577017811718458,0.9337017811718458
182431,-2.900849,54.20522,0.608,0.22581463101612056,0.38218536898387945
182432,-2.05279,52.46485,0.587,0.12172158186614582,0.4652784181338542
182433,0.113239,49.51625,0.554,0.1231387973658963,0.43086120263410377
182434,0.92712,45.44548,0.518,0.030244899060634253,0.48775510093936575
182436,2.618956,-5.31144,0.458,-0.04168687171194079,0.4996868717119408
182438,7.608049,11.5581,0.427,0.16365596892703524,0.2633440310729648
182440,9.147164,12.12019,0.422,-0.016787925097784092,0.4387879250977841
182442,12.179305,16.12394,0.411,0.06296983026736669,0.3480301697326333
182443,14.389929,17.27612,0.403,-0.0035259539428015812,0.4065259539428016
182444,16.381149,15.84877,0.397,-0.041818237510571295,0.4388182375105713
182445,21.03017,12.37582,0.38,0.00023965672855388756,0.37976034327144614
182446,21.697577,19.46831,0.373,-0.08520347592330978,0.4582034759233098
182447,23.137041,20.91153,0.365,-0.0836429986614246,0.4486429986614246
182448,25.42488,23.844,0.352,-0.1146229684304368,0.46662296843043677
182449,27.794842,28.13069,0.338,-0.07652974816670183,0.41452974816670185
182450,26.848158,31.42534,0.346,-0.06040259265787114,0.4064025926578711
182451,27.459312,29.53497,0.341,-0.11099617411346549,0.4519961741134655
182452,-19.573844,12.95004,0.437,-0.022811488971105288,0.4598114889711053
182453,-20.923293,12.64194,0.436,0.008075599625722435,0.4279244003742776
182551,-10.466149,67.15663,0.82,0.23528882796204162,0.5847111720379583
182570,8.115004,47.36277,0.511,0.00959833029966672,0.5014016697003333
182571,7.941302,48.96408,0.525,0.0017302736860989958,0.523269726313901
182572,6.9361,47.16076,0.514,-0.02626517585643765,0.5402651758564376
182573,10.244612,43.8401,0.479,0.14501940689195486,0.3339805931080451
182574,20.372593,34.02003,0.39,-0.12090241671217772,0.5109024167121777
182575,21.606984,32.32771,0.379,-0.15531843756336186,0.5343184375633618
182576,23.946995,30.81332,0.364,-0.11665376397190848,0.48065376397190845
182577,26.168683,29.92906,0.349,-0.06487202791931758,0.41387202791931754
182578,27.888348,29.40391,0.338,-0.0427552705924451,0.3807552705924451
182686,-3.986097,61.31996,0.708,0.19201084371467364,0.5159891562853263
182687,-1.389079,58.09713,0.655,-0.0070151785653281345,0.6620151785653282
182688,-0.060789,54.1102,0.602,-0.0348775056886106,0.6368775056886106
182689,1.160628,57.32694,0.638,0.056040959388997356,0.5819590406110027
182690,0.182723,52.76891,0.586,-0.06926937774634231,0.6552693777463423
182695,7.129035,37.89908,0.459,0.21714704367015192,0.2418529563298481
182696,7.091522,47.52883,0.517,-0.0601378428249644,0.5771378428249644
182697,5.035952,50.70146,0.551,-0.1770207004076769,0.728020700407677
182698,7.169287,54.03815,0.576,0.030202321809848526,0.5457976781901515
182699,15.351403,37.66184,0.426,-0.01874394139497309,0.4447439413949731
182701,18.233765,37.3527,0.41,-0.09796103254013308,0.507961032540133
182702,21.402555,35.61928,0.387,-0.13726649779318642,0.5242664977931865
182703,22.779524,34.14999,0.376,-0.18517117840286562,0.5611711784028657
182704,23.709588,33.2678,0.369,-0.07584576735639671,0.4448457673563967
182705,23.503535,32.79172,0.369,-0.1845247272665638,0.5535247272665638
182706,29.304538,29.40385,0.328,-0.06426140086014195,0.39226140086014194
182707,30.749195,75.52364,0.643,-0.586118305615987,1.229118305615987
182708,35.658638,59.03834,0.366,0.05215210934627612,0.31384789065372387
182829,-4.570775,64.44585,0.762,-0.022275856070686825,0.7842758560706868
182831,-4.00211,63.98471,0.752,-0.16649919778274946,0.9184991977827495
182832,-1.151001,60.7008,0.692,0.09750467190669178,0.5944953280933082
182833,-3.916965,56.3497,0.636,0.04225794937957462,0.5937420506204254
182834,1.679295,59.72454,0.669,0.13872264624964412,0.5302773537503559
182835,-0.43601,55.16544,0.615,-0.05655057396210318,0.6715505739621032
182836,3.657183,27.34205,0.437,0.034809880462799266,0.40219011953720074
182846,16.61542,68.06169,0.7,0.09345812225431875,0.6065418777456812
182847,23.100163,65.04655,0.587,-0.007462556578352548,0.5944625565783526
182848,24.584356,36.42731,0.369,-0.1846226252662592,0.5536226252662592
182850,27.042297,30.98124,0.345,-0.08461685168939319,0.4296168516893932
182851,39.882906,71.69339,0.426,0.07938855634845696,0.34661144365154306
182963,-4.762954,55.01339,0.62,0.11095360605625226,0.5090463939437477
182965,-2.946652,53.88215,0.605,-0.12662162457295512,0.7316216245729551
182970,1.234148,44.55832,0.511,0.16155048048493847,0.34944951951506154
182971,3.667301,48.94312,0.54,0.09229899845013909,0.4477010015498609
182972,4.063329,52.41782,0.572,0.025501767258536794,0.5464982327414631
182973,6.618487,49.46419,0.534,0.06282831521340147,0.47117168478659854
182974,6.597336,50.81546,0.547,-0.0041874032522666305,0.5511874032522667
182975,7.126776,49.62722,0.534,-0.01322497962336261,0.5472249796233626
182976,13.07425,46.3975,0.482,0.11030887659927859,0.3716911234007214
182977,15.713691,56.26449,0.55,0.048964397568281866,0.5010356024317182
182978,16.613461,61.6088,0.605,-0.11782895829900093,0.722828958299001
182979,24.74653,67.87329,0.607,-0.16503844838535972,0.7720384483853597
182980,30.915608,64.76004,0.486,-0.10131974440833576,0.5873197444083358
182981,24.767435,30.98136,0.359,-0.1852868736935709,0.5442868736935709
182982,37.282634,75.8249,0.533,-0.05627550819411104,0.5892755081941111
183241,0.961725,53.02096,0.587,0.2432950102415592,0.34370498975844077
183242,1.411591,56.04163,0.621,0.016789697304985363,0.6042103026950146
183243,3.898066,60.29267,0.669,0.06549804172296031,0.6035019582770398
183244,4.496488,54.91636,0.597,-0.08936155696846844,0.6863615569684685
183245,8.208464,58.51918,0.624,0.1663537749644872,0.4576462250355128
183246,13.716132,72.78646,0.814,0.12932865680278738,0.6846713431972126
183247,22.34706,69.59895,0.663,-0.07269444194588527,0.7356944419458853
183248,-33.807793,15.18071,0.385,-0.13095481680859408,0.5159548168085941
183249,-32.385105,13.4355,0.399,-0.11266877323005765,0.5116687732300577
183250,-23.724277,-10.77658,0.536,0.034098467763691076,0.501901532236309
183251,-20.541322,-7.15981,0.514,-0.06568221882790812,0.5796822188279082
183253,-17.311595,18.02821,0.431,-0.07641922382371434,0.5074192238237143
183367,-5.949171,18.88057,0.441,-0.0011413036127279046,0.4421413036127279
183379,-0.422712,26.29981,0.441,0.12547707286903442,0.3155229271309656
183382,4.378743,49.66825,0.544,0.15299142695889387,0.39100857304110614
183383,5.718603,55.80956,0.603,0.016930865805998296,0.5860691341940016
183384,4.516044,59.43845,0.654,0.018342055193185876,0.6356579448068141
183385,4.146604,63.62159,0.718,-0.2238952625371363,0.9418952625371363
183386,12.531256,66.49932,0.711,0.16323836671268765,0.5477616332873123
183387,22.524582,62.71887,0.563,-0.03222696513136594,0.5952269651313659
183388,27.485952,75.43866,0.693,-0.4097855284322517,1.1027855284322516
183390,-38.457464,8.90567,0.398,-0.14373835649518246,0.5417383564951825
183392,-29.118165,-11.22848,0.547,0.006691058893196382,0.5403089411068036
183393,-25.207656,-5.17437,0.509,0.02700461703749222,0.48199538296250777
183394,-21.360166,17.73404,0.423,0.006629197204129049,0.41637080279587096
183741,-11.760432,14.81374,0.443,-0.02495695895004078,0.4679569589500408
183777,-27.304659,15.75536,0.41,-0.10017578370922026,0.5101757837092202
183779,-18.817268,12.00596,0.441,-0.025553007525869968,0.46655300752587
184098,0.508665,42.21093,0.497,-0.04645509432764371,0.5434550943276437
184099,0.792755,40.65166,0.487,0.0788892811520511,0.4081107188479489
184100,2.965165,38.20623,0.471,0.0009147744205828356,0.4700852255794171
184102,-0.149614,61.0969,0.695,-0.18044556354193633,0.8754455635419363
184103,8.021572,37.19594,0.453,-0.010395779786064575,0.4633957797860646
184112,17.645566,52.73569,0.502,-0.14861027487937659,0.6506102748793766
184113,22.070504,58.88095,0.524,-0.1035055298936578,0.6275055298936578
184114,27.751013,55.84601,0.437,-0.2461754965888243,0.6831754965888243
184115,29.574655,62.15843,0.475,-0.3172293821064812,0.7922293821064812
184116,35.388815,67.63552,0.454,-0.16177750115536696,0.615777501155367
184117,18.326841,49.84004,0.474,-0.1315461536463601,0.6055461536463601
184119,-33.211336,28.63249,0.359,-0.14957594638395327,0.5085759463839532
184545,25.225897,57.85755,0.482,0.09162843247358389,0.3903715675264161
184546,24.34405,33.83986,0.366,-0.09937545975467336,0.46537545975467337
184549,35.076302,52.77096,0.333,0.0016806738091637407,0.33131932619083626
184550,38.621103,64.46334,0.369,-0.13131079700006656,0.5003107970000665
184665,-5.196449,18.52751,0.441,0.18304014267981353,0.25795985732018645
184666,5.011894,13.42853,0.431,0.05365030448338213,0.37734969551661784
184667,2.315943,7.95736,0.442,0.048827406779496124,0.3931725932205039
184668,3.456143,9.59373,0.438,0.07178174718886644,0.36621825281113357
184669,3.844272,11.01004,0.436,-0.0043681276727837275,0.4403681276727837
184670,5.020233,10.95502,0.433,0.04600095497496651,0.38699904502503346
184671,6.426093,12.79939,0.428,0.010753182459708405,0.4172468175402916
184672,8.054879,15.22586,0.423,-0.10421970817852522,0.5272197081785253
184673,9.830926,12.56728,0.42,-0.018399421041880547,0.4383994210418805
184674,11.424062,15.07577,0.414,-0.062040591853870626,0.4760405918538706
184675,11.411317,12.47123,0.415,-0.03978008573591717,0.45478008573591716
184676,15.715566,17.44113,0.398,0.03672383712509943,0.3612761628749006
184677,16.174767,18.58635,0.396,-0.08777696538406983,0.48377696538406983
184678,15.916841,17.24509,0.398,-0.06587450350920525,0.4638745035092053
184679,18.378212,15.71366,0.389,-0.009628752885278162,0.39862875288527816
184680,20.987506,10.73043,0.381,-0.007645057127871582,0.38864505712787156
184681,22.287584,33.83998,0.378,-0.04144775409132211,0.4194477540913221
184682,25.635706,17.1686,0.354,-0.08563402978890304,0.43963402978890304
184683,24.298198,28.0128,0.359,-0.1240537271616398,0.4830537271616398
184684,27.694477,29.5479,0.339,-0.10548810316782195,0.44448810316782195
184685,33.156161,39.52347,0.308,-0.02181550079474667,0.32981550079474664
184686,55.977264,64.46144,0.047,0.10754572101085955,-0.060545721010859546
184803,-42.896725,19.40887,0.314,-0.1290776199365704,0.4430776199365704
184807,45.869517,61.1819,0.224,-0.042306575337943984,0.266306575337944
184808,47.861275,75.57534,0.311,-0.148298652459525,0.459298652459525
184809,57.478237,72.43787,0.057,0.03009969332780185,0.026900306672198154
184907,-6.867898,18.43749,0.441,0.02589637352217298,0.415103626477827
184908,-6.868986,14.66377,0.444,-0.017680958932534404,0.4616809589325344
184912,6.551362,39.89145,0.47,0.16525039467487193,0.30474960532512807
184914,9.892772,39.36928,0.456,-0.03671458528498884,0.49271458528498885
184915,9.627602,37.743,0.45,0.027959425874976948,0.42204057412502305
184916,11.082635,36.43673,0.44,-0.07098380279734232,0.5109838027973423
184917,14.85218,30.37254,0.409,0.01953901061921481,0.38946098938078516
184918,17.479797,38.93604,0.42,-0.03223523745463115,0.4522352374546311
184919,20.39475,36.25745,0.395,-0.06588394635947363,0.46088394635947366
184920,20.234399,36.13344,0.395,-0.07422463511504901,0.469224635115049
184921,23.764856,28.99701,0.363,-0.02283672532783342,0.3858367253278334
184922,26.117638,27.52663,0.349,-0.036002353349092645,0.3850023533490926
184923,24.474038,31.3484,0.361,-0.12544096240741615,0.48644096240741613
184925,30.97887,34.33262,0.319,-0.097685843790426,0.416685843790426
184926,-20.857814,22.47393,0.418,0.1698943159487338,0.24810568405126618
184927,-19.724157,22.88207,0.421,0.0003138744798593451,0.4206861255201406
185028,3.920354,-7.62129,0.456,-0.022110776550940032,0.47811077655094003
185192,2.956418,30.23161,0.444,-0.03946912009084202,0.48346912009084203
185195,9.4932,10.63685,0.422,0.0445765850561022,0.3774234149438978
185196,11.921543,13.18936,0.413,-0.009537066728339677,0.4225370667283397
185197,12.914016,12.70723,0.41,0.02392386150387251,0.3860761384961275
185198,13.751678,13.6084,0.407,0.03691488394441067,0.3700851160555893
185199,14.481354,14.04847,0.404,0.04237637961766342,0.3616236203823366
185200,16.713131,19.4535,0.394,-0.03758555873360021,0.4315855587336002
185201,17.453854,20.58769,0.391,-0.08814829025123086,0.47914829025123085
185202,17.553491,20.28563,0.391,-0.08637961839625592,0.4773796183962559
185203,19.464293,21.91787,0.382,0.0709173684348983,0.3110826315651017
185204,21.242798,18.97222,0.375,-0.08978294901880884,0.46478294901880884
185205,23.703355,20.50441,0.362,-0.1223550557671342,0.48435505576713417
185206,28.383143,24.19888,0.335,0.056898447724537636,0.2781015522754624
185207,29.452732,34.41076,0.331,-0.040907589072954574,0.37190758907295457
185208,-10.922627,2.31482,0.471,0.07046846192140366,0.4005315380785963
185209,-10.587411,5.15259,0.463,-0.04759656406129895,0.5105965640612989
185210,-8.181974,4.88555,0.462,-0.043398656048834715,0.5053986560488347
185212,-8.100325,-10.73763,0.499,0.033278692951866445,0.4657213070481335
185312,8.946303,10.38482,0.424,-0.07588432186198435,0.49988432186198434
185314,10.063627,30.7567,0.427,-0.03967179366448303,0.466671793664483
185315,10.430118,30.12158,0.425,0.024555447736455144,0.40044455226354486
185316,10.757198,31.21878,0.426,0.028578233263945062,0.39742176673605495
185317,12.027068,30.37261,0.42,-0.02994107656297839,0.4499410765629784
185318,12.624255,29.42142,0.416,0.010473983645325327,0.40552601635467467
185321,16.714743,28.56718,0.399,-0.11495305139171512,0.5139530513917151
185322,19.237602,24.6694,0.384,-0.024401886459016038,0.40840188645901604
185323,20.102891,24.79539,0.38,-0.08069408078686215,0.46069408078686214
185324,27.886887,30.4611,0.339,-0.029846477767373574,0.3688464777673736
185325,24.17411,31.44345,0.363,-0.05223170615086464,0.41523170615086463
185326,28.224654,34.78288,0.34,-0.10176476986349947,0.4417647698634995
185327,26.568538,38.10356,0.359,-0.17822068533789784,0.5372206853378978
185328,25.643,37.66253,0.364,-0.2075289882530242,0.5715289882530242
185329,-9.934083,5.70673,0.461,0.06805128454175163,0.3929487154582484
185330,-13.683728,4.88541,0.465,-0.03636652679861798,0.501366526798618
185331,-7.384776,8.54446,0.454,0.08892173084375031,0.3650782691562497
185332,-10.001385,3.89825,0.466,-0.11598197663287735,0.5819819766328773
185333,-10.283409,-2.32458,0.483,-0.030294269208440184,0.5132942692084401
185439,9.668196,27.14104,0.422,-0.15787624062045577,0.5798762406204557
185442,13.681231,53.02081,0.531,-0.08266130723245144,0.6136613072324515
185447,22.440995,23.05995,0.368,-0.1412768685933871,0.509276868593387
185564,0.261214,11.88524,0.441,-0.02019846316086365,0.46119846316086366
185567,4.82065,16.45313,0.43,-0.2190993356735757,0.6490993356735757
185568,8.773465,14.48168,0.422,0.14009380623489257,0.2819061937651074
185570,12.566228,37.66491,0.439,0.14308863784705478,0.2959113621529452
185571,13.369902,36.95376,0.433,-0.10771259625820707,0.5407125962582071
185572,14.06916,53.02083,0.529,-0.10539483749454162,0.6343948374945416
185573,16.638249,39.67019,0.427,0.08018546106460198,0.34681453893539804
185574,17.713747,37.97684,0.415,-0.14763940866124683,0.5626394086612468
185575,21.333707,33.70896,0.384,-0.0329393920157261,0.4169393920157261
185576,22.026798,36.8255,0.387,-0.13883615476929728,0.5258361547692973
185577,21.626185,32.77778,0.38,-0.16417457309601216,0.5441745730960121
185578,23.664533,34.467,0.371,-0.1736250178369732,0.5446250178369731
185579,22.957053,32.91276,0.373,-0.14398238045669814,0.5169823804566982
185580,24.666844,36.25828,0.368,-0.07876652012421877,0.44676652012421875
185581,29.828259,39.57165,0.337,-0.01572680635812434,0.35272680635812437
185582,-15.468699,20.7708,0.432,0.026094546307446516,0.4059054536925535
185583,-13.461164,23.36429,0.435,-0.09829703421871325,0.5332970342187132
185584,-15.922411,20.73276,0.431,-0.09989756013102241,0.5308975601310224
185690,4.079523,-6.31683,0.455,0.03454628830101173,0.42045371169898826
185691,4.805839,-5.75764,0.452,-0.029684224146997475,0.48168422414699746
185692,9.212484,13.13642,0.421,0.1291186653984148,0.29188133460158516
185694,10.010433,19.73169,0.417,0.0842802497297979,0.33271975027020206
185695,12.054184,17.45423,0.411,0.016154370500237485,0.3948456294997625
185696,15.944027,14.24846,0.399,0.06192508969531309,0.33707491030468695
185697,16.231274,18.96641,0.396,-0.0542555768565842,0.45025557685658424
185698,16.873798,19.28445,0.393,-0.036889994747524295,0.4298899947475243
185699,17.491513,16.94996,0.392,-0.05337384301083588,0.4453738430108359
185700,20.58548,10.96052,0.383,0.01408398476124473,0.3689160152387553
185701,24.751516,20.57137,0.357,-0.05241490335178922,0.4094149033517892
185702,26.850234,19.08094,0.347,-0.08889063532518673,0.4358906353251867
185703,25.559714,17.77174,0.354,-0.1376193040053506,0.4916193040053506
185704,29.570593,30.11294,0.327,-0.013936369459989405,0.3409363694599894
185705,-9.426547,2.18683,0.47,0.04355206980437308,0.4264479301956269
185707,-8.826006,4.90257,0.463,-0.06089864905565236,0.5238986490556524
185709,-9.636945,-1.72135,0.48,-0.061985906630198526,0.5419859066301985
185811,5.550904,10.75496,0.432,0.041191601028994294,0.3908083989710057
185812,-0.28341,17.2643,0.438,0.0491578701805453,0.3888421298194547
185813,9.725656,16.02899,0.418,0.06470709665800177,0.3532929033419982
185816,12.448045,29.51544,0.417,-0.016636699963696,0.43363669996369597
185817,11.440336,30.23459,0.422,-0.00018639366626559695,0.4221863936662656
185818,12.135592,29.07037,0.417,0.0010494861392608811,0.4159505138607391
185819,13.561269,29.07434,0.412,-0.027163395531708375,0.43916339553170836
185820,21.589699,25.84552,0.373,-0.07264140378610641,0.4456414037861064
185821,20.727271,26.34464,0.378,-0.0925346896775367,0.4705346896775367
185822,23.263824,26.04048,0.364,-0.09970513958892412,0.4637051395889241
185823,23.337354,25.62839,0.364,-0.1341788501338636,0.4981788501338636
185824,27.421143,28.66077,0.341,-0.05512874992308424,0.3961287499230843
185825,28.002132,36.12912,0.344,-0.11225707146725293,0.4562570714672529
185826,26.186453,42.88344,0.376,-0.10386180903777235,0.47986180903777237
185827,30.418575,46.28689,0.353,-0.09034560201749146,0.44334560201749146
185828,32.060255,50.87371,0.358,-0.1702598281534378,0.5282598281534377
185829,-16.391938,27.95107,0.432,-0.05438728454339737,0.48638728454339736
185830,-18.672533,25.88263,0.424,-0.15286792901441612,0.5768679290144161
185970,4.135262,14.02167,0.433,0.3544005733430878,0.07859942665691222
185971,7.981317,29.36146,0.431,0.07887581323162134,0.35212418676837864
185972,9.529552,27.09503,0.423,-0.02446300882801903,0.44746300882801904
185973,12.142587,25.65674,0.413,-0.07780962514532047,0.49080962514532045
185974,13.933507,24.55151,0.406,-0.020250895857144426,0.42625089585714443
185975,22.845707,22.39781,0.366,-0.021523485066551735,0.3875234850665517
186097,5.995331,11.25707,0.431,0.0810363058973087,0.3499636941026913
186098,7.730527,19.58669,0.423,0.10773662597425934,0.3152633740257407
186099,9.734352,22.07813,0.418,0.11941466739383262,0.2985853326061674
186101,11.501004,23.00828,0.413,0.09911555752282833,0.3138844424771716
186102,16.231771,38.36797,0.424,0.03146313883744674,0.39253686116255326
186103,15.719754,40.96345,0.438,0.06514359359259726,0.37285640640740275
186104,14.505939,40.25135,0.44,-0.10183883466499821,0.5418388346649983
186105,16.392676,43.71293,0.447,0.1466468276998733,0.3003531723001267
186107,17.652939,24.48843,0.391,-0.05038053053265978,0.4413805305326598
186108,21.185522,21.22868,0.375,-0.04451094986294061,0.41951094986294063
186109,23.426607,23.07192,0.363,-0.17585963848683545,0.5388596384868354
186110,22.704716,22.40484,0.367,-0.11921295147126683,0.4862129514712668
186111,23.741818,20.8695,0.362,-0.09639271203412879,0.4583927120341288
186112,30.594836,27.75545,0.32,0.02173487124887373,0.29826512875112626
186113,28.661886,37.81142,0.342,-0.15261318930009732,0.49461318930009734
186115,28.88655,39.50872,0.344,-0.08309029576976339,0.4270902957697634
186116,-17.780669,4.90219,0.464,-0.2377791037592206,0.7017791037592206
186117,-11.960809,7.47913,0.458,0.08606551424981804,0.37193448575018195
186118,-5.602131,2.34994,0.465,0.020317721485588424,0.4446822785144116
186119,-7.583394,4.93359,0.461,-0.0011310865809645223,0.4621310865809645
186120,-7.494602,7.10511,0.457,-0.19910281242262828,0.6561028124226282
186121,-3.393214,-5.00432,0.475,0.15535526030745864,0.31964473969254137
186122,-5.200251,-4.82128,0.479,0.05132687256943104,0.42767312743056896
186223,9.08974,14.44167,0.421,0.07523733821410918,0.3457626617858908
186224,9.134062,25.2327,0.422,0.0756352415442993,0.3463647584557007
186226,14.348242,41.98965,0.449,0.15971161254646282,0.2892883874535372
186227,13.050286,44.98623,0.473,0.016752729574557843,0.4562472704254421
186228,15.511009,47.03156,0.472,-0.1483048352114174,0.6203048352114173
186229,15.071623,45.60732,0.466,-0.09280526657492802,0.558805266574928
186230,18.897524,48.94287,0.463,0.048163997546065956,0.41483600245393404
186231,19.516745,41.31441,0.417,-0.18501763513168795,0.6020176351316879
186233,20.908565,29.3292,0.379,-0.1402145312939573,0.5192145312939573
186234,22.877756,31.06042,0.37,-0.15946411133064758,0.5294641113306475
186235,23.556338,36.11632,0.375,-0.17177501472598253,0.5467750147259826
186236,28.152918,39.44274,0.35,-0.07684057072210997,0.42684057072210996
186237,27.72942,41.08705,0.358,-0.10392251929529898,0.461922519295299
186238,-14.227725,5.29049,0.464,0.032589691943474594,0.4314103080565254
186239,-5.543535,-1.84229,0.473,0.0661623315374255,0.40683766846257446
186240,-7.849586,0.97852,0.471,0.03539027975751657,0.4356097202424834
186241,-5.818691,1.01056,0.468,-0.0388157222237504,0.5068157222237504
186242,-5.963779,0.78348,0.469,-0.04297739730003925,0.5119773973000392
186243,-9.280681,-2.1795,0.481,-0.09543389875805212,0.5764338987580521
186244,-2.332946,-9.32393,0.478,0.0034818689028978107,0.47451813109710217
188994,21.183192,54.55598,0.49,0.12422471500547395,0.36577528499452605
188996,33.575907,66.85346,0.473,-0.2500081646833516,0.7230081646833515
188998,-15.07779,-12.10655,0.522,0.14949857185844775,0.3725014281415523
188999,-18.618282,-10.60213,0.526,-0.04407994837895123,0.5700799483789513
189000,-18.215695,-13.58646,0.536,0.04564074941106737,0.49035925058893265
189023,-31.127786,30.80004,0.373,-0.01861973799766895,0.39161973799766897
189283,23.682915,52.75851,0.453,-0.14549557782951922,0.5984955778295192
189285,24.517827,51.28117,0.435,-0.147862551061001,0.582862551061001
189287,-4.09224,-4.82526,0.476,0.08505989651585819,0.39094010348414177
190060,4.052276,-1.23811,0.45,0.0016373429852307414,0.4483626570147693
190228,0.649343,-1.33511,0.459,0.07587242424149253,0.3831275757585075
190229,1.138182,-2.9036,0.46,-0.0031639612433295855,0.4631639612433296
190230,1.529769,-1.37612,0.457,-0.012970398700987505,0.4699703987009875
190231,1.976952,-2.76757,0.457,-0.06711854224924112,0.5241185422492411
190232,-2.843519,0.87654,0.463,-0.1389343333997431,0.6019343333997431
190233,3.02511,-1.69624,0.453,0.18719494964576489,0.26580505035423513
190234,5.788139,4.50849,0.438,-0.04417259889416375,0.48217259889416375
190236,7.031501,-4.6473,0.444,0.10982071307983025,0.33417928692016974
190237,6.95896,-3.34985,0.443,-0.03983405341936757,0.4828340534193676
190240,13.02892,-4.82254,0.422,-0.05635566596329096,0.47835566596329093
190614,-3.741922,8.45348,0.451,0.03799195824695058,0.41300804175304945
190615,-5.917271,0.7835,0.469,-0.05149834853960555,0.5204983485396055
190618,-3.242106,-4.85225,0.474,-0.1797999776242179,0.6537999776242178
190619,-0.36231,-7.94838,0.471,0.13661575690833908,0.3343842430916609
190620,-0.437763,-4.9923,0.467,-0.03541609025977959,0.5024160902597796
190628,5.429775,-5.77364,0.45,-0.09280710624294673,0.5428071062429467
190629,6.471781,-7.86144,0.447,-0.03239246750957994,0.47939246750958
190630,-0.820214,-3.87292,0.466,0.07115443866833604,0.394845561331664
190631,6.734249,-7.42829,0.446,0.07818394181051505,0.36781605818948493
190632,5.724479,-6.98109,0.449,0.0012066451105698147,0.4477933548894302
190634,10.998191,-9.14109,0.43,-0.009334021579601061,0.43933402157960105
190732,9.754754,59.33138,0.626,0.1686609493556203,0.45733905064437974
190735,18.855804,18.53122,0.386,-0.03701667701122015,0.42301667701122014
190736,19.580793,15.40056,0.384,-0.0006636220378670722,0.3846636220378671
190737,24.831693,12.07353,0.363,0.0027280640543351107,0.36027193594566487
190738,23.693968,21.08654,0.362,-0.09944827758997174,0.46144827758997176
190775,4.131201,11.67617,0.434,-0.04292363366170102,0.47692363366170104
191122,9.321926,-5.41364,0.436,0.11494440902240201,0.321055590977598
191124,3.656712,6.17693,0.442,-0.046760773196161676,0.4887607731961617
191125,4.179392,10.11684,0.436,-0.03930475806998608,0.47530475806998607
191126,3.43164,7.43124,0.44,-0.030578616467088232,0.4705786164670882
191127,7.047194,1.53665,0.438,0.11165415130533206,0.32634584869466793
191129,13.746293,9.30549,0.41,-0.10767738596960758,0.5176773859696076
191130,14.244767,-4.38043,0.417,0.013993757600236297,0.4030062423997637
192094,-7.461072,-3.56892,0.481,0.07086789984200904,0.41013210015799095
192095,-5.810052,-2.86661,0.476,0.07721219732196881,0.39878780267803116
192097,0.119645,-5.2794,0.466,-0.07803688795520677,0.5440368879552068
192098,-0.591547,-7.51221,0.471,-0.09714223765702211,0.5681422376570221
192100,0.401905,-8.71769,0.469,-5.690857776489627e-05,0.4690569085777649
192101,0.233734,11.6762,0.441,-0.1177107439033326,0.5587107439033326
192102,0.743283,7.43025,0.446,-0.01771249859796479,0.4637124985979648
192103,6.168935,4.36443,0.437,0.046494214949846936,0.39050578505015304
192104,2.984248,10.53994,0.438,-0.03056455730826229,0.4685645573082623
192106,10.894012,3.92321,0.424,0.41163258273030634,0.012367417269693648
192356,-30.523614,-8.02432,0.528,-0.019472517538226028,0.547472517538226
192357,-30.160596,-12.59117,0.558,-0.043893015298572854,0.6018930152985729
192358,-13.382135,-4.82555,0.495,0.007012637269659135,0.4879873627303409
192359,-12.768043,-4.86052,0.494,-0.1026803446227582,0.5966803446227582
192360,-14.141265,-3.34907,0.492,-0.11013778106084063,0.6021377810608406
192361,-7.990719,9.87474,0.452,0.0927473045596383,0.3592526954403617
192362,-9.947665,10.80391,0.45,-0.18745217498288674,0.6374521749828868
192363,-4.77734,13.06546,0.445,0.18290987570199133,0.2620901242980087
192364,-10.031448,5.40967,0.462,-0.04050819413923032,0.5025081941392303
192365,-5.635307,3.89836,0.462,-0.04207303608498833,0.5040730360849883
192366,-6.143698,2.88408,0.464,-0.08253886571850057,0.5465388657185006
192367,-3.966564,2.40097,0.462,-0.05017196030917021,0.5121719603091702
192368,-1.102135,0.49544,0.46,-0.01005633905040389,0.4700563390504039
192369,0.468338,3.19319,0.453,-0.0495459560617182,0.5025459560617183
192370,2.802703,2.79006,0.448,-0.07613085342494258,0.5241308534249426
192371,1.602202,-2.78457,0.459,-0.03581602307061267,0.4948160230706127
192372,3.39594,-1.43617,0.452,0.021626440535633954,0.43037355946436606
192375,5.068466,3.99436,0.441,-0.13590052337635355,0.5769005233763536
192376,7.172119,1.80772,0.438,-0.12447722047143851,0.5624772204714386
192805,9.169687,3.17205,0.43,0.025361087805246606,0.4046389121947534
194584,-26.273652,26.28544,0.396,-0.029269519074846536,0.42526951907484656
194589,4.405706,10.27588,0.435,0.1374600086633703,0.2975399913366297
194591,3.513141,27.85515,0.438,-0.037187791500428585,0.47518779150042856
194599,26.888891,-10.55419,0.357,-0.07542463117380241,0.43242463117380237
194712,31.561259,68.05401,0.518,-0.3201530880367504,0.8381530880367505
194714,23.634065,43.5017,0.399,-0.08206418126813671,0.4810641812681367
194715,22.08931,47.53952,0.431,-0.3202008988139775,0.7512008988139776
194716,23.241902,52.51149,0.455,-0.36057674468450734,0.8155767446845074
194717,21.124257,56.26437,0.506,-0.18559912895537015,0.6915991289553701
194718,20.155839,59.1541,0.545,-0.3291412395734671,0.8741412395734671
194719,28.243515,61.25229,0.482,-0.15746801882008188,0.6394680188200819
194720,32.264332,64.75999,0.468,-0.2916882268499511,0.7596882268499512
194721,19.718288,50.46113,0.469,-0.2464380528052594,0.7154380528052594
194724,0.837215,4.13944,0.45,0.05381977547656748,0.39618022452343254
194725,0.88092,-6.81196,0.465,-0.027666814782904694,0.4926668147829047
194727,0.842837,-6.77295,0.465,0.05052647180269855,0.4144735281973015
194729,1.514941,-2.2414,0.458,-0.0180425685284809,0.4760425685284809
194730,1.228687,-4.57116,0.462,0.0080604089415406,0.45393959105845944
194731,2.399781,-2.33744,0.456,0.01641286877656023,0.4395871312234398
194732,2.478801,-5.88164,0.459,0.05178212561813121,0.4072178743818688
194733,3.232052,-6.61492,0.458,0.05099720509867057,0.40700279490132946
194735,2.597337,-6.39883,0.46,0.026350608109243473,0.4336493918907566
194736,4.615287,-7.29721,0.454,-0.03437237227811665,0.4883723722781167
194740,16.992686,-10.406,0.404,-0.049734030821449254,0.45373403082144925
194741,10.585251,-15.68114,0.427,-0.01144716994704463,0.43844716994704463
194743,16.378696,-17.96764,0.394,-0.1364640865894809,0.530464086589481
194842,25.217091,72.56582,0.676,-0.3872444120244492,1.0632444120244493
194843,17.121817,64.76066,0.645,-0.33437676347708095,0.9793767634770809
194844,19.553292,61.25264,0.575,-0.19597530268456262,0.7709753026845626
194845,17.946267,59.15415,0.564,-0.31242611387862423,0.8764261138786242
194846,14.462842,53.89701,0.535,-0.25542502226414415,0.7904250222641442
194847,27.363459,33.4507,0.345,-0.11568978576406853,0.4606897857640685
194848,-19.500635,10.80361,0.444,-0.13829858283512783,0.5822985828351278
194849,-19.049121,8.45308,0.451,-0.05009287634540967,0.5010928763454097
194850,-8.60785,1.85074,0.47,-0.02409639463420429,0.49409639463420424
194852,-8.342906,6.59399,0.458,-0.08110535666884773,0.5391053566688477
194853,-11.697023,0.78332,0.476,-0.0898817386248951,0.5658817386248951
194854,-6.483962,-2.74359,0.477,0.016449452194175852,0.4605505478058241
194855,-4.802057,-2.32443,0.473,0.003974626647119363,0.46902537335288064
194856,-0.485104,-2.82257,0.464,-0.007638058859316714,0.47163805885931676
194857,-2.956247,3.52228,0.458,0.035990465033390276,0.42200953496660976
194858,0.195043,3.07016,0.453,-0.04163348987295488,0.4946334898729549
194859,3.131215,4.30346,0.445,0.008339896180370242,0.4366601038196298
194861,2.733475,2.45297,0.448,0.04947608677961207,0.39852391322038794
194862,6.127754,3.70925,0.438,0.002166960510952785,0.4358330394890472
194863,-2.849463,-7.29714,0.477,0.04051041012523303,0.43648958987476694
194864,5.59666,-3.88501,0.448,0.1123556664055622,0.3356443335944378
194865,7.79587,1.35156,0.436,-0.047124161826483706,0.4831241618264837
194866,4.561704,-5.1414,0.452,-0.0015570502163201783,0.4535570502163202
194867,5.934235,-6.34889,0.448,0.06117589071264578,0.3868241092873542
194868,9.539375,-4.0902,0.435,0.05964933321878803,0.375350666781212
194869,19.236555,-4.94697,0.396,-0.07268962574037206,0.4686896257403721
195036,5.061022,-3.25979,0.449,0.04229768596217111,0.4067023140378289
195037,8.642568,2.06575,0.433,0.11930725843693449,0.3136927415630655
195149,26.061542,65.91969,0.564,-0.2103048142578118,0.7743048142578117
195150,33.191232,54.20237,0.364,-0.03389543778818553,0.39789543778818554
195202,-6.455434,24.77258,0.442,0.07151094487036908,0.37048905512963093
195203,-2.039207,31.84892,0.454,0.022394342633497346,0.4316056573665027
195204,-0.811348,11.03706,0.444,0.03011148829959691,0.4138885117004031
195206,1.449631,8.25044,0.443,0.07946862312654997,0.36353137687345005
195207,2.113441,2.81208,0.449,-0.0170950491719096,0.4660950491719096
195211,4.733794,3.92335,0.442,-0.10175160369969959,0.5437516036996995
195212,8.507868,-1.56631,0.436,-0.0044141324073248825,0.44041413240732485
195214,5.287284,5.86082,0.438,0.07429045007913611,0.3637095499208639
195215,4.316059,3.97936,0.443,0.014204307350066314,0.42879569264993367
195220,11.344439,-1.19632,0.426,-0.010032429819425447,0.4360324298194254
195334,33.925533,50.86564,0.337,-0.02444389846443697,0.361443898464437
195335,23.235184,38.39372,0.383,-0.2277831604593055,0.6107831604593055
195336,25.435287,35.96221,0.362,-0.6034668142730713,0.9654668142730712
195342,-17.037653,1.85046,0.475,-0.03917027408723343,0.5141702740872334
195344,-16.714396,-10.40086,0.52,-0.03233692323418783,0.5523369232341878
195345,-7.696658,0.61542,0.472,-0.003495589406317611,0.4754955894063176
195346,-8.369594,4.39645,0.463,-0.05283867373545478,0.5158386737354548
195348,-6.017623,-3.93798,0.479,-0.00705975275168613,0.4860597527516861
195349,-4.509372,-7.04807,0.481,0.16096260475176574,0.32003739524823427
195350,-5.060594,-6.42483,0.482,-0.02445928387917002,0.50645928387917
195375,7.166941,9.11658,0.43,-0.02950773466780118,0.45950773466780115
195376,1.091521,3.9794,0.45,-0.024412293391261684,0.4744122933912617
195377,9.289749,10.34382,0.423,0.07893345315238282,0.34406654684761717
195378,5.738759,3.51422,0.439,0.09766999920926517,0.34133000079073483
195379,3.903395,-1.19609,0.45,0.030626762633240132,0.41937323736675985
195380,11.175644,1.05739,0.425,0.08073992492934476,0.34426007507065526
195381,9.669493,2.09675,0.43,-0.08141398027543675,0.5114139802754367
195382,12.527168,-0.98827,0.422,-0.09236705249423542,0.5143670524942354
195383,12.894639,1.34542,0.419,0.05948847911532982,0.35951152088467014
195385,18.958719,-10.44012,0.394,-0.10568538092279343,0.49968538092279347
195545,2.076377,-4.13703,0.459,0.09410473304270671,0.3648952669572933
195546,-5.50122,2.81206,0.464,-0.03579511049400835,0.4997951104940084
195547,-0.174363,5.87888,0.45,0.05779055235687917,0.3922094476431208
195549,0.948689,-1.77625,0.459,0.10292782311493974,0.35607217688506027
195941,-11.536147,-6.17797,0.496,-0.013190302385645038,0.509190302385645
195942,-9.497046,4.39641,0.464,-0.0007254867022965961,0.46472548670229663
195943,-8.729062,4.85656,0.463,0.007331249562608699,0.4556687504373913
195944,-5.039713,4.4085,0.46,0.06014454154172108,0.39985545845827897
195945,-1.427907,3.9674,0.455,0.031812374967254475,0.42318762503274554
196046,26.777846,24.79212,0.345,-0.16565011734142565,0.5106501173414256
196047,28.224111,27.7876,0.336,-0.16590797922898193,0.501907979228982
196053,-8.455049,-2.54256,0.481,0.022272858764908775,0.45872714123509123
196054,-6.266604,-5.83964,0.484,0.040854960284210005,0.44314503971579
196056,-4.13812,-9.05382,0.484,0.04066580903451017,0.4433341909654898
196059,-0.579899,-6.05568,0.469,0.073911870832883,0.395088129167117
196060,2.922183,-7.44723,0.459,0.01829276152286505,0.44070723847713494
196061,-0.408863,-1.77624,0.462,0.007819868502075444,0.4541801314979246
196062,6.065738,-3.2498,0.446,-0.009340012469605858,0.45534001246960587
196063,2.940822,-2.40946,0.454,0.0072888924966927815,0.4467111075033072
196064,7.73988,8.76649,0.429,0.08749486483768762,0.3415051351623124
196065,6.581643,12.8374,0.428,0.023353747143319215,0.40464625285668077
196066,7.918634,13.40049,0.424,0.03159354772200974,0.39240645227799026
196067,8.673765,12.9984,0.423,0.11345930390465143,0.30954069609534857
196068,9.203662,11.47607,0.422,0.06985127187388855,0.3521487281261114
196069,10.083883,11.03695,0.42,0.1181504694742494,0.3018495305257506
196070,11.897904,5.66763,0.419,-0.07766135977586781,0.4966613597758678
196072,11.305856,-10.80484,0.428,-0.08263566493543227,0.5106356649354322
196073,11.545978,-7.24039,0.428,-0.048468763262699506,0.4764687632626995
196074,13.348111,-1.81056,0.42,-0.1447255384498245,0.5647255384498244
196075,14.314523,-2.44682,0.416,-0.022515276126145595,0.4385152761261456
196077,17.112757,-5.54103,0.405,0.010357613641824501,0.3946423863581755
196174,27.285046,69.71479,0.602,-0.4849739041253136,1.0869739041253137
196176,24.167745,50.81507,0.435,-0.24466371589216207,0.6796637158921621
196177,26.927752,21.45447,0.345,-0.2210563541386242,0.5660563541386242
196178,28.494245,31.12621,0.335,-0.16939885328071835,0.5043988532807184
196179,-11.416285,-3.09887,0.487,-0.029043031259684726,0.5160430312596848
196180,-9.775608,-3.732,0.486,0.007504157901441078,0.4784958420985589
196181,-8.057939,-1.74031,0.478,-0.061292376942477855,0.5392923769424778
196183,-6.950278,1.29362,0.469,-0.03476817092730022,0.5037681709273002
196184,-4.293545,-1.40514,0.47,0.01163597721549721,0.4583640227845028
196185,-1.291912,-1.81925,0.464,-0.03292837480208125,0.4969283748020813
196186,-0.124209,-2.64252,0.463,0.05756583247524987,0.40543416752475014
196187,-2.041664,4.04041,0.456,0.003093882580835832,0.4529061174191642
196188,-0.656574,3.5863,0.454,-0.01558144481940702,0.46958144481940706
196189,2.402023,-3.65186,0.457,0.02977671317876706,0.42722328682123295
196190,3.127373,-7.01206,0.458,-0.001005716971434373,0.4590057169714344
196191,4.376796,-7.31519,0.454,0.05532024269965281,0.3986797573003472
196192,5.119345,-4.95235,0.45,0.07068831043547347,0.37931168956452654
196193,5.03555,-7.74437,0.452,-0.10497599707063056,0.5569759970706306
196194,4.815614,-5.54755,0.451,-0.0975675790954644,0.5485675790954644
196195,10.272185,-2.46865,0.431,0.07573544475492129,0.3552645552450787
196196,8.282033,0.45132,0.435,0.25154395786799016,0.18345604213200983
196197,6.686637,0.88448,0.44,-0.09071366726363746,0.5307136672636374
196198,7.325999,-4.65029,0.442,-0.0037013889015814843,0.4457013889015815
196199,9.700337,-7.77751,0.435,0.07092443534183009,0.3640755646581699
196200,5.670863,-4.28012,0.448,-0.09237959918588667,0.5403795991858866
196201,12.946843,4.32625,0.417,0.2087434986636256,0.20825650133637438
196202,11.384614,4.70841,0.422,-0.09439644119246676,0.5163964411924667
196203,9.916619,6.89799,0.424,-0.043332988958574306,0.4673329889585743
196204,17.955925,10.21448,0.394,-0.09531971531537552,0.48931971531537555
196206,21.002557,-5.06713,0.389,0.1454520449934735,0.2435479550065265
196305,35.74525,72.11393,0.506,-0.08633751452804865,0.5923375145280486
196306,23.088441,58.17572,0.507,-0.1980782958044669,0.7050782958044669
196307,27.249592,29.45298,0.342,-0.25212862739340386,0.5941286273934039
196308,23.033017,31.53253,0.37,-0.14534507514147224,0.5153450751414722
196309,27.484461,34.87193,0.346,-0.1349729259568176,0.48097292595681757
196310,-11.580281,5.22056,0.463,0.08128436754992609,0.38171563245007395
196311,-9.432222,8.72048,0.454,-0.03269340757620385,0.4866934075762039
196312,-5.979222,7.56726,0.455,-0.0740746936716097,0.5290746936716098
196313,-4.574302,7.41124,0.454,-0.019805922563635357,0.47380592256363535
196314,-5.163675,27.95112,0.446,-0.07940109461167205,0.5254010946116721
196315,-4.183396,8.66753,0.451,-0.015318030622789542,0.46631803062278954
196316,-3.078932,8.14942,0.451,0.045067740565993095,0.4059322594340069
196317,-1.702245,6.61706,0.451,-0.038493343607254794,0.4894933436072548
196318,-0.048258,7.92437,0.446,-0.015197154362556583,0.4611971543625566
196319,-0.126377,12.21131,0.441,-0.0687307182658206,0.5097307182658206
196320,-0.219096,9.42371,0.445,0.0423264176782607,0.40267358232173933
196321,1.411764,7.33323,0.445,0.07106135695111775,0.37393864304888225
196322,4.96124,4.24643,0.441,0.002723570392790196,0.4382764296072098
196323,5.201356,5.35371,0.439,-0.07509271930252252,0.5140927193025225
196324,11.879229,1.1674,0.423,0.062083563249935775,0.36091643675006424
196325,1.830888,-8.64766,0.464,0.013788995010125758,0.45021100498987426
196326,3.859861,-5.28144,0.454,-0.06406790308678086,0.5180679030867809
196327,5.014247,-7.50027,0.452,0.054883244913818324,0.3971167550861817
196328,8.216232,-10.61562,0.441,-0.08385773387531498,0.524857733875315
196329,9.244914,-11.05384,0.437,0.05685511130910056,0.38014488869089946
196330,9.468905,-10.95981,0.436,-0.09953226044751132,0.5355322604475113
196331,10.831478,-8.96103,0.431,-0.09275631061482675,0.5237563106148267
196332,14.087383,10.3857,0.408,0.03243783563356639,0.3755621643664336
196333,16.351751,9.69444,0.401,-0.05613277722129216,0.4571327772212922
196334,14.99321,-5.02376,0.414,-0.09621502960463801,0.5102150296046379
196335,16.609263,-6.2703,0.407,-0.005467917889374137,0.4124679178893741
196336,15.095487,-7.59568,0.413,0.2900925206205059,0.12290747937949409
196337,21.816363,-8.22144,0.383,-0.09649764096432474,0.47949764096432473
196656,42.03252,47.03035,0.227,0.23937140566062337,-0.012371405660623364
196657,24.590006,35.96225,0.368,-0.2309783163918556,0.5989783163918556
196658,27.126053,36.77626,0.352,-0.16501921857464083,0.5170192185746408
196663,-13.096685,24.61853,0.436,0.05509363606878812,0.38090636393121186
196665,37.614591,60.66349,0.352,-0.14069760334470163,0.4926976033447016
196666,10.116867,19.36763,0.417,-0.18418863249974873,0.6011886324997487
196667,3.557632,27.53108,0.438,-0.057805988642181706,0.4958059886421817
196668,3.148578,28.32422,0.44,-0.018168897513917513,0.45816889751391754
196669,8.289092,19.81172,0.421,-0.01261580254486167,0.43361580254486165
196670,2.892787,9.30767,0.439,0.10341037408381869,0.3355896259161813
196671,4.485151,12.2953,0.433,0.05939139318293945,0.37360860681706054
196672,5.304058,16.50413,0.429,-0.020320547346675797,0.4493205473466758
196673,7.555438,16.09203,0.424,-0.02622464928711667,0.45022464928711664
196674,8.36127,15.17884,0.422,-0.05177380405027852,0.4737738040502785
196675,11.650153,7.29404,0.419,0.178456324076009,0.24054367592399098
196676,9.331011,13.5505,0.421,0.028976043192628663,0.39202395680737134
196677,11.708837,12.87129,0.414,-0.01566155752550443,0.4296615575255044
196678,7.765405,-6.26988,0.442,0.06447386794244188,0.37752613205755814
196679,14.335071,-9.49548,0.416,-0.06393725046080855,0.47993725046080854
196680,2.277518,-1.99232,0.455,0.20620782312113956,0.24879217687886046
196765,27.923226,26.48432,0.337,-0.27607838600355766,0.6130783860035577
196766,33.807931,23.5144,0.3,-0.14444044225426064,0.4444404422542606
196767,20.827082,37.57369,0.396,-0.1283648518554835,0.5243648518554835
196773,44.821211,51.33487,0.2,-0.07903983750345721,0.27903983750345723
196774,30.710252,65.74332,0.501,-0.3177024970087967,0.8187024970087967
196775,9.685163,17.25824,0.418,-0.1770952069448599,0.5950952069448598
196777,6.713924,21.86111,0.426,-0.05030270628385673,0.47630270628385674
196778,4.953518,30.24263,0.44,-0.14476021142325446,0.5847602114232544
196779,1.921885,30.27956,0.445,-0.04707427067889902,0.49207427067889903
196780,3.641115,27.95716,0.438,-0.02403221285170685,0.46203221285170687
196781,4.49135,26.78196,0.435,-0.011373600618589452,0.44637360061858944
196782,5.31728,26.19587,0.432,-0.022796305864623438,0.45479630586462344
196783,5.706155,25.84881,0.431,-0.07079100920177678,0.5017910092017768
196784,6.439603,22.84528,0.427,-0.011541725646721993,0.438541725646722
196785,7.556095,20.54187,0.423,-0.03843152434415181,0.4614315243441518
196786,6.674745,23.79545,0.427,-0.10559164699435128,0.5325916469943512
196787,8.544848,20.63788,0.421,-0.04280901801527824,0.46380901801527824
196788,8.512155,20.23481,0.421,0.04341269217388484,0.37758730782611516
196789,8.453512,19.76472,0.421,0.10464982932400302,0.31635017067599697
196790,7.505532,20.87893,0.424,-0.03169098616142646,0.45569098616142645
196791,9.813833,17.73133,0.417,0.00882506266996493,0.40817493733003507
196792,12.219663,14.57466,0.412,0.12235659256667213,0.28964340743332784
196793,11.420964,16.6871,0.413,-0.05635375432593601,0.469353754325936
196794,11.921911,16.06096,0.412,0.0022436839687956017,0.4097563160312044
196795,12.105498,13.12935,0.413,-0.10183696453653933,0.5148369645365393
196796,15.67595,16.43193,0.399,0.0004922797338547511,0.3985077202661453
196797,18.935442,19.42042,0.385,0.02137101760116971,0.3636289823988303
196799,-34.652764,57.97316,0.551,-0.2011529462111554,0.7521529462111555
196897,36.024163,65.3159,0.418,-0.1096014184108831,0.527601418410883
196898,39.33567,49.68708,0.267,-0.0013674980171084392,0.26836749801710846
196899,22.902977,33.0878,0.373,-0.17763364211107813,0.5506336421110781
196900,27.162998,39.75784,0.359,-0.172015060828337,0.531015060828337
196901,24.76612,39.55991,0.376,-0.19503239149977117,0.5710323914997711
196902,-14.873887,8.39524,0.455,-0.08107960855915321,0.5360796085591533
196903,-6.27548,-3.73092,0.479,-0.0017734220058452748,0.4807734220058453
196906,35.308243,65.03478,0.426,-0.042074170694151265,0.46807417069415125
196907,39.670847,70.86596,0.42,-0.2538918963413939,0.6738918963413939
196908,-1.349463,24.58553,0.44,-0.15613858513959517,0.5961385851395952
196909,-0.887633,3.53828,0.455,-0.060042474893134995,0.515042474893135
196911,6.328091,23.13433,0.427,0.06561314417145991,0.3613868558285401
196912,1.747242,30.74968,0.447,-0.12826055311705672,0.5752605531170567
196913,2.756294,31.29084,0.446,-0.021944149886944184,0.4679441498869442
196914,3.07005,28.90932,0.441,-0.10226506970503484,0.5432650697050349
196915,6.933404,21.59606,0.425,0.11337074768846059,0.3116292523115394
196916,9.232851,18.19142,0.419,0.07367487644339389,0.3453251235566061
196917,10.294177,15.68491,0.417,0.03375705019552226,0.3832429498044777
196918,8.82153,17.93738,0.42,-0.09901299054715007,0.5190129905471501
196919,11.300764,13.86352,0.415,-0.01839050448136922,0.4333905044813692
196920,12.273128,11.41197,0.413,-0.08067395619611141,0.4936739561961114
196921,16.396394,4.63818,0.404,0.026896951284568864,0.37710304871543116
196922,16.039472,3.75296,0.406,-0.07190913291661324,0.4779091329166133
196923,11.23659,19.90772,0.413,-0.024466450245386455,0.43746645024538644
196924,9.470342,18.99556,0.418,-0.0850486905840345,0.5030486905840345
196926,14.826322,7.88004,0.407,0.025440272854188244,0.3815597271458117
196927,22.53385,-2.31834,0.382,-0.08451712256451924,0.46651712256451927
196928,21.869028,-1.51102,0.385,-0.0918200279379684,0.4768200279379684
196929,23.202124,-11.32993,0.373,-0.22587835233946343,0.5988783523394634
197028,25.675112,44.36673,0.386,-0.1315752080239206,0.5175752080239207
197029,30.620415,47.88217,0.358,-0.07507139516114654,0.4330713951611465
197031,42.577601,56.99825,0.254,-0.07413625034786477,0.32813625034786476
197032,42.3103,59.08376,0.27,-0.23967091403110294,0.509670914031103
197033,45.067105,62.40224,0.245,-0.19299963105621304,0.43799963105621303
197035,57.498687,68.85094,0.034,-0.05578945180771253,0.08978945180771253
197038,-19.184637,30.73052,0.429,-0.088329681809296,0.517329681809296
197040,-23.242217,30.53037,0.413,-0.15956768830190216,0.5725676883019022
197044,8.028485,28.24625,0.429,0.0007481552219027644,0.42825184477809725
197045,11.327748,26.03782,0.416,0.020512734429642573,0.3954872655703574
197046,9.525537,27.89118,0.424,-0.034181252729885724,0.4581812527298857
197051,-36.154989,57.97306,0.538,-0.22476008834194766,0.7627600883419476
197052,-33.625178,61.30102,0.614,-0.28302968160101943,0.8970296816010195
197053,-34.256808,55.0715,0.513,-0.19070781143319213,0.7037078114331922
197554,-29.705978,18.36377,0.393,-0.161193991859152,0.5541939918591521
197558,-14.845128,-11.4662,0.519,-0.11588195239515393,0.634881952395154
197559,-11.96539,-2.86677,0.487,-0.28521419898891104,0.7722141989889111
197560,-3.671184,16.32612,0.441,-0.05551559908327409,0.4965155990832741
197561,-6.801745,7.01712,0.456,-0.09289844232164768,0.5488984423216476
197562,-4.53243,6.25396,0.456,-0.13843996936449887,0.5944399693644988
197567,3.719797,2.616,0.446,0.14630492118892735,0.29969507881107266
197568,1.210187,4.8026,0.448,0.012128477573037586,0.4358715224269624
197569,2.443985,5.08067,0.445,-0.07397122910529143,0.5189712291052915
197570,4.199611,2.01084,0.445,-0.00824374597759955,0.45324374597759953
197572,5.644139,-4.32416,0.448,-0.02919738412053448,0.4771973841205345
197573,7.339869,-6.43594,0.443,-0.08916784558256205,0.532167845582562
197574,7.245076,-7.6684,0.444,-0.03908111660943647,0.4830811166094365
197575,7.517187,-8.35268,0.443,-0.012399607153360527,0.45539960715336053
197576,8.926055,0.63835,0.433,-0.04442329684778075,0.47742329684778073
197786,-39.463114,14.40703,0.361,0.0672803012899037,0.2937196987100963
197788,25.850015,36.23521,0.36,-0.11265907807871145,0.47265907807871144
197790,-13.358103,15.18178,0.441,-0.08124536955907931,0.5222453695590793
197792,-10.157617,8.11332,0.456,-0.12839601172569196,0.584396011725692
197794,-6.823417,3.84233,0.463,0.027690568651477492,0.4353094313485225
197796,-5.26831,-4.80025,0.479,0.07024485077516052,0.40875514922483946
197797,-0.740438,-3.10967,0.465,0.00015400791983100344,0.464845992080169
197798,2.55343,-3.55484,0.456,-0.019491048313313053,0.47549104831331307
197799,3.524333,-4.09203,0.454,-0.05070035417252223,0.5047003541725222
197800,3.564511,-7.52726,0.457,0.011609935170524954,0.4453900648294751
197801,2.980572,-3.80092,0.456,0.006047624912393575,0.44995237508760644
197802,6.395542,-7.58934,0.447,0.03229414635918944,0.4147058536408106
197803,6.711811,-8.98289,0.446,-0.07577054732212722,0.5217705473221272
197804,7.779163,-9.54916,0.442,0.12269641665598399,0.319303583344016
197805,8.572026,1.17952,0.434,-0.04723027944146866,0.4812302794414687
197806,3.083497,0.63847,0.45,-0.06570055189376992,0.51570055189377
197807,8.79358,1.20752,0.433,-0.010808298953344305,0.4438082989533443
197808,9.709396,4.1453,0.427,-0.18248482273561845,0.6094848227356184
197809,10.1622,3.72018,0.426,-0.019349220736188524,0.4453492207361885
197810,8.774651,-7.51138,0.438,0.06592557638373278,0.3720744236162672
197811,14.334205,-0.5452,0.415,0.1331297206323535,0.28187027936764647
197812,9.289371,-1.51029,0.434,0.09322355864098217,0.34077644135901786
197813,12.230526,1.61152,0.421,0.010307217963946253,0.41069278203605375
197814,-3.123818,-1.99232,0.469,0.04341323608921094,0.42558676391078903
197815,9.830027,-8.55683,0.434,-0.0349487492292138,0.4689487492292138
197816,9.994244,-9.88139,0.434,0.017562765476375603,0.4164372345236244
197817,4.57578,-3.57586,0.45,0.055504309271653084,0.39449569072834695
197819,20.590104,-13.71678,0.382,-0.1722138560201106,0.5542138560201106
197920,23.046341,42.93455,0.4,-0.25981510292504456,0.6598151029250445
197922,32.848214,46.30073,0.329,-0.10821809891305094,0.43721809891305097
197924,-11.986572,22.40915,0.437,-0.05508764095506186,0.49208764095506186
197926,-6.621521,18.88357,0.441,-0.1412236272156222,0.5822236272156223
197928,-4.737899,14.14469,0.444,-0.09664197165362762,0.5406419716536276
197930,-5.034238,5.45076,0.458,-0.03810946096013101,0.49610946096013103
197932,-1.223034,10.22989,0.445,-0.02554248909789675,0.47054248909789675
197934,3.724705,7.46623,0.44,-0.0036072936108402995,0.4436072936108403
197936,2.264503,5.15868,0.446,-0.003016763252666095,0.4490167632526661
197937,10.851425,11.26396,0.418,0.03651792990463255,0.38148207009536744
197938,8.136137,14.04362,0.423,0.050101729372668824,0.37289827062733116
197939,6.813723,9.33663,0.43,0.016953258034312052,0.4130467419656879
197940,10.068417,6.20582,0.424,-0.13150920187418044,0.5555092018741804
197941,11.748974,8.7924,0.417,0.01995609505113637,0.3970439049488636
197942,13.027593,12.03609,0.41,0.04250689312422738,0.3674931068757726
197943,12.9384,10.96486,0.412,-0.013459016043291803,0.4254590160432918
197944,14.997557,5.32342,0.409,0.017975739090455557,0.3910242609095444
197945,16.721353,-4.58572,0.407,-0.15923847872215893,0.5662384787221589
197946,-4.062512,-3.57585,0.474,0.01193952066811649,0.4620604793318835
197947,8.622767,-13.71605,0.438,0.03018804485772973,0.40781195514227025
197948,5.477125,-17.00156,0.449,-0.011580903237074577,0.46058090323707457
197949,19.720403,-13.7167,0.386,-0.1713140591944688,0.5573140591944687
197950,25.108745,-8.5579,0.367,-0.0750760970159014,0.4420760970159014
198047,39.97309,69.32066,0.396,-0.02136196089261027,0.4173619608926103
198049,25.583425,49.59073,0.414,-0.23103871775298238,0.6450387177529824
198051,-37.777202,24.15927,0.334,-0.24909322033502695,0.583093220335027
198059,-11.426926,29.63845,0.444,0.0863595849873812,0.3576404150126188
198060,-8.196366,21.41901,0.44,0.018879737307777845,0.42112026269222214
198061,-3.721698,26.78188,0.444,0.05547815457502281,0.3885218454249772
198062,-3.650111,20.89493,0.44,-0.08825605217934755,0.5282560521793476
198063,-0.265908,16.98524,0.438,0.05766057424148539,0.3803394257585146
198064,-0.086734,16.44014,0.438,-0.07407767600437044,0.5120776760043705
198065,6.757113,26.19587,0.429,0.03908792880791325,0.38991207119208676
198066,6.363516,22.89229,0.427,-0.05670466330323548,0.48370466330323547
198067,7.232449,10.01277,0.429,0.0071903450396131816,0.4218096549603868
198068,8.485016,6.67898,0.429,0.075719887692612,0.353280112307388
198069,10.476645,9.11649,0.421,-0.03124563245580323,0.45224563245580324
198070,8.942955,5.64871,0.428,0.051361724827413274,0.37663827517258675
198071,11.409783,-3.17193,0.427,0.09077737375304788,0.3362226262469521
198072,4.152193,-11.06572,0.457,0.005025714157466916,0.4519742858425331
198076,12.170955,-9.40435,0.425,0.025775080283413444,0.3992249197165865
198077,11.626413,-11.93736,0.426,-0.03154052443877559,0.4575405244387756
198080,13.909874,-8.20193,0.418,-0.0921411163525257,0.5101411163525257
198081,14.286182,-8.71314,0.416,-0.05379691087343645,0.46979691087343645
198082,7.240415,-14.82852,0.443,-0.15741517905045652,0.6004151790504565
198083,15.324385,-16.94704,0.402,0.02036792219536839,0.38163207780463165
198084,24.652786,-8.55784,0.37,-0.35326034682277774,0.7232603468227777
198180,50.584139,56.35942,0.123,-0.024116808967731596,0.1471168089677316
198189,-24.262369,31.71653,0.411,-0.017907025523731055,0.42890702552373106
198191,-19.403297,30.72953,0.428,-0.10472927692485655,0.5327292769248565
198192,-17.888377,27.47397,0.428,-0.06733764672458639,0.49533764672458636
198193,-17.561841,28.11208,0.429,-0.09267808471506357,0.5216780847150636
198194,-14.863819,23.67034,0.432,-0.030212674887450188,0.46221267488745016
198195,-12.219323,20.43879,0.437,-0.013777711030716181,0.4507777110307162
198196,-10.717755,26.0378,0.44,-0.08144432813289078,0.5214443281328908
198197,-7.287489,17.14524,0.442,-0.0614856107037888,0.5034856107037888
198198,-4.901933,20.83792,0.44,0.08948892184219562,0.35051107815780436
198199,-2.672827,16.65318,0.44,-0.030545637538395586,0.47054563753839557
198200,1.054642,10.764,0.441,0.052828568207264434,0.38817143179273556
198201,8.034895,25.53476,0.425,0.005865894927224572,0.41913410507277543
198202,9.011159,23.18033,0.421,0.05572460094359265,0.3652753990564073
198203,13.423054,4.18417,0.415,0.04743383047667722,0.36756616952332277
198204,9.19498,-3.61601,0.435,0.0654883867933732,0.3695116132066268
198205,13.791885,-7.61267,0.419,0.13896044720360023,0.28003955279639975
198206,14.403639,-9.92864,0.415,-0.1755265320134914,0.5905265320134914
198207,15.100459,-8.55912,0.413,-0.08236854235870794,0.4953685423587079
198208,1.388317,-16.94645,0.468,-0.15577118121215938,0.6237711812121594
198209,10.647927,-11.85932,0.43,-0.09270055659597808,0.522700556595978
198210,16.167903,-15.69753,0.4,-0.0347720967034084,0.43477209670340844
198211,-35.485653,39.00125,0.365,-0.18809173944288873,0.5530917394428887
198212,29.218174,-6.1343,0.349,-0.05456147841067338,0.40356147841067336
198312,24.973012,61.22645,0.519,-0.10423975318488929,0.6232397531848893
198314,40.165961,58.93991,0.301,-0.1404991471146042,0.4414991471146042
198315,47.463938,62.06986,0.201,-0.058186711201626155,0.2591867112016262
198322,-24.354081,30.80039,0.409,-0.0773774405926028,0.4863774405926028
198323,-21.334528,27.69692,0.417,0.043205669762167234,0.37379433023783276
198324,-20.286057,24.54037,0.419,-0.11399538301353523,0.5329953830135352
198325,-17.415898,20.29868,0.428,-0.0006379272821312123,0.4286379272821312
198326,-13.027721,17.45323,0.438,-0.01938636659641973,0.45738636659641974
198510,-47.862436,54.74748,0.363,-0.2680849974057143,0.6310849974057142
198511,-47.951408,60.51775,0.445,-0.22741281805854854,0.6724128180585486
198512,-46.864331,54.29147,0.37,-0.10411381041217149,0.4741138104121715
198514,-38.410619,38.91014,0.34,-0.10381646968877055,0.4438164696887706
198612,-12.287964,30.85467,0.446,-0.04459682322526148,0.4905968232252615
198615,50.841317,64.43389,0.151,-0.20488954748320365,0.35588954748320367
198616,11.478093,28.6223,0.419,-0.1800196945914254,0.5990196945914253
198617,9.496288,27.60212,0.424,-0.07379986761941697,0.49779986761941697
198618,16.997446,24.9225,0.394,-0.04499136855114545,0.43899136855114546
198619,23.374856,19.9903,0.364,-0.04592156881375952,0.4099215688137595
198620,29.313465,16.86728,0.335,-0.013603812725482046,0.3486038127254821
198622,38.664352,10.19965,0.287,0.059600441969601944,0.22739955803039802
198631,-59.179648,34.20181,0.098,-0.1387914412457573,0.2367914412457573
198782,-33.212162,21.05009,0.369,-0.015149465887805883,0.38414946588780585
199125,-37.25084,-13.56971,0.576,0.40930446651080066,0.1666955334891993
199126,-16.017231,0.45111,0.48,0.13309582165804923,0.34690417834195075
199135,-7.341039,-4.28711,0.483,-0.02984443169740087,0.5128444316974009
199137,-8.986104,11.88417,0.448,-0.040992452973974004,0.48899245297397403
199139,-3.086516,7.86935,0.451,0.027654596328259937,0.42334540367174006
199140,-4.938809,5.75883,0.457,-0.05230023775930789,0.5093002377593079
199141,-2.250382,-2.82558,0.468,0.06045366455845844,0.40754633544154156
199142,0.274637,-6.61888,0.467,0.016096578506345275,0.45090342149365475
199143,7.351338,2.54191,0.436,0.09545965399106833,0.3405403460089317
199145,5.863291,-4.32414,0.447,0.008397223344959645,0.4386027766550404
199146,5.425376,-5.76164,0.45,0.020604066584962718,0.4293959334150373
199147,5.83012,-6.29784,0.449,0.04586420702631008,0.40313579297368995
199148,5.93042,-9.55913,0.45,0.044278232141929885,0.4057217678580701
199151,17.490021,-16.44198,0.392,-0.13953107972434592,0.531531079724346
199152,17.625678,-17.55563,0.389,0.0347220768670836,0.3542779231329164
199156,-51.578269,34.2027,0.195,0.09216534993661693,0.10283465006338308
199158,-46.787308,31.60496,0.248,-0.14583632737948365,0.39383632737948365
199159,-37.957873,46.01249,0.385,-0.14824645294050173,0.5332464529405018
199441,7.523299,9.3106,0.429,0.11295563454152997,0.31604436545847003
199449,6.151372,-8.09051,0.448,0.014473725765982645,0.43352627423401735
199450,7.211468,-4.8824,0.443,0.12983982427465762,0.3131601757253424
199581,13.257329,-8.42898,0.421,0.09874614793385104,0.3222538520661489
199587,13.375544,-10.69196,0.419,-0.10483779267050278,0.5238377926705028
200317,3.755835,-7.93943,0.457,-0.15235604495299973,0.6093560449529998
200439,-18.323438,27.49795,0.426,-0.120630755047496,0.546630755047496
200446,-11.068752,27.84912,0.442,-0.06769311871701367,0.5096931187170137
200595,-44.26074,13.65814,0.337,0.111629584316565,0.22537041568343502
200737,-27.857869,-5.96914,0.514,0.10410890090083927,0.40989109909916077
200738,-12.748705,-5.16958,0.495,0.11473775806947412,0.3802622419305259
200741,-10.691223,-3.69801,0.487,0.005319569125960021,0.48168043087403994
200742,-14.044832,4.06117,0.467,-0.024147238538398324,0.49114723853839837
200743,-11.144986,-1.90946,0.483,0.1620915047944178,0.3209084952055822
200744,-1.357944,-7.95338,0.474,0.022539691474300474,0.4514603085256995
200746,3.985711,-8.31858,0.456,0.08017252880132697,0.37582747119867305
200748,5.340144,-6.20182,0.45,-0.13429131811377398,0.584291318113774
200750,8.728207,-8.85695,0.439,0.05642202231581525,0.3825779776841848
200751,8.564331,-3.62599,0.437,-0.085976487078722,0.522976487078722
200752,11.191086,-8.05075,0.429,-0.10923888766375414,0.5382388876637542
200754,13.129985,-12.10457,0.419,0.01922833136661056,0.3997716686333894
200756,12.180885,-8.29189,0.425,0.07742364078694389,0.3475763592130561
200757,14.759597,-8.9833,0.414,0.04203489975690033,0.37196510024309964
200759,13.241089,-11.19117,0.419,-0.04617946863259893,0.4651794686325989
200760,17.409392,-13.15337,0.398,-0.06950957020857672,0.46750957020857675
200767,30.111373,-11.8611,0.338,-0.4317399175759063,0.7697399175759063
200771,-30.81751,30.89112,0.375,-0.10745706468030143,0.4824570646803014
200772,-36.904825,25.94473,0.337,-0.13494895603374105,0.4719489560337411
200773,-20.823456,41.51739,0.466,-0.010681592966903027,0.47668159296690304
200877,-30.490281,22.47346,0.38,-0.14372800616009906,0.5237280061600991
200878,-28.114799,19.01496,0.398,-0.12312577252684788,0.5211257725268479
200879,-27.309714,6.6331,0.446,-0.0894356241475831,0.5354356241475831
200880,-10.847059,9.39561,0.453,0.047280994170712805,0.4057190058292872
200882,-7.754964,8.81253,0.454,-0.008477298399616827,0.4624772983996168
200883,-4.462367,11.18008,0.447,0.022535102578716142,0.42446489742128385
200884,-2.197464,8.17643,0.449,-0.016359907649201273,0.46535990764920127
200885,0.648498,9.72477,0.443,0.02172472656695829,0.4212752734330417
200886,1.947369,13.6496,0.437,-0.013096146078928901,0.4500961460789289
200888,5.649401,10.93999,0.432,0.05993232611105354,0.37206767388894646
200889,7.950903,10.44285,0.427,0.014822729451026346,0.41217727054897363
200890,11.07948,12.78929,0.416,-0.04184083262236621,0.4578408326223662
200891,11.372759,12.73827,0.415,0.08101787713540486,0.3339821228645951
200893,9.814506,14.49567,0.419,0.004624447223536823,0.41437555277646315
200894,12.981325,11.22089,0.411,0.04258300101496083,0.36841699898503916
200895,13.471403,8.36322,0.412,0.009730621770131368,0.40226937822986863
200896,15.511897,4.80622,0.407,-0.03167588512918457,0.43867588512918454
200897,11.937826,-13.15291,0.423,-0.017253141863622843,0.44025314186362285
200898,17.068174,-16.03376,0.395,-0.04170493322692838,0.4367049332269284
200899,17.496863,-14.80415,0.395,-0.09089678384236498,0.485896783842365
200900,13.59971,-13.81337,0.415,-0.08348907063514294,0.4984890706351429
200901,15.175389,-17.42133,0.401,-0.027234994406531116,0.4282349944065311
200903,-30.895317,49.61557,0.476,-0.12524329193037323,0.6012432919303732
200904,-33.038877,50.87173,0.473,-0.17202213671141156,0.6450221367114115
200905,-34.305209,51.5638,0.47,-0.14238907233214662,0.6123890723321466
200906,-35.707575,52.02281,0.463,-0.2358839903858281,0.6988839903858282
200908,-22.199107,46.75733,0.5,-0.16975108388567928,0.6697510838856793
201006,-32.248863,16.80425,0.386,-0.17380960102764098,0.559809601027641
201007,-27.456379,13.91089,0.415,-0.09064411344583173,0.5056441134458317
201008,-13.810058,12.18915,0.446,0.008539736122270854,0.4374602638777291
201010,-7.240778,12.99844,0.446,0.0035335933464662344,0.44246640665353376
201011,-2.774808,14.96586,0.442,0.04359646772080515,0.39840353227919484
201012,-1.520381,12.45936,0.443,0.0022740958606124817,0.4407259041393875
201013,1.345728,12.32133,0.439,0.011362542326203784,0.42763745767379624
201014,3.338935,13.53457,0.434,-0.035015242801068956,0.46901524280106893
201015,3.0136,9.58573,0.439,-0.03332443107241493,0.47232443107241495
201016,9.590935,-4.00918,0.434,0.007907021800819588,0.4260929781991804
201017,6.258022,-11.85011,0.448,-0.05422917057428329,0.5022291705742833
201019,10.079961,-11.16894,0.433,-0.06561831597821567,0.49861831597821565
201021,9.946212,-12.68665,0.433,-0.002419917874636721,0.43541991787463674
201023,14.166547,-11.45935,0.415,-0.006823649398909834,0.4218236493989098
201024,15.392209,-13.58641,0.407,-0.0023707977357243053,0.40937079773572427
201026,13.576376,-16.58779,0.411,-0.18243808085600832,0.5934380808560082
201028,15.159218,-12.78603,0.409,0.12071963422561362,0.28828036577438637
201030,17.890106,-16.81426,0.389,-0.13225979871665497,0.521259798716655
201032,-39.087326,19.10207,0.341,-0.21368770240112947,0.5546877024011295
201120,-30.259322,6.00777,0.442,-0.004769539072886855,0.44676953907288686
201121,-25.567974,-8.55084,0.527,-0.02933671836520764,0.5563367183652077
201122,-10.459625,-1.66433,0.481,0.013847842601141259,0.46715215739885874
201125,-7.063396,5.3217,0.46,0.006977412681146404,0.45302258731885364
201127,-4.816608,5.09967,0.458,-0.05899380313106632,0.5169938031310664
201130,-3.179929,-5.41346,0.475,0.09455150278262456,0.3804484972173754
201131,3.095036,-7.8824,0.459,-0.012301500499247768,0.4713015004992478
201132,4.195935,-8.24256,0.456,-0.16266888038321395,0.618668880383214
201133,-1.608841,-3.66185,0.468,-0.038242513565335506,0.5062425135653356
201134,-1.226485,-3.26372,0.466,-0.2747832979507358,0.7407832979507358
201135,5.021124,-3.66193,0.449,0.00027026744062505834,0.4487297325593749
201136,9.531223,-6.72316,0.435,0.07000582113571385,0.36499417886428615
201137,12.298779,-9.43835,0.424,0.12626262170718966,0.29773737829281033
201138,10.727322,-8.53388,0.431,0.09348381229618546,0.33751618770381453
201139,12.605993,-10.19967,0.423,-0.01366444235181609,0.43666444235181606
201144,10.408954,-5.4127,0.432,-0.021107852190512973,0.45310785219051297
201145,15.018335,-1.48356,0.413,0.0327798615155264,0.38022013848447356
201146,15.658492,-2.88007,0.411,0.08368852442155432,0.32731147557844564
201147,22.607315,-5.86868,0.381,-0.04113873360776506,0.42213873360776505
201148,12.917011,-14.44667,0.418,-0.0668268700240483,0.4848268700240483
201149,-42.291412,19.10162,0.32,0.0324577416929421,0.28754225830705793
201150,-38.272142,23.01009,0.333,-0.05066537081511445,0.3836653708151145
201152,-39.53254,25.94461,0.318,-0.21010389838108648,0.5281038983810865
201153,-30.994512,14.67481,0.399,-0.08882031918384083,0.48782031918384083
201282,-6.626023,9.82675,0.451,-0.023664920728030687,0.4746649207280307
201418,-38.769352,17.45888,0.35,-0.05582422901699173,0.4058242290169917
201419,-33.592987,20.90501,0.367,0.06179894964451687,0.3052010503554831
201420,-32.148013,18.25155,0.382,-0.03555187760250706,0.41755187760250706
201421,-31.992655,15.4569,0.392,-0.0599091242977881,0.4519091242977881
201506,-28.743549,10.6981,0.424,-0.2559503461703298,0.6799503461703298
201507,-24.426965,15.31238,0.42,-0.02365622595043853,0.4436562259504385
201508,-6.877463,8.89856,0.453,0.07854243190335335,0.37445756809664665
201509,-7.696951,9.11659,0.453,-0.014212999481825911,0.46721299948182593
201513,-5.026816,-7.47822,0.484,-0.03944422541838342,0.5234442254183834
201514,-2.632165,-3.29673,0.47,-0.027644149780126682,0.49764414978012667
201515,1.118583,-6.79996,0.465,-0.04895300526809126,0.5139530052680913
201517,5.279253,-7.88244,0.451,-0.09126268751292817,0.5422626875129282
201518,8.726692,-8.2427,0.439,-0.027286785665320664,0.46628678566532067
201520,10.810154,-6.98831,0.431,0.06386920966173143,0.36713079033826856
201521,13.622436,-10.40886,0.418,-0.01105310748572933,0.42905310748572933
201523,10.188626,-13.66612,0.431,0.005422909552081844,0.42557709044791814
201525,11.108762,-11.00293,0.429,-0.05905130433928165,0.4880513043392816
201526,12.812818,-11.63232,0.421,-0.03631927075467219,0.45731927075467216
201527,15.384089,-12.30079,0.409,-0.11964698202998732,0.5286469820299873
201528,15.718999,-12.11373,0.407,-0.08543012651226693,0.4924301265122669
201529,17.330169,-8.5593,0.403,-0.01834006969507672,0.42134006969507676
201530,18.950457,-9.77495,0.395,-0.07603704576983332,0.47103704576983335
201531,13.915843,-11.63938,0.416,-0.06105760051550676,0.4770576005155067
201532,-36.609741,39.11125,0.356,-0.1891804799280834,0.5451804799280834
201533,30.628866,-14.70638,0.329,-0.2294359452048082,0.5584359452048082
201534,-41.13714,14.67366,0.35,0.004440059153573392,0.3455599408464266
201535,-42.535167,15.45583,0.337,-0.02604261389858465,0.36304261389858467
201536,-33.522439,21.18908,0.367,-0.08376530410624923,0.4507653041062492
201538,-21.158722,24.98739,0.416,0.03438341123284883,0.38161658876715115
201691,-30.232764,18.43175,0.39,0.013406517613018518,0.3765934823869815
201692,-17.134763,-2.07373,0.49,0.07367703494453604,0.41632296505546396
201695,-5.531596,-3.35078,0.477,-0.008607003010410974,0.48560700301041093
201697,-1.795903,-9.89915,0.477,-0.0015394303300233932,0.4785394303300234
201699,6.061941,-5.30151,0.447,-0.08473597477930671,0.5317359747793067
201701,6.877863,-10.55558,0.446,-0.0070667851605498095,0.4530667851605498
201703,6.877898,-12.82659,0.446,-0.02663337571067698,0.472633375710677
201705,11.862565,-10.86895,0.426,-0.04309314189560282,0.4690931418956028
201707,13.584805,-13.34719,0.416,-0.06674691912864247,0.4827469191286424
201708,18.788478,2.0663,0.397,-0.0011875890028270836,0.3981875890028271
201709,17.303703,6.14351,0.4,-0.1285101668242447,0.5285101668242447
201710,17.836891,2.56751,0.4,-0.15725235012130817,0.5572523501213082
201711,18.249518,12.66202,0.391,-0.06030970979936936,0.45130970979936935
201712,21.98121,16.64268,0.373,-0.11320264940714378,0.48620264940714375
201714,9.213006,-17.23485,0.431,-0.02677808425044403,0.45777808425044403
201715,19.927625,-17.75091,0.376,-0.14870664835214686,0.5247066483521469
201716,-35.771604,34.52143,0.348,-0.09414018097026691,0.44214018097026686
201717,-33.910854,30.89094,0.356,-0.1468212714096422,0.5028212714096422
201718,-33.450245,27.9724,0.358,-0.14700567352403343,0.5050056735240334
201719,-37.183151,20.32358,0.348,-0.25314297213176373,0.6011429721317637
201721,-19.80259,30.67947,0.426,0.002508856892439726,0.42349114310756025
201823,-30.201037,7.51418,0.435,-0.059362455834544955,0.49436245583454497
201824,-27.167455,13.40481,0.418,-0.07249310741101303,0.49049310741101304
201825,-12.601661,12.64228,0.446,0.04825503024117952,0.3977449697588205
201827,-5.543172,10.29389,0.449,-0.05546540151511474,0.5044654015151148
201829,-2.274275,6.85212,0.451,-0.01891999329612477,0.46991999329612477
201831,1.199491,7.47226,0.445,-0.041639856473047215,0.4866398564730472
201832,4.037457,6.16291,0.441,-0.01097679672045116,0.45197679672045116
201836,8.003518,5.26161,0.431,0.03456491145821358,0.39643508854178644
201837,9.131832,11.01895,0.423,0.03349593300520901,0.38950406699479095
201838,9.134685,10.01272,0.424,0.10280525267228947,0.32119474732771053
201839,11.636417,9.61959,0.417,-0.07065310493915924,0.48765310493915925
201840,13.074081,10.95784,0.411,-0.05264579323610644,0.46364579323610644
201841,14.277892,11.62296,0.407,-0.06554449551794655,0.47254449551794653
201842,14.997594,3.0868,0.411,0.016789206727428934,0.394210793272571
201843,16.444536,3.61489,0.405,0.09091111909566185,0.3140888809043382
201844,15.410505,3.04378,0.409,-0.01519961120328655,0.42419961120328653
201845,18.041484,5.67236,0.397,-0.08559567639687815,0.48259567639687817
201846,12.910812,-2.29272,0.421,0.0029625498330516334,0.4180374501669484
201847,16.496074,-5.47903,0.408,0.0001043882921860901,0.4078956117078139
201848,16.357295,-10.31298,0.406,-0.180256435906276,0.5862564359062761
201849,9.616828,-16.3504,0.431,-0.10447130158584277,0.5354713015858428
201850,-43.571693,20.16881,0.306,-0.07838578452782222,0.38438578452782224
201851,-38.952833,23.12305,0.328,-0.16472676993381483,0.4927267699338148
201852,-35.119081,26.61104,0.348,-0.10247329023293476,0.45047329023293475
201853,-33.491725,23.98666,0.361,-0.14675759351702056,0.5077575935170205
201854,-34.229752,21.23502,0.363,-0.10346745590542833,0.4664674559054283
201856,-17.742122,33.96411,0.442,-0.14120303399427986,0.5832030339942799
201915,-14.165229,17.85828,0.436,-0.020669946826234742,0.45666994682623474
201918,-15.354154,10.00061,0.45,0.04896668243149413,0.4010333175685059
201919,-12.432249,12.68929,0.446,0.11273402818495733,0.3332659718150427
201920,-12.212631,12.21118,0.447,-0.003249424694828891,0.4502494246948289
201921,-3.326285,10.2759,0.448,-0.06787159587850274,0.5158715958785027
201923,0.757472,5.71383,0.448,0.0037320891680185406,0.44426791083198147
201925,6.123543,8.94754,0.433,-0.04880707901922864,0.48180707901922865
201926,10.267829,11.53704,0.419,0.034370416152661135,0.38462958384733886
201927,9.899598,6.79195,0.424,0.03668982700104337,0.38731017299895665
201928,13.562173,13.10929,0.408,0.015214044890453816,0.39278595510954617
201929,15.016294,12.58514,0.403,-0.07881480319071599,0.481814803190716
201930,15.228923,14.11347,0.402,-0.05192562326272935,0.4539256232627294
201931,13.446722,14.29956,0.408,0.03681283048063441,0.3711871695193656
201932,12.478805,12.4772,0.412,0.09267565344391569,0.31932434655608427
201933,12.325894,7.91317,0.416,0.012366844651549087,0.4036331553484509
201934,17.792184,11.9359,0.393,0.0322501008975629,0.3607498991024371
201935,15.721854,13.32327,0.4,-0.037106545726624064,0.4371065457266241
201936,17.672577,15.03854,0.392,-0.016870516349521223,0.40887051634952126
201937,20.698628,17.10687,0.378,-0.05307866784213371,0.4310786678421337
201938,9.640754,-14.86266,0.432,-0.008420607841184431,0.4404206078411844
201940,-38.986443,42.27668,0.351,-0.19927800415462354,0.5502780041546236
201941,-39.104539,38.91006,0.334,-0.1486542907995083,0.4826542907995083
201942,-37.644761,36.30867,0.338,-0.12221094807830604,0.4602109480783061
201943,-33.613038,31.8391,0.359,-0.09953808303273778,0.4585380830327378
201944,-33.834373,29.66568,0.356,-0.06815149095415367,0.42415149095415366
201945,-31.049596,18.19158,0.387,0.032882721506897125,0.35411727849310287
201946,-35.062125,18.35033,0.367,-0.09189821806199801,0.458898218061998
201948,-22.69744,17.18082,0.42,-0.10305993751927019,0.5230599375192702
202090,-31.999943,22.81949,0.371,0.05366998871715938,0.3173300112828406
202091,-32.867633,22.22332,0.368,-0.16456403537330708,0.5325640353733071
202094,-13.050293,25.15163,0.436,-0.02067856317057644,0.4566785631705764
202096,-5.128864,27.77306,0.445,0.06822430176237805,0.37677569823762197
202098,-0.973029,23.81642,0.439,0.03903984746598649,0.3999601525340135
202101,-7.161078,8.84655,0.453,0.07729103779836287,0.37570896220163713
202102,-4.552234,30.9967,0.452,-0.005038103031121261,0.4570381030311213
202103,-7.011357,29.48342,0.448,-0.028322688752675785,0.4763226887526758
202104,-2.100401,30.72945,0.451,0.16828266813565315,0.2827173318643469
202106,10.953415,31.71686,0.427,-0.005646951981072751,0.4326469519810727
202108,10.511681,32.15395,0.429,0.13943574313902388,0.2895642568609761
202109,29.311535,29.17476,0.328,-0.09845530909546239,0.4264553090954624
202110,41.785652,26.61323,0.234,0.003675385633990467,0.23032461436600954
202111,19.419663,30.78551,0.389,-0.07934355582249548,0.4683435558224955
202112,19.023019,31.17659,0.391,-0.08242539358446183,0.47342539358446184
202113,20.148946,30.88749,0.385,-0.08021141505741768,0.4652114150574177
202114,30.840265,28.22151,0.318,0.015038228799320055,0.30296177120067996
202115,25.950782,29.55702,0.351,-0.1344719039776737,0.4854719039776737
202116,-33.248654,56.41589,0.54,-0.2911326207258566,0.8311326207258567
202117,-35.352932,49.82242,0.443,-0.19704898099888796,0.640048980998888
202119,-37.866413,42.91195,0.365,-0.1548860548298374,0.5198860548298374
202120,-36.549859,37.97912,0.352,-0.11400905009566054,0.4660090500956605
202122,-35.819503,31.12389,0.343,-0.07945319110610541,0.42245319110610546
202123,-34.440857,27.05816,0.352,-0.10416372236450207,0.45616372236450203
202124,-21.664193,26.42464,0.415,0.06372027142754397,0.35127972857245604
202231,-18.018916,31.90677,0.435,-0.012249925407459644,0.44724992540745967
202232,-23.457838,25.95453,0.408,-0.09439324509020022,0.5023932450902002
202233,-21.847912,23.08506,0.415,-0.08915392256755071,0.5041539225675506
202240,-2.119486,26.3018,0.442,0.15461733845343728,0.2873826615465627
202241,-0.533279,23.31434,0.438,0.03210556775057832,0.4058944322494217
202242,3.341023,20.88394,0.432,-0.01426607106455288,0.44626607106455285
202243,4.693573,17.3713,0.43,0.0009181747315038405,0.42908182526849614
202264,24.464806,6.54217,0.369,-0.06214826762560645,0.43114826762560643
202265,28.079574,9.38358,0.349,-0.11958295170790725,0.4685829517079072
202414,-9.653506,-13.64193,0.509,0.4411694317089976,0.06783056829100242
202417,2.046217,-10.55546,0.464,0.20111271707918824,0.26288728292081176
202419,15.095087,-13.21924,0.409,-0.08087962673603548,0.48987962673603547
202421,26.182222,-10.13391,0.36,-0.12383653406137753,0.4838365340613775
202423,39.991223,16.7502,0.267,0.045041990751828326,0.2219580092481717
202446,-51.766403,59.42706,0.374,-0.15697040944973417,0.5309704094497342
202449,-41.40902,51.80747,0.405,-0.0866763485466736,0.49167634854667364
202451,-32.843209,46.10485,0.429,-0.03598502791269039,0.46498502791269036
202453,-24.073751,42.06444,0.455,0.07190144871250682,0.3830985512874932
202455,-20.847512,37.03962,0.443,-0.036032550535346444,0.47903255053534644
202456,-18.511788,11.34182,0.443,0.028438964159204647,0.41456103584079534
202654,41.106983,18.68954,0.255,-0.1377832436699857,0.39278324366998574
202657,-49.751962,58.5951,0.39,-0.09768291622729394,0.487682916227294
202659,-53.739103,54.94091,0.283,-0.007577716339585894,0.29057771633958585
202660,-48.834389,49.22226,0.292,0.0065266651483532985,0.28547333485164667
202661,-42.682227,39.48695,0.302,-0.03266111073682093,0.3346611107368209
202662,-39.334737,42.66879,0.35,-0.10016719417614711,0.4501671941761471
202663,-35.354503,46.55276,0.413,-0.017283991933597875,0.43028399193359784
202664,-27.051126,60.02109,0.639,-0.008064689697010295,0.6470646896970103
202665,-20.746586,63.65429,0.734,0.1328317476216448,0.6011682523783553
202666,-23.661729,65.11056,0.75,-0.20354593963128986,0.9535459396312899
202667,-25.103938,13.73798,0.423,0.14595338356765458,0.2770466164323454
202668,-20.703496,17.374,0.425,0.11892140063935194,0.3060785993606481
202768,-21.32343,-7.92931,0.519,0.1883500144388662,0.3306499855611338
202770,-5.632375,-1.25111,0.472,0.16533171121743598,0.306668288782564
202785,0.577241,-10.13225,0.469,0.18961427489781793,0.27938572510218207
202819,-26.210617,14.70219,0.416,0.06419888787711263,0.35180111212288734
202924,-13.273031,-13.00984,0.519,0.07538179040967351,0.4436182095903265
202925,-3.941301,-5.27941,0.477,0.0879534928359391,0.38904650716406086
202928,-3.522202,-5.69356,0.476,-0.006190454081273283,0.48219045408127326
202929,1.483086,-8.32354,0.465,0.0516081752366782,0.4133918247633218
202931,5.957115,-7.47631,0.449,0.07199515233990313,0.3770048476600969
202933,6.971741,-11.67907,0.446,-0.006018563785065961,0.452018563785066
202936,14.20017,-4.24846,0.417,-0.008621816180288492,0.4256218161802885
202938,14.932577,-8.8723,0.413,0.005839318810736954,0.407160681189263
202939,20.23676,5.75825,0.388,0.014016378829534784,0.37398362117046524
202941,20.13797,-5.86848,0.392,-0.034270327210056274,0.4262703272100563
202943,24.062122,-9.80253,0.371,-0.10079143389461151,0.47179143389461153
202945,28.45996,-13.81491,0.342,-0.07468788588069813,0.41668788588069816
202948,-42.7281,17.49237,0.324,0.0927240221831191,0.23127597781688092
202949,-37.375185,20.39163,0.347,-0.0326971167494136,0.3796971167494136
202950,-34.491231,23.33844,0.356,-0.026056394411613087,0.3820563944116131
202951,-30.64041,14.4188,0.402,0.0740306871574368,0.32796931284256325
202952,-26.765399,6.79922,0.446,0.0422760980574646,0.4037239019425354
202953,-25.952124,14.02301,0.419,-0.01528939537178185,0.43428939537178185
203051,-22.774474,8.14886,0.448,0.12178178089565196,0.32621821910434806
203061,-10.346246,8.74647,0.455,0.025459524790014502,0.4295404752099855
203062,-3.741994,12.54237,0.445,-0.0010044775620820716,0.44600447756208206
203063,-2.758465,8.03339,0.45,-0.027829082154089076,0.4778290821540891
203064,-4.255418,10.15086,0.449,-0.036389423021995194,0.4853894230219952
203065,7.419861,8.74647,0.43,0.03542546463096407,0.3945745353690359
203067,7.130806,11.67213,0.428,0.055212912742572375,0.3727870872574276
203073,13.100923,11.47597,0.411,-0.15489029370715326,0.5658902937071533
203074,14.049714,9.26442,0.409,-0.06868424534990679,0.4776842453499068
203075,15.138153,4.14511,0.409,-0.02280659748399383,0.4318065974839938
203076,7.335525,-5.94878,0.443,-0.05495416748971731,0.4979541674897173
203078,15.890501,-3.24324,0.41,-0.057208125838564224,0.4672081258385642
203080,12.569231,-14.46164,0.419,-0.050052562149381294,0.4690525621493813
203084,53.038612,20.33908,0.15,0.18449989570623201,-0.03449989570623202
203085,35.198964,-9.62282,0.315,-0.09835861310249075,0.4133586131024908
203086,-43.554958,8.52585,0.377,0.07794453322173844,0.29905546677826156
203089,-27.582801,5.96789,0.449,-0.03606862987079483,0.48506862987079485
203186,-20.875727,11.30763,0.44,0.1322627568895062,0.3077372431104938
203187,-19.369184,14.73247,0.433,0.010807113483185988,0.422192886516814
203188,-7.11489,-1.25114,0.475,0.01614609793107903,0.45885390206892096
203189,-6.834529,-3.77593,0.48,-0.008786765149088412,0.4887867651490884
203192,-1.861344,4.70459,0.454,0.06824513973966534,0.3857548602603347
203193,-3.274133,6.56905,0.453,0.03873688681211502,0.414263113187885
203194,0.553646,7.6593,0.446,0.11044621185034892,0.3355537881496511
203195,2.99728,6.91211,0.442,0.02963405585617657,0.41236594414382344
203196,5.261103,9.39767,0.434,0.11743917082258427,0.31656082917741574
203197,7.208536,11.88418,0.427,0.028763718113791727,0.39823628188620824
203198,9.173206,11.12997,0.423,0.042687621362288854,0.3803123786377111
203199,5.954119,11.67217,0.43,0.000871668784345066,0.4291283312156549
203200,12.446772,10.15066,0.414,0.07826667227645552,0.3357333277235445
203201,14.407343,14.2365,0.404,0.05258908822022291,0.3514109117797771
203202,14.653188,12.4151,0.405,-0.010365655391533418,0.4153656553915335
203203,11.210601,3.77213,0.423,0.011950795620057266,0.41104920437994275
203205,14.343375,14.12248,0.405,-0.0453492635722347,0.4503492635722347
203208,25.585847,9.69294,0.361,-0.005624782465168669,0.36662478246516866
203209,23.654191,15.10326,0.366,0.01034767358952069,0.3556523264104793
203214,31.025683,-17.68996,0.318,-0.21000651691016922,0.5280065169101692
203219,30.995163,-6.36272,0.34,-0.16467138867354617,0.5046713886735462
203220,-43.050833,74.45097,0.812,-0.3888403412359774,1.2008403412359774
203222,-16.921855,76.77005,1.046,0.1473673747886569,0.8986326252113431
203320,-18.01509,-9.05445,0.518,0.285002435842768,0.232997564157232
203321,-5.872122,-7.16711,0.485,0.2140239872678271,0.27097601273217287
203323,-1.872199,-4.82124,0.471,-0.06958630964559248,0.5405863096455925
203325,0.649759,-5.73757,0.465,0.00574166876144843,0.4592583312385516
203326,4.727097,-6.2028,0.452,-0.014918552692164407,0.4669185526921644
203327,5.8435,-7.86645,0.449,-0.07862541062151444,0.5276254106215145
203328,7.291857,-11.36694,0.444,0.026809840899287108,0.4171901591007129
203329,9.178948,-8.86896,0.437,-0.07901017066390444,0.5160101706639044
203330,10.135812,-10.63275,0.433,-0.06550782771266539,0.4985078277126654
203333,11.974847,-9.42133,0.426,-0.0337841460386999,0.4597841460386999
203335,10.676334,-12.9138,0.429,-0.00688152855665647,0.43588152855665646
203336,14.9479,-13.67844,0.409,0.02119016809059715,0.3878098319094028
203338,16.279385,-10.40904,0.407,0.03142793580845342,0.37557206419154654
203340,10.364636,-17.20791,0.426,-0.12509736708304714,0.5510973670830471
203342,26.094708,-13.84664,0.354,-0.08730413244476228,0.44130413244476224
203344,-41.58091,76.45081,0.886,0.12002210452439073,0.7659778954756092
203346,-46.133693,77.50363,0.863,-0.3748538502180837,1.2378538502180838
203348,-50.36639,70.83804,0.621,-0.14068869137458487,0.7616886913745848
203350,-16.331297,76.77004,1.047,0.32596789127365944,0.7210321087263405
203448,-18.237982,10.78564,0.445,-0.028626276116643753,0.47362627611664376
203449,-5.588857,7.76431,0.454,0.020938638695481612,0.4330613613045184
203450,-3.097649,7.38524,0.452,0.07216353478267946,0.37983646521732056
203451,-1.201874,9.70677,0.446,0.03598974745510432,0.4100102525448957
203452,2.152318,12.01526,0.438,0.06456958672888886,0.37343041327111115
203453,4.603407,10.0008,0.435,0.008832028085766564,0.42616797191423345
203454,8.308947,12.68933,0.424,0.1055342780908415,0.3184657219091585
203456,10.706575,14.24061,0.416,0.05651368595473872,0.35948631404526127
203457,10.814488,13.26639,0.417,-0.019165025778456486,0.43616502577845645
203459,10.98827,16.87412,0.414,0.05515469975067228,0.3588453002493277
203461,15.846607,11.93494,0.401,-0.04066504308847863,0.44166504308847865
203462,16.562887,6.90772,0.402,0.01022999508885397,0.39177000491114605
203599,-34.136527,64.29481,0.665,0.13489625936552982,0.5301037406344702
203600,-34.278309,65.90727,0.696,-0.2793706587738893,0.9753706587738893
203717,12.644229,-11.96748,0.421,-0.052059575203531654,0.47305957520353165
203727,-36.280912,52.61095,0.465,-0.2521224086792529,0.7171224086792529
203845,8.262438,8.53442,0.428,0.13637657830927477,0.2916234216907252
203974,-3.122108,13.57658,0.443,0.09219544605346021,0.3508045539465398
203997,-35.347565,39.37445,0.367,-0.0723735587737783,0.43937355877377826
204000,20.014926,-5.99745,0.393,0.05816512294993846,0.33483487705006154
204119,3.387198,-13.1356,0.46,-0.038953668654717076,0.4989536686547171
204123,9.889884,8.5564,0.423,0.04351945631864256,0.3794805436813574
204251,0.841422,-3.71587,0.462,0.013282023907008255,0.44871797609299174
204260,12.203787,15.01574,0.411,0.0765599241050992,0.33444007589490077
204395,11.700677,-6.76924,0.427,-0.0905684033241575,0.5175684033241574
204396,13.621661,-7.27354,0.419,-0.014877261088794344,0.4338772610887943
204397,7.785678,-12.43344,0.442,0.04142324318986571,0.40057675681013427
204399,13.307204,-14.2566,0.416,-0.06036471963034943,0.47636471963034943
204400,17.821425,-12.58913,0.397,-0.14010892385566842,0.5371089238556684
204401,14.804961,-14.56684,0.409,-0.07622331722039803,0.485223317220398
204404,-41.019456,20.21321,0.324,0.012585853716155084,0.31141414628384495
204406,-39.135465,22.28976,0.329,-0.07799961706867353,0.40699961706867355
204407,-33.296773,16.45512,0.383,-0.041169601179374245,0.42416960117937424
204409,-32.375347,14.59275,0.394,-0.11523760860271065,0.5092376086027106
204411,-33.560046,7.69192,0.424,-0.11459129976283841,0.5385912997628384
204413,-24.331225,12.99291,0.427,-0.018804409794723427,0.4458044097947234
204414,-12.935527,13.07832,0.445,0.005802296206919938,0.4391977037930801
204415,-12.152114,18.36139,0.438,-0.014725346336308707,0.45272534633630873
204513,-14.546828,-12.18965,0.521,0.03530121736195263,0.4856987826380474
204514,-14.724015,20.60777,0.433,0.05004805427124834,0.3829519457287517
204515,-6.898267,-5.93569,0.485,0.09295412128403269,0.3920458787159673
204516,0.274637,-5.42045,0.465,0.041664205519113935,0.4233357944808861
204517,-0.452729,-8.09744,0.471,0.017438744615129204,0.4535612553848708
204520,5.182359,14.69578,0.43,0.07871975004679706,0.35128024995320295
204521,7.216438,11.22004,0.428,-0.018209140832182998,0.446209140832183
204522,11.064282,7.86317,0.42,-0.010921632261050015,0.43092163226105
204527,9.601702,17.71731,0.418,0.04894442459423737,0.3690555754057626
204528,11.486132,17.33821,0.413,0.04836865148077766,0.3646313485192223
204529,14.430963,13.72738,0.405,-0.04428772234654114,0.4492877223465412
204608,-19.810651,23.13413,0.421,-0.0712149974811432,0.49221499748114317
204609,-10.113401,17.38325,0.441,0.116256740484686,0.324743259515314
204610,-6.216092,6.00889,0.458,0.030618404571921654,0.42738159542807835
204612,-2.019288,6.64807,0.451,0.016613807356007787,0.43438619264399225
204614,-3.236388,10.99105,0.446,-0.009536562946998575,0.45553656294699857
204620,0.313569,-5.5475,0.465,-0.07209146946406993,0.5370914694640699
204621,5.046864,-8.12251,0.452,0.12723672754738066,0.3247632724526194
204622,11.042033,-11.48517,0.429,-0.062048630742073924,0.49104863074207394
204711,-1.761289,14.44276,0.441,-0.05254496587201411,0.49354496587201413
204712,7.608601,6.70798,0.431,0.0908581386387301,0.3401418613612699
204713,7.50697,-7.93753,0.443,0.03190032398585389,0.4110996760141461
204714,10.311196,-10.04548,0.432,0.04044706118768299,0.391552938812317
204715,11.730322,-9.71143,0.427,-0.05049302342019341,0.4774930234201934
204716,13.128822,-11.48526,0.42,-0.06365689277436119,0.4836568927743612
204717,11.697261,-11.053,0.426,0.028131967926304725,0.39786803207369525
204719,10.646023,13.72753,0.417,-0.03572425253393596,0.45272425253393594
204720,14.82293,17.67421,0.402,0.061806555527175455,0.34019344447282457
204721,15.155331,17.80422,0.4,-0.0954930059096973,0.4954930059096973
204722,12.527547,15.4598,0.41,0.052709865975740185,0.3572901340242598
204723,20.82394,22.82298,0.376,-0.04526251375723869,0.42126251375723867
204724,17.574606,-12.35299,0.399,-0.06801310370180674,0.46701310370180676
205760,-7.806439,31.74689,0.453,0.05628578279502848,0.3967142172049715
205765,14.552102,31.21472,0.412,0.08973152913553459,0.3222684708644654
205766,22.543735,31.28949,0.373,-0.1272159016143235,0.5002159016143235
205767,20.055314,30.57345,0.385,-0.16224437457465088,0.5472443745746509
205768,18.333208,30.74052,0.394,-0.21764293264063592,0.611642932640636
205769,14.689083,31.38174,0.412,-0.1239910252402513,0.5359910252402513
205770,23.308438,30.79136,0.368,-0.1031795766197587,0.4711795766197587
205772,24.202901,30.7853,0.362,-0.15302194589900756,0.5150219458990075
205773,20.546425,30.88748,0.383,-0.08011503071063598,0.463115030710636
205779,36.774213,27.05184,0.275,-0.17788518559360864,0.4528851855936087
205781,-39.575373,40.30929,0.335,0.019767255727619216,0.3152327442723808
205783,-31.936662,44.65259,0.425,0.047432581735403316,0.37756741826459667
205784,-27.189535,37.93857,0.416,0.020522933376364672,0.3954770666236353
205787,-17.156991,28.6862,0.431,-0.04138735756290989,0.4723873575629099
205788,-17.966151,23.26522,0.426,-0.0974613727157439,0.5234613727157439
205789,-14.586302,17.66924,0.436,0.08102835473480209,0.3549716452651979
205791,-14.906966,16.9391,0.437,-0.09217900773705172,0.5291790077370517
205792,-11.552968,3.52013,0.468,-0.045580884744230644,0.5135808847442307
205892,-43.957889,26.56813,0.281,-0.09112153583717196,0.372121535837172
205893,-42.400142,23.18171,0.303,-0.05816373170846171,0.3611637317084617
205894,-39.61864,20.03527,0.334,0.04796330872278186,0.28603669127721815
205895,-34.513478,26.37702,0.352,-0.004486874637152218,0.3564868746371522
205896,-33.403342,22.73637,0.364,-0.0379248350517219,0.4019248350517219
205897,-31.38137,25.45706,0.371,-0.05210510715372624,0.42310510715372623
205898,-26.058173,19.6622,0.404,-0.0031661873039903806,0.4071661873039904
205899,-23.395707,16.5537,0.42,0.110419465888142,0.309580534111858
205900,-20.874306,13.44415,0.434,-0.09897146160664866,0.5329714616066487
205901,-16.508704,22.40407,0.429,-0.044464109706573,0.473464109706573
205902,-13.475612,19.31356,0.436,0.110987264512806,0.325012735487194
205903,-9.371615,25.14265,0.44,0.07882530662199123,0.3611746933780088
205904,-2.264665,28.22209,0.445,-0.021936072308910256,0.46693607230891027
205905,0.474792,16.17909,0.437,-0.039382221348767635,0.4763822213487676
205906,3.06826,13.05147,0.435,0.06007665006947958,0.3749233499305204
205907,6.711171,9.92476,0.43,0.06599676013667785,0.36400323986332217
205908,10.794358,18.94154,0.415,0.10312504286759597,0.311874957132404
205909,12.091129,12.63925,0.413,0.0115316649279501,0.4014683350720499
205910,17.281222,8.31303,0.398,0.15892508601218083,0.2390749139878192
205911,17.444425,6.1315,0.399,-0.018788070954589942,0.41778807095459
205912,23.132559,10.96441,0.372,-0.05459003540619284,0.42659003540619284
205913,24.021513,8.70075,0.369,-0.19013015661791074,0.5591301566179108
205914,25.429546,-7.2775,0.367,0.03510556921202203,0.331894430787978
205915,30.071066,-10.41052,0.341,-0.03310446637224947,0.3741044663722495
205916,28.184089,-12.82233,0.346,-0.013501189587271324,0.3595011895872713
205918,16.479058,-9.60767,0.406,-0.08840890966652698,0.494408909666527
205920,-22.390995,34.66313,0.427,0.029133373661732957,0.397866626338267
205921,-20.864453,28.30603,0.419,0.12332183873523028,0.2956781612647697
205925,1.62149,31.98203,0.45,0.017294310914042384,0.43270568908595763
205926,1.199247,20.6389,0.435,-0.01222726292074286,0.4472272629207429
205927,0.755611,26.11479,0.44,-0.09515065808353497,0.535150658083535
205984,36.89491,67.0863,0.424,0.04116616227039039,0.3828338377296096
205985,56.932279,53.63277,0.008,-0.06839451712489156,0.07639451712489156
205986,64.299174,47.87824,-0.113,0.09261014591006847,-0.2056101459100685
205993,-44.61305,-3.47067,0.479,0.23611818143516594,0.24288181856483404
205995,-35.220935,5.92828,0.429,0.012776931210729455,0.4162230687892705
205997,-23.425004,13.88514,0.427,0.05604455421526842,0.37095544578473155
205999,-13.564046,19.63664,0.436,0.05842906907571725,0.37757093092428273
206000,-7.453833,23.56238,0.44,0.05814037655199578,0.3818596234480042
206001,-9.073618,2.814,0.468,-0.12054680589909038,0.5885468058990904
206002,-5.767858,-16.65433,0.499,0.07908185735709665,0.41991814264290334
206008,22.511006,-0.32873,0.382,-0.16639545040320225,0.5483954504032023
206010,27.525497,-0.91844,0.359,-0.00502970983182083,0.3640297098318208
206011,28.797497,-1.54073,0.352,-0.04657447091515593,0.3985744709151559
206012,30.576426,-12.82772,0.334,-0.11577059883951843,0.4497705988395184
206014,56.218029,27.95437,0.087,0.185410950397854,-0.098410950397854
206016,26.114729,-5.40879,0.365,-0.14079960427512922,0.5057996042751292
206017,3.61712,56.63276,0.621,0.13280918415007292,0.4881908158499271
206020,1.627491,17.24229,0.435,-0.18970456405629493,0.6247045640562949
206166,6.883834,28.18024,0.432,-0.0030988618166225648,0.43509886181662255
206167,15.911806,25.83071,0.399,0.09201843653183804,0.30698156346816197
206168,19.187572,19.79149,0.384,-0.013235695496593813,0.3972356954965938
206169,24.917026,16.8246,0.358,-0.08593185129616006,0.44393185129616003
206170,28.679539,22.86062,0.334,-0.03678249234266029,0.3707824923426603
206171,34.483363,14.01121,0.308,-0.01550549946989283,0.3235054994698928
206172,31.437255,25.46698,0.315,-0.029602491546840925,0.3446024915468409
206173,45.734459,20.09522,0.215,-0.0976709612372633,0.3126709612372633
206175,56.66091,11.20775,0.154,0.31468504298044564,-0.16068504298044564
206176,-15.446293,-16.42964,0.536,-0.03884953072386799,0.574849530723868
206178,-12.199429,2.22176,0.472,-0.013278705573451524,0.4852787055734515
206179,-7.493832,-16.72543,0.506,-0.5242131255863447,1.0302131255863447
206180,-2.229135,-6.56886,0.474,0.007577605241070298,0.46642239475892966
206181,3.851811,-12.35227,0.458,0.024894970558565935,0.4331050294414341
206182,7.936039,-9.63722,0.442,-0.07609698781509792,0.5180969878150979
206183,13.019593,-4.01631,0.422,0.020384446683660268,0.4016155533163397
206184,16.165731,-9.8778,0.408,0.05376705144846293,0.35423294855153703
206185,19.344655,-4.07773,0.396,-0.016966496029578858,0.41296649602957886
206189,-27.938407,47.80638,0.478,-0.27723597071662687,0.7552359707166268
206190,-26.283858,42.03732,0.443,-0.2573659185678972,0.7003659185678972
206191,-35.811804,31.93004,0.343,-0.0504421157636984,0.3934421157636984
206192,-30.556031,14.54986,0.402,0.04268158830850018,0.35931841169149986
206194,-27.404094,12.60167,0.42,-0.08861492324518401,0.508614923245184
206195,-24.980535,10.79237,0.433,-0.04319399557209192,0.4761939955720919
206197,-26.530952,11.63749,0.426,-0.10225372388798881,0.5282537238879887
206198,-24.978977,12.03768,0.429,-0.03909995172522422,0.46809995172522423
206319,-59.997197,50.46912,0.138,-0.040855538854632126,0.17885553885463212
206322,-46.747104,55.08365,0.381,-0.13336054202704128,0.5143605420270413
206323,-38.968342,57.97291,0.51,0.0005533258295912266,0.5094466741704088
206324,-40.512048,65.16855,0.621,-0.18107722655644748,0.8020772265564475
206325,-38.093401,52.27771,0.444,0.004007882547066153,0.4399921174529339
206326,-48.439519,50.92059,0.313,-0.08842015968773091,0.4014201596877309
206327,-44.642823,45.18684,0.311,0.01206475424464493,0.2989352457553551
206328,-38.615563,57.28476,0.504,-0.12375245587846462,0.6277524558784646
206329,-38.178655,48.2569,0.402,-0.0781658143851875,0.4801658143851875
206330,-34.749592,38.44325,0.368,-0.009111917143719487,0.3771119171437195
206331,-31.073066,35.00283,0.382,0.01774025573921834,0.36425974426078167
206332,-27.816482,42.50034,0.437,0.0012041120429411912,0.4357958879570588
206333,-23.750982,54.68593,0.579,0.037274926040823456,0.5417250739591765
206334,-24.015883,52.02335,0.544,-0.10686507236095176,0.6508650723609518
206335,-21.539818,38.80288,0.448,0.10464955408555751,0.3433504459144425
206343,-12.943007,30.85966,0.445,0.18017028816107766,0.26482971183892234
206831,-46.258883,65.20002,0.553,-0.19287676406761312,0.7458767640676132
206833,-47.098587,55.57376,0.383,-0.05942602505209828,0.44242602505209827
206834,-39.121792,48.73698,0.397,-0.11896936297578524,0.5159693629757852
206835,-33.143693,38.68242,0.381,0.035506776075939744,0.34549322392406023
206836,-40.620601,66.89304,0.655,-0.1360644818687004,0.7910644818687005
206838,-35.24368,61.93216,0.611,-0.02480452522537316,0.6358045252253731
206840,-29.997607,24.22692,0.38,0.0015948111816021147,0.3784051888183979
206841,-25.986033,16.58359,0.412,-0.10562470319618042,0.5176247031961804
206842,-22.639146,11.99576,0.434,-0.10050202500207504,0.534502025002075
206845,-10.122058,20.66186,0.439,0.03469420557994083,0.40430579442005915
206846,-10.19213,14.09661,0.445,0.10807139460918141,0.3369286053908186
206847,-12.930963,19.65963,0.436,-0.15707199753490925,0.5930719975349092
206848,-12.548848,15.89292,0.441,-0.05556251620636183,0.4965625162063618
207661,4.782589,-4.64722,0.451,0.2252240349478809,0.2257759650521191
207662,5.608647,-7.42826,0.45,0.08338679175757475,0.36661320824242527
207663,10.067433,-5.20662,0.433,0.07079751178667609,0.3622024882133239
207665,9.664305,-10.43065,0.435,-0.025639926239768816,0.4606399262397688
207667,19.675815,-13.74289,0.387,0.04185239368670725,0.3451476063132928
207669,26.845971,14.24592,0.351,0.09373361719334655,0.2572663828066534
207670,32.488494,17.1091,0.316,0.11806162740026518,0.19793837259973482
207671,17.97467,-12.82625,0.396,-0.2695704732228622,0.6655704732228622
207672,-39.083233,66.18295,0.656,-0.26023155647811286,0.9162315564781129
207673,-33.318551,70.83785,0.815,-0.2731582219021421,1.088158221902142
207676,-32.916889,71.63315,0.838,-0.2416340509808067,1.0796340509808067
207678,-29.356336,68.74644,0.795,-0.28885549984180964,1.0838554998418097
207680,-23.571991,71.82181,0.899,-0.3123698931664204,1.2113698931664203
207831,-0.748968,-10.89958,0.475,-0.03048906843273325,0.5054890684327332
207834,9.412141,3.24805,0.429,-0.042547868079013305,0.4715478680790133
207835,2.248683,-5.20639,0.459,0.10104534896198548,0.35795465103801455
207836,12.504063,-9.84151,0.423,-0.0720161534808271,0.49501615348082706
207837,11.882652,-11.06601,0.425,-0.07648076873859501,0.501480768738595
207838,9.858541,-10.43058,0.434,-0.0412072352237543,0.4752072352237543
207840,18.333869,-12.99032,0.394,-0.04838416242998972,0.44238416242998974
207841,12.429611,-13.77223,0.421,-0.038609884766513586,0.45960988476651354
207842,12.691451,-16.96287,0.415,0.09884695670014247,0.3161530432998575
207846,28.689193,-11.66674,0.346,0.0631946119308316,0.2828053880691684
207847,19.397588,-12.82631,0.389,-0.15407445219773172,0.5430744521977318
207850,-32.812953,58.77144,0.579,-0.12412378450678607,0.703123784506786
207851,-42.868613,68.5873,0.667,-0.3282202508320167,0.9952202508320167
207852,-33.790257,64.01177,0.662,-0.09543836729936422,0.7574383672993643
207853,-34.763007,63.61659,0.646,-0.14524781482724494,0.7912478148272449
207855,-25.745787,76.12331,1.002,-0.10264048487844467,1.1046404848784446
207856,-27.950901,64.0101,0.705,-0.26082523330705215,0.9658252333070521
207857,-28.21562,71.8215,0.875,-0.4028145394860193,1.2778145394860192
207858,-22.758523,64.66953,0.745,0.05374218065264801,0.691257819347352
207860,-20.613897,67.03933,0.801,0.008400605541504846,0.7925993944584953
207861,-18.033249,70.3395,0.881,-0.09422010735486107,0.9752201073548611
207862,-17.517516,65.84502,0.786,-0.21620318545077136,1.0022031854507714
207863,4.414146,65.6332,0.75,0.3934020526285315,0.3565979473714685
207864,14.580607,65.77608,0.682,0.14856368684815785,0.5334363131518423
208018,16.378112,-8.8723,0.407,0.02307056251304342,0.38392943748695657
208019,16.351434,-14.4549,0.401,0.02741812823419729,0.3735818717658027
208020,15.511768,-13.14315,0.407,-0.1190171283539703,0.5260171283539703
208021,17.571822,-11.33849,0.4,-0.0855129644043706,0.48551296440437064
208025,23.965069,-17.52825,0.356,-0.14932513326693833,0.5053251332669383
208029,-34.402203,37.29107,0.366,-0.16515190569075422,0.5311519056907542
208034,-21.620758,40.3812,0.456,-0.32806258865931076,0.7840625886593108
208035,-34.850623,53.68426,0.49,-0.4116470141177654,0.9016470141177654
208073,-5.244372,56.96584,0.646,-0.20358307849772062,0.8495830784977206
208074,-15.223223,63.25534,0.742,-0.25862574964561386,1.000625749645614
208077,-2.859664,60.40471,0.692,0.15641721341017162,0.5355827865898284
208204,1.201824,-9.71108,0.467,-0.30403150509889676,0.7710315050988967
208205,9.628989,-9.86739,0.435,0.0336383025809858,0.4013616974190142
208206,12.75222,-10.1857,0.422,-0.07732471158945083,0.4993247115894508
208207,12.645912,-10.4218,0.423,0.03371773561279542,0.3892822643872046
208209,5.931438,-13.74193,0.449,0.10680618562868283,0.3421938143713172
208210,13.50015,-16.12454,0.412,0.14356402748405475,0.2684359725159452
208211,14.43138,-16.86498,0.406,-0.08505566886412244,0.49105566886412244
208212,16.769488,-17.43644,0.393,-0.10172551674532258,0.4947255167453226
208213,16.561219,-17.47147,0.394,-0.16444535664145948,0.5584453566414596
208214,13.099674,-11.33818,0.42,0.06922495720637528,0.3507750427936247
208215,13.039448,-10.90402,0.42,-0.12251365412179013,0.5425136541217901
208216,12.798695,-16.5367,0.415,-0.057503688656412984,0.47250368865641296
208217,-38.810691,38.39595,0.334,-0.06858735977226417,0.4025873597722642
208218,-27.62022,41.85923,0.434,-0.2556509896261989,0.6896509896261989
208219,-33.980619,34.29254,0.36,-0.13231661692182628,0.49231661692182627
208220,-37.359453,26.42383,0.333,-0.17411607564208806,0.507116075642088
208222,-15.689228,37.29177,0.461,-0.03874267713137037,0.4997426771313704
208223,-19.613919,45.85326,0.503,-0.3146271359041624,0.8176271359041625
208224,-12.648148,45.2313,0.517,0.030570791417881594,0.4864292085821184
208225,-29.486763,58.19254,0.594,-0.1121150320816426,0.7061150320816426
208226,-31.872898,64.00985,0.677,-0.3236870162535149,1.000687016253515
208227,-29.359797,68.74635,0.795,-0.35104224636551973,1.1460422463655198
208228,-25.569606,58.44875,0.623,-0.009000126993300495,0.6320001269933004
208229,-26.092309,53.74666,0.554,-0.22870336209094966,0.7827033620909497
208230,-22.261364,50.50111,0.536,0.08074477215400794,0.4552552278459921
208231,-26.317367,63.25491,0.7,-0.2738113156131058,0.9738113156131057
208232,-20.52324,50.44414,0.543,0.007057269094746633,0.5359427309052534
208233,-19.996113,52.60661,0.569,-0.1759396702355657,0.7449396702355656
208234,-20.810639,65.84489,0.776,-0.3372681881893464,1.1132681881893465
208235,-14.827126,57.72289,0.652,0.10936741641642274,0.5426325835835772
208238,-10.514944,54.26617,0.612,-0.12758560656256307,0.739585606562563
208360,-6.980703,-8.32362,0.491,0.1670605592528138,0.32393944074718617
208361,-4.775184,-11.36681,0.489,-0.17467312851107084,0.6636731285110709
208362,0.937624,-10.99963,0.469,0.1040430876342698,0.3649569123657302
208364,8.546179,-8.44578,0.44,-0.0013451434679424624,0.44134514346794246
208367,11.140059,10.45478,0.418,-0.004361209771725817,0.4223612097717258
208368,13.152769,11.86503,0.41,-0.0527095771396671,0.4627095771396671
208369,12.87006,15.9059,0.409,-0.11314461598620777,0.5221446159862078
208370,11.971225,14.2966,0.413,-0.04021055781015057,0.45321055781015057
208371,11.879277,13.86151,0.413,-0.08234920803430869,0.49534920803430865
208372,13.62881,16.55401,0.406,0.04797783919111245,0.3580221608088876
208373,14.549327,16.17892,0.403,-0.10510432651886192,0.508104326518862
208374,14.962348,13.94844,0.403,0.13024103660482544,0.2727589633951746
208375,12.854535,18.22835,0.408,0.020183029857120664,0.3878169701428793
208376,17.474263,27.95807,0.395,-0.14306918743210728,0.5380691874321073
208377,19.784422,12.57294,0.385,-0.06004346182259578,0.4450434618225958
208378,21.998202,-13.68302,0.375,-0.22035966853125014,0.5953596685312501
208379,18.395535,-14.76419,0.391,-0.10283336464605349,0.4938333646460535
208380,19.403461,-17.54472,0.38,-0.12579590817644667,0.5057959081764467
208381,-40.197213,22.89077,0.32,-0.11439360022322219,0.4343936002232222
208383,-38.176084,17.66892,0.352,-0.08505735304554653,0.4370573530455465
208384,-35.881502,20.16373,0.356,-0.030071496910060908,0.3860714969100609
208385,-34.082273,16.37603,0.379,-0.02858199756974112,0.4075819975697411
208388,-19.003956,18.66729,0.427,0.05416939984698232,0.37283060015301767
208389,-28.466471,24.45906,0.387,-0.15794527271236844,0.5449452727123685
208390,-25.266949,28.83599,0.402,-0.14459116614112302,0.546591166141123
208391,-22.764633,31.55856,0.417,-0.13161808817854082,0.5486180881785407
208392,-21.140099,34.23109,0.431,-0.09227101629534956,0.5232710162953496
208393,-22.128615,39.465,0.449,-0.25104270943938956,0.7000427094393895
208394,-20.901757,41.92149,0.468,-0.1513459045620239,0.619345904562024
208395,-21.840997,42.62759,0.469,-0.1275743967381735,0.5965743967381735
208396,-17.546204,57.72282,0.645,0.1269563035277635,0.5180436964722366
208397,-19.547683,52.5196,0.57,-0.17585432122318478,0.7458543212231847
208398,-13.910128,44.15707,0.506,0.09168201496437133,0.41431798503562867
208400,-7.832386,44.14818,0.514,-0.14807753915797353,0.6620775391579735
208544,-3.313442,-14.08105,0.487,0.3485700394739896,0.13842996052601036
208545,-3.52584,17.58134,0.44,0.1903736501273752,0.2496263498726248
208546,6.926458,8.93652,0.431,0.05654425471069771,0.37445574528930226
208547,6.917542,9.09357,0.431,-0.055300135700501116,0.4863001357005011
208548,9.48634,14.44267,0.42,-0.023169890778471595,0.4431698907784716
208549,10.414609,13.6535,0.418,-0.006438818402844342,0.4244388184028443
208550,12.062102,15.09075,0.412,-0.055850299031375394,0.46785029903137537
208551,13.120112,14.44659,0.409,0.03462728541871115,0.37437271458128885
208552,12.777529,19.56762,0.408,0.031557547929232745,0.3764424520707672
208553,13.670465,18.13833,0.406,-0.003490810799052377,0.4094908107990524
208554,14.674623,18.72241,0.402,0.0014819375823363974,0.40051806241766363
208555,15.323574,23.18022,0.4,-0.0625433117097629,0.4625433117097629
208556,15.561644,18.38532,0.399,0.06395617239885823,0.3350438276011418
208558,17.648433,21.37182,0.39,-0.04072747130246328,0.4307274713024633
208559,16.381563,20.34267,0.395,-0.04569839073791191,0.44069839073791195
208560,22.851375,24.76827,0.366,-0.03095492541404615,0.39695492541404614
208561,20.079462,-14.56027,0.383,-0.00034566726614967144,0.38334566726614966
208562,22.781048,-17.83318,0.361,-0.015931482201860102,0.37693148220186007
208563,-37.257013,42.51981,0.368,-0.19849975575985926,0.5664997557598592
208564,-37.872665,40.10339,0.35,-0.19300838948213458,0.5430083894821346
208565,-36.318926,30.67873,0.339,-0.07350639211454676,0.41250639211454676
208566,-35.329451,30.00669,0.345,-0.1388759271781758,0.48387592717817574
208567,-31.929108,16.4872,0.389,-0.01802864703177992,0.40702864703177993
208569,-29.257257,13.42774,0.411,-0.06000109385223519,0.47100109385223515
208571,-26.277361,12.76875,0.423,-0.07772660199054515,0.5007266019905452
208573,-25.486428,14.84128,0.418,-0.05449534949330417,0.47249534949330413
208576,-7.79859,21.86108,0.44,-0.018572557629714895,0.4585725576297149
208577,-8.47714,21.24097,0.44,-0.21101178107343352,0.6510117810734335
208578,-20.74536,44.15688,0.485,-0.3425540246634854,0.8275540246634854
208579,-16.872952,34.46726,0.446,0.04066865702357015,0.40533134297642986
208580,-6.276145,30.79669,0.451,0.33143894375710464,0.11956105624289537
208679,-4.14939,18.13244,0.44,-0.05090398926997659,0.4909039892699766
208680,-6.076379,23.1173,0.441,-0.021833057759731357,0.4628330577597314
208681,-5.503336,16.77919,0.442,-0.016287013229542874,0.4582870132295429
208682,5.424284,12.42932,0.431,0.06352885777662733,0.3674711422233727
208684,3.167927,12.73841,0.435,-0.047648586038368836,0.48264858603836885
208685,10.612419,18.44443,0.415,0.10049797460097448,0.3145020253990255
208687,11.526671,18.96151,0.412,0.002562530256546667,0.4094374697434533
208688,12.482031,22.25311,0.41,-0.03604854901650034,0.4460485490165003
208689,14.620749,21.82399,0.402,-0.02243367706753242,0.42443367706753243
208691,12.746879,18.38541,0.409,-0.1845442073871381,0.5935442073871381
208692,12.859053,15.66183,0.409,-0.04635351161298374,0.4553535116129837
208693,19.636823,24.54034,0.382,0.05810067138565344,0.32389932861434656
208694,15.768827,-16.42986,0.401,-0.26894309275109335,0.6699430927510934
208696,-37.275829,46.28961,0.393,-0.0628737526547388,0.45587375265473884
208698,-39.908831,66.18281,0.648,0.19211076903593646,0.45588923096406353
208699,-35.62957,44.6524,0.396,-0.012425862828625404,0.4084258628286254
208700,-36.118623,37.71109,0.354,-0.09210841231014606,0.44610841231014603
208701,-35.478554,32.82322,0.347,-0.1249318521297601,0.4719318521297601
208702,-31.722854,11.52207,0.41,0.08741690895695581,0.32258309104304417
208704,-26.244492,16.36156,0.411,-0.16262754359792495,0.5736275435979249
208706,-30.072701,11.6372,0.415,-0.08912506410968318,0.5041250641096832
208708,-22.108258,12.03781,0.435,0.0038550078535059835,0.431144992146494
208709,-5.226779,22.47419,0.44,-0.048710563438001044,0.48871056343800107
208710,-8.353215,24.48754,0.441,-0.08337480068624482,0.5243748006862449
208711,-19.662992,11.98492,0.44,-0.005887105151345553,0.44588710515134555
208713,-8.670764,33.58324,0.458,-0.28301288831634447,0.7410128883163445
208814,-4.505951,20.7489,0.44,-0.014743124190212304,0.4547431241902123
208818,10.699152,16.95615,0.415,0.06965539231473024,0.34534460768526976
208819,10.402033,16.98516,0.416,-0.022172875168281227,0.4381728751682812
208820,10.011427,21.05994,0.417,0.025533462909184422,0.3914665370908156
208832,-14.082109,18.72442,0.436,-0.03823442927503879,0.4742344292750388
208941,9.35034,19.30563,0.419,-0.057124876368576806,0.4761248763685768
209108,3.255703,-8.40259,0.459,0.12020476223965758,0.3387952377603424
209110,4.821193,-10.55251,0.454,-0.00941478125877565,0.46341478125877567
209309,13.773186,24.35547,0.406,-0.0038285978911999476,0.40982859789119996
209566,-27.835089,17.35868,0.403,-0.03895573487379503,0.441955734873795
209572,-17.274664,9.06434,0.451,-0.062038952270575244,0.5130389522705753
209972,12.603321,13.19433,0.411,0.030260206508478892,0.3807397934915211
209985,-19.69041,14.63943,0.433,-0.03363732638735663,0.4666373263873566
210129,-20.405197,-5.50021,0.507,-0.0804252233950181,0.5874252233950181
210290,-36.341956,48.34709,0.419,-0.21838156844170917,0.6373815684417091
210292,-38.890477,40.76149,0.344,-0.19221561224945177,0.5362156122494517
210307,-10.442408,19.00855,0.439,-0.1127459360244542,0.5517459360244542
210312,-18.626248,27.1649,0.425,-0.11559228207866946,0.5405922820786695
210313,-9.462991,11.94718,0.448,0.045728947931411155,0.4022710520685889
211316,37.816888,11.88643,0.29,-0.10403963077380352,0.3940396307738035
211317,41.134729,15.99593,0.26,-0.020356583401254427,0.2803565834012544
211318,44.719307,22.02594,0.219,-0.0037686943817018554,0.22276869438170185
211320,-74.316246,61.29509,-0.028,0.4473259284834561,-0.4753259284834561
211321,-75.706677,41.85268,-0.191,0.09007392138525565,-0.28107392138525567
211323,-75.755399,58.08322,-0.104,0.2811720731669612,-0.38517207316696117
211324,-5.445622,-12.82548,0.494,-0.02816555996569616,0.5221655599656961
211325,-1.532597,-9.88115,0.477,-0.05231725512182189,0.5293172551218219
211326,3.410349,-6.60792,0.457,0.011583353183395657,0.44541664681660437
211327,5.729881,-6.54795,0.449,-0.018342441339315858,0.46734244133931585
211328,13.895571,-12.80993,0.415,0.035154711161090764,0.3798452888389092
211329,19.272106,-15.67581,0.385,-0.08155206939705464,0.4665520693970546
211332,-34.095999,35.35674,0.362,-0.06061437633996365,0.4226143763399636
211333,-29.749682,49.90668,0.487,-0.12253247558020265,0.6095324755802026
211334,-40.00583,53.68394,0.441,-0.2736868603286913,0.7146868603286913
211336,-32.071599,19.36282,0.379,0.060439509906915274,0.31856049009308474
211338,-34.241445,19.1916,0.368,-0.09248132583322906,0.46048132583322904
211339,-25.632473,22.57784,0.401,0.027410533934573607,0.3735894660654264
211342,-7.982644,16.98021,0.442,0.03113747299787951,0.4108625270021205
211343,-11.633088,23.62937,0.437,-0.04468984100468514,0.48168984100468515
211344,-7.70968,26.87595,0.443,-0.07929936482172201,0.522299364821722
211345,-19.654815,13.71229,0.435,-0.059897066438559694,0.4948970664385597
211347,-15.36078,11.94702,0.445,-0.09815241108883598,0.5431524110888359
211348,-16.373423,12.99526,0.442,-0.07208249446583176,0.5140824944658318
211350,-12.640663,9.18149,0.454,-0.11763390089056619,0.5716339008905662
211846,22.034061,-8.68983,0.382,-0.015190416569276277,0.3971904165692763
215787,12.48528,-13.28103,0.421,0.09345406546218298,0.327545934537817
215788,11.283456,-10.26262,0.428,-0.10329470388250288,0.5312947038825029
215790,9.617238,-10.43057,0.435,0.07266488899378491,0.36233511100621507
215791,9.242045,-12.65161,0.436,-0.03847029224274329,0.4744702922427433
215794,18.750604,-7.12081,0.398,-0.1707287791778337,0.5687287791778337
215795,20.886,-10.31132,0.386,-0.015584590114043046,0.40158459011404307
215796,19.639753,-8.09125,0.393,-0.07776655865450403,0.47076655865450406
215797,25.571998,-10.80605,0.363,-0.09825594263744473,0.46125594263744474
215798,24.936905,-13.68339,0.361,-0.22534953135215852,0.5863495313521585
215799,24.896561,-14.40061,0.359,-0.09303184870657659,0.4520318487065766
215800,34.964746,-9.49788,0.317,0.001985890194743132,0.31501410980525685
215802,44.643406,18.33501,0.228,0.155795634356053,0.072204365643947
215803,50.50725,13.23255,0.197,0.17262901130141808,0.024370988698581925
215805,28.21741,-3.81754,0.355,-0.24426388390498266,0.5992638839049826
215807,38.674293,-1.63726,0.301,0.005145679914359618,0.2958543200856404
215809,-6.445889,76.07407,1.018,-0.24747877223001621,1.2654787722300163
215816,-39.518713,12.80663,0.369,-0.0010918721672743218,0.3700918721672743
215817,-35.769037,17.22705,0.367,-0.0899588337437984,0.4569588337437984
215818,-30.094542,9.69071,0.424,0.045290386103845094,0.3787096138961549
215819,-26.4982,21.7856,0.399,-0.09947635829195181,0.4984763582919518
215820,-23.066231,25.84752,0.41,-0.03454205392181204,0.444542053921812
215821,-20.432164,19.3794,0.422,-0.06398980293867078,0.4859898029386708
215822,-16.923721,28.63619,0.431,0.02749394248353286,0.4035060575164671
215823,-13.212438,31.97487,0.447,0.12452187913622809,0.3224781208637719
215824,-11.501239,22.1141,0.437,0.08523060658876692,0.3517693934112331
215825,-10.390578,17.48527,0.44,0.026792856270284195,0.4132071437297158
215826,-9.366475,20.18778,0.439,-0.0802743961316665,0.5192743961316665
215827,-11.080498,16.70411,0.441,-0.007090242448445828,0.4480902424484458
215931,4.677873,-8.38062,0.454,-0.035302006429921415,0.48930200642992144
216278,-6.277966,-8.38061,0.489,0.08194849910511393,0.40705150089488606
216279,4.045124,-10.86862,0.457,0.3108094463821469,0.1461905536178531
216280,5.387783,-11.06575,0.452,0.03510165811924974,0.41689834188075026
216283,-71.676108,64.91561,0.091,0.15953384283562086,-0.06853384283562086
216290,-41.850533,68.2353,0.671,-0.30619120409294587,0.9771912040929459
216292,-50.924797,67.56311,0.537,-0.04051814688947792,0.577518146889478
216294,-32.203311,71.26105,0.834,-0.04953266239676819,0.8835326623967682
216299,-18.339417,61.98692,0.712,-0.19884100596693124,0.9108410059669312
216301,-9.921634,72.77465,0.943,0.2105836216288698,0.7324163783711302
216303,-28.602371,66.1847,0.744,-0.2577300313020855,1.0017300313020856
216307,-8.681154,76.67731,1.04,-0.1978677613043958,1.2378677613043958
216308,-12.67254,67.03953,0.817,-0.2547182731451448,1.0717182731451447
216309,-5.131108,70.27377,0.878,0.10100166928143205,0.7769983307185679
216310,-27.833764,75.23979,0.967,-0.6828799317687553,1.6498799317687554
216311,-11.015287,64.28272,0.764,0.18722582598797974,0.5767741740120202
216312,-27.315057,70.64615,0.851,-0.3187730790037658,1.1697730790037657
216313,-23.566927,77.5941,1.054,-0.35881379417268094,1.412813794172681
216314,-18.809723,73.58868,0.958,-0.10729137855243076,1.0652913785524307
216561,5.78249,29.16142,0.436,0.07364979815733178,0.3623502018426682
216567,14.873419,19.76461,0.401,-0.20388982085819352,0.6048898208581935
216568,16.303321,15.94278,0.397,-0.04696685034151591,0.44396685034151595
216569,14.523253,22.05604,0.403,0.007322417954884037,0.395677582045116
216570,15.084927,23.0032,0.401,0.006293336967631136,0.3947066630323689
216571,18.580751,27.05286,0.389,0.051664797715496986,0.33733520228450303
216572,27.162802,28.81584,0.343,-0.06650944898682429,0.4095094489868243
216573,-40.795562,64.92034,0.612,-0.25622187300074867,0.8682218730007487
216574,22.511167,-10.94574,0.377,-0.08121043162944061,0.45821043162944064
216577,41.212292,21.55819,0.248,0.009166132042008243,0.23883386795799175
216578,49.06396,15.77352,0.2,0.14255300775206287,0.057446992247937145
216579,-27.312278,55.59697,0.571,-0.14410236668336035,0.7151023666833602
216580,-27.66547,53.01942,0.535,-0.2079668379726098,0.7429668379726099
216581,-26.017742,56.18119,0.587,-0.22297349205060793,0.8099734920506079
216582,-21.973527,64.33743,0.742,0.09174949924258399,0.650250500757416
216583,-22.31878,61.59567,0.69,-0.1448128644264767,0.8348128644264766
216584,-17.233157,53.43984,0.589,0.1691442815439986,0.41985571845600134
216585,-15.614043,57.3968,0.646,-0.01666169535696003,0.6626616953569601
216586,-16.451988,58.38704,0.658,-0.11090458651339874,0.7689045865133988
216587,-15.489832,61.60089,0.712,0.003860446404487867,0.7081395535955121
216588,-2.086167,70.35581,0.87,0.26724124935633714,0.6027587506436629
216590,-13.482535,62.08305,0.724,-0.21613065631854975,0.9401306563185498
216591,-16.411931,62.04298,0.718,-0.23460626094955797,0.9526062609495579
216592,11.991154,58.4491,0.601,0.24924920899504888,0.3517507910049511
216970,3.41433,-8.31957,0.458,0.10733684932627334,0.35066315067372666
216971,6.837469,-15.24772,0.445,-0.22174986198180327,0.6667498619818033
216972,7.7197,-12.01721,0.443,-0.11204196706177007,0.5550419670617701
216973,11.909845,-11.76735,0.425,-0.00034059931886015125,0.42534059931886015
216974,14.012284,-15.68835,0.411,-0.13858355276929124,0.5495835527692912
216975,15.242596,-16.2867,0.404,-0.03289590884836603,0.43689590884836604
216976,14.91596,-14.90296,0.408,-0.10840222620777823,0.5164022262077782
217015,-12.545525,51.57756,0.577,-0.07749730713528857,0.6544973071352885
217626,26.370198,11.05016,0.356,0.006266931860291875,0.3497330681397081
217771,36.623238,-14.09793,0.299,-0.48843842683840993,0.7874384268384099
217778,-31.534486,13.5726,0.402,-0.11661196716674402,0.5186119671667441
217780,-27.555147,20.12226,0.397,-0.12081863521053895,0.517818635210539
217992,-9.157403,15.23587,0.443,-0.018544059071771663,0.46154405907177165
218097,10.7661,11.97316,0.418,-0.019784414375909984,0.43778441437591
218102,16.010975,15.70674,0.398,-0.13156715075783182,0.5295671507578319
218127,-16.789233,15.68378,0.436,-0.10075626038654013,0.5367562603865401
218132,-12.841662,11.8411,0.448,-0.017391004947933175,0.4653910049479332
218466,9.221354,-13.66599,0.435,0.07533008585616398,0.35966991414383603
218468,17.433462,29.7784,0.397,0.22166767415543873,0.1753323258445613
218469,15.860525,29.2163,0.403,-0.04702392197669074,0.4500239219766908
218471,16.781911,29.28029,0.399,-0.13745726572720082,0.5364572657272009
218472,16.790001,30.31249,0.401,-0.16625777057916272,0.5672577705791627
218473,30.407216,25.45698,0.322,-0.09109066483122404,0.41309066483122403
218475,26.167602,26.34939,0.348,-0.12740686316153527,0.47540686316153524
218476,-38.1345,46.64062,0.388,-0.13563279955974758,0.5236327995597476
218477,-36.096409,47.854,0.417,-0.15221746034233347,0.5692174603423334
218479,-37.48562,49.48324,0.42,-0.12356502486615488,0.5435650248661549
218480,-37.207453,44.19221,0.379,-0.10667697108616325,0.48567697108616326
218482,-34.781225,39.00842,0.37,-0.027840988108359277,0.3978409881083593
218483,-33.387779,35.70487,0.368,-0.06676698945034931,0.4347669894503493
218913,11.453106,13.6535,0.415,-0.08183220109098267,0.49683220109098264
218914,15.051207,17.5732,0.401,-0.0610827397222849,0.4620827397222849
218915,10.434025,16.65309,0.416,-0.08787356689622074,0.5038735668962208
218917,16.674613,16.17082,0.395,-0.028553637363182418,0.4235536373631824
218919,18.723975,16.50681,0.387,-0.054601184912941546,0.44160118491294154
218921,15.672982,-12.57896,0.407,-0.11606062701965077,0.5230606270196507
218922,15.980852,-12.64902,0.406,-0.09366961716382659,0.49966961716382663
218924,-35.460049,42.1109,0.38,-0.17302619539234892,0.553026195392349
218925,-37.821074,40.67353,0.353,-0.17891650410013862,0.5319165041001386
218926,-37.038849,38.42117,0.349,-0.15765918186215144,0.5066591818621514
218927,-32.969118,28.15548,0.361,-0.04220959593772868,0.40320959593772865
218929,-34.049148,35.70474,0.364,-0.3004965788717627,0.6644965788717627
218930,-29.535164,21.22534,0.387,-0.015277756110124887,0.4022777561101249
218931,-29.695453,16.68241,0.398,-0.10685064379077187,0.5048506437907719
218933,-18.903609,14.35546,0.435,-0.03727251939747837,0.4722725193974784
218936,-9.745497,19.05456,0.44,0.0250006334721048,0.4149993665278952
218937,-21.98567,14.13828,0.429,-0.09600533363617063,0.5250053336361706
218938,-21.208308,15.89266,0.427,-0.0962995846818459,0.5232995846818459
218940,-15.989436,-8.31094,0.512,-0.0039944523723876735,0.5159944523723877
218942,-12.730827,-7.80255,0.503,0.00676176957194277,0.49623823042805726
218944,-12.328201,10.88289,0.45,0.0036957253251362525,0.4463042746748638
218945,-9.352785,10.53989,0.451,-0.032218745913852084,0.4832187459138521
218946,-9.612442,10.10178,0.452,-0.041129709318307055,0.4931297093183071
218947,-7.254645,12.41532,0.447,-0.036426900484849235,0.48342690048484926
218948,-7.244453,7.3652,0.456,0.07564745572797817,0.38035254427202186
218951,-7.983335,16.72415,0.442,-0.254067437604353,0.696067437604353
219049,11.811083,20.23479,0.412,0.04920186771280164,0.3627981322871983
219050,10.943015,16.94815,0.415,0.021601866424652515,0.3933981335753475
219051,15.137733,17.14506,0.401,0.013452182654798221,0.38754781734520183
219052,15.827579,20.4557,0.398,-0.0458699989206808,0.4438699989206808
219053,15.98038,20.28967,0.397,0.014045051897834454,0.38295494810216557
219054,12.819976,17.45319,0.409,-0.06129609665052291,0.47029609665052285
219056,9.526053,-15.65906,0.432,-0.17815254136805725,0.6101525413680573
219058,-41.434388,45.24509,0.346,-0.18496350738372122,0.5309635073837212
219059,-38.369277,47.65582,0.395,-0.2111877305578847,0.6061877305578847
219060,-38.828597,44.19312,0.364,-0.17962014999170964,0.5436201499917096
219062,-38.758938,36.68674,0.329,-0.06686554566237393,0.395865545662374
219064,-17.287469,22.23501,0.427,0.03979941443831375,0.38720058556168624
219065,-18.429714,23.58623,0.424,-0.09496656348046391,0.5189665634804639
219066,-18.781066,20.32461,0.425,-0.09539866261091114,0.5203986626109112
219067,-16.097667,23.68031,0.43,0.02771883052534436,0.40228116947465564
219068,-13.644304,23.59435,0.434,-0.07218710135213496,0.506187101352135
219069,-13.322895,23.35631,0.435,0.024709627053589846,0.41029037294641013
219070,-14.210299,22.97121,0.433,0.008675970202588663,0.42432402979741135
219071,-23.538946,17.83699,0.416,-0.09057712643943905,0.506577126439439
219072,-20.524607,20.80968,0.42,0.03377619957282657,0.3862238004271734
219073,-9.980903,26.22084,0.441,0.012054300141945801,0.4289456998580542
219074,-10.208482,22.21013,0.438,-0.06544757999865529,0.5034475799986553
219075,-17.760206,18.90435,0.429,-0.09739303178543197,0.526393031785432
219076,-4.38945,17.27729,0.441,-0.010401886996168138,0.4514018869961681
219077,-6.936302,22.68923,0.44,-0.10327190953537245,0.5432719095353724
219078,-7.993538,22.04611,0.44,-0.04034614295044996,0.48034614295045
219079,-12.242975,16.32303,0.44,-0.03481473023605682,0.4748147302360568
219080,-10.970777,14.31865,0.444,-0.008229473010335598,0.4522294730103356
219081,-9.45056,14.9338,0.444,-0.01766932746581683,0.46166932746581685
219082,-9.146427,13.08042,0.446,0.013516006441449792,0.4324839935585502
219083,-7.917352,15.66596,0.443,-0.004192853750103719,0.4471928537501037
219084,-6.459743,11.93523,0.448,-0.04445948369037762,0.4924594836903776
219085,-7.475835,7.9133,0.455,-0.12384278019546349,0.5788427801954635
219086,-7.693365,19.90774,0.44,0.09345231021557095,0.34654768978442907
219184,6.151524,29.37146,0.436,0.014366655438921199,0.4216333445610788
219185,7.795012,26.27889,0.427,-0.029819364536299783,0.4568193645362998
219186,8.288185,22.01813,0.422,-0.06778177025280772,0.4897817702528077
219187,9.625677,23.46137,0.419,0.05193444545821556,0.3670655545417844
219189,9.401739,21.9211,0.419,-0.01683348029445615,0.4358334802944561
219192,23.609799,27.50973,0.363,0.009300739393972687,0.3536992606060273
219194,-34.966169,52.13291,0.47,-0.21258933601718474,0.6825893360171847
219195,-34.50977,48.73724,0.439,-0.15932662367778075,0.5983266236777808
219196,-34.470979,50.05652,0.452,-0.12082541935123256,0.5728254193512325
219197,-33.568209,51.80791,0.478,-0.12477033557307424,0.6027703355730742
219198,-35.171296,47.99204,0.426,-0.1901024857831294,0.6161024857831294
219199,-31.202791,34.73877,0.38,0.012308083325602764,0.36769191667439727
219200,-35.347304,28.25732,0.345,-0.05224692707900203,0.397246927079002
219201,-29.428465,22.27054,0.385,-0.010527760749168343,0.39552776074916834
219202,-36.222224,16.68178,0.367,-0.16848761535604842,0.5354876153560484
219203,-30.224617,18.62275,0.39,0.024836225436917266,0.36516377456308274
219204,-28.407135,20.94935,0.392,-0.10104676592517316,0.49304676592517316
219205,-27.119668,22.23265,0.396,-0.054430741816918385,0.4504307418169184
219206,-25.749,21.64162,0.402,-0.14888274397067544,0.5508827439706755
219207,-25.017235,20.95851,0.406,-0.06165566053279722,0.4676556605327972
219209,-22.361818,20.80962,0.415,0.05720254296768131,0.3577974570323187
219210,-20.82767,17.38801,0.425,-0.10307186897038874,0.5280718689703887
219211,-17.393459,14.87062,0.436,-0.047671651256914686,0.4836716512569147
219212,-15.502983,14.16953,0.441,-0.014095943253018595,0.4550959432530186
219213,-10.942528,18.64348,0.439,0.00015956504647225968,0.43884043495352776
219214,-12.602527,17.52425,0.439,-0.20944032910841914,0.6484403291084191
219215,-14.006757,22.86021,0.434,-0.09677818930559694,0.530778189305597
219216,-10.061358,17.68631,0.44,0.06732659989155682,0.3726734001084432
219217,-10.215388,18.58148,0.44,-0.20228742232304997,0.6422874223230499
219218,-4.103997,-5.86162,0.478,-0.03634400631251711,0.5143440063125171
219219,-2.681794,-7.61025,0.477,-0.05444362558084281,0.5314436255808428
219220,-8.813618,7.91328,0.456,-0.06467499180884662,0.5206749918088467
219222,-8.627527,19.26261,0.44,-0.07154998886086744,0.5115499888608674
219357,9.083728,-17.52702,0.432,-0.025103389551961303,0.4571033895519613
219358,-33.942704,59.01045,0.573,-0.255007494324271,0.828007494324271
219359,-33.716641,56.31586,0.534,-0.17240561281956715,0.7064056128195672
219360,-35.421625,53.93224,0.488,-0.2007334036311544,0.6887334036311544
219361,-36.700756,54.83835,0.488,-0.3362035164567535,0.8242035164567535
219362,-37.947458,56.67867,0.501,-0.2520763165292179,0.7530763165292179
219363,-38.018599,54.00608,0.465,-0.1677534811427809,0.632753481142781
219364,-37.683499,51.28353,0.436,-0.1327337211992111,0.5687337211992111
219365,-35.455123,44.58334,0.396,-0.16504927825162424,0.5610492782516243
219366,-32.917721,35.20175,0.37,0.008408115078699466,0.3615918849213005
219367,-34.473249,31.98007,0.353,-0.058017751559845544,0.41101775155984555
219368,-31.72056,25.36498,0.369,-0.06165597922073938,0.4306559792207394
219369,-32.757347,23.01546,0.367,-0.11564562281952333,0.48264562281952333
219370,-28.182151,29.92103,0.389,-0.02815881124714223,0.41715881124714227
219371,-29.564954,26.13325,0.381,-0.12429815266902673,0.5052981526690268
219372,-29.949396,25.69815,0.379,-0.14308756066425107,0.5220875606642511
219373,-25.185774,28.87197,0.403,0.00430556828062017,0.39869443171937985
219374,-25.635979,29.74411,0.401,-0.1505969156596242,0.5515969156596242
219375,-25.28793,27.76977,0.401,-0.08420055254430911,0.48520055254430916
219376,-24.846711,24.73523,0.403,-0.16131199998999446,0.5643119999899945
219377,-21.657406,-6.8428,0.514,0.08634442372251173,0.4276555762774883
219378,-20.991785,-8.80953,0.522,0.030839784159181333,0.4911602158408187
219379,-17.874184,23.3792,0.426,-0.08497300650461162,0.5109730065046116
219380,-18.099986,19.87555,0.427,-0.1551054535873415,0.5821054535873416
219381,-17.428385,17.47311,0.432,-0.05855186977632757,0.4905518697763276
219382,-12.737314,-7.04029,0.501,-0.06498216758260414,0.5659821675826041
219383,-12.950271,21.74601,0.435,-0.253186792669625,0.688186792669625
219384,-12.593533,24.03343,0.436,-0.17760997348122637,0.6136099734812264
219385,-13.041534,22.89222,0.435,-0.12328328395471773,0.5582832839547177
219386,-11.133664,25.69074,0.439,-0.11345622552996804,0.5524562255299681
219387,-12.121762,29.02633,0.442,-0.1664977056803467,0.6084977056803467
219388,-5.7762,-6.89803,0.485,0.04672949347315474,0.43827050652684524
219389,-11.707359,-6.90419,0.498,-0.005300616788042635,0.5033006167880426
219390,-9.092749,-8.81383,0.497,-0.03572656416880973,0.5327265641688097
219391,-2.594796,9.99683,0.447,0.08922793236691069,0.35777206763308933
219392,-13.360422,11.49197,0.448,-0.08814355005462393,0.5361435500546239
219393,-5.973201,22.44319,0.44,0.1653971460997003,0.2746028539002997
219490,-25.354501,-3.47393,0.5,0.05833895747191672,0.4416610425280833
219491,-59.565804,68.83901,0.421,0.022851585633175103,0.3981484143668249
219492,-53.68173,65.5652,0.452,0.0096809061563314,0.44231909384366863
219493,-46.330622,62.22731,0.495,-0.15083783894987615,0.6458378389498761
219494,-44.4697,52.98741,0.384,-0.09700048728491592,0.48100048728491596
219495,-39.10539,49.44911,0.404,-0.09633427253079983,0.5003342725307999
219496,-39.29113,44.56715,0.362,-0.0721524984382184,0.4341524984382184
219497,-34.096359,47.8821,0.434,-0.04667844417413557,0.4806784441741356
219498,-35.045535,46.01267,0.411,-0.1044762413679773,0.5154762413679773
219499,-36.735855,41.05963,0.364,-0.13203328909161757,0.4960332890916176
219500,-35.641893,35.00257,0.35,-0.05006542621499232,0.4000654262149923
219501,-35.320988,38.80229,0.365,-0.21460456478511905,0.579604564785119
219502,-32.371855,26.23812,0.365,0.05891943490599897,0.306080565094001
219708,-2.8326,12.39234,0.444,-0.11618072379570926,0.5601807237957093
219813,-56.255288,71.80637,0.55,-0.02818703086011801,0.578187030860118
219819,-43.957384,52.42539,0.383,-0.13281833068011398,0.515818330680114
219845,-8.880687,15.74996,0.443,-0.11885157166271393,0.5618515716627139
220190,-4.956746,36.52994,0.471,-0.07674611170078925,0.5477461117007892
222261,21.366405,11.89172,0.379,0.16353211924951697,0.21546788075048304
222296,-2.959034,41.5098,0.496,-0.07557729851924405,0.571577298519244
222467,24.042851,18.99509,0.362,-0.2427013631632685,0.6047013631632685
222631,-31.556729,37.71929,0.388,-0.202202155614131,0.590202155614131
222668,-10.282345,39.66137,0.483,-0.04150770156656012,0.5245077015665601
223407,-22.784783,34.03602,0.423,0.1706527058769326,0.2523472941230674
223421,-1.909899,6.85312,0.451,-0.11927542196890428,0.5702754219689044
225015,-24.341129,32.61768,0.413,-0.15865082297792957,0.5716508229779296
225023,-14.938177,15.48179,0.439,-0.040649270322451164,0.4796492703224512
225146,-37.533445,46.55262,0.393,-0.14258953918889702,0.5355895391888971
225187,-7.35507,52.61183,0.593,-0.12493193863040948,0.7179319386304095
225304,-25.858704,42.23537,0.447,-0.09952781902902606,0.546527819029026
225305,-25.781531,40.08997,0.434,-0.154827480910307,0.588827480910307
225439,-33.379582,32.35924,0.361,-0.14340141195577932,0.5044014119557794
225441,-31.723188,24.79191,0.37,-0.07083749155555626,0.44083749155555624
225442,-29.337554,26.74742,0.382,-0.04669519572497495,0.42869519572497494
225611,-14.813504,18.90445,0.434,-0.04059602606020792,0.4745960260602079
225613,-13.425248,24.14144,0.435,-0.20248038594565881,0.6374803859456588
225631,-3.655726,25.65671,0.442,-0.14776212336777628,0.5897621233677763
225744,-28.225773,30.86025,0.39,-0.009229324082544748,0.39922932408254475
225885,-30.792939,25.07105,0.375,-0.2160902378427629,0.5910902378427629
225886,-28.121552,32.98463,0.394,-0.065788957160909,0.459788957160909
225889,-14.184648,21.98004,0.433,-0.03293502645955622,0.4659350264595562
225909,-4.049822,16.06107,0.442,-0.12636375720078713,0.5683637572007871
226030,-20.359569,37.28765,0.445,0.10416580038087654,0.3408341996191235
226047,-4.060602,17.60135,0.441,-0.01119890840755658,0.4521989084075566
226053,1.353419,22.79926,0.436,0.053686666484736134,0.38231333351526386
226161,44.18733,23.86741,0.219,-0.12172333082483794,0.34072333082483797
226182,-37.228403,55.47344,0.492,-0.3081027118524003,0.8001027118524002
226203,-1.62413,44.65434,0.516,-0.03283744924105653,0.5488374492410566
226211,-4.8917,57.13388,0.648,0.013131470538707982,0.634868529461292
226769,-14.982071,70.48566,0.889,-0.30640754967227296,1.195407549672273
228087,-15.532022,12.54217,0.444,-0.04117467455844887,0.48517467455844887
228097,-2.025433,28.87418,0.447,-0.1292430523801158,0.5762430523801159
228103,-8.728153,57.13384,0.65,-0.5297854542370882,1.1797854542370882
228104,-5.389601,43.05703,0.507,-0.10637746487521635,0.6133774648752164
228226,-9.573042,30.97672,0.45,0.0019099359380934358,0.4480900640619066
228361,-36.541876,30.3787,0.337,-0.03433489941861127,0.3713348994186113
228375,-13.177094,18.23138,0.437,0.05849638799919952,0.37850361200080046
228645,24.313842,-1.56528,0.374,-0.12865486128787704,0.5026548612878771
228669,-6.947014,15.3349,0.443,0.015368077098759236,0.42763192290124075
229021,-10.881954,37.10286,0.469,-0.14661878551723312,0.615618785517233
229536,-15.213191,20.28972,0.433,-0.013311975041484653,0.4463119750414847
230062,-6.427921,51.61965,0.582,0.07309951415470627,0.5089004858452937
230192,2.58064,18.46951,0.433,-0.03881245457225432,0.4718124545722543
230768,-27.5448,31.94742,0.395,-0.04301711593088044,0.43801711593088044
230957,-18.875617,43.36279,0.486,-0.04448660758414378,0.5304866075841438
230969,-5.604472,11.51314,0.448,0.054633037872009585,0.39336696212799044
230975,-2.024694,10.63697,0.446,-0.12928815377615283,0.5752881537761528
230976,4.648087,-7.10513,0.453,0.11980910626141124,0.3331908937385888
230979,8.792629,15.74794,0.421,-0.004428794568291899,0.42542879456829186
230980,1.127901,20.44286,0.435,0.0856784573966794,0.3493215426033206
230981,6.67856,37.89914,0.46,0.28655207942356903,0.173447920576431
231085,-43.203206,73.47863,0.784,0.04244160267909901,0.741558397320901
231087,-43.045804,25.08707,0.292,-0.016392357989862293,0.30839235798986225
231088,-24.781874,-2.14732,0.493,0.08869769856547445,0.40430230143452556
231089,-14.400787,-7.28645,0.505,0.06030582564335757,0.44469417435664244
231090,-29.17303,24.49297,0.384,-0.19649031984941068,0.5804903198494107
231091,-23.619279,27.85485,0.408,-0.1961159486721292,0.6041159486721291
231092,-23.234875,30.29131,0.413,-0.14562165908144192,0.5586216590814419
231102,-2.806018,20.61888,0.439,-0.017068468911359685,0.45606846891135966
231103,-6.680331,18.5105,0.441,0.004279248029291038,0.436720751970709
231104,-5.206538,15.27991,0.443,-0.04450213851308241,0.48750213851308244
231105,-7.1125,15.2959,0.443,-0.023930377240309702,0.4669303772403097
231106,-3.400622,17.07926,0.44,0.05328395386736548,0.38671604613263455
231107,-2.924167,16.33812,0.441,-0.10243579044712742,0.5434357904471274
231108,-1.577372,19.98078,0.438,-0.0445429794437213,0.4825429794437213
231109,0.423199,22.51021,0.437,0.036015100489730924,0.40098489951026905
231110,2.213298,24.78859,0.436,0.01065374076772804,0.425346259232272
231111,1.416957,20.90894,0.435,-0.08451689293437624,0.5195168929343762
231224,-32.916331,72.47524,0.859,-0.35336304476343733,1.2123630447634373
231225,-25.330006,75.8012,0.995,-0.27502197766897246,1.2700219776689725
231233,-15.188489,16.44698,0.437,-0.1122348962471877,0.5492348962471877
231234,-14.129065,17.87826,0.436,0.36171650911136,0.07428349088864
231235,-8.61948,20.91592,0.439,0.06282922133615973,0.3761707786638403
231236,-6.60139,24.13447,0.441,-0.048509938059520044,0.48950993805952003
231237,-9.537392,26.44388,0.441,0.0018885755580187152,0.4391114244419813
231396,-26.706689,43.93161,0.453,-0.16598304903537894,0.6189830490353789
231397,-24.948027,30.87434,0.406,0.06773913570722793,0.3382608642927721
231398,-23.197651,23.5601,0.41,0.02693255480950104,0.38306744519049896
231399,-19.249121,32.05375,0.431,0.05055404467699032,0.3804459553230097
231400,-17.964188,29.18826,0.429,-0.06782728012190667,0.4968272801219067
231401,-12.54466,42.30776,0.496,-0.10283571580680849,0.5988357158068085
231402,-13.156078,26.19881,0.437,-0.11468318127002115,0.5516831812700211
231403,-12.128517,23.13827,0.436,-0.06514532308528684,0.5011453230852868
231404,-13.373215,22.77019,0.435,-0.15193388218414325,0.5869338821841432
231405,-9.502245,25.86477,0.441,0.05578317392545228,0.3852168260745477
231406,-9.764473,19.64267,0.439,-0.21126094003511392,0.6502609400351139
231407,-9.396902,22.67021,0.439,-0.02895440159126569,0.46795440159126567
231408,-9.384356,20.29279,0.439,-0.1581152231091649,0.5971152231091649
231409,-8.355724,15.77696,0.443,0.004271588201881027,0.438728411798119
231410,-3.208916,19.5167,0.439,-0.012809655800421111,0.4518096558004211
231412,-0.461872,25.73473,0.44,0.005134287883195363,0.43486571211680464
231413,-0.090356,24.05646,0.438,0.003933561617613447,0.43406643838238657
231414,2.427565,20.0708,0.434,-0.029359433144912003,0.463359433144912
231415,2.352994,26.38287,0.438,0.014670721920979703,0.4233292780790203
231416,3.018382,24.46555,0.435,-0.03431025577255106,0.46931025577255103
231417,3.684926,21.85811,0.432,-0.08018258663068682,0.5121825866306868
231419,20.089293,60.7105,0.563,0.037624364385661906,0.5253756356143381
231524,-31.151158,66.46865,0.732,-0.42053942155794716,1.1525394215579472
231526,-11.535267,64.81688,0.774,0.2212130723840419,0.5527869276159582
231527,-12.390897,70.97191,0.902,-0.2467535835551376,1.1487535835551377
231528,-19.740838,67.81155,0.82,-0.3516313893356478,1.1716313893356478
231529,-13.495948,70.89885,0.9,0.13851942410593687,0.7614805758940631
231530,-27.05738,65.84465,0.746,-0.3885598800234692,1.134559880023469
231531,-20.875866,69.16499,0.846,-0.07966919571324264,0.9256691957132426
231532,-23.976511,67.62134,0.8,-0.22535191007625557,1.0253519100762556
231533,-19.539199,70.95866,0.892,-0.034237515486538916,0.926237515486539
231534,-15.193119,74.3041,0.982,0.08297839073643674,0.8990216092635632
231535,-15.788947,62.42008,0.726,-0.17432934822832796,0.9003293482283279
231536,-31.514477,70.21671,0.814,-0.4376536184688813,1.2516536184688811
231537,-32.088935,73.17467,0.883,-0.4399999964756189,1.322999996475619
231538,-30.732646,76.34395,0.98,-0.6651349095865867,1.6451349095865866
231539,-27.120759,65.94765,0.748,-0.1958607514507399,0.9438607514507399
231540,-26.700128,62.75078,0.688,-0.28840194294657295,0.9764019429465729
231541,-22.052461,70.23127,0.867,0.05659409311470084,0.8104059068852991
231542,-19.934794,25.21848,0.42,0.24714378086254546,0.17285621913745453
231543,-20.326629,25.01644,0.419,0.005202565591884166,0.41379743440811584
231544,-17.680412,18.33727,0.43,0.0265535491343944,0.4034464508656056
231545,-16.202409,13.53334,0.441,-0.0951468122779736,0.5361468122779736
231549,-8.135702,18.78253,0.44,-0.1402201757482838,0.5802201757482838
231550,-3.407233,14.76881,0.442,0.030887661333326162,0.41111233866667385
231551,-5.126138,21.09996,0.44,-0.04922722092847,0.48922722092847
231552,-4.697806,23.38735,0.441,0.08672354926449044,0.35427645073550956
231554,-2.769398,67.38577,0.812,-0.04220071683816503,0.8542007168381651
231555,0.17291,70.72595,0.869,0.21466859524342316,0.6543314047565768
231556,-7.291396,21.85808,0.44,-0.15156947224062872,0.5915694722406287
231557,-0.357389,28.47516,0.444,-0.2642792656466816,0.7082792656466816
231559,-1.186431,19.74874,0.438,-0.07687480393694573,0.5148748039369457
231560,-9.641519,13.0594,0.446,-0.017247193955607212,0.4632471939556072
232688,-14.8062,28.15612,0.436,0.015604862566303175,0.42039513743369683
232689,-27.578678,18.67594,0.4,0.07268755041247393,0.3273124495875261
232690,-25.785406,20.5864,0.403,-0.06827539111458672,0.4712753911145867
232691,-21.075453,24.02024,0.417,0.08441857378471918,0.3325814262152808
232692,-23.7302,17.61792,0.416,-0.2058746497612832,0.6218746497612831
232693,-20.207519,22.10791,0.42,-0.016436808584972696,0.4364368085849727
232694,-18.73813,18.68732,0.427,-0.21090387305842184,0.6379038730584219
232696,-17.317333,16.70899,0.433,-0.10515820114869204,0.5381582011486921
232697,-7.130248,21.49502,0.44,-0.010204088703532588,0.45020408870353257
232698,-10.866829,23.2193,0.438,0.1621508299897147,0.2758491700102853
232699,-8.935696,20.05776,0.44,-0.11753674631478053,0.5575367463147806
232700,-10.778597,16.32304,0.441,0.023977538159585737,0.41702246184041425
232701,-10.364991,18.15339,0.44,0.006277978144182451,0.43372202185581754
232704,-4.01306,22.86026,0.44,0.22689797728752858,0.21310202271247142
232705,-6.545278,27.57806,0.445,0.038074505383959956,0.40692549461604005
232706,-6.074043,29.61744,0.449,0.09161114262449122,0.3573888573755088
232707,-6.311017,29.37239,0.448,0.009117668975353436,0.4388823310246466
232708,5.922808,39.44641,0.47,0.24552835251742589,0.2244716474825741
232709,-15.697038,59.4843,0.677,-0.31034417413717924,0.9873441741371793
232710,-2.730528,68.9443,0.843,0.0903979047983382,0.7526020952016618
232711,-7.998393,67.16666,0.818,-0.2963849723797083,1.1143849723797081
232712,-10.478538,62.20913,0.728,-0.2255591362070427,0.9535591362070427
232713,-13.220885,57.49686,0.652,-0.12346092803082488,0.7754609280308249
232714,-8.175047,64.47082,0.767,0.28989059913086895,0.47710940086913106
232715,-3.167592,68.91329,0.844,0.07457694441252113,0.7694230555874788
232716,-10.988645,64.70385,0.772,-0.23022601172353743,1.0022260117235375
232717,-7.376506,52.47181,0.592,0.19497751195890525,0.39702248804109475
232718,-5.078134,74.7095,0.98,-0.029489673818330765,1.0094896738183308
232719,10.662759,76.43809,0.922,0.23065386946902208,0.6913461305309779
232720,1.530538,64.67492,0.747,-0.11683951946388499,0.863839519463885
232722,-7.217719,13.05943,0.446,-0.14553436172503623,0.5915343617250363
232723,-4.848673,16.39812,0.442,0.035308730698809784,0.4066912693011902
233183,-17.888164,28.25812,0.428,0.0962978786661139,0.3317021213338861
233184,-18.570995,28.24008,0.426,-0.11432088891696493,0.540320888916965
233185,-12.624494,31.93086,0.448,0.19503248866481768,0.25296751133518236
233186,-27.778931,25.96737,0.39,-0.09279243129763019,0.4827924312976302
233188,-10.486557,31.9989,0.451,0.11264662418082451,0.3383533758191755
233189,-11.587653,28.83631,0.443,-0.0806307298179494,0.5236307298179494
233190,-10.445708,31.55882,0.45,-0.05073769502092931,0.5007376950209294
233191,-11.119833,32.60101,0.452,-0.09256348016645108,0.5445634801664511
233192,-11.544072,34.63139,0.458,-0.10579710328053661,0.5637971032805367
233193,-6.847456,37.79009,0.476,0.06747094409789617,0.4085290559021038
233194,-10.148991,42.84391,0.503,-0.14914318163678092,0.6521431816367809
233195,-17.604672,35.57444,0.448,-0.1254895167915465,0.5734895167915465
233196,-8.853025,33.97032,0.459,0.09670143621042324,0.3622985637895768
233197,-9.104596,36.38577,0.468,-0.2942853758368801,0.7622853758368802
233206,-5.001766,44.12722,0.515,-0.01491749287521552,0.5299174928752155
233208,1.03823,47.48986,0.534,0.0040721216060188945,0.5299278783939811
233918,-15.653409,25.27762,0.431,-0.1716067494604236,0.6026067494604236
233919,-26.265652,25.96741,0.397,-0.10050899812727251,0.49750899812727256
233920,-24.548439,22.75089,0.405,-0.10712029319887936,0.5121202931988794
233921,-21.752231,25.37047,0.414,-0.044969819465509625,0.45896981946550963
233922,-21.108029,24.67336,0.416,-0.0703325775110451,0.4863325775110451
233923,-26.241775,16.70854,0.41,-0.14129956045506464,0.5512995604550646
233924,-19.320909,20.61766,0.424,-0.1102735891650945,0.5342735891650945
233925,-22.326659,35.57426,0.431,-0.2781662650274256,0.7091662650274255
233926,-14.677382,23.07323,0.433,-0.042556348868803925,0.47555634886880394
233927,-13.365057,20.5828,0.435,-0.1349790635730748,0.5699790635730748
233928,-12.230522,11.43301,0.449,-0.15085790295553245,0.5998579029555324
233929,-11.038338,15.07579,0.443,-0.08608024683040179,0.5290802468304018
233930,-11.140596,14.86575,0.443,-0.14526185400183403,0.5882618540018341
233931,-11.488935,16.44705,0.441,-0.04420682412174326,0.48520682412174326
233932,-9.710087,13.5365,0.446,0.0011639784706443134,0.4448360215293557
233933,-10.501394,11.61008,0.449,-0.03666535226023073,0.4856653522602307
233934,-8.050007,14.34769,0.445,0.03483102316443727,0.41016897683556275
233935,-7.078581,16.9272,0.442,-0.02464507187648233,0.46664507187648235
233936,-9.335715,14.60973,0.444,0.022823113887664965,0.42117688611233506
233937,-3.325174,17.70537,0.44,-0.004882919576023796,0.44488291957602377
233938,-6.825442,10.57492,0.45,-0.05636388591504281,0.5063638859150428
233939,1.295218,11.03706,0.44,0.052109379552960966,0.38789062044703904
233940,-2.423524,14.58278,0.442,-0.06217091127842323,0.5041709112784233
233941,-2.670975,15.77701,0.441,-0.11483782597771768,0.5558378259777177
233942,-1.333115,18.33749,0.438,-0.06370565747180001,0.5017056574718
233943,-0.253454,20.82392,0.437,-0.0640572249771147,0.5010572249771147
233944,0.024217,19.91677,0.437,-0.07986320061121865,0.5168632006112186
233945,-0.93832,15.92305,0.439,-0.14003839496429057,0.5790383949642905
233946,2.070044,19.64372,0.434,-0.01649282219114768,0.45049282219114767
233949,0.335746,19.10963,0.436,-0.11492057319059487,0.5509205731905948
233955,-4.194296,19.73773,0.44,-0.08702762017653305,0.527027620176533
233956,-5.233103,21.34,0.44,-0.11990558152458626,0.5599055815245862
233957,-3.122609,24.67255,0.441,-0.03404063881134171,0.47504063881134173
234071,-13.749142,28.08915,0.438,-0.10754030943126766,0.5455403094312676
234072,-24.037835,29.17911,0.408,-0.21745002796266294,0.6254500279626629
234073,-23.146755,27.90589,0.41,-0.21560932528301566,0.6256093252830156
234074,-22.922497,23.87316,0.41,-0.14147203773697195,0.551472037736972
234075,-20.910926,26.28666,0.417,-0.2047119897479114,0.6217119897479114
234076,-19.514639,28.57911,0.424,-0.08318443802816729,0.5071844380281673
234080,-15.28292,19.81062,0.433,-0.2121523944501874,0.6451523944501873
234081,-14.181995,22.43512,0.433,0.1438972712813695,0.2891027287186305
234082,-14.22656,25.47867,0.434,-0.12075079555566198,0.554750795555662
234083,-9.970288,20.9159,0.439,0.049722896961715876,0.3892771030382841
234084,-9.363648,18.37245,0.44,-0.10228227560364524,0.5422822756036453
234085,-7.566913,19.99276,0.44,-0.03048096926375265,0.47048096926375266
234086,-5.99561,19.5977,0.44,-0.15845265863777597,0.598452658637776
234087,-5.313154,22.22715,0.44,-0.0981899854916085,0.5381899854916085
234088,-6.100937,16.8752,0.442,-0.18448466672352404,0.626484666723524
234092,-3.599212,22.06313,0.44,-0.026575838252405365,0.46657583825240534
234094,-8.755515,19.64368,0.44,-0.09070282582375302,0.530702825823753
234096,0.478618,22.35818,0.437,-0.04257235463824002,0.47957235463824
234097,2.28211,24.79059,0.436,0.13231098034418504,0.30368901965581496
234098,2.187921,21.90211,0.434,-0.07125875935832965,0.5052587593583296
234099,3.251778,24.05048,0.434,0.002997291787513158,0.4310027082124868
234100,4.296479,22.75026,0.431,-0.08323108305130228,0.5142310830513023
234101,-1.347596,19.74874,0.438,0.04114668892994362,0.3968533110700564
234105,1.925222,14.78083,0.436,-0.036718993932033935,0.4727189939320339
234290,-17.55326,26.05171,0.427,-0.21672373070141282,0.6437237307014128
234291,-25.613212,31.6605,0.405,-0.2714853132071399,0.67648531320714
234293,-20.59044,28.29006,0.42,-0.19936328557453856,0.6193632855745386
234295,-20.429931,23.32916,0.419,-0.08346747511269857,0.5024674751126985
234298,-12.666476,25.4987,0.437,-0.10619091212319783,0.5431909121231978
234739,-13.352692,24.54952,0.435,-0.03305581351537766,0.46805581351537767
234740,-15.715567,21.07985,0.431,-0.14088132898159922,0.5718813289815992
234741,-11.094498,30.22456,0.446,-0.11837881700858562,0.5643788170085856
234742,-24.087711,33.55589,0.416,-0.12012001810806493,0.5361200181080649
234743,-22.298512,30.57942,0.417,-0.08953033665900453,0.5065303366590045
234745,-16.808178,20.83279,0.429,-0.029178859749720645,0.4581788597497206
234747,-17.663049,25.49862,0.427,-0.10960054892512536,0.5366005489251253
234748,-19.534983,31.25658,0.428,-0.05542979156569131,0.4834297915656913
234749,-10.289991,16.20203,0.442,0.06949986218218017,0.3725001378178198
234750,-10.608553,16.6341,0.441,0.028692502913379624,0.4123074970866204
234751,-9.514021,13.52751,0.446,-0.03853105203826991,0.4845310520382699
234752,-10.971571,15.79693,0.442,-0.0838584530105396,0.5258584530105396
234753,-2.969627,21.329,0.439,0.2090151070374308,0.22998489296256922
234754,-6.987561,23.06129,0.44,-0.10399117912797225,0.5439911791279722
234755,-7.35757,17.31428,0.441,0.01203685226361333,0.42896314773638666
234756,-6.142642,20.63288,0.44,-0.015501784220836338,0.4555017842208363
234757,-4.593466,16.48314,0.442,-0.015984313700060468,0.4579843137000605
234758,-2.937215,17.25229,0.44,-0.037948039812686685,0.4779480398126867
234759,-4.166021,18.63753,0.44,-0.10273232601138668,0.5427323260113867
234760,1.169502,21.8351,0.436,0.10168167925233317,0.3343183207476668
234761,2.085546,17.99843,0.434,-0.03235699027731366,0.46635699027731364
234762,4.009181,25.58175,0.434,0.05119140584670513,0.3828085941532949
234763,4.560084,28.46927,0.437,-0.10879330475196337,0.5457933047519634
234764,5.03516,27.47909,0.435,-0.044409423685341384,0.4794094236853414
234765,6.386479,20.73791,0.426,0.01614131913520801,0.409858680864792
234766,4.22816,21.33502,0.431,0.04180183830026889,0.3891981616997311
234767,5.754454,19.72473,0.427,0.061262340979091674,0.3657376590209083
234768,3.087588,12.7024,0.436,-0.060790217005835666,0.49679021700583564
234874,-12.16862,31.07071,0.446,-0.2544793301934612,0.7004793301934612
234875,-13.267244,33.20009,0.45,0.03401402574703861,0.4159859742529614
234876,-21.648633,25.29649,0.415,0.007332685480241208,0.4076673145197588
234877,-20.003346,-8.35221,0.519,-0.0037427646465827014,0.5227427646465828
234878,-19.776324,18.62426,0.425,-0.08961415308527138,0.5146141530852714
234879,-21.548495,14.35333,0.43,-0.06882122328705247,0.4988212232870525
234880,-17.152732,27.47997,0.429,0.1475019256895404,0.2814980743104596
234881,-12.834213,30.73063,0.444,0.09967241065887751,0.3443275893411225
234882,-14.604523,28.39818,0.437,-0.12881413942551326,0.5658141394255133
234883,-10.528366,23.1833,0.438,0.12903514315483341,0.3089648568451666
234884,-14.247409,28.08713,0.437,0.04826468712561919,0.3887353128743808
234885,-10.946859,33.87025,0.456,-0.054534466001708394,0.5105344660017084
234886,-11.065198,36.62077,0.467,0.08477332126944445,0.3822266787305556
234887,-9.969815,30.27158,0.448,0.10244111089462152,0.34555888910537846
234888,-9.02907,26.74793,0.442,-0.08363726179367856,0.5256372617936785
234889,-8.165545,29.3084,0.447,-0.056133474733795506,0.5031334747337955
234891,-7.144919,23.65339,0.441,0.023596183155049653,0.41740381684495037
235001,-2.367623,12.22531,0.444,-0.05614248546744414,0.5001424854674441
235002,1.552778,25.74275,0.438,0.0072416140836505894,0.4307583859163494
235004,6.168105,28.36027,0.434,0.16721617961827703,0.266783820381723
235005,0.764062,39.51149,0.481,0.14918623997742086,0.3318137600225791
235006,1.18996,38.3743,0.475,0.0828021462059429,0.3921978537940571
235007,5.465351,29.35945,0.437,-0.10622748657439997,0.5432274865744
235008,4.76436,25.13768,0.432,-0.014557294567682903,0.4465572945676829
235009,1.821145,17.25329,0.435,-0.033788154261794184,0.4687881542617942
235010,3.729915,14.41074,0.433,-0.010448070685144252,0.44344807068514425
235011,-43.118714,0.14791,0.449,0.19655741785338113,0.25244258214661885
235172,-14.381225,26.13377,0.434,-0.3039089880260072,0.7379089880260072
235173,-10.779524,29.21537,0.444,0.018776365052738615,0.4252236349472614
235174,-23.460013,19.57334,0.413,-0.06832552880518392,0.48132552880518387
235175,-20.481303,22.39796,0.419,0.01447529770044921,0.4045247022995508
235176,-19.173526,21.79289,0.423,-0.04369648113903819,0.46669648113903817
235177,-18.491244,19.35746,0.427,-0.05381791218392431,0.4808179121839243
235178,-17.671632,22.52907,0.426,-0.12261838279683743,0.5486183827968374
235179,-14.680044,17.12912,0.437,0.04489205642730142,0.39210794357269857
235180,-13.191095,16.52904,0.439,-0.06114023918894951,0.5001402391889496
235181,-11.789739,18.93952,0.438,-0.07224336484530307,0.5102433648453031
235182,-9.908614,20.77188,0.439,-0.16261758227061532,0.6016175822706153
235183,-9.103669,18.36945,0.44,-0.034347622600067344,0.47434762260006735
235184,-7.488509,16.17606,0.442,0.0507328602506691,0.3912671397493309
235185,-6.662341,17.12925,0.442,0.012853974497300162,0.42914602550269987
235186,-6.489608,18.38848,0.441,-0.07608563551391488,0.5170856355139148
235187,-8.148855,23.65339,0.44,0.015640973867374144,0.4243590261326259
235188,-3.236209,15.00787,0.442,0.000278628588784129,0.44172137141121587
235189,-2.56288,17.39432,0.44,-0.08056257908456017,0.5205625790845602
235190,-1.298284,16.7242,0.439,-0.032136842777366205,0.4711368427773662
235191,-2.355656,17.07926,0.44,0.02711889630149936,0.4128811036985006
235192,-1.351341,20.25283,0.438,-0.028982520211363643,0.46698252021136366
235193,0.660354,22.63623,0.437,0.012480828722793026,0.42451917127720695
235194,0.574922,27.62303,0.442,-0.14165342577265758,0.5836534257726576
235195,2.565973,21.40903,0.434,-0.030724833420854112,0.46472483342085413
235196,4.600606,23.89846,0.431,0.07108047359752592,0.35991952640247404
235197,5.183386,23.08833,0.43,-0.10098949995765265,0.5309894999576527
235198,5.47027,22.23118,0.429,-0.018556376965180702,0.4475563769651807
235199,6.365636,21.17299,0.426,0.03078431208331469,0.3952156879166853
235200,-3.618893,14.41074,0.443,-0.055548140636183505,0.4985481406361835
235201,3.627847,16.13808,0.432,0.08916960737316067,0.34283039262683934
235202,4.826734,17.75038,0.43,-0.020749647297290584,0.45074964729729056
235203,-42.479511,0.14798,0.451,0.18819419044420407,0.2628058095557959
237116,-7.351039,25.02863,0.442,-0.22342985939736318,0.6654298593973632
237117,-9.254904,27.41405,0.443,-0.0648948603716797,0.5078948603716797
237118,-6.928063,24.3015,0.441,0.023733600030767642,0.41726639996923237
237119,-8.329875,20.97893,0.44,-0.004160256144874672,0.4441602561448747
237120,-6.680457,17.78436,0.441,-0.27226222296076574,0.7132622229607657
237121,-3.794779,17.78439,0.44,-0.0809396093552591,0.5209396093552591
237123,-7.795487,11.55813,0.449,-0.040168679998422434,0.48916867999842245
237124,0.325681,14.33774,0.439,0.2133441980557195,0.2256558019442805
237125,4.204051,19.27665,0.43,0.07653196665538049,0.3534680333446195
237128,0.279699,58.53224,0.657,0.14669801838840132,0.5103019816115987
237129,-2.856527,68.03699,0.825,-0.15226142865908066,0.9772614286590806
237137,-52.563541,11.76627,0.294,-0.11709506616582424,0.41109506616582425
237139,-45.741942,15.85258,0.313,-0.06726425633416297,0.38026425633416294
237141,-39.091804,22.50686,0.329,-0.10984772984547789,0.43884772984547793
237145,-32.257879,19.42381,0.378,-0.012249955546532871,0.39024995554653286
237315,-19.66415,27.26989,0.422,-0.16964560486382152,0.5916456048638215
237316,-9.522345,29.88751,0.447,0.10341657098002277,0.34358342901997724
237318,4.942518,22.67025,0.43,0.05907693618234396,0.37092306381765605
237319,4.975409,17.64235,0.429,-0.016230760003114384,0.4452307600031144
237320,8.315244,19.27663,0.421,-0.00954444116230103,0.430544441162301
237321,3.336628,23.30936,0.433,-0.055275841575319014,0.488275841575319
237322,3.139786,24.1615,0.434,-0.13025196617517631,0.5642519661751764
237323,2.590326,26.07581,0.437,-0.0005585176302949812,0.43755851763029496
237324,5.949969,21.8151,0.428,0.08652708233435448,0.3414729176656455
237325,7.304098,23.83146,0.426,-0.06311076998577884,0.48911076998577885
237326,7.728117,22.49322,0.424,-0.02031007889226808,0.4443100788922681
237327,7.201742,20.74491,0.424,0.048785290700700125,0.37521470929929984
237328,6.164395,17.75037,0.427,0.00958307179319114,0.41741692820680887
237329,10.547915,13.49947,0.417,0.07684659842478765,0.34015340157521234
237330,14.30267,24.24746,0.404,-0.018987308973809954,0.42298730897381
237331,12.857449,22.64419,0.409,-0.15752810503065262,0.5665281050306525
237332,12.462335,24.67257,0.411,-0.020658763325266692,0.43165876332526665
237333,19.671656,26.41472,0.383,-0.07064304790860729,0.4536430479086073
237334,16.541181,36.26859,0.416,-0.10341929775421714,0.5194192977542171
237335,19.869217,39.60709,0.409,0.04783861833594769,0.36116138166405226
237336,19.150247,42.38662,0.425,-0.12580512837204688,0.5508051283720469
237337,22.276162,45.80316,0.42,-0.07794724587041674,0.4979472458704167
237338,23.045684,51.08118,0.447,-0.22087437645112834,0.6678743764511283
237339,18.146951,60.99063,0.584,-0.15945125800244458,0.7434512580024446
237341,-33.21105,24.25363,0.362,-0.19243099681018716,0.5544309968101871
237493,-7.827955,21.15796,0.44,0.4239877293557123,0.01601227064428773
237494,-7.448884,24.15048,0.441,-0.015007957782886976,0.456007957782887
237495,-6.875259,17.78437,0.441,-0.0012330010432058914,0.4422330010432059
237498,1.889227,21.10198,0.434,-0.03319044794731398,0.46719044794731396
237499,-0.476704,21.61806,0.437,0.004708507184356757,0.4322914928156432
237500,4.31337,25.23469,0.433,-0.024764160132012734,0.4577641601320127
237501,4.4479,26.54992,0.435,-0.1003122476628886,0.5353122476628887
237502,3.069672,28.00515,0.439,-0.07396577957796313,0.5129657795779632
237503,2.481191,29.83148,0.444,0.2594413219669534,0.1845586780330466
237504,3.12748,28.46824,0.44,-0.04637163399067096,0.48637163399067096
237505,4.55451,19.17464,0.43,0.11866804864988469,0.3113319513501153
237506,5.60836,24.0775,0.43,0.039868493500235476,0.3901315064997645
237507,6.036208,27.58312,0.433,-0.025224970614388675,0.45822497061438866
237508,8.536287,28.96338,0.429,-0.11148986720419662,0.5404898672041967
237509,11.331062,31.99292,0.426,0.04769303391350585,0.37830696608649417
237512,14.907141,34.77035,0.419,-0.04491722887245076,0.46391722887245074
237513,17.04269,38.03589,0.419,-0.07240178637028159,0.4914017863702816
237515,18.381851,44.332,0.439,-0.060280184936523554,0.49928018493652354
237516,-17.333464,7.24285,0.457,0.00873714534067918,0.44826285465932086
237517,-9.352118,-4.50725,0.487,0.03403019961171441,0.4529698003882856
237518,-8.912085,-3.83604,0.485,-0.16480117512809328,0.6498011751280932
237519,-22.92988,-10.00128,0.531,0.04333067860845585,0.4876693213915442
237654,-8.699339,13.87758,0.445,0.07232499707665427,0.37267500292334577
237655,-9.521647,17.0492,0.441,0.09738566335977954,0.34361433664022045
237656,-5.567779,20.25281,0.44,0.3247212060593488,0.11527879394065121
237657,-1.353972,21.10197,0.438,0.17674651191259588,0.2612534880874041
237658,-0.207283,24.05546,0.439,0.03311534303431014,0.40588465696568987
237659,1.783206,18.46952,0.435,-0.08218691622346674,0.5171869162234668
237661,1.112555,63.08545,0.722,0.1744671453424653,0.5475328546575347
237662,-0.610591,71.36919,0.886,-0.028984783041521682,0.9149847830415216
237665,-2.195299,11.45615,0.445,0.021401487662647233,0.4235985123373528
237666,5.492262,27.55512,0.434,0.001038074671272708,0.4329619253287273
237667,11.258964,30.72067,0.424,-0.004484933490398247,0.42848493349039823
237668,11.766602,34.39835,0.431,-0.087364334876362,0.518364334876362
237669,11.975498,36.59874,0.437,0.03815091386353511,0.39884908613646486
237670,13.203778,41.37256,0.452,-0.04804811842480318,0.5000481184248032
237671,16.891375,48.24577,0.472,-0.07566006244270444,0.5476600624427044
237672,3.252195,60.99087,0.681,-0.12902731895385955,0.8100273189538596
237673,15.04107,55.76541,0.55,0.08301693016781951,0.4669830698321805
237674,-15.078218,-3.83627,0.494,-0.030153859003640156,0.5241538590036402
237676,-22.121232,-13.16365,0.544,-0.13590075414060973,0.6799007541406098
237677,-21.831997,-10.17924,0.53,-0.07104593926547523,0.6010459392654752
237780,-13.275451,23.48732,0.435,0.05257363964294918,0.3824263603570508
237781,-6.385216,17.98241,0.441,0.011271820154091717,0.4297281798459083
237784,-0.022078,24.05546,0.438,0.09292597888060715,0.34507402111939284
237785,1.672308,27.93611,0.441,0.09914065534965964,0.34185934465034035
237786,2.784622,39.78351,0.479,0.13677005111330226,0.3422299488866977
237787,1.799318,40.51864,0.485,0.06000972884061802,0.424990271159382
237788,2.313891,42.78502,0.497,-0.09887942567889685,0.5958794256788968
237789,1.148949,42.23193,0.496,0.015543536255091693,0.4804564637449083
237790,2.874314,36.30794,0.463,0.050026689701340415,0.4129733102986596
237791,3.47538,25.74977,0.435,-0.11575263785308479,0.5507526378530848
237792,7.768952,39.57639,0.465,0.22250776200066108,0.24249223799933894
237793,6.827084,39.47239,0.467,-0.014457704850572033,0.48145770485057204
237794,7.54471,40.91062,0.472,0.004068497493700045,0.46793150250629995
237795,8.14343,39.93943,0.465,0.006741867249434407,0.4582581327505656
237797,13.545767,43.09787,0.46,0.0011934634762096443,0.4588065365237904
237798,10.202927,49.50015,0.519,-0.039587647719839796,0.5585876477198398
237800,-20.432154,10.32449,0.444,-0.08374170560284522,0.5277417056028453
237801,-12.374237,-7.29037,0.501,0.030593818329315035,0.470406181670685
237802,-13.686808,-6.46311,0.501,0.01786975504325038,0.4831302449567496
237804,-24.162271,-13.32793,0.55,0.14852557356657373,0.40147442643342635
237907,-15.931624,20.8278,0.431,0.0007980904090615037,0.4302019095909385
237908,-15.548422,23.44428,0.431,-0.019218868671026654,0.4502188686710267
237910,-6.837299,65.33608,0.782,-0.12552028864796153,0.9075202886479615
237911,-8.07303,60.04258,0.693,-0.07220000451278111,0.765200004512781
237926,8.616689,45.66344,0.497,0.06279474237966584,0.43420525762033413
237930,-37.901604,-12.50016,0.567,-0.05200837075681552,0.6190083707568155
237931,-17.375694,-8.21196,0.514,0.11022774011534844,0.4037722598846516
237934,-27.305679,16.66455,0.407,-0.15529117481991575,0.5622911748199158
238039,-5.332176,63.13245,0.74,0.17137646796996825,0.5686235320300317
238040,-2.366755,39.78352,0.486,0.10388456218428467,0.38211543781571533
238041,2.44515,42.48796,0.495,0.13927956408790373,0.35572043591209623
238042,1.622113,43.77819,0.505,-0.06482053475522644,0.5698205347552264
238044,2.516395,45.94156,0.518,0.018748634193156512,0.4992513658068435
238046,5.392515,40.97266,0.479,-0.01706595112741208,0.4960659511274121
238048,7.74638,42.6199,0.481,-0.027046880324103167,0.5080468803241032
238049,10.064131,46.44156,0.497,-0.02294965959832501,0.519949659598325
238050,12.040783,49.20706,0.508,-0.08974750297566152,0.5977475029756615
238051,7.933542,52.9249,0.561,-0.019024914337186487,0.5800249143371865
238052,16.048224,55.29627,0.538,0.05062504344241328,0.4873749565575868
238053,14.226012,55.81744,0.556,-0.0833806683327346,0.6393806683327347
238054,12.524249,59.33932,0.608,-0.1826744686087,0.7906744686086999
238055,10.413395,64.43675,0.694,-0.17110188953699745,0.8651018895369974
238056,8.956386,66.50841,0.738,-0.1319145919680347,0.8699145919680347
238057,-10.097875,10.16277,0.452,-0.06341505786755008,0.51541505786755
238059,-24.501012,20.08132,0.409,-0.11196531939384576,0.5209653193938457
238163,-8.791522,71.69124,0.916,-0.17214652182194992,1.08814652182195
238164,-14.270448,75.60468,1.016,-0.9576704718165933,1.9736704718165932
238166,3.211843,26.13984,0.436,0.00214295486460856,0.4338570451353914
238168,0.154448,43.77819,0.507,0.06307781347957558,0.4439221865204244
238169,3.552659,66.37344,0.768,-0.0008899854815658245,0.7688899854815658
238170,-0.581385,60.46774,0.687,0.048559922707691584,0.6384400772923084
238171,6.900758,49.29217,0.532,0.19399834783208,0.33800165216792
238172,5.820451,47.88791,0.524,-0.07821430705550642,0.6022143070555064
238173,5.782011,44.19023,0.497,-0.03616103091031224,0.5331610309103122
238174,5.826447,47.98992,0.525,-0.03235912821167453,0.5573591282116745
238175,8.268605,51.37357,0.545,-0.014001976811800142,0.5590019768118002
238176,9.535967,53.83307,0.563,-0.04249662097437558,0.6054966209743755
238177,9.523867,55.84652,0.585,-0.0026926271501405224,0.5876926271501405
238178,9.483699,51.39556,0.54,-0.06757011800476559,0.6075701180047657
238179,15.894696,58.88113,0.578,0.12049622988466087,0.4575037701153391
238180,13.720684,58.28404,0.587,-0.16370734483896382,0.7507073448389638
238181,13.378656,61.63991,0.632,-0.21279684078908861,0.8447968407890887
238182,10.626561,62.67324,0.666,-0.19726260401004417,0.8632626040100442
238183,17.430748,65.84099,0.658,-0.05485511131861126,0.7128551113186112
238184,14.405514,67.90074,0.718,-0.32112815565927383,1.0391281556592737
238185,-12.775295,13.13934,0.445,-0.07364983112354563,0.5186498311235457
238186,-12.128653,9.87266,0.452,-0.08255323130010826,0.5345532313001082
238187,-28.187971,12.38343,0.418,-0.08707385009253657,0.5050738500925366
238188,-27.808198,16.0823,0.406,-0.019114435333673064,0.4251144353336731
238295,-8.534646,14.44171,0.444,-0.14968834613775414,0.5936883461377541
238296,-8.669293,13.83358,0.445,-0.12561760501086905,0.5706176050108691
238297,-4.660059,18.63753,0.44,0.08000666185817494,0.35999333814182505
238299,1.753477,20.57589,0.435,-0.0201772736429702,0.4551772736429702
238300,0.574112,22.88827,0.437,0.07916183235543915,0.35783816764456083
238301,3.086999,21.91812,0.433,0.04708816335670635,0.38591183664329365
238302,1.87765,23.73742,0.436,-0.08880288268259495,0.524802882682595
238303,6.661824,26.96401,0.43,0.06024236159336373,0.3697576384066363
238304,6.26343,26.56294,0.431,0.014640271105778025,0.41635972889422196
238305,8.253904,23.61742,0.423,0.02607170964839548,0.3969282903516045
238306,7.923702,18.13042,0.423,-0.00831406743943582,0.4313140674394358
238307,9.842159,16.47808,0.418,0.050563277548433906,0.36743672245156606
238308,7.967923,23.44939,0.424,0.07795283703188852,0.34604716296811144
238309,16.58569,25.3236,0.396,-0.03096377976975511,0.42696377976975514
238310,16.46223,34.6933,0.412,-0.14931385286768448,0.5613138528676844
238311,14.22651,40.88247,0.445,-0.013238452459913683,0.4582384524599137
238312,18.130533,44.19197,0.44,-0.026017772416264594,0.4660177724162646
238313,-14.549432,7.11295,0.458,-0.09341119263673187,0.5514111926367319
238314,-16.903466,9.87248,0.449,0.09893630313353574,0.35006369686646427
238315,-9.380595,9.60968,0.453,0.0049076404907407835,0.44809235950925924
238316,-16.542611,9.78548,0.45,-0.20923205884160784,0.6592320588416078
238975,-9.742218,23.99445,0.439,0.09912339242294232,0.3398766075770577
238976,-9.237006,21.56003,0.439,-0.03058476027372634,0.46958476027372636
238977,-8.728952,24.05546,0.44,-0.06798123232975022,0.5079812323297502
238978,-7.941564,21.21497,0.44,-0.06605604481517705,0.5060560448151771
238979,-6.094571,16.3671,0.442,-0.33530825094775324,0.7773082509477532
238980,-1.298686,28.19609,0.445,-0.20342597543768148,0.6484259754376815
238981,-5.119807,57.72902,0.657,0.038999921471543894,0.6180000785284562
238982,-5.727204,62.9684,0.738,-0.2928160369389638,1.0308160369389638
238983,-8.434545,67.14264,0.818,-0.25200292232786814,1.070002922327868
238984,-6.337137,23.73741,0.441,0.09924862534903788,0.3417513746509621
238985,4.187338,26.30588,0.435,0.013305925972532204,0.4216940740274678
238987,-1.481835,27.98706,0.445,0.040379596325330815,0.40462040367466917
238989,3.359436,26.14885,0.436,0.03881993912571194,0.39718006087428803
238990,6.96633,24.42256,0.427,-0.03347422273006162,0.4604742227300616
238991,10.985053,28.40426,0.42,0.033316620253485585,0.3866833797465144
238992,12.380076,32.62602,0.424,-0.14087533910721134,0.5648753391072113
238993,12.603227,37.75295,0.439,0.08481807634231812,0.35418192365768186
238994,11.732375,38.19906,0.444,-0.08681629382673248,0.5308162938267325
238995,16.832262,41.58353,0.435,0.011062774683191945,0.42393722531680805
238996,14.269898,47.69074,0.484,-0.07316991379090386,0.5571699137909039
238997,19.032585,51.17232,0.479,-0.06936870097728116,0.5483687009772812
238998,17.280451,52.42863,0.502,-0.17605924572963574,0.6780592457296357
238999,-17.386556,16.4859,0.433,-0.012039755986728878,0.44503975598672885
239000,-7.033915,-2.62858,0.478,0.04013225960051187,0.4378677403994881
239001,-10.060318,-2.99877,0.484,0.026950832578990377,0.4570491674210096
239002,-20.606869,-11.49175,0.533,-0.056757279924762816,0.5897572799247628
239003,-14.923655,-11.0531,0.518,0.06357529765320007,0.45442470234679994
239155,-7.396568,65.49014,0.785,0.16527885650080065,0.6197211434991994
239156,-11.036269,60.90177,0.706,-0.26634684697697913,0.9723468469769792
239157,-5.404174,67.76588,0.826,0.09586605089608381,0.7301339491039162
239158,-8.246436,69.75654,0.872,-0.18240615764567286,1.054406157645673
239159,-13.038553,71.38202,0.911,-0.3896296667848954,1.3006296667848956
239161,-3.415001,77.1726,1.036,-0.47334066331001007,1.5093406633100102
239162,5.774905,74.07621,0.909,0.11054327685486191,0.7984567231451382
239163,-9.07503,60.76475,0.704,-0.27017973178825916,0.9741797317882591
239164,-8.84643,9.79771,0.452,-0.08691222026958509,0.5389122202695851
239165,-1.247946,21.46303,0.438,0.052131907413371384,0.38586809258662863
239167,6.937435,37.44201,0.458,0.0862960168798672,0.3717039831201328
239168,9.211525,39.28228,0.459,0.06111308798219437,0.3978869120178056
239169,10.195291,43.60804,0.478,0.0037607110462215365,0.4742392889537784
239170,10.350486,44.97329,0.486,-0.09073008600561473,0.5767300860056147
239171,17.064249,49.43901,0.48,-0.04376841207167508,0.523768412071675
239172,18.053476,52.89871,0.501,-0.223397890905783,0.724397890905783
239173,14.494855,55.46436,0.55,-0.07471748307266812,0.6247174830726682
239174,11.941154,61.47989,0.64,-0.20448487093456838,0.8444848709345684
239175,9.838815,63.37646,0.682,-0.17258022934437664,0.8545802293443767
239176,-6.555059,-5.58658,0.484,-0.17357922506681034,0.6575792250668103
239177,-8.128099,-4.71529,0.485,-0.032620244087658574,0.5176202440876586
239178,-6.962615,-6.11977,0.486,-0.03341946796254854,0.5194194679625486
239179,-20.902994,19.43334,0.421,-0.017059091410231434,0.4380590914102314
239180,-22.610018,11.03648,0.437,-0.07226345912996832,0.5092634591299683
239324,-10.551711,70.95394,0.901,0.13325326080400643,0.7677467391959936
239325,-0.924193,29.74833,0.448,0.19811074307934617,0.24988925692065383
239326,-1.103735,74.19531,0.952,-0.5198159910942899,1.4718159910942898
239327,-0.591019,42.12291,0.498,0.13768007550642739,0.36031992449357264
239329,-4.688982,33.49833,0.459,-0.13952394492822284,0.5985239449282229
239330,-5.854876,32.35704,0.456,-0.07673642303406927,0.5327364230340693
239331,-6.263014,34.35846,0.462,-0.0009142873358819745,0.46291428733588197
239332,-7.654227,32.94213,0.457,-0.050953393475850275,0.5079533934758503
239333,-8.168598,34.70547,0.462,0.06944276463260877,0.39255723536739123
239334,-9.364399,33.12714,0.456,-0.0633379529073921,0.5193379529073922
239335,-9.878476,34.78345,0.461,-0.04221930102133752,0.5032193010213375
239336,-8.382878,33.08816,0.457,0.008130043177135584,0.44886995682286446
239337,-11.406061,32.93408,0.453,0.02269151604627423,0.4303084839537258
239338,-7.698709,36.2688,0.469,0.16055570223853424,0.30844429776146576
239339,-8.657889,41.03963,0.493,-0.07823015329990055,0.5712301532999006
239340,-6.063871,44.36725,0.516,0.16457323535292617,0.35142676464707384
239341,1.387714,39.6075,0.48,0.08906047217929068,0.3909395278207093
239342,3.94407,42.93503,0.494,0.06020227146657235,0.43379772853342763
239343,15.006865,46.39745,0.471,0.06534846191684711,0.40565153808315285
239344,11.366741,58.23505,0.602,-0.08066481753902523,0.6826648175390252
239345,16.890904,61.57178,0.603,-0.05741536360569404,0.660415363605694
239346,14.174332,64.63873,0.668,-0.19350468430634962,0.8615046843063496
239347,9.807716,67.08757,0.742,-0.1151835032417362,0.8571835032417362
239348,23.236848,70.73026,0.671,-0.3355216276718087,1.0065216276718087
239350,-21.000262,30.21632,0.421,-0.23516836516427977,0.6561683651642798
240090,-4.43059,17.58534,0.441,-0.02728226637631362,0.46828226637631365
240091,0.455606,15.10489,0.438,0.23307565209313186,0.20492434790686814
240092,5.719258,29.74854,0.437,-0.014569954752237026,0.45156995475223705
240093,1.946139,23.09731,0.435,0.030671055558966622,0.4043289444410334
240094,2.074523,24.36052,0.436,-0.07656492195840699,0.512564921958407
240095,3.750764,26.69193,0.436,-0.06623209247085976,0.5022320924708598
240202,-1.748562,61.91612,0.713,-0.024192360108301284,0.7371923601083012
240203,-2.059842,26.16578,0.442,0.025722029191552424,0.4162779708084476
240204,0.114837,25.12163,0.439,0.038727776730362956,0.4002722232696371
240211,-9.243841,51.33656,0.579,-0.3398527155240673,0.9188527155240673
240212,9.616628,30.50566,0.428,0.04302200492988148,0.38497799507011854
240213,11.291931,25.97781,0.416,-0.020655303401183763,0.43665530340118375
240219,21.990629,56.97248,0.505,-0.0002514689893294978,0.5052514689893295
240220,15.606356,63.92446,0.646,-0.07616204174955783,0.7221620417495579
240223,33.956925,61.32688,0.41,-0.15646646270631462,0.5664664627063146
240330,-1.303103,24.42051,0.44,0.08339266181555206,0.35660733818444795
240335,0.60544,66.42147,0.782,-0.31876834437363183,1.1007683443736318
240336,4.022008,39.1914,0.473,0.15980891395703034,0.31319108604296964
240337,3.01998,40.66866,0.483,0.027548906255097854,0.4554510937449021
240338,5.42402,28.32725,0.435,-0.049189293596327135,0.4841892935963271
240343,6.581403,22.31419,0.426,-0.042478904477894826,0.4684789044778948
240344,9.718813,15.75094,0.419,0.045050714225595416,0.37394928577440456
240345,13.125761,27.18101,0.411,0.019002248537446084,0.3919977514625539
240346,9.163103,26.05385,0.423,-0.024964501853839263,0.44796450185383924
240347,12.95345,34.95743,0.428,0.0666066250025566,0.3613933749974434
240348,17.228809,38.26992,0.419,-0.026869540792011586,0.4458695407920116
240349,9.094366,61.32791,0.656,-0.2254081298296988,0.8814081298296988
240350,17.015865,46.07134,0.457,0.029610769805460926,0.4273892301945391
240351,-9.950922,-7.84849,0.497,0.004952615483041957,0.49204738451695806
240354,39.500165,67.3941,0.384,-0.09557884228634224,0.47957884228634223
240649,1.077229,77.41273,1.02,-0.48276709331358847,1.5027670933135884
240650,10.627108,29.59649,0.423,0.1112990651252662,0.31170093487473377
240651,0.531915,29.76435,0.446,0.11715424487749714,0.32884575512250286
240653,-6.6029,18.11643,0.441,0.054313313690223367,0.38668668630977665
240654,-5.837915,23.07829,0.441,-0.08868147045027307,0.529681470450273
240655,5.686791,25.64878,0.431,0.03708309314923437,0.39391690685076564
241009,7.398298,21.83511,0.424,0.03568268391164036,0.3883173160883596
241010,2.52722,27.30803,0.439,-0.004573972472039886,0.4435739724720399
241011,6.267633,39.67044,0.47,0.1792265598003555,0.29077344019964446
241012,6.753079,42.4439,0.483,-0.0223625152983265,0.5053625152983264
241013,6.502364,43.92117,0.493,0.08168283279051988,0.4113171672094801
241014,4.481183,39.58745,0.474,-0.08086656382819624,0.5548665638281962
241015,4.0124,26.36688,0.435,-0.09496409409870855,0.5299640940987086
241016,-0.122754,25.6487,0.44,-0.04060895175896968,0.48060895175896967
241017,7.413251,24.28154,0.426,-0.006801346974702568,0.43280134697470257
241018,10.634227,28.5613,0.422,-0.0013284214923110543,0.42332842149231104
241019,9.303868,37.577,0.451,0.06823880517695856,0.38276119482304144
241020,8.961283,38.95426,0.458,0.03377006841516929,0.42422993158483074
241021,11.352573,35.32155,0.435,0.029970269894135416,0.40502973010586457
241022,12.446466,40.29741,0.45,-0.09557910470409357,0.5455791047040935
241023,14.676278,43.43993,0.456,-0.0003472515862550918,0.4563472515862551
241024,14.680219,41.52858,0.446,-0.08447948785919929,0.5304794878591993
241025,15.836164,44.48109,0.455,-0.08866505587943976,0.5436650558794398
241026,20.28777,47.85762,0.447,-0.10163145198656698,0.5486314519865669
241027,10.402886,67.39568,0.743,-0.26118715892024624,1.0041871589202462
241028,19.741212,56.11938,0.517,0.003505725337869136,0.5134942746621309
241029,-8.095398,-2.8787,0.481,-0.05895610679986542,0.5399561067998654
241030,-12.79807,-6.11999,0.498,-0.04647243526367666,0.5444724352636766
241031,-5.694894,-4.27909,0.479,-0.052180739049511295,0.5311807390495112
241032,-5.854507,-9.27895,0.489,-0.021100681897659547,0.5101006818976596
241033,-5.348421,-6.17776,0.482,-0.08319432797319674,0.5651943279731967
241034,-4.831447,-5.96767,0.48,-0.026802046987104033,0.506802046987104
241035,-6.853399,6.64801,0.457,-0.029909434559614225,0.4869094345596142
241036,-10.822114,8.80644,0.454,-0.05263600773500353,0.5066360077350035
241037,-7.294419,12.95841,0.446,0.09413060614660473,0.3518693938533953
241422,2.10431,8.72054,0.442,-0.007599245865304411,0.4495992458653044
241423,2.45831,14.26272,0.435,-0.10088497599141043,0.5358849759914104
241428,-10.8937,14.80475,0.443,0.07752062484135794,0.36547937515864204
241534,11.933103,62.19909,0.65,-0.004709675597953125,0.6547096755979531
241535,11.239329,69.70644,0.778,-0.38869364751728086,1.1666936475172809
241536,10.047206,43.92111,0.48,0.06459383540593026,0.4154061645940697
241537,1.530288,31.32484,0.449,-0.18639079026010066,0.6353907902601007
241538,9.246329,26.91,0.424,0.057992300574958404,0.3660076994250416
241539,8.237127,28.95738,0.429,-0.014439314712573247,0.44343931471257325
241540,4.92542,24.44856,0.431,0.05365542039750842,0.37734457960249157
241541,13.034842,38.65509,0.441,0.12925676470962955,0.31174323529037046
241542,15.054229,41.43553,0.443,-0.0498763787659159,0.4928763787659159
241543,15.59761,40.99344,0.438,-0.08155019308064947,0.5195501930806494
241544,16.648733,50.20317,0.488,-0.10936927743851957,0.5973692774385195
241545,-17.273707,12.31706,0.442,0.027548212357908455,0.41445178764209156
241546,-8.900494,-3.70095,0.484,0.08631528129170556,0.3976847187082944
241552,-16.587549,-9.32136,0.516,0.07128945522095272,0.4447105447790473
241553,-5.91484,-4.47215,0.48,0.08509868173093642,0.39490131826906355
241554,0.194552,6.63406,0.448,0.039668416541685875,0.4083315834583141
241555,-12.256618,14.80469,0.442,-0.2774294706049173,0.7194294706049174
241661,8.381334,64.33776,0.706,0.08412303119128049,0.6218769688087195
241664,-14.840456,39.75827,0.475,-0.2826430806041909,0.7576430806041909
241665,-6.32158,38.10317,0.478,0.08370846488539471,0.39429153511460524
241666,-10.829524,41.37263,0.493,-0.15229517017981303,0.6452951701798131
241667,-5.498685,38.03617,0.478,0.14586915779780513,0.33213084220219485
241668,-1.164559,34.69376,0.462,0.13178931019730958,0.3302106898026904
241683,0.593449,14.38875,0.438,-0.061788914233085857,0.49978891423308586
241779,-0.265909,71.9294,0.896,-0.42350595661752544,1.3195059566175256
241780,7.044235,67.68181,0.771,0.2756808649608406,0.4953191350391594
241781,1.66473,25.19066,0.437,-0.01818516776351828,0.45518516776351825
241782,-0.927035,24.63055,0.44,0.09879929783175001,0.34120070216825
241783,2.685615,27.81213,0.439,-0.05079948336915737,0.48979948336915735
241784,3.245138,25.25469,0.435,-0.03656186576636749,0.4715618657663675
241785,9.681595,38.91922,0.455,0.20849806452597316,0.24650193547402685
241788,-39.911083,-8.70688,0.535,0.08975328158619335,0.4452467184138067
241790,-30.050917,-4.81173,0.507,0.05170053269460841,0.4552994673053916
241791,15.842479,41.13547,0.438,-0.07063969082689346,0.5086396908268934
241792,-21.02277,11.06863,0.44,-0.04433415157030703,0.484334151570307
241794,-15.034811,12.24813,0.445,0.012979703800506302,0.4320202961994937
241795,-10.199426,9.24858,0.453,-0.0016148460218254712,0.4546148460218255
241796,-8.321375,8.90753,0.454,0.0435425427569232,0.4104574572430768
241797,-5.22936,8.45647,0.452,-0.03334195665879011,0.4853419566587901
241798,-5.863662,-4.47216,0.48,-0.011200997176969141,0.49120099717696913
241800,2.027724,-8.37856,0.463,0.03379741095726876,0.4292025890427313
241801,-6.210576,-7.09313,0.486,-0.26339383193615956,0.7493938319361595
241802,-7.464064,-9.32603,0.494,0.018232403263331424,0.4757675967366686
241906,-3.592299,76.43826,1.018,-0.8291879631724648,1.8471879631724648
241907,10.317501,74.37524,0.879,0.08013688746913708,0.798863112530863
241908,-0.154004,62.14519,0.712,-0.10643356321207995,0.8184335632120799
241909,5.957226,43.82916,0.494,0.10324175661001495,0.39075824338998505
241910,4.260528,43.55913,0.497,-0.0533376418028585,0.5503376418028585
241911,5.479836,37.071,0.46,-0.1541013823382159,0.614101382338216
241912,3.598921,40.32759,0.48,-0.14072870668088153,0.6207287066808815
241913,4.546627,42.81,0.492,-0.1143380011578258,0.6063380011578258
241914,5.547608,40.76863,0.477,-0.09836233911161185,0.5753623391116118
241915,9.480383,37.16791,0.449,0.07149589384303744,0.37750410615696256
241916,10.719113,42.2748,0.468,-0.06512500445829603,0.533125004458296
241917,11.428151,44.5092,0.478,-0.08719700904982416,0.5651970090498242
241918,11.871433,44.93325,0.478,-0.04691405662059522,0.5249140566205952
241919,-23.074016,-4.81111,0.506,-0.006897469690296007,0.512897469690296
241922,-19.266074,9.21125,0.449,-0.05117248704743223,0.5001724870474322
241923,-8.436461,-5.69463,0.488,0.11256983013701477,0.3754301698629852
241924,-5.874837,-5.00434,0.481,-0.029155405950722045,0.5101554059507221
241925,-4.169957,-8.54963,0.483,-0.01857736388758116,0.5015773638875811
241926,-2.260066,-8.37855,0.477,-0.030972711523241558,0.5079727115232415
241927,-0.571777,-10.62846,0.474,-0.03658502443817021,0.5105850244381702
241929,-4.595192,-11.98209,0.49,-0.0596231980928171,0.5496231980928171
242032,-8.230487,3.33717,0.466,0.061672589330611635,0.4043274106693884
242033,-8.15584,1.60268,0.47,0.14190087199514329,0.3280991280048567
242034,9.204913,28.0122,0.425,-0.00522566825728519,0.4302256682572852
242035,2.351212,40.39161,0.483,0.07118807231305792,0.4118119276869421
242036,5.218504,43.00702,0.491,0.04511062280197842,0.4458893771980216
242037,6.430991,44.6513,0.498,-0.07980049406378263,0.5778004940637826
242038,7.049894,46.15456,0.507,-0.04367582800566692,0.550675828005667
242039,8.840515,44.23618,0.487,0.01201370540660086,0.47498629459339914
242040,9.530107,47.71082,0.508,-0.1469192833554728,0.6549192833554728
242041,10.507467,49.43414,0.518,-0.06193039953583344,0.5799303995358335
242042,9.152954,48.01989,0.512,0.04522519620793133,0.4667748037920687
242043,15.812878,51.40244,0.504,0.05192304477169872,0.45207695522830127
242044,13.834786,53.35589,0.534,0.03941842222823757,0.4945815777717625
242045,18.894233,56.69352,0.53,-0.0720586869957869,0.6020586869957869
242046,-17.75532,16.71095,0.432,0.025584475676552303,0.4064155243234477
242047,-12.948936,12.00614,0.447,-0.0171425060702589,0.4641425060702589
242048,-8.717326,11.65314,0.449,0.14149121770612091,0.3075087822938791
242049,-7.86873,12.99243,0.446,0.0841751917501185,0.3618248082498815
242059,0.25947,-10.62846,0.471,0.03568661479522827,0.4353133852047717
242060,-1.861092,-9.77911,0.478,0.09028766734783704,0.3877123326521629
242179,-14.793252,34.69333,0.452,-0.15254009907637328,0.6045400990763733
242180,-6.205166,21.45502,0.44,-0.035389522116086154,0.47538952211608615
242181,4.924833,28.08321,0.436,0.09916557364306132,0.33683442635693867
242188,-27.632874,-10.15269,0.539,-0.01690631738836731,0.5559063173883674
242191,-21.701832,-11.69584,0.537,0.021760173362882964,0.5152398266371171
242192,-21.174279,-12.62424,0.54,0.03493516404738243,0.5050648359526176
242193,-6.158228,11.65317,0.448,-0.062853707051835,0.510853707051835
242194,-1.983564,12.99247,0.443,0.03823865718695312,0.4047613428130469
242195,-3.335146,9.29068,0.449,0.06844308506886958,0.3805569149311304
242197,-4.784675,17.9224,0.441,0.0020379694079407902,0.43896203059205924
242718,0.078105,16.47815,0.438,-0.05601834026359997,0.4940183402636
242719,6.959095,28.08322,0.431,0.0707860498782404,0.3602139501217596
242720,4.926325,38.10317,0.466,0.1399475090778138,0.32605249092218624
242721,10.66031,41.44164,0.464,0.08188421660035711,0.3821157833996429
242722,8.831201,44.8533,0.491,0.023754893769100387,0.4672451062308996
242723,9.632725,42.88493,0.476,0.03345774049561522,0.44254225950438475
242724,12.806966,46.36651,0.483,0.051747295430856384,0.4312527045691436
242725,14.905272,49.57109,0.495,-0.03489314225143447,0.5298931422514345
242726,19.194511,52.90967,0.492,-0.02286707682377964,0.5148670768237796
242727,18.522658,56.97261,0.536,-0.1609003898479309,0.6969003898479309
242728,8.830538,65.8152,0.727,-0.0631665506601191,0.7901665506601191
242729,-9.027939,10.99997,0.45,0.01784777927193004,0.43215222072806997
242734,2.051817,-6.77896,0.462,-0.05032690759201914,0.5123269075920192
242735,4.386173,-8.3976,0.455,-0.05839375629615143,0.5133937562961515
242736,-3.877517,-12.39926,0.487,-0.051889205085231926,0.5388892050852319
242737,-3.759363,-9.67509,0.484,-0.022868493660816957,0.506868493660817
243699,8.864189,73.10274,0.864,0.022503343684355023,0.841496656315645
243700,-7.195671,53.83311,0.607,-0.015034576501441126,0.6220345765014411
243701,-7.969537,48.9701,0.555,-0.048062619989254006,0.603062619989254
243702,-10.741545,44.79326,0.517,-0.09501559631709933,0.6120155963170993
243703,-50.287093,2.31067,0.401,-0.02189343860046567,0.4228934386004657
245016,16.790003,68.45186,0.705,0.028019409003494155,0.6769805909965058
245017,20.508481,71.75384,0.722,-0.09159188942474629,0.8135918894247463
245018,30.374912,59.62079,0.44,-0.11182084317593106,0.551820843175931
245031,-36.232715,28.2182,0.339,-0.6219687633903102,0.9609687633903101
245032,-39.421093,28.16395,0.315,-0.03569472595862788,0.3506947259586279
245033,-39.898396,25.60238,0.315,-0.1977325709121701,0.5127325709121702
245034,-33.340624,23.98158,0.362,-0.07506112598520552,0.4370611259852055
245035,-32.024116,20.87504,0.375,-0.07410584927713644,0.4491058492771364
245036,-31.013508,17.72645,0.388,-0.28370760694619707,0.6717076069461971
245037,-31.118484,20.45103,0.38,-0.19689130618127818,0.5768913061812782
245038,-30.776091,14.12167,0.402,-0.12614222556003973,0.5281422255600398
246358,-4.579596,2.26991,0.463,-0.17598687400602825,0.6389868740060283
246359,-3.858179,8.1184,0.452,0.004249353446442325,0.4477506465535577
246360,5.821788,29.00739,0.436,0.02580690855822584,0.4101930914417742
246361,8.423072,40.68757,0.468,0.1139575747149678,0.3540424252850322
246362,8.259883,38.95527,0.46,0.05255050484139938,0.4074494951586006
246363,10.625266,43.10295,0.473,0.02518696545243785,0.4478130345475621
246364,10.524722,45.92247,0.491,-0.17137029479354282,0.6623702947935428
246365,12.678661,48.97002,0.503,-0.004332071795632564,0.5073320717956326
246366,12.365895,51.28249,0.524,-0.10145076597744378,0.6254507659774438
246367,11.379327,55.47441,0.57,-0.05798595400865587,0.6279859540086559
246368,16.166473,59.55729,0.584,0.07384013819039849,0.5101598618096015
246369,14.617297,62.60314,0.635,-0.10584227018561557,0.7408422701856155
246370,14.765954,65.2629,0.673,-0.13689336565503277,0.8098933656550328
246371,11.79138,63.38442,0.668,-0.14918242851047311,0.8171824285104732
246372,-9.839336,-5.94479,0.492,-0.06531508861860541,0.5573150886186053
246374,-5.826616,-3.92397,0.479,-0.02287812874413826,0.5018781287441383
246375,-5.046151,-5.17339,0.479,-0.020372694384334047,0.499372694384334
246376,-3.207549,-5.72757,0.476,-0.03879600272866401,0.514796002728664
246377,-2.178108,-7.92837,0.476,0.008283107579195492,0.4677168924208045
246378,-4.790959,-8.39759,0.485,-0.026655371850125682,0.5116553718501257
246379,1.763415,-10.6975,0.466,0.0920225120804244,0.37397748791957564
246380,0.667268,-8.72669,0.468,0.03029097382458294,0.43770902617541707
246381,4.488081,-11.77102,0.456,-0.002114145763585897,0.4581141457635859
246382,3.608949,-9.32595,0.458,0.15476681568351802,0.303233184316482
246383,8.791521,-11.98225,0.438,-0.06159110289521363,0.49959110289521363
246384,8.748771,-9.67525,0.439,-0.04696653250338191,0.4859665325033819
246385,5.11071,-7.02108,0.452,-0.10322677253180772,0.5552267725318077
246386,2.971228,-6.88899,0.459,0.10889204001302974,0.3501079599869703
246387,4.568456,-10.67953,0.455,0.0655811098470191,0.3894188901529809
246555,7.129052,-10.09635,0.445,0.5861488314806389,-0.1411488314806389
246556,10.125611,-10.09648,0.433,0.16663846387669498,0.26636153612330504
246557,3.142016,-13.7949,0.461,-0.02184974346796971,0.4828497434679697
246662,11.989677,56.06253,0.573,0.08753156596854571,0.48546843403145423
246663,15.585323,62.34203,0.624,0.0628164410181366,0.5611835589818635
246664,14.531078,65.90309,0.685,-0.14570927682559118,0.8307092768255913
246665,15.312933,69.07509,0.73,-0.15714432316443075,0.8871443231644307
246668,-36.136218,27.00599,0.34,-0.0600532360536194,0.4000532360536194
246669,24.419511,68.01334,0.613,-0.12053581984333238,0.7335358198433324
246670,30.746858,71.34496,0.576,-0.30005646988437473,0.8760564698843747
246672,-3.317597,26.54884,0.443,0.0234751768295319,0.41952482317046813
246673,-0.316652,22.88227,0.438,0.025334884487303075,0.4126651155126969
246674,0.384011,16.66519,0.437,0.09345582057226592,0.3435441794277341
246675,2.373951,11.90824,0.438,0.025856559955707254,0.41214344004429276
246679,8.737928,5.38962,0.429,0.051886807684696105,0.3771131923153039
246681,6.775934,9.61971,0.43,0.0775614579394968,0.3524385420605032
246682,6.963408,12.23027,0.428,0.025158701367641916,0.40284129863235807
246813,-29.545376,14.49681,0.406,0.05835281273638518,0.3476471872636149
246814,-13.944154,-7.42146,0.504,0.002039815547542386,0.5019601844524576
246816,-6.750669,-9.70914,0.493,0.023787188213427114,0.46921281178657287
246817,-5.149137,-8.96781,0.487,0.0671543390694525,0.4198456609305475
246818,-4.111911,-12.63035,0.489,0.06798903470166263,0.42101096529833737
246820,-3.180565,-13.00951,0.486,-0.14141928089996933,0.6274192808999693
246821,4.880832,12.41733,0.432,0.0090774480585383,0.4229225519414617
246822,-1.556781,12.03527,0.443,-0.1674701718271588,0.6104701718271588
246823,4.702928,8.80654,0.436,-0.030052760418796707,0.46605276041879673
246824,8.402982,14.60573,0.423,0.16212264327925852,0.26087735672074147
246825,8.95442,15.68394,0.421,0.07545745778488859,0.3455425422151114
246826,6.792038,-10.09633,0.447,0.014790498071313272,0.43220950192868673
246827,12.298959,-12.76178,0.422,-0.018072559514335725,0.4400725595143357
246828,2.593199,-11.22973,0.463,-0.06858741451063526,0.5315874145106353
246829,5.967212,-16.93352,0.447,-0.1948820940816821,0.6418820940816821
247023,-3.229072,19.81475,0.439,-0.03482799899836691,0.4738279989983669
247024,-9.347169,28.01316,0.444,-0.0419312512389125,0.4859312512389125
247025,8.710678,44.69726,0.49,0.0697421353007041,0.4202578646992959
247026,7.278751,52.24875,0.558,0.011943329774371349,0.5460566702256286
247028,13.685572,68.59496,0.737,-0.18614973518262962,0.9231497351826297
247029,16.089364,72.44823,0.784,-0.3478278962426089,1.131827896242609
247394,-35.498207,-10.59615,0.55,-0.13017372747346198,0.680173727473462
247395,-14.805242,-8.93811,0.511,0.08124983528821039,0.4297501647117896
247397,-9.933209,-10.89171,0.504,-0.05159110891777645,0.5555911089177764
247399,-7.206755,-12.21721,0.499,0.04957673436479194,0.44942326563520807
247403,-9.923514,15.79995,0.442,0.2017168425049093,0.24028315749509072
247404,-1.288243,8.83358,0.447,0.11568204589635281,0.33131795410364717
247405,0.94466,8.36547,0.444,0.018737406157024638,0.4252625938429754
247511,-48.863469,-0.72018,0.439,0.3007245141046457,0.13827548589535432
247512,9.103415,42.61988,0.476,-0.10743870438849747,0.5834387043884974
247513,8.177316,42.80293,0.481,-0.15858699899232975,0.6395869989923297
247514,12.762502,46.24148,0.483,0.008193050684337257,0.47480694931566275
247515,11.967505,42.81686,0.465,-0.09544663293741865,0.5604466329374187
247516,18.501952,72.44819,0.758,-0.12584935691138127,0.8838493569113812
247517,16.325829,55.64235,0.539,-0.1284899393371405,0.6674899393371405
247518,23.722349,52.83151,0.454,-0.02920421279052601,0.483204212790526
247519,-15.076576,11.64797,0.446,-0.024127480146541057,0.47012748014654104
247520,-12.316041,11.27899,0.449,-0.012258453396046714,0.4612584533960467
247522,-9.463895,9.46365,0.453,0.08808698684525351,0.3649130131547465
247524,-4.942367,7.99337,0.453,-0.004290790149292993,0.457290790149293
247525,-1.987823,10.09686,0.446,0.03670583225201084,0.40929416774798916
247526,1.78931,14.01067,0.437,0.040735303409950296,0.3962646965900497
247527,5.248722,17.28729,0.429,0.05964583561950392,0.36935416438049606
247528,2.771923,16.08307,0.434,0.08014319083326561,0.3538568091667344
247529,0.380297,12.03527,0.441,-0.07640992850736665,0.5174099285073667
247530,6.625467,18.40948,0.426,0.09043825687515133,0.33556174312484865
247531,9.509283,20.85991,0.418,-0.012587574902425307,0.4305875749024253
247532,10.825188,18.2324,0.415,0.0112313909269957,0.40376860907300427
247533,12.051202,14.51563,0.412,-0.00741224587467692,0.4194122458746769
247534,11.373184,12.00111,0.416,0.09745358848463465,0.31854641151536534
247535,12.870692,15.23177,0.409,-0.047929893698235124,0.4569298936982351
247536,10.40888,15.50289,0.417,-0.08218364040325522,0.4991836404032552
247537,10.640303,11.41204,0.419,-0.030860219944385543,0.4498602199443855
247723,-11.935068,-11.95134,0.513,-0.10028538362303353,0.6132853836230335
247724,2.023083,10.16687,0.44,0.1255937317767278,0.3144062682232722
247725,3.527968,13.91164,0.434,0.07543073604425692,0.35856926395574307
247726,1.255343,20.0818,0.435,-0.017419693513822904,0.4524196935138229
247727,2.21549,19.42469,0.434,-0.0018262570581160504,0.43582625705811606
247728,4.528059,22.49822,0.431,-0.039662443302738916,0.47066244330273893
247729,-1.741797,13.00347,0.442,0.15647481251673878,0.2855251874832612
247730,-2.09922,13.98767,0.442,-0.14490524729322762,0.5869052472932277
247731,6.595908,15.07684,0.427,0.0817373426423665,0.3452626573576335
247732,6.825855,18.69154,0.425,-0.05259511825260971,0.4775951182526097
247733,2.34122,15.23191,0.435,0.13286923984469087,0.30213076015530915
247734,8.804028,16.90418,0.421,0.17724834206195117,0.24375165793804882
247735,14.458915,20.12669,0.403,0.15455000484779732,0.2484499951522027
247736,12.493563,19.98171,0.409,0.07080051611364319,0.3381994838863568
247737,12.865554,18.57945,0.408,0.17664501652663545,0.23135498347336453
247738,11.197814,18.13839,0.414,-0.02021663590387861,0.4342166359038786
247863,-5.255648,29.73347,0.449,-0.11959929858443683,0.5685992985844368
247864,-49.748217,-3.73641,0.469,0.06598030600006112,0.40301969399993887
247865,14.870498,27.38201,0.405,-0.0614286153953887,0.4664286153953887
247866,4.87091,49.56023,0.542,0.05854987557841813,0.4834501244215819
247869,-34.973114,2.36109,0.453,-0.02099880061369752,0.47399880061369754
247870,-33.870933,-13.74718,0.572,-0.07115960803813341,0.6431596080381333
247871,-19.348278,11.27875,0.442,-0.1023933601303611,0.5443933601303611
247872,-12.259665,14.41966,0.443,-0.01254780844049464,0.45554780844049464
247873,-8.345493,14.02464,0.445,0.002665418324264457,0.4423345816757355
247874,-5.811235,13.2225,0.445,-0.023911426873989724,0.46891142687398973
247875,-1.350018,16.40014,0.439,0.02215499530993702,0.41684500469006297
247876,-0.125535,19.99178,0.437,0.0434493629215324,0.3935506370784676
247877,1.160877,29.32333,0.444,-0.02351352813918872,0.4675135281391887
247878,-4.42348,22.4982,0.44,-0.035356152625485394,0.4753561526254854
247879,6.927676,24.16952,0.427,0.05697453802002829,0.3700254619799717
247880,6.984301,23.71244,0.426,-0.04165431726776024,0.46765431726776024
247881,7.566336,25.83481,0.427,0.020317291590472696,0.4066827084095273
247882,8.910725,23.95447,0.422,0.1023394718648178,0.3196605281351822
247883,9.990776,23.46938,0.418,0.00299576620723624,0.41500423379276374
247884,10.431445,20.8949,0.416,0.007713421977290817,0.4082865780227092
247885,2.641622,19.98178,0.433,-0.14481322886539835,0.5778132288653983
247886,13.973847,22.38412,0.405,0.00952623536405642,0.3954737646359436
247887,13.771495,23.3493,0.406,-0.049376512140443966,0.455376512140444
247888,13.215225,25.13664,0.409,-0.09659384814524113,0.5055938481452411
247889,12.519311,22.5702,0.41,-0.1514976530191282,0.5614976530191282
247890,5.056426,24.35554,0.431,-0.10901101260917152,0.5400110126091715
248136,36.131983,21.22767,0.287,-0.06164246708592129,0.3486424670859213
248138,36.793971,26.48369,0.275,-0.10047177800162713,0.3754717780016271
248139,37.573433,24.79131,0.271,-0.12586789743893007,0.3968678974389301
248140,36.258588,31.34773,0.276,-0.07794361954059713,0.35394361954059717
248141,36.281305,29.54742,0.277,-0.015555335544869368,0.2925553355448694
248142,46.922538,26.41264,0.188,-0.02979726791836031,0.21779726791836032
248143,50.820497,36.42528,0.122,0.11368622020828052,0.008313779791719475
248144,53.650486,41.14667,0.075,-0.025346941178803824,0.10034694117880383
248146,14.550065,-5.682,0.416,-0.08350590559968583,0.49950590559968583
248147,15.20251,-7.15962,0.413,-0.10591873827876722,0.5189187382787672
248148,14.934869,-4.34152,0.414,-0.08652270445527015,0.5005227044552701
248149,15.26164,-9.08237,0.412,-0.01636535854392814,0.4283653585439281
248150,15.28859,-9.53455,0.412,-0.14142957735813824,0.5534295773581382
248151,14.697375,-8.41304,0.415,-0.10897047113647279,0.5239704711364728
248152,15.051386,-10.13278,0.412,-0.03389838463363977,0.44589838463363973
248153,15.386031,4.76525,0.408,-0.01054249816270212,0.4185424981627021
248154,15.95158,-13.09319,0.405,-0.004024079017996716,0.40902407901799676
248155,16.867255,-11.9277,0.403,-0.08791992063201891,0.49091992063201895
248156,15.620237,-13.13612,0.407,-0.24894751472190094,0.6559475147219009
248157,16.144123,-12.10467,0.406,-0.3555419600198824,0.7615419600198825
248322,-38.28025,-3.00112,0.487,-0.10930866734561608,0.596308667345616
248324,-39.325303,-12.22317,0.566,0.07090954148424965,0.4950904585157503
248326,-36.520085,19.98257,0.353,-0.2027786014296177,0.5557786014296177
248327,-35.133146,11.90684,0.395,-0.08374896254151683,0.47874896254151683
248328,-30.079409,22.49757,0.382,-0.09978261112197566,0.4817826111219757
248329,-23.046809,-12.43233,0.543,0.17811867530372893,0.3648813246962711
248650,16.432734,68.45189,0.709,0.12460995336692955,0.5843900466330704
248651,28.607514,59.62084,0.462,-0.022202824098555785,0.4842028240985558
248652,25.229542,71.75356,0.662,-0.5143229992716843,1.1763229992716844
248653,40.592864,46.36527,0.243,-0.20272752664708255,0.44572752664708254
248654,-3.503066,17.25829,0.44,-0.04634904086161847,0.48634904086161845
248655,-4.701076,10.86001,0.448,0.019772235862768342,0.4282277641372317
248656,-6.623758,10.09683,0.451,-0.09491092926570456,0.5459109292657046
248657,-11.963348,-8.41278,0.503,-0.02852056167400454,0.5315205616740045
248658,-7.885448,-5.75965,0.487,-0.02721267508075117,0.5142126750807512
248660,-6.569703,-11.80001,0.496,-0.10247177694019767,0.5984717769401977
248661,-5.366737,-9.1909,0.488,0.05460267769864486,0.43339732230135514
248662,-5.346208,-11.96307,0.492,-0.006586095374624511,0.4985860953746245
248663,-1.307934,-7.86135,0.473,0.002135660574769531,0.4708643394252304
248664,4.006263,-9.57209,0.457,-0.0006099397662047765,0.4576099397662048
248665,2.258912,-13.13559,0.465,-0.011348953514219265,0.4763489535142193
248666,15.333806,13.98744,0.401,-0.062351792631884013,0.46335179263188403
248667,15.345127,15.39073,0.401,-0.08835941313051825,0.4893594131305183
248668,13.069361,17.57324,0.408,7.812224432111942e-05,0.40792187775567884
248669,15.734814,14.49556,0.4,0.05637082536749258,0.3436291746325074
248670,10.240955,28.21924,0.422,0.6611470093964039,-0.23914700939640393
249039,-50.912666,24.61202,0.223,-0.0766721559223483,0.2996721559223483
249041,-35.17418,29.55163,0.346,-0.15279092820078444,0.4987909282007844
249043,-34.658545,23.85158,0.354,-0.12189058302177093,0.4758905830217709
249045,-28.222876,20.17124,0.394,-0.033003843443971594,0.42700384344397163
249047,-19.972131,23.24716,0.42,-0.002929937241790552,0.4229299372417905
249053,-5.269098,19.64571,0.44,0.016349411337969005,0.423650588662031
249055,-1.487531,16.90423,0.439,0.039655092874837566,0.39934490712516246
249057,0.389931,13.99367,0.439,-0.048415292226141826,0.4874152922261418
249058,-0.009684,-10.10725,0.472,0.0846187308147747,0.3873812691852253
249059,0.505937,10.33191,0.442,0.07196272100577297,0.370037278994227
249060,-0.364513,20.45186,0.437,-0.020096146795049567,0.45709614679504956
249061,0.284294,23.86943,0.438,0.01964732743560494,0.41835267256439507
249643,39.013821,49.59008,0.272,-0.05349876118819383,0.3254987611881939
249644,39.569138,55.81629,0.292,-0.2286325899028458,0.5206325899028458
249645,2.091317,8.39548,0.442,-0.01407659972531262,0.4560765997253126
249646,1.027469,11.44315,0.44,0.056983001315010266,0.38301699868498973
249647,1.555479,-0.72293,0.456,-0.02112300471156514,0.47712300471156516
249649,3.806099,19.35667,0.431,-0.003912090225989323,0.4349120902259893
249650,12.344976,16.42,0.411,0.03963783984630111,0.3713621601536989
249813,64.340479,52.92028,-0.128,-0.052514622648628446,-0.07548537735137156
249814,64.79474,62.94938,-0.149,-0.2288300836265395,0.07983008362653951
249815,57.517315,67.52356,0.029,-0.09719214157666897,0.12619214157666897
249818,20.440668,30.78547,0.384,-0.13236674743684512,0.5163667474368452
249819,25.156521,21.9336,0.355,-0.07650058433339993,0.4315005843333999
249823,-18.593436,-17.35632,0.55,-0.03330003542494922,0.5833000354249492
250067,-28.586476,2.00757,0.467,0.18970867238972822,0.2772913276102718
250070,-8.101307,-4.86533,0.486,0.017898901175639633,0.46810109882436035
250072,-4.036008,-7.4562,0.481,-0.019220265634277593,0.5002202656342776
250074,-1.241755,-9.87615,0.476,-0.04443222122927154,0.5204322212292716
250076,2.932669,-9.77915,0.461,-0.00785481356330855,0.46885481356330855
250078,6.887662,-9.74324,0.446,-0.016671058205791192,0.4626710582057912
250080,8.193943,-12.5575,0.441,-0.02786686798177024,0.46886686798177024
250082,17.774695,17.09397,0.391,0.07386988879714385,0.31713011120285617
250084,14.81224,-9.88264,0.414,-0.08483690247547547,0.49883690247547546
250085,12.421267,-9.80547,0.424,0.09396636138763664,0.33003363861236334
250189,-44.565277,2.34671,0.424,0.2504023371223102,0.1735976628776898
250190,11.78656,41.98673,0.462,0.09421525103908777,0.36778474896091223
250191,11.658064,44.79323,0.479,-0.033340834352833235,0.5123408343528332
250192,14.645548,48.17281,0.486,-0.018407626292170284,0.5044076262921703
250193,14.340014,53.67195,0.534,-0.06807544163397412,0.6020754416339742
250194,-21.926305,12.36289,0.434,-0.05287164202516875,0.48687164202516875
250195,-12.953474,-7.70753,0.503,0.043987158050855596,0.4590128419491444
250197,-9.413342,-8.35066,0.497,0.001334632595481643,0.49566536740451833
250198,-6.261783,-9.02885,0.49,-0.04853148336472247,0.5385314833647225
250199,-3.864891,-10.59345,0.485,0.024677085548719318,0.46032291445128065
250200,0.003916,-9.54602,0.471,-0.057592992583003044,0.5285929925830031
250226,4.211718,15.2319,0.432,-0.10829632948004167,0.5402963294800417
250227,7.640725,-12.55743,0.443,0.0701808798861292,0.3728191201138708
250228,10.400308,17.09421,0.416,-0.03828951389529439,0.4542895138952944
250229,14.94391,20.21167,0.401,0.01275721357625395,0.3882427864237461
250231,14.229809,-10.10775,0.416,-0.10891573937117394,0.5249157393711739
250233,15.530776,-17.43629,0.4,-0.05361230945463177,0.45361230945463177
250395,11.770244,14.97773,0.413,-0.012842424741721753,0.42584242474172174
250397,11.79657,20.88388,0.412,0.03270368278454361,0.37929631721545637
250398,12.445425,21.23493,0.41,0.0442823239218029,0.36571767607819705
250401,13.33887,21.67302,0.407,-0.08016819587706812,0.4871681958770681
250402,16.310537,14.59754,0.398,-0.016941871041150015,0.41494187104115005
250403,16.005906,12.36307,0.4,-0.21328034692950587,0.6132803469295058
250404,18.472024,7.29379,0.395,0.1356898601214903,0.2593101398785097
250784,4.616995,-7.58928,0.454,0.20349975210223317,0.2505002478977668
250785,10.628745,-11.96334,0.43,0.03351393679926281,0.3964860632007372
250786,10.175947,-14.01627,0.431,0.03177249369907974,0.39922750630092024
250787,13.039826,21.23496,0.408,0.012358923680887602,0.3956410763191124
250788,11.550881,16.94814,0.413,-0.034249664685140915,0.4472496646851409
250789,16.815803,20.83776,0.394,0.020393235217702838,0.37360676478229715
250790,14.817337,18.1423,0.402,-0.06844703527660917,0.4704470352766092
250791,15.903808,17.72722,0.398,-0.08836451830686398,0.486364518306864
250792,18.873741,20.87574,0.385,0.02039406498204918,0.3646059350179508
250933,-22.344029,18.27205,0.419,0.13370686849241734,0.2852931315075826
250934,-4.95107,9.04261,0.451,0.05052935374337078,0.4004706462566292
250935,-4.974158,-9.54604,0.487,0.019022529590239253,0.46797747040976073
250936,-0.262282,-12.65935,0.475,0.045008209879171486,0.4299917901208285
250937,1.663081,-10.1973,0.466,-0.04738565353589427,0.5133856535358943
250938,5.996741,-7.4793,0.449,0.03134224463810121,0.4176577553618988
250939,6.382144,-12.09422,0.448,-0.00207518398764027,0.4500751839876403
250940,9.661811,-12.45552,0.434,-0.157204259800872,0.591204259800872
250941,9.617673,-9.18508,0.436,0.1005204739173359,0.33547952608266407
250942,13.609267,-12.14758,0.417,-0.0045762484305872314,0.4215762484305872
250943,16.060064,18.14928,0.397,-0.02050645101392953,0.4175064510139295
250944,14.451424,24.03242,0.404,-0.05759790621399774,0.46159790621399777
250945,14.489504,23.67035,0.404,-0.04316338916201707,0.4471633891620171
250946,15.226019,23.92137,0.401,-0.08185118304312781,0.48285118304312785
250947,17.427762,23.56124,0.392,-0.11354501503086624,0.5055450150308662
250948,14.50599,15.78386,0.404,-0.1495911159125234,0.5535911159125234
250949,20.050579,23.98228,0.38,0.027571660316723392,0.35242833968327664
250950,20.615758,28.16503,0.38,-0.020055807604027837,0.4000558076040278
251132,13.311693,14.12255,0.409,0.09742577548829325,0.31157422451170674
251406,-24.451999,10.48824,0.435,-0.10355569944859967,0.5385556994485997
251412,-28.151251,21.04733,0.393,-0.062148333882933386,0.4551483338829334
251414,-27.223066,23.57888,0.393,0.09408937706942723,0.2989106229305728
251418,-24.85215,19.81126,0.408,0.8147907489153169,-0.4067907489153169
251419,-16.854302,-13.85652,0.533,0.048321204468128674,0.4846787955318714
251422,-9.403563,13.65352,0.445,0.5859813605889173,-0.14098136058891725
251423,-8.685251,10.55388,0.451,0.07425563247366129,0.3767443675263387
251424,-5.447141,-12.14718,0.493,0.214738544135277,0.278261455864723
251425,5.465888,-9.40504,0.452,0.008230844573147385,0.44376915542685264
251426,8.994732,-11.52606,0.438,0.1347140883570421,0.30328591164295793
251427,10.479126,-11.96032,0.431,-0.03626740060453446,0.4672674006045345
251428,15.186261,-13.47336,0.409,-0.059848453067822986,0.46884845306782297
251430,8.545139,18.57551,0.421,0.11850975416169934,0.30249024583830064
251431,4.933522,15.784,0.43,0.0889684002702009,0.3410315997297991
251432,13.005917,20.87584,0.408,0.07866131755648208,0.3293386824435179
251433,16.008387,18.83342,0.397,-0.1491082934948681,0.5461082934948681
251434,19.275443,25.6036,0.385,-0.10852191067415468,0.4935219106741547
251538,-0.119039,65.5702,0.769,0.18293596378984042,0.5860640362101596
251539,14.256708,39.47022,0.439,0.10812093976968838,0.3308790602303116
251540,13.893708,46.19544,0.476,-0.030504863578843137,0.5065048635788432
251541,19.501512,57.20461,0.53,-0.050586259143046645,0.5805862591430466
251542,-16.223732,14.38854,0.439,0.21718789218093487,0.22181210781906513
251544,-9.96932,13.4365,0.446,-0.029493484443943258,0.47549348444394324
251545,-7.650229,12.21227,0.448,0.020012399858331444,0.4279876001416686
251546,-5.601454,9.21164,0.451,-0.01652923896885566,0.4675292389688557
251547,-5.705284,10.20186,0.45,0.0012351989115816024,0.44876480108841843
251548,3.012783,12.63139,0.436,0.02178857098301651,0.4142114290169835
251549,1.690297,9.33568,0.442,0.03552304534106249,0.4064769546589375
251550,6.773631,30.78574,0.437,0.08860018679611413,0.34839981320388586
251551,6.125192,11.61314,0.43,0.0357812645688841,0.3942187354311159
251552,8.621272,14.02661,0.422,0.0734679144520839,0.3485320855479161
251553,8.94543,16.45809,0.42,0.0638370368340792,0.3561629631659208
251554,9.492198,15.65792,0.419,-0.03251326212287914,0.4515132621228791
251555,10.210453,17.88634,0.417,-0.04480405929454105,0.46180405929454105
251556,12.260119,21.30895,0.41,-0.015595770550827665,0.42559577055082765
251557,12.117866,17.73428,0.411,-0.10076364297946229,0.5117636429794623
251558,14.152782,17.37116,0.404,-0.03061230490960475,0.4346123049096048
251559,15.121448,21.46292,0.4,-0.027400850795964632,0.4274008507959647
251560,8.484687,18.83355,0.421,-0.011613396136965647,0.43261339613696564
251561,16.659084,23.58928,0.395,0.04839556658289293,0.3466044334171071
251562,21.26547,18.38516,0.375,0.19280040236415874,0.18219959763584126
251695,-43.542844,0.04808,0.449,0.25440568254815443,0.19459431745184558
251696,13.999254,47.96678,0.488,0.06837433990137984,0.4196256600986201
251697,17.553613,51.5104,0.493,-0.09883983013655916,0.5918398301365592
251698,14.174961,59.0882,0.593,-0.03356106648962206,0.6265610664896221
251699,-6.136168,-5.92067,0.484,0.07232956514018497,0.411670434859815
251700,-11.175009,-5.82476,0.494,0.06892322976760781,0.4250767702323922
251702,1.478853,19.41068,0.435,0.050711072763101196,0.3842889272368988
251704,1.207403,15.85503,0.436,0.04816553437463815,0.38783446562536183
251705,2.883574,15.40794,0.434,0.03510389605976153,0.39889610394023844
251706,4.044414,13.2435,0.433,-0.01720218215291226,0.45020218215291224
251707,4.188825,15.57796,0.432,-0.0017583978204731092,0.4337583978204731
251708,7.300281,18.13243,0.424,-0.02229968636303601,0.446299686363036
251709,9.126737,20.50985,0.419,-0.05284614616385061,0.47184614616385057
251710,10.856767,19.03955,0.415,-0.031004807988780733,0.4460048079887807
251711,12.935126,21.37695,0.408,-0.002842139370692997,0.41084213937069297
251712,14.563485,24.60252,0.404,-0.05486816053552975,0.45886816053552976
251713,12.945544,20.88886,0.408,-0.06941013245173125,0.47741013245173125
251714,14.255187,20.43875,0.404,-0.05391404368559047,0.4579140436855905
251715,14.324002,24.83256,0.405,-0.07148754900024053,0.47648754900024054
251716,8.32006,23.58941,0.423,-0.13584698500466205,0.558846985004662
251717,15.225345,23.98237,0.401,0.004636893280253489,0.39636310671974656
251718,14.052431,23.46031,0.405,0.017755734432379246,0.38724426556762076
251719,21.243539,21.37175,0.375,0.025999673070336283,0.3490003269296637
251720,22.470177,18.17205,0.37,-0.07508034798721683,0.44508034798721685
251941,-25.504371,-3.77707,0.501,0.03385462534120374,0.46714537465879624
251942,-14.70818,-6.48214,0.503,0.05446692338615812,0.4485330766138419
251944,-7.313787,-9.84519,0.495,0.035143041095264546,0.45985695890473544
251946,-3.280414,-10.61146,0.483,-0.05913361886412289,0.5421336188641229
251948,-0.023055,-9.32092,0.471,0.01194404815980079,0.4590559518401992
251950,5.82303,-10.77564,0.451,0.12055163086111556,0.3304483691388844
251957,14.074075,22.91222,0.405,-0.027161185107890083,0.4321611851078901
251959,13.097682,26.46487,0.411,-0.04887369220728934,0.4598736922072893
251960,14.202218,26.23682,0.406,-0.06210481858652426,0.4681048185865243
251961,15.771891,24.39045,0.399,-0.034976913548859324,0.43397691354885937
251962,14.165394,28.01814,0.409,-0.05217954856946123,0.4611795485694612
251963,16.835995,29.76839,0.4,-0.05368300035312432,0.45368300035312437
251964,18.123634,26.69379,0.391,-0.05291743741173738,0.4439174374117374
251966,18.113399,-11.29442,0.398,-0.1659864594058628,0.5639864594058628
252069,-43.793583,5.73199,0.398,0.06226941737389656,0.33573058262610345
252070,-31.580307,-9.3408,0.538,0.06702229826324693,0.47097770173675313
252072,-20.530657,-10.17799,0.528,-0.035697558037110465,0.5636975580371105
252074,-11.699676,-9.64125,0.506,-0.03579278892906868,0.5417927889290687
252076,-8.563508,-10.0323,0.499,0.012915291450812539,0.48608470854918745
252078,-2.496439,-11.49083,0.482,-0.004187657592788183,0.48618765759278815
252080,-2.299452,-10.77552,0.48,0.02896728927916916,0.45103271072083084
252081,5.795897,-13.42182,0.45,-0.012140602012379816,0.46214060201237983
252082,8.029874,-14.00017,0.44,-0.03881891110717066,0.4788189111071707
252083,13.05206,23.66738,0.409,0.022711637325630616,0.38628836267436933
252084,10.299565,24.95464,0.418,-0.03514730927455919,0.45314730927455915
252085,13.906513,27.66508,0.409,-0.08884518241950004,0.49784518241950004
252086,12.169048,30.71067,0.42,-0.015537660051746265,0.43553766005174627
252087,11.660994,29.7785,0.42,0.06392294101314853,0.35607705898685144
252088,15.021859,-12.01763,0.411,-0.04756173573463789,0.4585617357346379
252089,14.702348,-14.14662,0.41,-0.014175265506972293,0.42417526550697227
252090,17.725286,-14.78516,0.394,-0.08068136152003598,0.474681361520036
252091,14.472516,-16.30365,0.408,-0.08789536743891677,0.4958953674389167
252092,21.053738,-14.042,0.379,-0.06716063537441758,0.4461606353744176
252214,-21.167068,1.64908,0.476,-0.08067437053478892,0.5566743705347889
252215,-7.090431,10.69396,0.45,0.022958560470879578,0.42704143952912044
252217,-4.895617,15.88803,0.442,0.004921882082893577,0.43707811791710643
252218,-0.067305,19.79175,0.437,0.06205484172288423,0.3749451582771158
252219,1.17237,18.54553,0.435,0.020699546749178826,0.41430045325082115
252220,3.304519,18.17446,0.432,0.0036005610629838885,0.4283994389370161
252221,5.207535,17.80438,0.429,0.013021816086430008,0.41597818391357
252222,6.7313,20.52187,0.425,-0.017014264055478897,0.4420142640554789
252223,6.372908,28.16623,0.433,0.05670394493165322,0.3762960550683468
252224,8.538562,28.31426,0.428,0.030218780036333787,0.3977812199636662
252225,15.946834,31.20767,0.406,0.08339872271162245,0.32260127728837756
252226,8.821213,-14.91364,0.436,-0.16900568193296212,0.6050056819329621
252228,12.822508,-15.81332,0.416,-0.032868312997529396,0.4488683129975294
252229,15.300169,-13.55534,0.408,-0.1073528309419372,0.5153528309419372
252232,18.601178,-13.58662,0.392,-0.057174395598629975,0.44917439559863
252234,15.491877,-16.30372,0.403,-0.2844456737441335,0.6874456737441335
252235,22.966166,-15.4749,0.367,-0.023200551234992088,0.3902005512349921
252236,20.449568,-17.37765,0.375,-0.3141723723770755,0.6891723723770755
252340,-41.035735,2.69647,0.434,0.11668568336595314,0.31731431663404686
252341,-26.516733,-9.11009,0.532,0.025210455106166665,0.5067895448938333
252344,-11.249755,-8.02258,0.501,-0.05137459772743789,0.5523745977274379
252346,-8.536645,-7.03412,0.492,0.040532810260369805,0.4514671897396302
252347,-6.400819,-8.22353,0.489,-0.007909056572063885,0.49690905657206386
252348,-3.58687,-10.0002,0.483,-0.0431579091185766,0.5261579091185766
252349,-0.618457,-10.17827,0.474,0.012693479672020962,0.46130652032797903
252350,2.214777,-12.65638,0.465,0.021276364479274605,0.4437236355207254
252351,5.505063,-10.32542,0.452,-0.05073217561521224,0.5027321756152122
252352,6.823458,-10.94473,0.447,-0.06934761905678172,0.5163476190567817
252353,8.894426,-11.29295,0.438,-0.015536811591542786,0.4535368115915428
252354,10.831971,-11.59918,0.43,-0.03696492574047329,0.46696492574047327
252355,11.753817,-12.29856,0.425,0.10880869338618723,0.3161913066138128
252356,6.918093,-16.26021,0.444,-0.12462642223509338,0.5686264222350934
252357,9.088127,-14.81759,0.435,0.03649996661290439,0.3985000333870956
252358,11.391956,-15.52207,0.423,0.09622577615133877,0.3267742238486612
252359,17.013769,-12.24687,0.402,-0.01627719850932637,0.4182771985093264
252360,17.084214,-14.3079,0.398,-0.03481312880643333,0.43281312880643336
252361,14.426541,-16.83697,0.407,-0.18513846541932888,0.5921384654193289
252363,24.270132,-8.63986,0.372,-0.14958505479891465,0.5215850547989147
252512,-42.651901,8.45102,0.382,-0.044063027455269785,0.4260630274552698
252513,10.978501,55.70146,0.575,0.07156162953400126,0.5034383704659987
252515,14.696667,59.41827,0.593,-0.1103983085382857,0.7033983085382857
252516,-19.159014,17.35905,0.428,-0.1386165625761274,0.5666165625761274
252518,-8.941933,10.65192,0.45,0.01269796800963731,0.4373020319903627
252520,-5.853394,11.56516,0.448,-0.006040071951179394,0.4540400719511794
252522,-0.560718,8.59953,0.446,-0.006667033086530507,0.4526670330865305
252523,2.248056,9.58474,0.44,0.10406465478410352,0.33593534521589646
252524,2.28597,10.15886,0.44,0.028029828495734654,0.41197017150426535
252525,6.338828,12.8584,0.429,0.012301221465529094,0.4166987785344709
252526,7.278614,14.31769,0.426,-0.057939443569104056,0.48393944356910407
252527,8.315125,14.63474,0.423,-0.036502971083681994,0.459502971083682
252528,8.915856,16.14203,0.421,0.05116376952604694,0.36983623047395303
252529,9.749926,15.5359,0.419,0.00706167619862687,0.41193832380137313
252530,11.676546,16.63407,0.412,0.012837963840125364,0.3991620361598746
252532,-0.210621,16.88423,0.438,0.04818637531197682,0.38981362468802316
252534,15.94156,13.03522,0.4,-0.13582647370470513,0.5358264737047052
252535,19.84215,16.17074,0.383,-0.16823057638078306,0.5512305763807831
252536,19.093528,15.70669,0.386,-0.1346286876964643,0.5206286876964643
252537,18.856581,17.16193,0.386,-0.08825695574775316,0.4742569557477532
252644,-38.749246,-0.34627,0.465,0.07605887415011003,0.38894112584989
252645,-32.176232,-3.52556,0.498,-0.016614890590105652,0.5146148905901057
252647,-26.947993,-1.11409,0.487,-0.15329407872703202,0.640294078727032
252649,-21.851839,-1.39381,0.489,-0.10175091596179767,0.5907509159617976
252650,-30.137824,15.315,0.4,-0.10603653451423044,0.5060365345142305
252651,-26.906368,20.43034,0.399,-0.07421498472363419,0.4732149847236342
252652,-17.414652,-10.52498,0.523,0.08847629305911765,0.4345237069408824
252654,-14.209365,22.95022,0.433,-0.02857111351299223,0.46157111351299224
252655,0.425325,12.88545,0.44,0.009870791274188466,0.43012920872581156
252657,3.29657,16.75219,0.433,0.05904798845057109,0.3739520115494289
252658,5.401665,18.23146,0.428,0.023531995415922678,0.40446800458407733
252659,8.991538,17.75433,0.42,-0.07692078007009816,0.49692078007009816
252660,10.653612,19.27859,0.415,-0.019068159936380478,0.4340681599363805
252661,10.368767,19.85971,0.416,0.01004995417523268,0.4059500458247673
252663,13.049751,18.57941,0.408,0.09058960719233021,0.31741039280766975
252664,16.341258,19.17943,0.396,0.023571810004493914,0.3724281899955061
252666,13.233882,19.80564,0.407,0.026826557148559877,0.3801734428514401
252668,24.566401,25.50435,0.357,-0.0450615462779939,0.4020615462779939
253001,-38.147986,20.27953,0.342,-0.019337060256462736,0.3613370602564628
253004,-33.214123,13.24139,0.396,-0.10542179279788104,0.501421792797881
253006,-24.972305,12.82586,0.426,-0.015535651841452714,0.4415356518414527
253025,-13.792961,27.05196,0.436,0.009053369143078192,0.4269466308569218
253026,13.538715,27.6651,0.411,0.1433916017999204,0.2676083982000796
253027,19.893016,24.14029,0.381,-0.09494886528966763,0.4759488652896676
253028,12.076931,27.84914,0.416,-0.041095856143450425,0.4570958561434504
253029,15.165822,25.54866,0.402,-0.03733476087166422,0.43933476087166423
253030,16.521424,25.05855,0.396,0.041030249660551785,0.3549697503394482
253031,17.690588,24.58243,0.391,0.004641954764494657,0.3863580452355054
253032,16.880135,23.96733,0.394,0.06565207875863395,0.3283479212413661
253034,17.887104,30.80056,0.397,-0.07614948371105386,0.47314948371105386
253035,22.695627,21.56367,0.367,-0.05813293775002238,0.42513293775002237
253036,-41.618573,65.72854,0.619,-0.2530626374579856,0.8720626374579856
253142,15.47308,58.27997,0.574,0.21635703094612824,0.3576429690538717
253143,17.821344,65.97601,0.656,-0.19295361732100477,0.8489536173210048
253144,-45.961216,24.38252,0.269,-0.10497411366584918,0.3739741136658492
253148,-31.3686,23.81977,0.373,-0.04934625510022407,0.42234625510022406
253150,-32.780053,19.27772,0.375,-0.13936220610670508,0.514362206106705
253151,-28.615691,14.23993,0.41,-0.027737569261022835,0.4377375692610228
253152,-21.727438,22.43995,0.415,-0.0071873576512624816,0.4221873576512625
253153,-16.524556,11.12984,0.446,-0.027765835195932655,0.4737658351959327
253155,-12.208579,15.53587,0.441,-0.09144105274045976,0.5324410527404597
253160,12.833408,29.13636,0.415,-0.14962426088721698,0.564624260887217
253161,3.170648,15.685,0.433,-0.06942792886867588,0.5024279288686759
253162,4.47795,10.53993,0.435,0.0769359979438792,0.35806400205612077
253163,4.070656,14.88283,0.432,-0.022981688383790496,0.4549816883837905
253164,9.000649,17.93737,0.42,-0.04523586647734523,0.4652358664773452
253165,10.798641,21.65704,0.415,-0.06778207247604247,0.48278207247604243
253166,10.217406,21.23497,0.417,0.018464594004237292,0.3985354059957627
253167,10.704706,23.92146,0.416,-0.10786625252503013,0.5238662525250302
253168,6.088108,23.96748,0.428,0.024564671670393255,0.4034353283296067
253169,12.809799,27.08198,0.412,0.0763014417153201,0.33569855828467987
253170,10.43249,25.50475,0.419,-0.05624042418814204,0.47524042418814205
253171,16.504852,27.38096,0.398,0.03528199193717728,0.3627180080628227
253172,11.553041,-14.43656,0.424,-0.07822744874463984,0.5022274487446399
253173,15.595061,-17.68749,0.399,0.08995209132848146,0.30904790867151855
253174,28.437323,18.22777,0.339,-0.10634918689252033,0.44534918689252034
253646,-50.212228,28.54082,0.217,-0.12023170154756092,0.33723170154756094
253798,6.091268,4.70451,0.437,0.015661355848974566,0.42133864415102545
253958,-35.370488,-8.62026,0.534,0.21019046015110354,0.3238095398488965
253959,-32.533407,-9.28105,0.538,0.04760483335665607,0.490395166643344
253961,35.053307,47.96595,0.312,-0.15662648140667376,0.46862648140667373
253962,24.970592,75.01874,0.723,-0.612563248816203,1.335563248816203
253963,45.053703,61.57906,0.241,-0.11675883363771253,0.35775883363771255
253964,50.910034,55.29402,0.116,-0.07951868393981049,0.19551868393981048
253965,6.765053,11.06902,0.429,-0.03912991802419322,0.46812991802419324
253966,5.46286,8.11336,0.435,-0.03201484496569941,0.4670148449656994
253976,25.662704,-7.95482,0.366,-0.14434768190570482,0.5103476819057048
253980,-77.926602,61.29422,-0.116,0.29635903696719834,-0.41235903696719833
254153,-27.170578,8.11243,0.439,0.052227806214424494,0.3867721937855755
254155,-21.436883,7.76384,0.451,0.0024771376555376024,0.4485228623444624
254374,-33.721287,5.06515,0.439,-0.010409793489529697,0.4494097934895297
254375,-16.009846,-6.7153,0.506,0.10927714417680427,0.3967228558231957
254377,-10.022788,-10.38449,0.504,-0.03491273591825809,0.5389127359182581
254378,-28.352034,18.77587,0.397,-0.1663395270887451,0.5633395270887451
254379,-23.489974,15.53453,0.422,-0.05822589310184698,0.480225893101847
254380,-17.57503,-10.7761,0.524,0.07448365269015206,0.44951634730984796
254381,-15.306521,21.03084,0.432,0.11554515152023381,0.3164548484797662
254382,-2.984529,11.46615,0.446,-0.003948307518901446,0.44994830751890147
254384,4.116876,11.67017,0.435,0.021189536764913915,0.4138104632350861
254386,1.373802,10.69799,0.441,-0.0038353313919609862,0.44483533139196096
254387,2.581988,13.26652,0.436,0.03951699447680483,0.39648300552319515
254388,2.559052,-10.11026,0.463,0.0668520329484432,0.3961479670515568
254389,-0.193242,-14.21908,0.475,0.02747749614225678,0.44752250385774317
254392,9.409824,-11.48204,0.436,-0.16458984805688953,0.6005898480568895
254393,10.372972,-13.74213,0.43,-0.019349561146469317,0.4493495611464693
254394,13.573621,-16.86489,0.411,-0.05202585730067404,0.463025857300674
254395,24.487623,-17.29612,0.354,0.14221573493476333,0.21178426506523665
254396,34.963902,-9.85199,0.316,0.08333786375676681,0.23266213624323318
254398,-53.050184,33.75462,0.177,-0.03463635904974635,0.21163635904974634
254399,-48.380657,36.8609,0.234,-0.06608234609129,0.30008234609129003
254400,-43.172444,28.3847,0.284,-0.05587117765465744,0.3398711776546574
254583,-37.757137,-6.69556,0.518,0.014264912037480681,0.5037350879625193
254584,-21.200776,-10.61625,0.531,0.1744817500371716,0.35651824996282844
254586,-14.07415,-8.70397,0.509,-0.03061135107929384,0.5396113510792938
254588,-8.274314,-10.38445,0.499,0.06349326571037268,0.43550673428962733
254589,1.102208,-7.57325,0.466,-0.08379628253225241,0.5497962825322524
254591,-0.825545,-11.2007,0.476,-0.005815697264894916,0.48181569726489487
254592,-54.404683,-5.76324,0.481,0.19698491653281786,0.28401508346718213
254594,-5.525888,17.3773,0.441,-0.19500523157035246,0.6360052315703525
254595,6.402042,11.67016,0.43,-0.14544502198190687,0.5754450219819068
254596,9.467195,15.79995,0.419,0.05916951080035476,0.3598304891996452
254598,8.613249,16.18703,0.421,0.01176679424951524,0.4092332057504847
254600,7.108954,11.34208,0.428,0.10292991071120015,0.3250700892887998
254603,7.399958,19.31664,0.424,-0.3385855990466818,0.7625855990466818
254696,-31.989106,-4.28276,0.503,0.010121188747703737,0.49287881125229627
254697,-26.360239,-7.47945,0.522,-0.06136829556991335,0.5833682955699133
254698,-21.412757,-10.61233,0.531,-0.06624529873838306,0.5972452987383831
254699,-18.800844,-1.78377,0.49,-0.12137714401537875,0.6113771440153788
254700,-16.335633,0.9082,0.479,-0.011492452107830592,0.49049245210783055
254701,-24.731195,23.66702,0.404,0.15528941052917605,0.24871058947082397
254702,-24.994273,11.29744,0.431,0.044438621181208456,0.38656137881879155
254703,-23.431961,13.8271,0.427,-0.041803004773024406,0.4688030047730244
254704,-0.958648,-11.2007,0.476,-0.0769830000574516,0.5529830000574516
254705,-16.310605,21.87497,0.43,0.0006599152555279335,0.42934008474447205
254706,-15.153551,25.84872,0.433,-0.026345206254766686,0.45934520625476666
254707,-12.70796,18.15335,0.438,0.1312620149113757,0.30673798508862427
254708,-12.912868,16.63406,0.439,-0.032641836366452535,0.4716418363664525
254709,-8.092212,-13.54288,0.504,0.005700327961528475,0.49829967203847153
254710,-4.90826,13.53856,0.445,0.15889913413091072,0.2861008658690893
254711,0.945858,21.78709,0.436,0.08772335575694352,0.3482766442430565
254712,2.18421,19.37968,0.434,0.04869666477374873,0.38530333522625126
254713,2.664164,18.9616,0.433,0.03200471468821452,0.40099528531178547
254714,5.649658,15.01585,0.429,0.08636267712592191,0.3426373228740781
254715,9.09854,25.01166,0.422,-0.010548734776419854,0.43254873477641986
254716,8.382106,27.57813,0.427,-0.07169159999412304,0.49869159999412305
254717,9.376671,22.10314,0.419,0.004503479915131366,0.4144965200848686
254718,8.851765,12.85237,0.423,0.10374273507354283,0.3192572649264572
254719,13.694777,-6.46921,0.419,0.06464496106413695,0.35435503893586306
254720,14.087004,-7.9488,0.418,-0.17537639674364378,0.5933763967436437
254721,16.693083,-11.05429,0.404,0.20263209614010733,0.2013679038598927
254722,15.239192,-14.37572,0.407,-0.2791881600121491,0.6861881600121491
254723,17.904745,-17.55557,0.388,0.08458606539125622,0.3034139346087438
254724,17.556555,-12.11381,0.399,-0.1680300321440711,0.5670300321440711
254725,22.623809,-14.97367,0.37,-0.21282138607214587,0.5828213860721458
254726,22.987045,-9.42511,0.377,-0.12856580028392553,0.5055658002839255
254727,15.811139,-12.01372,0.407,-0.04524002190681956,0.45224002190681956
254729,28.345745,-12.58022,0.346,-0.14258351138009787,0.4885835113800978
254850,-37.010569,-9.8478,0.545,-0.05356033742871614,0.5985603374287162
254851,-24.010391,-11.90508,0.543,0.06596782370744031,0.47703217629255973
254854,-13.960287,-13.5861,0.523,-0.04960866135785697,0.572608661357857
254856,-9.151609,-11.46593,0.503,-0.04823555206783403,0.551235552067834
254858,-7.356615,-11.20077,0.497,-0.02955020913376188,0.5265502091337618
254860,0.81313,-11.48884,0.47,0.0944904514830297,0.37550954851697027
254862,6.432477,-11.17783,0.448,0.06269427743141022,0.3853057225685898
254864,10.96422,-13.16594,0.428,-0.023772086397079523,0.4517720863970795
254867,7.899917,-15.91212,0.439,-0.013866135251361877,0.4528661352513619
254870,9.202892,-14.9577,0.434,0.11420720304173461,0.3197927969582654
254872,11.68527,-16.05139,0.421,-0.14925702045434122,0.5702570204543412
254874,15.815353,-12.01371,0.407,-0.032631673025371295,0.43963167302537126
254876,29.775342,-17.84088,0.324,-0.34189310071893564,0.6658931007189357
254997,-18.020532,6.64766,0.458,-0.020053337426614817,0.4780533374266148
255000,-4.348899,9.78578,0.449,-0.06372818808307634,0.5127281880830763
255002,1.952193,11.32512,0.439,-0.009226212490542486,0.4482262124905425
255004,0.874356,21.27701,0.436,0.0817492133888544,0.3542507866111456
255006,3.903095,-13.16564,0.458,0.016333530518812662,0.4416664694811874
255008,2.788966,-17.79293,0.461,-0.03417028226790221,0.4951702822679022
255011,16.435492,19.31647,0.395,0.027897962594182632,0.36710203740581737
255012,16.516583,21.31784,0.395,-0.08519264950157227,0.48019264950157226
255014,19.457515,15.2045,0.385,-0.11371070455650116,0.4987107045565012
255016,13.479269,-13.49623,0.416,-0.12662452293365273,0.5426245229336527
255018,21.635522,-16.60146,0.371,-0.04109731347851173,0.41209731347851175
255163,-33.507533,17.10109,0.379,-0.0659291365157218,0.4449291365157218
255165,-20.392134,13.76827,0.434,-0.04909358531281164,0.48309358531281166
255167,-15.402973,-13.58623,0.528,-0.12324232770663528,0.6512423277066353
255169,-16.098434,7.38494,0.457,-0.08764089015133975,0.5446408901513398
255171,-24.596126,-8.10857,0.524,-0.028436450344304025,0.552436450344304
255172,-5.975328,-11.05268,0.493,-0.0844789368695982,0.5774789368695982
255174,-55.073015,-5.76319,0.479,-0.012607567188592921,0.4916075671885929
255176,-16.456192,25.05557,0.429,-0.050928539891553506,0.4799285398915535
255177,-16.38957,22.24604,0.429,-0.08572576747578065,0.5147257674757806
255178,6.08284,15.3159,0.428,0.005580804542839235,0.4224191954571608
255179,9.748563,14.80473,0.419,-0.029041649070972776,0.44804164907097277
255180,8.613938,18.15341,0.421,0.022526524781181913,0.3984734752188181
255181,11.006475,21.83906,0.414,-0.03760784403579734,0.45160784403579735
255183,14.554874,21.65695,0.403,-0.061959050187132034,0.4649590501871321
255184,15.864006,20.03661,0.398,-0.04407940887546796,0.442079408875468
255186,19.582325,15.01851,0.384,-0.11811763655597575,0.5021176365559757
255187,18.35301,15.2126,0.389,-0.17670394541360776,0.5657039454136078
255188,20.990483,18.83322,0.376,-0.027674676790731958,0.40367467679073193
255189,6.244653,-16.60039,0.446,-0.08074045529134107,0.5267404552913411
255191,-28.844984,69.02652,0.804,-0.4150010681850261,1.219001068185026
255360,-37.029104,-6.88854,0.52,0.08913790558725297,0.43086209441274703
255362,-29.935498,-10.03396,0.541,-0.09316476447211414,0.6341647644721142
255363,-25.71986,-13.19095,0.553,0.11401681675328824,0.4389831832467118
255365,-27.945707,19.35707,0.397,-0.1564454958995582,0.5534454958995583
255366,-22.987812,16.24366,0.421,-0.04274059002255564,0.46374059002255563
255367,-16.21288,-11.50933,0.523,0.06485220443531318,0.4581477955646868
255370,-1.844873,12.02427,0.444,-0.01784795461110425,0.4618479546111043
255372,5.990235,25.49675,0.43,0.08571425398235065,0.34428574601764933
255374,9.866218,25.01765,0.42,0.03662821662358372,0.38337178337641625
255376,13.271214,21.35593,0.407,-0.030544571813146258,0.4375445718131462
255378,9.671039,23.18332,0.419,-0.07752168412936339,0.49652168412936337
255380,12.770342,17.3382,0.409,0.0027592091673162493,0.4062407908326837
255381,10.595911,18.94153,0.415,0.06195633893756657,0.3530436610624334
255382,12.979649,19.26254,0.408,0.00012301663298926353,0.4078769833670107
255384,-42.138007,65.72844,0.613,-0.31730582705995175,0.9303058270599518
255385,-36.28796,69.02604,0.746,-0.21981753971068296,0.965817539710683
255387,-38.171226,63.38031,0.61,-0.36525271817529287,0.9752527181752928
255388,-36.695451,65.74296,0.671,-0.40037481249557,1.07137481249557
255389,40.256697,-9.97651,0.288,0.005074889204890476,0.2829251107951095
255591,-37.323259,-13.02029,0.571,0.18354423842988982,0.38745576157011014
255592,-17.30701,-6.82341,0.508,0.05970773974146551,0.4482922602585345
255594,-15.787158,-13.58628,0.529,0.06683514888116938,0.46216485111883066
255595,-16.292035,-8.94119,0.514,-0.03191883044462245,0.5459188304446224
255597,-5.696399,-12.49731,0.494,0.05076361708977972,0.4432363829102203
255599,-1.643869,-12.97749,0.48,0.05014841694732012,0.42985158305267984
255601,3.306123,-10.55448,0.46,0.01357576368993814,0.4464242363100619
255603,6.7075,-12.2193,0.447,-0.030833950955424093,0.4778339509554241
255605,11.450991,-10.89994,0.427,-0.08122215104888265,0.5082221510488827
255607,5.566218,-14.59537,0.451,0.03682738802810907,0.4141726119718909
255609,11.823539,-15.12994,0.422,-0.09237761893725663,0.5143776189372566
255611,12.693368,-15.62724,0.417,-0.006351798709762451,0.4233517987097624
255612,16.397137,-16.41992,0.398,-0.008645558723101817,0.4066455587231018
255614,10.546305,-13.5671,0.43,-0.05685405510046888,0.48685405510046886
255616,25.499779,-17.84057,0.347,-0.30691804612119106,0.6539180461211911
255720,-33.028856,-12.46244,0.561,0.17219983690383636,0.3888001630961637
255721,-14.403855,-9.74742,0.513,0.12334667194841961,0.38965332805158037
255723,-24.53763,4.32569,0.461,-0.04443520179246807,0.5054352017924681
255724,-11.205659,-8.8289,0.503,-0.0011712086441298232,0.5041712086441298
255726,-2.193528,14.01267,0.442,-0.007419124674718547,0.44941912467471856
255727,0.276504,12.94146,0.44,0.00930863005919977,0.4306913699408002
255728,1.600042,15.29692,0.436,0.02937987663050594,0.40662012336949405
255729,3.632024,15.72499,0.433,0.005921043002739886,0.4270789569972601
255731,1.942008,25.4967,0.437,-0.013160121141128345,0.45016012114112836
255732,10.165141,18.7765,0.417,0.03671243731767886,0.3802875626823211
255733,11.308038,17.92233,0.413,-0.057280373821453984,0.47028037382145393
255734,11.192153,17.2142,0.414,-0.032260129845939706,0.44626012984593966
255735,13.523913,19.76164,0.406,0.0161521620302595,0.38984783796974054
255736,14.295865,24.59652,0.405,-0.05998226403037787,0.4649822640303779
255737,13.945387,26.14381,0.407,-0.07108787263262954,0.47808787263262953
255738,13.309915,26.74693,0.41,-0.004616565581440515,0.4146165655814405
255739,13.779908,30.10353,0.413,-0.081822940270815,0.49482294027081497
255740,13.352717,26.62591,0.41,0.1036217858613474,0.30637821413865257
255741,11.816696,24.74459,0.413,-0.06460744934581665,0.4776074493458166
255742,13.97929,22.8962,0.405,-0.08315975218325214,0.48815975218325214
255743,17.870809,26.16572,0.391,-0.09329093552554901,0.484290935525549
255744,25.971231,29.79208,0.351,-0.0028221962430223266,0.3538221962430223
255745,14.259064,-17.83942,0.406,-0.07392364183711927,0.47992364183711933
255747,-40.247641,46.08737,0.364,-0.13383419410368202,0.497834194103682
255748,-36.895267,65.74296,0.669,-0.4270430980763617,1.0960430980763618
255851,-32.551904,-6.1218,0.516,0.16491788568158094,0.35108211431841907
255852,-34.129013,13.63431,0.391,-0.08331333732541595,0.474313337325416
255853,-12.66547,-9.74738,0.509,0.14058680706761234,0.36841319293238767
255854,-14.08095,-7.74059,0.506,0.07007242192033654,0.4359275780796635
255856,-10.008164,-10.18241,0.503,0.061603071181373634,0.44139692881862636
255857,-6.288207,-9.32397,0.491,-0.024370018219189216,0.5153700182191892
255858,-3.700656,-12.22016,0.487,-0.09495705716332135,0.5819570571633214
255859,-3.475292,-12.62334,0.486,-0.003493616275503991,0.489493616275504
255863,1.956374,-13.64183,0.466,-0.026807316288944488,0.49280731628894453
255865,7.902375,-12.39943,0.442,-0.10558111491770868,0.5475811149177087
255866,10.50242,-12.90878,0.43,-0.0598379464999264,0.4898379464999264
255867,15.878111,15.90281,0.399,0.19577738448716644,0.20322261551283358
255869,12.661872,19.83466,0.409,0.0637883079992146,0.3452116920007854
255873,13.085765,-9.31334,0.421,-0.048285115343239704,0.4692851153432397
255874,12.29431,-15.87234,0.419,0.005750561188102156,0.41324943881189785
255875,14.676862,-16.41774,0.406,-0.11583267459726819,0.5218326745972682
255880,9.679618,-13.14686,0.434,0.010527228444748684,0.4234727715552513
255881,11.036703,-15.70314,0.425,-0.11251234533835648,0.5375123453383565
255882,21.545928,-17.26878,0.37,-0.02956865770028361,0.3995686577002836
255883,-39.225406,50.00312,0.408,-0.14984423627107274,0.5578442362710727
255884,-29.792613,52.00213,0.509,-0.1783981443238356,0.6873981443238356
255885,47.721908,20.66939,0.197,0.054170046817977276,0.14282995318202274
256133,-27.295558,-11.8206,0.548,-0.014524395793181356,0.5625243957931814
256134,-16.774584,-10.94006,0.523,0.06461682019179034,0.4583831798082097
256136,-12.294638,-8.61785,0.505,-0.031327853070857746,0.5363278530708577
256138,-8.122854,-13.35275,0.504,-0.03199711143586076,0.5359971114358608
256139,-1.281138,-12.08909,0.478,-0.06229027287185745,0.5402902728718574
256140,2.496451,-9.49902,0.462,-0.03034974880237226,0.49234974880237226
256141,3.772693,-10.03227,0.458,0.0482718704260603,0.4097281295739397
256142,6.843555,-10.52455,0.446,0.03278397041381771,0.4132160295861823
256143,1.572398,-12.90846,0.468,0.020857944625496793,0.44714205537450324
256144,11.865961,16.68409,0.412,0.03542642154772943,0.3765735784522706
256145,9.492342,19.64569,0.418,0.02326495533632133,0.39473504466367865
256146,16.042716,23.24723,0.397,0.12550960322711927,0.2714903967728808
256147,15.315722,26.07277,0.402,-0.09252657102745457,0.49452657102745456
256148,15.81028,23.48729,0.398,-0.017499687385630566,0.4154996873856306
256149,12.988471,22.57018,0.408,-0.07546290629743285,0.4834629062974328
256150,13.02586,22.87023,0.408,-0.03769570058031179,0.44569570058031177
256151,15.383541,25.53466,0.401,-0.007474143563466162,0.4084741435634662
256152,14.994635,25.1426,0.402,-0.006005658041515808,0.40800565804151584
256153,17.010539,20.33265,0.393,-0.07323006486350273,0.4662300648635027
256154,17.294849,19.06938,0.392,0.010272610933960466,0.38172738906603954
256155,18.051864,-16.83019,0.389,0.06215481155414998,0.32684518844585003
256156,30.995359,22.28437,0.32,-0.0512530339263913,0.3712530339263913
256157,-31.633232,54.91865,0.532,-0.2699210943851728,0.8019210943851729
256158,-32.042469,55.27674,0.533,-0.19207054931403275,0.7250705493140328
256159,-34.811357,48.64617,0.435,-0.18693408882226503,0.6219340888222651
256261,-23.652689,-11.05184,0.538,0.10333237553927388,0.43466762446072615
256262,-20.237623,-11.05135,0.531,0.10682632049952225,0.4241736795004778
256264,-12.36491,-11.81921,0.514,-0.07158162585206689,0.5855816258520669
256266,-5.968856,14.69379,0.444,0.028674479550476535,0.4153255204495235
256267,-2.622084,11.2111,0.446,0.010939251503588545,0.43506074849641146
256268,-0.990087,10.86303,0.444,0.06410326900779177,0.3798967309922082
256269,4.243761,13.53956,0.433,0.05847053076636823,0.3745294692336318
256270,5.142744,17.9154,0.429,-0.0027304328707244145,0.43173043287072443
256271,5.455504,21.03096,0.428,0.048841054039916336,0.37915894596008365
256272,6.952561,20.34584,0.425,0.03331865871406121,0.3916813412859388
256273,12.747846,23.85241,0.41,-0.002459283887306147,0.4124592838873061
256274,14.039985,27.64207,0.409,-0.08222775228246487,0.49122775228246485
256275,13.697788,30.38258,0.414,-0.08440479204762132,0.4984047920476213
256276,14.199031,26.24982,0.406,-0.06535010285926829,0.4713501028592683
256277,12.727509,25.34667,0.411,0.009788000465539733,0.40121199953446024
256278,17.124114,28.55916,0.397,-0.0840869921052584,0.4810869921052584
256279,16.520852,28.21912,0.399,-0.11962701021404451,0.5186270102140446
256280,17.137766,29.25429,0.398,-0.18567127440349268,0.5836712744034926
256281,18.314815,27.12787,0.39,-0.14979991181965505,0.539799911819655
256282,18.862386,-17.96792,0.382,-0.05638243681818221,0.43838243681818223
256284,-48.428951,48.64505,0.292,-0.0729534091730566,0.3649534091730566
256285,-33.386169,58.59643,0.571,-0.10605664729942443,0.6770566472994244
256286,-35.393301,52.85303,0.475,-0.2185657102871965,0.6935657102871965
256287,-37.385195,49.22311,0.418,-0.39124550519443924,0.8092455051944392
256288,21.187888,-8.33138,0.386,-0.0034184975884250348,0.38941849758842506
256389,-23.373312,-7.74138,0.521,0.0673397783474536,0.45366022165254644
256390,-35.383654,7.01549,0.422,-0.17094482594919008,0.5929448259491901
256391,-12.519175,-11.05089,0.512,0.03980697236997387,0.47219302763002613
256392,-9.560067,-9.64917,0.5,-0.010268356364078418,0.5102683563640784
256394,-4.904012,-11.46784,0.49,-0.08768079100452747,0.5776807910045274
256395,-3.934228,-12.22016,0.488,-0.07887264735618126,0.5668726473561813
256397,-1.362183,-11.05664,0.477,-0.050589655443400876,0.5275896554434009
256399,4.760343,-14.0811,0.455,0.12129455077236534,0.3337054492276347
256401,10.298743,-12.77872,0.431,0.023054890796951548,0.40794510920304844
256403,6.160946,-16.93357,0.446,-0.2297348273200169,0.6757348273200169
256405,11.530642,-16.76976,0.421,-0.13421843604423703,0.555218436044237
256406,14.795348,-12.55688,0.411,-0.004116090065847979,0.41511609006584793
256407,14.681971,-16.44179,0.406,-0.2695541901189165,0.6755541901189166
256408,14.960724,-17.22623,0.403,-0.052503671337276646,0.45550367133727665
256409,18.001364,-15.03133,0.393,-0.15715596000016305,0.5501559600001631
256410,16.354267,-11.68861,0.405,-0.0358176052786248,0.44081760527862485
256411,22.595908,-15.54907,0.369,-0.19628995175009148,0.5652899517500914
256413,-40.273629,49.22291,0.39,-0.19012915839662903,0.580129158396629
256414,-39.23919,41.5145,0.344,-0.23615604572403748,0.5801560457240375
256516,-37.913659,18.90208,0.348,-0.2032180225821156,0.5512180225821156
256517,-11.945511,-8.64086,0.504,0.1365892587866948,0.3674107412133052
256519,-11.284654,-12.88665,0.513,0.020767678546699676,0.4922323214533003
256521,-4.97354,-11.46785,0.49,-0.08037659749863303,0.570376597498633
256522,0.084547,9.87581,0.444,0.005840390358799652,0.4381596096412004
256523,1.546385,11.95125,0.439,0.03473874213406118,0.4042612578659388
256524,1.996977,14.1597,0.436,0.017647119203801857,0.41835288079619815
256525,3.823969,17.71937,0.431,0.032306336387644935,0.39869366361235503
256526,7.926122,15.13984,0.424,0.0003946125150153444,0.42360538748498466
256527,7.162254,21.89611,0.425,0.08503350598445378,0.33996649401554624
256529,12.936886,21.31393,0.408,-0.061706324913109144,0.4697063249131091
256530,12.696941,24.38451,0.41,0.028840307243386296,0.38115969275661366
256531,11.562818,26.89197,0.416,-0.008925295681850796,0.4249252956818508
256532,14.624661,21.96802,0.402,0.003563232837167286,0.3984367671628327
256533,16.828573,21.6729,0.394,-0.04445593438595816,0.4384559343859582
256534,15.656682,17.72717,0.399,0.002708204900997918,0.3962917950990021
256535,18.935633,24.54737,0.386,-0.01772714341042686,0.40372714341042687
256536,25.427021,28.69788,0.354,-0.140243818236464,0.494243818236464
256537,16.785085,-15.61251,0.397,0.03474277010844063,0.3622572298915594
256540,-35.446485,51.59777,0.46,-0.1808799270132744,0.6408799270132745
256541,-39.482001,46.88153,0.377,-0.22040400718124115,0.5974040071812412
256542,-38.826736,41.51451,0.348,-0.15537697559122118,0.5033769755912212
256645,-37.522102,1.28125,0.455,-0.1443346315327874,0.5993346315327874
256646,-16.888285,-6.19015,0.505,0.00998634233973302,0.495013657660267
256649,-4.676901,13.47556,0.445,-0.1484945866204149,0.5934945866204149
256651,0.645697,12.44536,0.44,0.017052425848246292,0.4229475741517537
256652,3.517484,13.97165,0.434,0.02505720953880412,0.40894279046119586
256653,4.645828,15.54996,0.431,0.006427939183057666,0.4245720608169423
256654,5.652322,18.27247,0.428,-0.057181433401333616,0.48518143340133363
256655,5.57806,23.25436,0.429,0.01184418398775706,0.41715581601224294
256656,9.284045,18.81853,0.419,-0.010556718812242707,0.42955671881224267
256657,11.473913,21.41899,0.413,-5.5838411785077916e-05,0.41305583841178506
256658,10.668311,16.6391,0.416,-0.04502025102388923,0.4610202510238892
256659,15.168556,25.95475,0.402,0.035273470215187896,0.3667265297848121
256660,11.393821,21.07192,0.413,-0.022804670259056418,0.4358046702590564
256661,15.86732,27.9941,0.402,0.11625605985569541,0.2857439401443046
256662,10.11135,27.62013,0.422,-0.09896397069623188,0.5209639706962319
256663,11.706527,30.05055,0.421,0.0006537804444379398,0.42034621955556206
256664,14.672427,26.63288,0.405,0.06724653092590706,0.337753469074093
256665,14.49628,-16.41774,0.407,-0.07349429868879873,0.48049429868879867
256666,9.557503,-15.37889,0.432,-0.058789680184247205,0.4907896801842472
256667,-51.164299,51.30732,0.279,-0.2146056023612486,0.4936056023612486
256668,-39.390054,55.08423,0.465,-0.19035846448122914,0.6553584644812291
256669,-37.191186,58.35412,0.533,-0.36205695813546823,0.8950569581354683
256670,-35.527285,55.5746,0.508,-0.19458837070138008,0.70258837070138
256671,-46.391918,46.88095,0.303,-0.039318195784659025,0.342318195784659
256672,-36.216542,53.50011,0.475,-0.20488152405147322,0.6798815240514732
256674,-37.406257,30.95758,0.33,-0.15922049827190832,0.48922049827190833
256803,-21.189986,-4.71603,0.504,0.060266590271132424,0.4437334097288676
256804,-31.408941,-4.47383,0.505,-0.0916329637942447,0.5966329637942447
256805,-13.333599,-8.31478,0.506,0.020383645566036366,0.4856163544339636
256807,-7.055056,-10.40042,0.495,0.024906425800781534,0.4700935741992185
256808,-2.937631,-13.18959,0.485,-0.07671165718104772,0.5617116571810477
256809,-0.352673,-12.18914,0.475,0.05230614082552025,0.4226938591744797
256810,-0.876733,-12.43124,0.477,0.03690089541054641,0.44009910458945356
256811,2.722518,-12.85347,0.463,-0.03066409065789061,0.49366409065789063
256812,2.448466,-13.55279,0.464,-0.04586255927176269,0.5098625592717627
256813,13.716149,17.20215,0.406,-0.06828604281425878,0.4742860428142588
256814,15.068869,19.57156,0.401,-0.07496934355413962,0.47596934355413967
256815,17.615723,22.16398,0.391,-0.1133496054050788,0.5043496054050788
256816,15.109168,27.12997,0.404,-0.0780095051242187,0.4820095051242187
256817,15.260316,27.95811,0.404,-0.138821552820504,0.542821552820504
256818,15.177415,27.8891,0.404,-0.01932220620807121,0.42332220620807126
256819,16.879551,25.42561,0.395,0.02753535428536179,0.3674646457146382
256820,14.709781,28.43921,0.407,-0.05287357869357748,0.4598735786935775
256821,9.152406,19.7017,0.419,0.0777699398308416,0.34123006016915836
256822,14.346936,25.6037,0.405,0.07516968858585091,0.3298303114141491
256823,22.13287,28.16494,0.372,-0.09857020165099199,0.470570201650992
256824,17.870202,-17.37752,0.388,-0.27715635625570756,0.6651563562557076
256825,16.028445,-15.25024,0.402,-0.1501349762098022,0.5521349762098022
256826,24.594151,-17.90046,0.352,0.06864997132906069,0.2833500286709393
256827,-42.887931,54.77285,0.423,-0.2332612915112753,0.6562612915112753
256828,-37.779891,48.90409,0.411,-0.13806176665941985,0.5490617666594199
256829,-38.58258,30.95751,0.321,-0.022966837283331463,0.3439668372833315
257540,-41.357233,21.53331,0.316,-0.07894085542359129,0.3949408554235913
257541,-37.617503,18.42403,0.352,-0.13285814182370584,0.4848581418237058
257542,-33.705682,15.11376,0.386,-0.06435308491552144,0.45035308491552145
257543,-28.157125,21.01338,0.393,-0.023098935182182857,0.4160989351821829
257544,-31.264213,18.81773,0.384,-0.24567502620156234,0.6296750262015623
257545,-27.948111,15.68327,0.407,-0.09023845380693031,0.49723845380693027
257546,-25.308414,18.23197,0.41,-0.027476920772605717,0.4374769207726057
257547,-20.543855,11.94687,0.438,-0.15937472496807373,0.5973747249680738
257548,-18.514165,14.51548,0.435,-0.08954617724720139,0.5245461772472014
257549,-16.522274,11.40188,0.446,0.04527206393022235,0.40072793606977763
257550,-11.601345,22.60019,0.437,0.008463019900134192,0.4285369800998658
257551,-9.462066,19.39663,0.44,0.18018345532184402,0.25981654467815596
257552,3.382065,20.04279,0.432,-0.03796051752897387,0.4699605175289739
257554,10.301413,23.1173,0.417,-0.02898905943944897,0.44598905943944894
257556,6.541947,17.09424,0.426,0.030821702180603882,0.3951782978193961
257557,13.057316,-12.55775,0.419,0.047216419134259884,0.3717835808657401
257558,9.64225,-14.17634,0.433,0.025656498571747843,0.40734350142825215
257559,12.625524,-14.73076,0.419,-0.08477154778048893,0.5037715477804889
257560,15.825626,-14.84305,0.404,0.13144274701078507,0.27255725298921496
257562,10.898588,-17.93633,0.422,0.03178467609655462,0.3902153239034454
257563,11.653617,-15.72618,0.422,-0.00838916273166031,0.4303891627316603
257564,14.557498,-14.86796,0.41,-0.05231903885798117,0.46231903885798115
257565,-35.283891,52.74697,0.475,-0.18963495403652955,0.6646349540365295
257566,-34.651129,50.96568,0.46,-0.17435324149917647,0.6343532414991765
257567,-35.30388,56.51582,0.523,-0.20335550197107272,0.7263555019710728
257568,-38.52968,50.75338,0.423,-0.25261752468117543,0.6756175246811754
257569,-38.465525,48.25688,0.399,-0.1888420592774253,0.5878420592774254
257570,-35.240591,31.94801,0.347,-0.05511835762518029,0.4021183576251803
257571,-34.213662,40.9867,0.384,-0.3553535834190637,0.7393535834190637
257673,-46.149401,26.38581,0.262,-0.17723481663779117,0.4392348166377912
257675,-40.831647,25.79745,0.308,-0.11507583187632497,0.42307583187632497
257676,-36.136581,22.67319,0.348,-0.14475790972182664,0.49275790972182665
257677,-33.396988,25.31991,0.36,-0.07163807275458053,0.43163807275458055
257682,-18.975507,28.43912,0.425,-0.13366929092684746,0.5586692909268475
257683,-22.232811,27.39082,0.413,-0.10516163929269833,0.5181616392926983
257684,-19.794731,21.83888,0.421,-0.07816429464990253,0.49916429464990253
257685,-17.207027,18.3333,0.431,-0.02054452475712644,0.4515445247571264
257686,-12.284226,14.44665,0.443,0.03785147293004303,0.40514852706995697
257687,-11.554788,27.92914,0.441,1.782446514082417e-05,0.4409821755348592
257688,-7.930879,24.39052,0.441,-0.03893941765092633,0.47993941765092635
257689,-7.248018,28.55925,0.446,-0.06389070726410737,0.5098907072641073
257690,-6.43737,24.83259,0.442,-0.028299654278966597,0.4702996542789666
257691,-1.121566,-15.12952,0.479,-0.037724938425085425,0.5167249384250854
257692,4.164177,-9.42102,0.456,-0.013790284838316066,0.4697902848383161
257693,8.594822,-12.55652,0.439,0.05084802401466179,0.38815197598533824
257694,9.850452,15.47289,0.418,-0.035451698400695494,0.4534516984006955
257695,13.37056,19.30656,0.407,0.28883943690006036,0.11816056309993961
257696,18.258646,28.36208,0.392,0.06331861579520953,0.3286813842047905
257698,20.639096,-16.92454,0.375,-0.18339523889667167,0.5583952388966716
257699,-47.455062,56.06372,0.384,-0.11982980386594026,0.5038298038659402
257700,-40.434995,62.52489,0.57,-0.1617728486020399,0.7317728486020398
257702,-31.247556,59.19669,0.597,-0.008583362899942108,0.6055833628999421
257703,-31.336769,54.25057,0.525,-0.1402979318753688,0.6652979318753688
257704,-44.305678,31.94721,0.272,-0.08636018028591233,0.3583601802859123
257705,-41.178126,43.21474,0.335,-0.19359979115793638,0.5285997911579364
257706,-39.676995,39.61915,0.331,-0.16034330866646881,0.4913433086664688
257707,-32.422571,52.62607,0.497,-0.052943674819287745,0.5499436748192877
257834,-12.417626,22.43816,0.436,0.06083832491024319,0.3751616750897568
257835,-11.009565,18.86253,0.439,-0.07701702870240731,0.5160170287024073
257836,-7.061695,24.71257,0.441,-0.04676760007358021,0.4877676000735802
257837,-2.248321,21.56405,0.439,-0.0031780127637292613,0.44217801276372926
257838,4.545762,29.79253,0.44,-0.07998639513276361,0.5199863951327636
257839,5.665259,24.54758,0.43,-0.009229359239220055,0.4392293592392201
257840,12.235007,15.78389,0.411,0.057851044997785636,0.3531489550022143
257842,15.319848,11.79993,0.403,-0.011970259295551917,0.4149702592955519
257844,22.145926,15.03834,0.373,-0.036603701668765455,0.4096037016687655
257845,20.859201,-14.72136,0.379,0.04261786318168943,0.3363821368183106
257846,-51.061336,59.09204,0.378,-0.18665827585303302,0.564658275853033
257847,-34.634179,60.08472,0.584,-0.068144525447015,0.652144525447015
257848,-41.29191,57.23261,0.474,-0.19305601445774048,0.6670560144577404
257849,-42.728516,39.61886,0.302,-0.0013991284472177734,0.3033991284472178
257850,-35.611095,34.88755,0.35,-0.02732473743201459,0.37732473743201456
257851,-33.13235,27.23622,0.36,0.02081620284778914,0.33918379715221086
257968,35.420193,51.28167,0.322,-0.05268440057871209,0.3746844005787121
257969,34.421206,72.44716,0.534,-0.40652795405152664,0.9405279540515267
257971,53.543985,43.09512,0.073,-0.13210937154516364,0.20510937154516362
257973,65.373733,28.12538,-0.023,-0.24736984890040759,0.2243698489004076
257974,69.965016,58.68808,-0.263,0.07995381753174567,-0.3429538175317457
257976,-51.358588,28.54062,0.204,-0.13197772446588435,0.33597772446588436
257978,-46.342858,19.53349,0.287,-0.10409596724463582,0.3910959672446358
257981,-30.174454,22.75263,0.381,-0.018657423905204057,0.3996574239052041
257983,-23.81687,28.40598,0.408,0.010016141938974764,0.3979838580610252
257984,-19.088664,25.20854,0.423,0.0008782274141012756,0.4221217725858987
257985,-12.927481,21.99207,0.435,0.0028794317677573343,0.43212056823224265
257988,1.959921,18.75757,0.434,0.10568074082550628,0.3283192591744937
257989,6.09115,12.32028,0.43,0.06830198250806607,0.3616980174919339
257990,10.578129,-2.87983,0.43,0.016789651893582686,0.4132103481064173
257991,15.358295,-6.07623,0.413,0.020319007168563642,0.3926809928314363
257993,18.298402,-12.64918,0.395,0.08801540943389768,0.30698459056610233
257994,28.226173,-9.23778,0.352,-0.28909885545554664,0.6410988554555466
257995,22.153314,-9.82827,0.38,-0.04757974777775737,0.42757974777775737
257996,-43.738072,34.88694,0.279,-0.05732325917242423,0.3363232591724242
257997,-41.7627,34.90817,0.298,-0.08740842264121923,0.3854084226412192
257998,-32.581419,31.12401,0.364,-0.0615793465858503,0.4255793465858503
258113,-55.437305,15.53049,0.238,0.07469368618695502,0.16330631381304497
258115,-48.581801,6.61254,0.367,0.09137324458314218,0.2756267554168578
258118,-29.131282,-15.56943,0.574,0.07533011457502545,0.4986698854249745
258120,-19.147939,-9.07343,0.52,0.06998211549608128,0.4500178845039187
258122,-1.55983,-21.04069,0.48,-0.1593854727451495,0.6393854727451495
258133,27.093844,0.25602,0.361,-0.056683702789240085,0.41768370278924005
258138,-39.903651,31.12352,0.31,-0.05809027221172821,0.3680902722117282
258139,-36.022417,34.71154,0.346,-0.10840080448933072,0.4544008044893307
258140,-31.433742,49.76959,0.473,-0.20125713069997989,0.6742571306999798
258962,-13.427329,3.96714,0.468,0.02719486800794476,0.4408051319920553
258963,-3.488846,13.63559,0.443,0.05152739962730814,0.3914726003726919
258964,-0.496697,10.69999,0.444,0.029818522964100886,0.41418147703589914
258965,-6.727297,-12.85352,0.498,0.0688968056445601,0.42910319435543987
258966,-14.3069,21.37692,0.433,-0.07032444097445528,0.5033244409744553
258967,-12.321514,16.22299,0.44,0.014030587596793452,0.42596941240320657
258968,-9.560592,24.59655,0.44,0.01439015390012811,0.4256098460998719
258969,-6.584922,-10.43845,0.494,-0.08178386502727412,0.5757838650272741
258970,3.46923,-11.80002,0.46,0.01808111233241186,0.44191888766758813
258973,8.835129,-8.98296,0.439,-0.06033428140145795,0.49933428140145797
258974,6.77893,-14.87256,0.445,-0.005298058992157514,0.4502980589921575
258977,16.482924,-13.77253,0.402,-0.06425792173366213,0.46625792173366215
258978,14.626069,-13.52928,0.411,-0.1759325066567553,0.5869325066567552
258979,4.483208,-16.65537,0.454,-0.046627108278215965,0.500627108278216
258983,34.459843,-13.14541,0.313,0.09841214989451015,0.21458785010548986
258984,-47.171616,71.17447,0.674,-0.25481174514420607,0.9288117451442062
258988,-34.592971,26.41899,0.351,0.1897030772194499,0.16129692278055008
259075,-29.18176,-7.57596,0.525,0.13746964202090242,0.38753035797909763
259076,-13.377339,-11.54614,0.516,0.13494628384177554,0.3810537161582245
259078,-7.490622,-12.10917,0.499,0.0155247823883278,0.4834752176116722
259080,-0.363531,10.69999,0.443,-0.07137082212839921,0.5143708221283992
259081,0.042125,13.59859,0.44,-0.032184978762739236,0.47218497876273924
259083,2.717992,16.32312,0.434,-0.015252191124567755,0.44925219112456777
259084,8.550694,12.38425,0.424,0.06501037121073126,0.3589896287892687
259086,7.517534,22.4062,0.424,0.056901259658634136,0.36709874034136586
259088,4.019658,17.3483,0.431,0.08032231561136582,0.35067768438863417
259090,9.90822,27.92918,0.423,-0.13673096640382815,0.5597309664038281
259092,11.480298,-14.08538,0.425,0.14945943565625827,0.27554056434374175
259094,21.813829,-15.31488,0.373,0.044465262209667844,0.32853473779033215
259096,10.149426,-18.5256,0.425,-0.011827259770000221,0.4368272597700002
259098,-62.850441,75.21986,0.517,-0.10811701310361035,0.6251170131036103
259100,-53.161418,71.73789,0.6,-0.135341981657809,0.735341981657809
259208,-30.474542,9.70572,0.423,-0.026928115800215296,0.4499281158002153
259209,-28.375817,15.54922,0.406,-0.131388321188607,0.537388321188607
259210,-8.59151,11.4431,0.449,0.07472153888676335,0.37427846111323665
259211,-6.486321,9.46369,0.452,0.011439909985314288,0.4405600900146857
259212,-3.238841,16.82521,0.441,0.01693962785709014,0.42406037214290987
259213,-1.318196,15.74601,0.44,-0.06306254105807867,0.5030625410580787
259214,-0.974342,16.86822,0.439,-0.010143659291394243,0.44914365929139427
259216,3.298155,19.43369,0.432,0.05975229460766173,0.37224770539233826
259217,3.68996,18.66655,0.431,-0.018410845500240684,0.4494108455002407
259218,4.621039,21.98513,0.43,0.07840959712681562,0.3515904028731844
259219,5.961198,26.61095,0.432,0.06830586117514714,0.36369413882485285
259220,9.845274,29.28643,0.426,-0.045723784483237856,0.4717237844832378
259222,15.300814,27.51201,0.404,-0.12515664829428003,0.52915664829428
259224,11.018912,-17.96934,0.421,-0.021562810405512865,0.4425628104055129
259227,40.995605,31.74539,0.234,0.03166226773052799,0.20233773226947202
259230,8.035527,-18.43142,0.436,0.005539286658493166,0.4304607133415068
259233,9.087319,-18.81171,0.43,0.018179246854824548,0.41182075314517547
259236,-48.672384,76.67376,0.802,-1.1214850794607354,1.9234850794607354
259337,-24.631785,3.58543,0.464,0.019405077886634887,0.44459492211336515
259338,-8.241713,9.74573,0.452,0.06677696250458338,0.38522303749541664
259340,-3.841833,11.88824,0.446,-0.0747077937258761,0.5207077937258762
259341,0.246492,15.99806,0.438,0.029373417160264786,0.4086265828397352
259342,0.722053,16.31712,0.437,-0.028447959606699838,0.4654479596066998
259344,4.711609,19.13363,0.43,-0.05869250933660132,0.4886925093366013
259345,5.092047,21.04797,0.429,-0.08042764712875257,0.5094276471287525
259346,7.716663,23.57941,0.424,0.06237722861980696,0.36162277138019305
259347,9.479292,22.67424,0.419,-0.049525628809645776,0.46852562880964577
259348,11.639993,25.3207,0.415,-0.04976094984433131,0.4647609498443313
259349,12.547977,24.77858,0.411,-0.05794310823982231,0.46894310823982227
259350,9.255991,18.6135,0.419,0.05992042723183749,0.3590795727681625
259351,11.705016,17.09116,0.412,0.02630178731631178,0.3856982126836882
259352,15.974357,29.47936,0.403,0.0680194967684545,0.33498050323154555
259353,16.656151,28.18211,0.399,-0.16130709408579266,0.5603070940857927
259354,14.892283,-15.8895,0.406,-0.23735242854572186,0.6433524285457219
259356,28.669741,-15.36269,0.338,-0.16660464559522056,0.5046046455952206
259359,-64.022817,74.72465,0.479,0.25062686866791944,0.22837313133208054
259362,13.007874,-18.52273,0.41,-0.025012037874648955,0.4350120378746489
259364,11.381229,-18.52968,0.419,-0.08742270120431177,0.5064227012043118
259366,-48.320803,73.2989,0.713,-0.4508616907017652,1.1638616907017652
259369,-3.488967,74.60246,0.972,0.12627209820245902,0.845727901797541
259484,-33.308268,12.416,0.4,0.010922760113787537,0.3890772398862125
259485,-27.451851,-4.85957,0.508,-0.060127232942453764,0.5681272329424538
259486,-11.698184,-11.98326,0.512,0.06419209011062794,0.4478079098893721
259488,-5.795196,-13.74488,0.496,0.006723357779685453,0.48927664222031453
259490,-3.142304,-13.32666,0.486,0.06215747948971084,0.42384252051028914
259493,-0.643077,-11.50884,0.475,-0.1350738653270271,0.610073865327027
259495,8.893523,26.75698,0.424,-0.042975541239294576,0.4669755412392946
259496,9.886893,25.7988,0.42,-0.06957738851278995,0.4895773885127899
259498,6.708241,-13.39382,0.446,0.150043639740064,0.295956360259936
259499,9.282574,-15.27285,0.434,-0.06944394462614768,0.5034439446261477
259500,12.617627,-17.47816,0.415,-0.05990111487992698,0.474901114879927
259501,26.513983,27.95776,0.347,-0.14824213303686548,0.4952421330368655
259502,36.612056,30.57255,0.273,-0.11220705933111284,0.3852070593311129
259504,-54.480583,65.18092,0.432,-0.10092088405072557,0.5329208840507256
259507,-43.10446,71.39411,0.731,-0.3075450626640952,1.0385450626640953
259509,-36.005957,67.89671,0.723,-0.14556894979360024,0.8685689497936002
259510,-37.54995,70.25525,0.763,-0.36288378183912495,1.125883781839125
259511,-33.193401,76.91796,0.979,-0.33179605113328575,1.3107960511332857
259512,-48.541483,76.76697,0.807,-0.4776056464444552,1.2846056464444553
259513,-42.76198,70.35382,0.709,-0.2092331786394108,0.9182331786394108
259515,-42.589349,69.81756,0.699,-0.19790754037744124,0.8969075403774411
259516,-0.816535,67.92696,0.816,0.3586732737013437,0.4573267262986562
259617,-29.516885,-10.69936,0.545,-0.0023141579712572177,0.5473141579712573
259619,-5.223123,14.78781,0.443,0.08805840503281501,0.354941594967185
259621,-1.893707,16.42014,0.44,0.016456043764387765,0.42354395623561225
259622,-0.714014,19.42768,0.438,0.1186477832155557,0.3193522167844443
259625,-0.16555,24.25449,0.439,0.004666995268349426,0.4343330047316506
259627,4.391479,29.0794,0.439,-0.029223252729285134,0.4682232527292851
259628,13.998693,29.95149,0.412,0.0020516653777625533,0.4099483346222374
259629,8.206482,28.43929,0.429,-0.04572254159224696,0.47472254159224697
259632,36.501517,27.48404,0.277,-0.1012695215040975,0.37826952150409754
259633,44.721648,29.14149,0.203,-0.014067891533776581,0.2170678915337766
259634,11.340159,-18.37454,0.419,-0.09257329275373577,0.5115732927537358
259635,14.012463,-19.03509,0.404,-0.056358369511729074,0.4603583695117291
259636,-61.481639,58.08118,0.193,-0.010840529928421898,0.20384052992842192
259638,-50.902833,61.61568,0.421,-0.15865459979550822,0.5796545997955083
259640,-46.178339,63.7897,0.526,-0.11709152779370026,0.6430915277937003
259641,-43.247772,60.99628,0.511,-0.1318074026921384,0.6428074026921384
259643,-40.509149,61.98579,0.56,-0.14663821312052355,0.7066382131205236
259645,-37.180687,63.3994,0.62,-0.14726307070038322,0.7672630707003832
259647,-33.982704,64.03479,0.661,-0.17954718900015976,0.8405471890001598
259650,-15.429229,64.06455,0.756,0.25623331817308964,0.49976668182691036
259651,-13.2998,64.06459,0.759,0.16449470914907943,0.5945052908509205
259792,-30.858144,9.33445,0.423,-0.023120805564149076,0.44612080556414907
259793,-12.266146,17.7343,0.439,0.050939770131437224,0.38806022986856276
259796,-1.987418,23.39635,0.44,0.03817462204429598,0.401825377955704
259797,3.31208,22.22217,0.433,0.00023046243341627655,0.4327695375665837
259798,11.305262,25.57774,0.416,0.02130127394402722,0.3946987260559728
259799,20.950062,26.66769,0.377,-0.0398186106986117,0.4168186106986117
259800,28.641039,21.38129,0.335,-0.0975759944911875,0.43257599449118755
259801,-7.908766,-21.55309,0.512,0.04972004338912603,0.46227995661087395
259803,-0.641459,-22.0753,0.475,0.14167468429869942,0.33332531570130053
259805,6.547194,-22.72082,0.435,-0.08204772998176638,0.5170477299817664
259807,-6.944949,-16.65536,0.504,0.07739434160441606,0.42660565839558395
259808,-62.152153,50.63865,0.101,-0.047550560798029794,0.1485505607980298
259811,-52.91925,66.2595,0.478,-0.12874578906191314,0.6067457890619131
259814,-43.694383,58.11161,0.46,-0.0519444876715136,0.5119444876715136
259816,-38.963943,50.92145,0.42,-0.11889888287430697,0.538898882874307
259818,-35.597661,52.626,0.47,-0.12980120502014805,0.599801205020148
259820,-33.140261,55.31071,0.525,-0.09961055634149331,0.6246105563414933
259822,-18.725414,55.7133,0.613,0.07276518540848396,0.540234814591516
259986,-30.896913,-2.16307,0.49,0.07512876948794145,0.41487123051205854
259987,-28.096621,-11.06626,0.545,0.02513104777274372,0.5198689522272564
259988,-9.791706,-12.4604,0.508,0.04526819708190012,0.4627318029180999
259989,-5.849789,-13.01755,0.495,0.036080647071477956,0.45891935292852204
259990,-3.234064,-11.69492,0.484,-0.04743397809567852,0.5314339780956785
259994,8.088001,18.14042,0.422,0.1802483460637354,0.24175165393626458
259996,8.796652,25.34672,0.423,0.01890376572890154,0.4040962342710984
259997,7.546332,26.62595,0.428,-0.04801107849819964,0.4760110784981996
260000,30.61029,18.13947,0.326,-0.10140378669174105,0.42740378669174106
260001,38.648468,29.48218,0.257,0.009025944298026129,0.24797405570197387
260002,-50.749599,67.79303,0.544,-0.21105098630421473,0.7550509863042147
260003,-50.502199,71.23103,0.628,-0.23224800816055743,0.8602480081605575
260004,-43.637869,60.75017,0.503,-0.08761256479888026,0.5906125647988802
260005,-40.001994,64.79949,0.618,-0.14165101793152998,0.75965101793153
260006,-39.476177,59.84031,0.534,-0.13359164828482092,0.667591648284821
260007,-35.471917,63.20743,0.632,-0.13543846030349746,0.7674384603034975
260008,-35.23031,58.65132,0.556,-0.11021104304169954,0.6662110430416996
260009,-35.033593,55.08252,0.506,-0.16486159801659528,0.6708615980165953
260010,-35.202819,49.40933,0.439,-0.12863184496684862,0.5676318449668486
260011,-33.484743,46.85992,0.43,-0.04723529726531182,0.47723529726531183
260012,-31.113478,43.61242,0.423,-0.11566939177069557,0.5386693917706955
260013,-32.750569,47.96813,0.446,0.01110856891655376,0.43489143108344624
260116,-23.924252,0.51653,0.48,0.004273543953966835,0.47572645604603314
260117,-3.695927,10.79201,0.447,0.05563578881156118,0.39136421118843884
260119,-1.501095,13.24252,0.442,0.04785484188962848,0.39414515811037154
260121,1.204337,15.07088,0.437,0.11287774078003095,0.32412225921996907
260122,11.89751,31.12974,0.422,0.014249190688626514,0.4077508093113735
260124,8.161785,30.53468,0.433,0.010886262963977605,0.4221137370360224
260127,18.043821,18.1492,0.389,-0.04908965978708963,0.43808965978708964
260128,11.84182,19.56764,0.411,0.1123080514050872,0.29869194859491277
260286,-31.880065,6.26251,0.437,0.40608823812392736,0.03091176187607264
260288,-18.858972,-5.23293,0.504,0.16013842951934715,0.34386157048065286
260290,-13.030318,-2.95883,0.489,0.0036730406545417865,0.4853269593454582
260291,-8.874066,-3.35884,0.483,-0.0981175643474692,0.5811175643474692
260292,-6.123753,-3.76392,0.479,-0.04560662407856797,0.524606624078568
260293,-12.723568,-10.95789,0.512,0.03136521589485959,0.48063478410514043
260294,-9.024267,-7.74442,0.495,0.033366580250785816,0.4616334197492142
260295,-4.051316,-11.50485,0.487,0.08065037603339781,0.4063496239666022
260296,-1.150216,-14.63527,0.479,-0.021359411601389048,0.5003594116013891
260297,0.047562,-14.59526,0.474,-0.10365958682677179,0.5776595868267718
260298,5.518573,-17.71994,0.449,-0.020519302797857304,0.4695193027978573
260300,8.14663,-12.65156,0.441,-0.0758375600951956,0.5168375600951955
260302,13.661391,-12.47878,0.417,-0.06954702652232356,0.4865470265223235
260303,18.342398,-9.8059,0.398,0.08232017853096646,0.31567982146903356
260304,19.569665,-14.08397,0.387,-0.05509864729366272,0.4420986472936627
260305,19.418095,-11.81586,0.391,-0.10249919791325565,0.4934991979132557
260309,38.004283,13.92878,0.286,-0.09601967918372593,0.3820196791837259
260310,15.606136,-4.83269,0.412,0.06687330025077955,0.34512669974922044
260311,22.868162,-6.12783,0.38,-0.07404715798216309,0.4540471579821631
260312,-37.853822,36.89771,0.337,-0.052500118140373406,0.38950011814037344
260315,-26.887681,24.43011,0.394,0.12051610571249677,0.27348389428750325
260316,-26.146656,26.55351,0.397,-0.0612293874649946,0.45822938746499464
260317,-26.254585,26.41945,0.396,-0.17072899491830526,0.5667289949183053
260318,-17.636642,34.04714,0.442,-0.11558464464250948,0.5575846446425095
260420,-32.007814,12.02303,0.407,0.04687664058123865,0.36012335941876134
260421,-28.851631,17.91467,0.397,-0.06798105380222082,0.4649810538022208
260422,-6.757701,11.21307,0.449,0.01325639560112649,0.4357436043988735
260424,-2.663986,14.34474,0.442,-0.02656768425990944,0.46856768425990947
260425,-0.095736,16.80521,0.438,-0.021595357096011725,0.45959535709601174
260426,1.958583,16.27311,0.435,-0.03926316106986781,0.4742631610698678
260427,6.214399,18.42549,0.427,-0.03540378057741601,0.462403780577416
260428,8.383775,21.01395,0.422,0.0953947593413102,0.3266052406586898
260429,6.486124,22.84228,0.427,0.009057374429029283,0.4179426255709707
260430,4.803481,30.53468,0.441,-0.2073816297468703,0.6483816297468703
260431,9.163344,24.49357,0.421,0.06395744534715031,0.3570425546528497
260435,12.370851,-13.20898,0.422,0.19756287623389368,0.2244371237661063
260436,13.300473,-17.40219,0.411,-0.06216247392458546,0.47316247392458544
260437,12.668339,-16.33056,0.416,0.015089983258789049,0.4009100167412109
260438,14.688934,-17.51032,0.404,-0.04502390221043589,0.4490239022104359
260439,35.715373,29.16042,0.281,-0.08713290282345629,0.36813290282345634
260440,3.61568,-17.56181,0.458,0.07971961347991133,0.37828038652008866
260441,-45.521018,68.23475,0.626,-0.359121853026124,0.985121853026124
260442,-43.087627,64.91924,0.586,-0.11085525916718952,0.6968552591671895
260443,-36.549126,58.41316,0.54,-0.13164241886278355,0.6716424188627836
260444,-34.540958,61.19799,0.604,-0.07551990605551716,0.6795199060555172
260445,-34.555123,59.90768,0.582,-0.12208126233052216,0.7040812623305222
260446,-37.089453,52.3028,0.453,-0.1098264412429114,0.5628264412429114
260447,-39.491594,34.9082,0.318,0.071443925291228,0.246556074708772
260448,-31.932241,30.95807,0.368,-0.016459611561428278,0.38445961156142827
260449,-32.559684,26.19415,0.364,-0.05656429597427254,0.42056429597427253
260450,-30.396588,22.02248,0.381,-0.13576344146877636,0.5167634414687764
260452,-14.247992,26.56685,0.435,0.1874528529370957,0.2475471470629043
260554,-30.184078,3.19178,0.458,0.10934535507030993,0.3486546449296901
260555,-9.568116,-10.73763,0.503,0.1303568535971118,0.3726431464028882
260557,-5.228995,-13.1626,0.493,-0.0024528282219990157,0.495452828221999
260559,3.412202,19.99078,0.432,0.004595901289116823,0.4274040987108832
260560,6.597557,22.82028,0.427,-0.01501832923886144,0.4420183292388614
260561,6.352808,23.82046,0.428,0.027285848677147517,0.4007141513228525
260562,9.149316,26.03684,0.423,0.03453457711958776,0.38846542288041225
260564,5.014073,28.83736,0.437,-0.08333515400210639,0.5203351540021064
260567,13.24015,-13.79533,0.417,0.09478311869617993,0.32221688130382004
260568,13.978336,-17.98256,0.407,-0.05264857253329135,0.45964857253329133
260569,30.949944,29.09172,0.317,-0.08133873464451646,0.39833873464451647
260570,-60.234208,52.74436,0.153,0.06523010004683769,0.08776989995316231
260573,-53.465519,70.86559,0.573,0.004029602030001398,0.5689703979699986
260582,-38.152286,51.5976,0.435,-0.1266156835009944,0.5616156835009944
260583,-36.911007,54.77333,0.485,-0.15927274813569348,0.6442727481356935
260584,-38.236258,49.26812,0.41,-0.010590620286488881,0.42059062028648886
260585,-35.376637,45.26249,0.402,-0.025767838044393993,0.427767838044394
260586,-34.71391,47.60099,0.426,-0.01625424634078772,0.4422542463407877
260588,-34.030932,45.35061,0.414,0.03878573440818415,0.3752142655918158
260590,-33.192477,47.96816,0.442,-0.08363611550924842,0.5256361155092484
260591,-26.769236,43.56957,0.45,0.025844954643733774,0.42415504535626625
260592,-14.560644,39.83625,0.476,0.14250954405100677,0.3334904559489932
260698,-30.757911,8.93537,0.426,0.04471486666961375,0.3812851333303862
260701,-11.410164,31.4178,0.448,0.027123226366480676,0.42087677363351933
260702,8.034737,22.9703,0.423,-0.06346369949425355,0.48646369949425355
260703,5.362142,28.18023,0.435,-0.06091290879989171,0.4959129087998917
260704,6.218756,24.91465,0.429,-0.022741172732988077,0.4517411727329881
260705,7.874393,19.98376,0.423,0.04685195625779797,0.376148043742202
260706,7.464987,24.61459,0.426,-0.021994892226495196,0.4479948922264952
260707,7.081652,28.41328,0.432,-0.02236663193855245,0.4543666319385524
260712,9.143076,-13.588,0.436,-0.04026186347451554,0.47626186347451555
260713,11.3172,-17.15891,0.421,-0.046030970689467154,0.46703097068946714
260714,14.423657,-17.72042,0.405,-0.04511748382477701,0.450117483824777
260716,17.019427,-16.24189,0.395,-0.07934410970871125,0.47434410970871127
260718,-60.207046,70.86415,0.456,0.04801458213991962,0.4079854178600804
260719,-52.599841,65.16724,0.461,0.009564326181726378,0.45143567381827365
260720,-48.059193,61.879,0.466,-0.11497339267416107,0.5809733926741611
260722,-44.408641,56.51519,0.429,-0.06868683878322021,0.4976868387832202
260724,-35.721772,60.24768,0.577,-0.09931735280709815,0.6763173528070981
260725,-40.044185,58.77102,0.511,-0.10754575173991665,0.6185457517399167
260726,-33.341956,49.90653,0.46,-0.024448656588844257,0.4844486565888443
260727,-33.675964,45.51664,0.418,-0.05462653902257252,0.4726265390225725
260728,-32.024837,36.89811,0.382,-0.05804273671923799,0.440042736719238
260729,-36.983949,43.56902,0.376,-0.14328754071826882,0.5192875407182689
260730,-27.983505,22.16359,0.392,0.048544801131650314,0.3434551988683497
260731,-26.648377,20.40033,0.4,-0.048580822992823576,0.4485808229928236
260733,-12.348334,39.8363,0.481,-0.2322249570337191,0.713224957033719
260947,6.559022,29.28045,0.434,-0.03316816641343991,0.4671681664134399
260948,14.01777,20.45576,0.404,0.04369158714835194,0.3603084128516481
260949,11.361287,23.06529,0.414,-0.0786765502774661,0.4926765502774661
260950,18.162222,18.14221,0.389,0.022808422885837298,0.3661915771141627
260951,17.692714,19.90756,0.39,-0.10392493281638555,0.49392493281638555
260952,19.148012,22.443,0.384,-0.06076078965030987,0.44476078965030985
261218,34.613465,25.38468,0.293,-0.36054327647398027,0.6535432764739803
261225,-36.344467,30.25669,0.338,0.014303480950931553,0.3236965190490685
261227,-26.450272,45.63402,0.468,-0.10505547232924646,0.5730554723292465
261228,-19.522437,49.27794,0.534,0.007909120979207231,0.5260908790207928
261229,-16.906059,36.94269,0.455,-0.06318767482782074,0.5181876748278208
261336,-20.947976,-2.55112,0.494,0.14201808648995942,0.3519819135100406
261338,-8.843041,-5.64075,0.489,0.08808200564529399,0.400917994354706
261340,-18.910433,14.97757,0.434,0.021690877671392186,0.41230912232860784
261342,-13.845105,20.1267,0.435,-0.14583404105554246,0.5808340410555425
261343,3.606726,-13.85596,0.459,0.05595274374350732,0.4030472562564927
261347,6.285779,18.33347,0.426,0.004518620834739466,0.4214813791652605
261348,14.979215,27.39101,0.405,0.04952903467677915,0.35547096532322087
261349,25.236086,30.72826,0.356,-0.02798591324501605,0.383985913245016
261350,41.825958,29.57184,0.229,-0.044380310110834,0.273380310110834
261352,-68.279833,74.03628,0.369,0.5339914405137963,-0.16499144051379633
261356,-51.819632,67.36695,0.519,0.06519401197081677,0.45380598802918326
261359,-41.106202,65.53066,0.621,-0.18174232760793835,0.8027423276079384
261440,-24.277189,14.69529,0.422,-0.07652341190532178,0.4985234119053218
261441,-6.793826,15.31291,0.443,0.041076410689600246,0.40192358931039973
261443,-1.245734,16.7162,0.439,-0.0735684276842168,0.5125684276842168
261447,-4.429491,2.37695,0.463,-0.025339416761845944,0.48833941676184595
261450,16.161084,29.55236,0.403,-0.013451045121806804,0.4164510451218068
261452,27.106488,24.77205,0.343,-0.09580165674387661,0.4388016567438766
261454,7.472952,-21.90037,0.432,0.042183231431745724,0.38981676856825426
261457,11.668394,-18.22553,0.418,-0.07530262371787343,0.4933026237178734
261459,-62.323814,63.87333,0.268,0.07682711042042516,0.19117288957957485
261462,-56.468204,65.52874,0.406,0.0380785025893517,0.36792149741064833
261463,-48.612068,70.09707,0.628,-0.09463761672230482,0.7226376167223049
261465,-42.76174,75.41041,0.842,-0.32978069048298025,1.1717806904829802
261469,-34.739131,42.74404,0.39,-0.006743844411229595,0.3967438444112296
261470,-30.958723,58.73255,0.592,-0.09194712124681405,0.683947121246814
261471,-28.392886,49.44159,0.491,0.24513892176721852,0.24586107823278147
261472,-25.819013,27.4817,0.399,0.10334225513572931,0.2956577448642707
261473,-22.168716,32.02964,0.42,0.11656303739984422,0.30343696260015574
261474,-19.403942,45.6102,0.501,-0.18199053289432437,0.6829905328943244
261475,-19.630032,41.93251,0.473,-0.0054096571261252726,0.47840965712612527
261476,-17.957387,27.40193,0.427,0.19546251434268772,0.23153748565731228
261681,0.154304,15.39094,0.438,-0.035801934844608994,0.473801934844609
261689,14.317457,-11.5503,0.415,-0.13060746491362343,0.5456074649136234
261691,20.073302,-16.41825,0.379,-0.0201443666524962,0.3991443666524962
261692,23.917866,14.98128,0.365,-0.020388675686727788,0.3853886756867278
261693,30.552698,23.45961,0.322,-0.04070830365276531,0.3627083036527653
261694,27.821024,-17.68864,0.335,0.01110253975195684,0.32389746024804317
261696,25.663392,-15.69849,0.353,-0.23149744098333602,0.584497440983336
261698,22.671053,-12.5095,0.374,-0.13504361065854728,0.5090436106585473
261699,-36.205576,33.74031,0.343,-0.027619143679239073,0.3706191436792391
261701,-35.502077,25.00973,0.347,-0.1360728575066196,0.48307285750661955
261703,-29.168072,20.05116,0.391,-0.09170528839227346,0.48270528839227345
261821,-19.63405,5.86245,0.46,0.15718042518681655,0.30281957481318345
261831,-11.67754,21.07191,0.437,-0.07658279739846122,0.5135827973984612
261832,-9.379252,-14.01614,0.509,-0.01155997307790989,0.5205599730779099
261834,1.371224,-11.76696,0.468,0.025135855612253444,0.44286414438774657
261835,4.960902,-14.87249,0.453,-0.0018653544767691884,0.4548653544767692
261836,8.27398,-12.24634,0.44,-0.052731471088417935,0.4927314710884179
261837,11.434646,-7.50048,0.428,0.09152409748420383,0.3364759025157962
261838,11.401052,-15.31394,0.424,-0.06663554229396454,0.49063554229396455
261839,17.896013,-16.81226,0.389,0.029939774924862717,0.3590602250751373
261842,25.511531,23.58896,0.352,-0.09018474013901333,0.4421847401390133
261843,-48.897914,61.60483,0.45,-0.14097609856814047,0.5909760985681405
261844,-45.958879,67.92478,0.614,-0.11132357846648287,0.7253235784664829
261846,-41.130459,60.84947,0.533,-0.03775951329317217,0.5707595132931722
261847,-44.132226,53.01844,0.388,-0.010892009938912773,0.3988920099389128
261848,-42.075141,50.34906,0.382,-0.08520409615033744,0.4672040961503374
261849,-36.941225,46.47764,0.398,-0.011022932715616659,0.4090229327156167
261850,-35.119051,43.94228,0.394,-0.0646813300294746,0.45868133002947464
261851,-39.225964,20.05022,0.336,-0.1463037644511212,0.4823037644511212
261852,-32.842682,17.11028,0.382,0.05879446401462992,0.3232055359853701
261959,-25.69331,23.25387,0.4,-0.054190849142059336,0.45419084914205937
261960,-7.227814,27.27701,0.444,0.14098530564948844,0.30301469435051154
261962,-11.85367,20.04272,0.437,0.0891921912219044,0.3478078087780956
261963,-0.555075,26.31581,0.441,0.10808050494249676,0.33291949505750323
261966,2.017712,25.09365,0.437,-0.014548822831709217,0.4515488228317092
261968,3.788708,15.31792,0.432,-0.23099406640360587,0.6629940664036058
261970,12.646425,28.38023,0.415,0.0394968873627492,0.3755031126372508
261972,17.64707,28.84019,0.395,-0.06356876688958737,0.45856876688958736
261973,9.480195,-16.81158,0.431,0.08332504898878854,0.3476749510112115
261974,43.422923,29.63672,0.214,0.008892711602523345,0.20510728839747666
261977,14.919795,-18.48384,0.401,0.16651365077008054,0.23448634922991948
261979,-67.784822,62.715,0.139,0.16441333445623563,-0.025413334456235614
261981,-60.166503,67.26658,0.375,0.04601616041522915,0.32898383958477084
261982,-53.041467,56.17918,0.308,0.036874072350443224,0.2711259276495568
261983,-48.155264,60.15764,0.436,-0.07690983598438687,0.5129098359843869
261984,-43.635388,38.14256,0.287,-0.06787676688225147,0.35487676688225145
261985,-38.142968,33.8082,0.327,-0.11486905387147052,0.4418690538714705
261986,-35.04031,21.59905,0.357,0.0036639046445476877,0.3533360953554523
261987,-31.347455,28.23959,0.37,-0.030856194675609457,0.40085619467560946
261988,-30.559329,23.96783,0.377,-0.07655372012892886,0.45355372012892886
261989,-29.218749,22.97871,0.385,-0.1469693083496132,0.5319693083496132
261990,-24.527427,26.42856,0.404,0.051895570985832855,0.35210442901416716
261991,-17.965132,27.16288,0.427,0.0740954948838294,0.3529045051161706
262096,-34.395556,27.85923,0.351,-0.04264718282575672,0.3936471828257567
262097,41.07484,61.4484,0.306,-0.009429251000852654,0.3154292510008527
262102,68.604101,64.91583,-0.24,0.012822107103666321,-0.2528221071036663
262104,-25.585229,-18.09942,0.578,-0.02838973738481932,0.6063897373848193
262107,-8.946334,-18.93062,0.515,0.17018435636445056,0.34481564363554945
262109,-70.508624,54.74375,-0.023,0.14860258892783199,-0.17160258892783198
262111,-60.290687,68.0558,0.39,0.06482672215231092,0.3251732778476891
262113,-54.003584,64.47396,0.425,0.04748813740388384,0.37751186259611613
262115,-44.289438,60.85621,0.497,-0.01520471247498433,0.5122047124749843
262117,-36.341611,57.57703,0.529,-0.08575549951243609,0.6147554995124361
262119,-35.428654,54.07432,0.49,-0.13586222391287756,0.6258622239128775
262120,-36.74942,46.77875,0.402,-0.1253602604177195,0.5273602604177196
262121,-34.434131,42.51007,0.391,-0.11944984277247975,0.5104498427724797
262123,-33.308168,34.97175,0.367,-0.022279072773265907,0.3892790727732659
262125,-27.536891,26.42842,0.39,-0.02146181123318179,0.4114618112331818
262126,-24.324587,21.53366,0.407,0.037408396384187276,0.36959160361581267
262127,-15.523837,37.68483,0.463,-0.06646796987598834,0.5294679698759883
262251,1.401355,27.08197,0.44,-0.008259343984719577,0.44825934398471956
262252,1.579761,23.50338,0.436,-0.01232913165337128,0.4483291316533713
262253,8.947995,29.73853,0.429,-0.07481920183951232,0.5038192018395123
262254,10.612992,20.3328,0.415,-0.0573824635394684,0.4723824635394684
262258,14.413178,-16.58783,0.407,-0.15031289473474777,0.5573128947347478
262259,16.972107,-17.02724,0.394,-0.17150402200611609,0.565504022006116
262260,24.987145,15.5344,0.359,-0.14866846275180323,0.5076684627518032
262261,28.163048,0.8492,0.355,-0.0689894389053113,0.42398943890531127
262262,29.589621,3.40586,0.347,-0.14081326517322915,0.4878132651732291
262263,-30.032675,54.74868,0.541,-0.180642358590343,0.7216423585903431
262264,-39.511086,50.32929,0.408,-0.2185234442289366,0.6265234442289366
262266,-38.952668,51.03246,0.421,-0.20314170307025833,0.6241417030702583
262267,-35.275656,42.466,0.384,-0.13835039746302197,0.5223503974630219
262268,-34.92204,37.76714,0.364,-0.0860514038787934,0.4500514038787934
262269,-32.113779,26.23416,0.366,-0.020431261527696823,0.3864312615276968
262271,-34.114484,21.53303,0.362,-0.08234364238169603,0.444343642381696
262272,-25.682841,24.36116,0.399,-0.05583267170860542,0.4548326717086054
262376,20.718785,-3.70161,0.39,-0.11787685111163303,0.507876851111633
262379,-38.442499,28.81522,0.322,-0.04850130146950864,0.37050130146950866
262380,-33.973433,23.00244,0.36,-0.0647325220482101,0.4247325220482101
262382,-23.477196,29.11512,0.41,0.011541585010178065,0.39845841498982193
262383,-19.249403,25.94566,0.422,0.006117195779624659,0.4158828042203753
262384,-17.428575,16.32991,0.434,-0.09257010725985304,0.526570107259853
262386,-9.991636,13.12942,0.446,-0.04880641868277535,0.49480641868277536
262388,-2.969732,9.86081,0.448,0.03099130564772466,0.41700869435227533
262390,7.243216,-8.12059,0.445,0.08725779795440324,0.35774220204559676
262392,15.343921,-2.29289,0.412,-0.08156960330974523,0.4935696033097452
262393,20.133916,6.61548,0.388,-0.02772406780124787,0.4157240678012479
262394,25.116731,-5.47981,0.37,-0.06430974222813858,0.43430974222813856
262395,29.096799,-8.73363,0.348,0.0707317590957669,0.2772682409042331
262396,27.939744,-15.54964,0.341,0.007529787934316583,0.33347021206568345
262397,-43.707641,55.41998,0.422,-0.2591885098061624,0.6811885098061624
262400,-38.266011,47.34178,0.393,-0.11819262712149041,0.5111926271214904
262401,-31.552713,33.2295,0.374,-0.02526477388482299,0.399264773884823
262402,-31.988199,27.40142,0.367,-0.12386547496410254,0.49086547496410254
262403,-28.515351,29.48298,0.387,-0.19643888892450442,0.5834388889245045
262405,-24.951065,27.44373,0.402,-0.00664333196794207,0.4086433319679421
262406,-11.95248,29.04333,0.442,-0.09474600968887299,0.536746009688873
262509,-20.763453,-8.31939,0.52,0.09383494508138883,0.4261650549186112
262529,4.807692,-17.47081,0.452,-0.08318161815623237,0.5351816181562323
262531,17.228834,-14.56305,0.397,-0.07076665216481008,0.4677666521648101
262533,26.635451,-14.43799,0.351,-0.10939262295874712,0.4603926229587471
262535,21.370432,-15.716,0.374,0.018355587409541546,0.3556444125904584
262537,16.231116,-8.61225,0.408,0.022249535317012726,0.38575046468298724
262538,-38.746043,41.81759,0.35,-0.13177889677728533,0.4817788967772853
262539,-37.251282,37.69995,0.345,-0.07984219350860602,0.42484219350860597
262540,-35.093415,46.8598,0.417,-0.2832410215716496,0.7002410215716496
262541,-34.722237,29.02256,0.349,-0.03465649056385031,0.3836564905638503
262543,-29.802796,25.76124,0.379,-0.0934184495616029,0.4724184495616029
262544,-33.131761,27.44328,0.36,-0.06994877401337661,0.4299487740133766
262545,-26.263294,22.47377,0.399,-0.08388897809159257,0.4828889780915926
262546,-25.387162,22.0677,0.403,-0.14819256273593853,0.5511925627359385
262547,-16.01682,27.42497,0.432,0.07381101782861436,0.3581889821713856
262650,-20.507463,-11.41972,0.533,-0.03882806468055976,0.5718280646805598
262652,-14.971939,2.78983,0.472,0.02540141909342633,0.4465985809065737
262653,-8.877677,-0.28386,0.476,0.028557396108352135,0.44744260389164786
262655,-3.177703,-0.69291,0.467,-0.02889506329087117,0.4958950632908712
262658,-1.466,-13.28063,0.479,0.1451147609107784,0.3338852390892216
262662,11.347781,-21.55333,0.412,-0.14204543193357788,0.5540454319335779
262666,4.232563,-17.89902,0.455,-0.07460918650993835,0.5296091865099384
262668,21.194508,-20.2764,0.362,0.0708820580517469,0.2911179419482531
262670,9.551836,-12.73665,0.435,0.032272458183142956,0.40272754181685705
262672,13.013983,-15.3221,0.416,-0.02498637255523381,0.44098637255523376
262674,-28.277961,25.76127,0.387,0.05234483266287216,0.33465516733712786
262676,-40.271101,29.09709,0.308,-0.18937512139743903,0.497375121397439
262677,-35.900075,34.88453,0.347,-0.2308864457697921,0.5778864457697921
262678,-32.805711,43.92338,0.413,-0.13155786276079262,0.5445578627607925
262679,-28.384724,49.80574,0.494,-0.15419356267357703,0.6481935626735771
262680,-24.502631,26.23452,0.404,0.012508243735267197,0.3914917562647328
262681,-22.311735,29.13813,0.415,-0.065702183744795,0.480702183744795
262682,-16.469059,37.81086,0.461,-0.10849025553247214,0.5694902555324721
262683,-20.933253,31.84164,0.425,0.261725499470713,0.163274500529287
262684,-15.358908,34.97237,0.452,-0.3983831627745123,0.8503831627745123
262685,-16.215672,37.60582,0.46,-0.14154478840929713,0.6015447884092971
262686,-15.451161,34.59129,0.45,-0.031122353202108603,0.4811223532021086
262797,60.112353,65.0719,-0.039,-0.0733032720995219,0.03430327209952189
262798,18.05583,-6.71558,0.401,-0.2426502707592737,0.6436502707592737
262802,37.769736,-6.25889,0.305,0.045010409311049895,0.2599895906889501
262805,10.611678,11.61305,0.418,0.008129387399636161,0.40987061260036384
262834,-42.608924,46.08721,0.339,-0.26834754450230824,0.6073475445023082
262836,-34.506033,45.68868,0.412,-0.17280029643649278,0.5848002964364928
262839,-24.183175,40.67418,0.446,-0.08269682472400595,0.5286968247240059
262840,-32.988595,55.38373,0.527,-0.2771413993711535,0.8041413993711535
262842,-26.830375,46.79522,0.476,-0.11043321984376062,0.5864332198437606
262850,-13.473227,47.57274,0.535,-0.10634311173102075,0.6413431117310208
263489,-7.229065,5.4507,0.46,-0.010594646827544199,0.4705946468275442
263494,-12.2547,16.25002,0.44,-0.09917783203128377,0.5391778320312838
263499,-0.343214,-16.26009,0.476,-0.22922699658611964,0.7052269965861196
263501,6.631044,-16.7695,0.444,-0.09834428602624344,0.5423442860262434
263503,11.261933,-15.88927,0.424,-0.15857782844573357,0.5825778284457336
263505,18.218896,-16.96336,0.387,-0.05225241162772747,0.4392524116277275
263648,-2.230113,4.07442,0.456,-0.012533952482758235,0.46853395248275825
263649,-0.138228,1.13263,0.457,0.0026607922157426134,0.4543392077842574
263650,0.285775,0.54346,0.457,-0.09934990385432521,0.5563499038543253
263651,0.872637,0.08932,0.456,0.035390236216909544,0.42060976378309045
263652,-4.428305,-13.22362,0.49,-0.17802266568770375,0.6680226656877037
263653,-2.01211,-10.61546,0.479,-0.15509054201804198,0.6340905420180419
263654,-0.682881,21.265,0.438,-0.0810626338674326,0.5190626338674326
263655,-0.142054,16.88423,0.438,-0.1468901248139947,0.5848901248139947
263656,1.751896,-10.95961,0.466,-0.16203838382747948,0.6280383838274795
263657,4.459968,-16.9625,0.454,-0.03309049490276309,0.4870904949027631
263658,6.724875,29.68652,0.435,0.04782503808930813,0.3871749619106919
263660,6.118313,-16.03307,0.447,-0.033582746497028096,0.4805827464970281
263662,12.225429,-16.05142,0.419,-0.09666088469420457,0.5156608846942046
263664,23.554725,-11.40618,0.372,0.047539856372235664,0.3244601436277643
263666,28.698209,-11.93105,0.345,-0.09367397024581144,0.4386739702458114
263668,43.882051,3.98387,0.265,0.1413541956565607,0.1236458043434393
263669,50.590302,7.10469,0.214,0.15041244520434238,0.06358755479565761
263674,-43.13372,-3.60723,0.484,0.1652273822806696,0.3187726177193304
263676,-34.512768,-1.03992,0.478,-0.09246711309059134,0.5704671130905913
263678,-38.754509,24.68538,0.326,-0.14046513058028284,0.4664651305802828
263679,-36.129004,26.97805,0.34,-0.20640105749690393,0.5464010574969039
263680,-34.018058,29.12359,0.354,-0.053798707735695776,0.40779870773569576
263681,-28.143131,43.4005,0.441,-0.13409736394548114,0.5750973639454812
263791,-17.11548,8.53423,0.453,0.019680485929241223,0.4333195140707588
263792,-12.766179,20.5218,0.436,0.11766380901108088,0.31833619098891913
263793,1.932727,17.38332,0.435,-0.0012272557491886584,0.43622725574918864
263795,4.632655,22.22418,0.43,0.010188555029622745,0.41981144497037726
263797,8.066599,27.07103,0.427,-0.07598486994267842,0.5029848699426784
263799,1.024269,29.28535,0.445,0.06689694109814012,0.3781030589018599
263800,27.823324,27.63156,0.338,-0.1003687665613345,0.4383687665613345
263802,10.689399,-1.0342,0.429,0.09120915047301995,0.33779084952698
263803,11.409699,-1.58342,0.427,0.0888383122942589,0.33816168770574107
263804,11.592895,-2.10058,0.426,0.06288902843704143,0.3631109715629586
263805,16.250083,1.02218,0.407,-0.20453827798574103,0.611538277985741
263806,16.450231,0.495,0.407,-0.002668995549216756,0.4096689955492167
263807,16.381697,-0.04115,0.407,-0.009087835890034162,0.4160878358900341
263808,18.778086,-3.17133,0.399,0.05742035621506582,0.3415796437849342
263809,18.914603,-3.70952,0.398,-0.06096315151186927,0.4589631515118693
263812,22.957944,-1.13189,0.38,0.010864108624078371,0.3691358913759216
263813,23.49032,-1.69721,0.378,-0.26663401859886887,0.6446340185988688
263814,27.894942,1.43743,0.356,-0.08341792372895723,0.4394179237289572
263815,29.175682,-4.88395,0.35,-0.14931136649210655,0.4993113664921065
263816,35.218966,10.26123,0.309,0.015247416884701758,0.2937525831152982
263817,29.602617,-15.25164,0.333,-0.13730610265043489,0.47030610265043493
263818,46.258413,4.55381,0.249,0.06974325650661604,0.17925674349338394
263819,52.024369,16.61238,0.173,0.2625124658064657,-0.08951246580646571
263820,20.969158,-19.16264,0.367,-0.133818103338237,0.500818103338237
263821,21.897399,-18.53044,0.364,-0.23899971234498524,0.6029997123449853
263822,23.480393,-18.90882,0.354,-0.17672645638466167,0.5307264563846616
263823,-70.05244,32.61076,-0.064,0.058243546918056846,-0.12224354691805685
263824,-60.375107,20.89019,0.144,0.22274209430382422,-0.07874209430382423
263826,-54.547814,16.5253,0.238,-0.10109751974303327,0.33909751974303326
263827,-51.182127,24.13876,0.222,-0.16120981103418572,0.3832098110341857
263828,-35.548534,1.99593,0.455,0.04417462750483678,0.41082537249516327
263830,-37.907801,28.45218,0.327,-0.294176951736184,0.621176951736184
263989,-8.578675,-17.15869,0.511,0.007594436749846857,0.5034055632501532
263990,1.775952,-11.1687,0.466,0.0482565071391295,0.41774349286087054
263991,20.736978,26.28563,0.378,0.010150428575412457,0.3678495714245875
263993,3.50174,-17.29467,0.459,-0.07520012351202078,0.5342001235120208
263994,7.116001,-17.27677,0.442,-0.14727836616390308,0.5892783661639031
263996,-66.649527,67.52229,0.252,0.15493283174156927,0.09706716825843073
263998,-51.891888,70.86283,0.598,-0.19746424570370177,0.7954642457037018
264000,-40.205143,60.51846,0.538,-0.11810799278553039,0.6561079927855304
264168,-16.242803,17.41906,0.434,-0.16889411240787014,0.6028941124078702
264169,-14.285315,14.31758,0.442,-0.20637192175462526,0.6483719217546253
264170,-0.331726,19.61172,0.437,-0.029161372080259287,0.46616137208025926
264171,2.125029,22.63924,0.435,0.06541474465863692,0.3695852553413631
264172,4.965447,24.51057,0.431,-0.2014900358372547,0.6324900358372547
264175,18.908563,27.94099,0.388,-0.078911458528965,0.466911458528965
264176,29.539478,25.88311,0.327,-0.07738206165933671,0.4043820616593367
264177,30.334319,-13.62702,0.333,0.008485943896444005,0.324514056103556
264179,12.708028,-21.9006,0.403,0.049105266791341494,0.35389473320865855
264180,13.970046,-20.62799,0.4,0.026666347848521156,0.37333365215147885
264181,-66.256925,54.43853,0.06,0.10096065387483424,-0.040960653874834246
264183,-59.997937,64.32599,0.32,0.023621648387797442,0.29637835161220255
264186,-51.694774,69.0474,0.558,-0.06358751652862106,0.6215875165286211
264188,-46.263262,64.961,0.547,-0.1584482968109695,0.7054482968109695
264190,-41.129253,66.56991,0.642,-0.19814978991361,0.84014978991361
264194,-15.842233,66.18418,0.796,0.08066255437368915,0.7153374456263109
264195,-20.395607,67.27037,0.807,-0.15143572147282525,0.9584357214728253
264196,-3.136607,63.87768,0.749,0.24358842664721841,0.5054115733527815
264197,-22.128034,67.93049,0.814,-0.3309105685060302,1.1449105685060301
264198,-25.371667,68.11045,0.804,-0.27360358226753956,1.0776035822675396
264200,15.440544,60.24847,0.598,0.20809381143776556,0.3899061885622344
264201,-50.32905,65.73258,0.507,-0.4514448548776483,0.9584448548776483
264202,-47.804088,69.03975,0.614,-0.38955686122501576,1.0035568612250159
264203,-46.614328,57.02199,0.408,-0.16243460692120168,0.5704346069212016
264350,-13.694383,-6.05602,0.5,0.047073140190806544,0.45292685980919345
264351,3.207769,17.90641,0.432,-0.009904699815902304,0.4419046998159023
264352,7.346853,26.63696,0.428,0.0517423483851699,0.3762576516148301
264353,14.761532,22.70615,0.402,0.08257003702372558,0.31942996297627446
264354,23.012136,26.09851,0.366,-0.036689869697890405,0.4026898696978904
264356,29.947415,14.49671,0.334,-0.08902124007499078,0.4230212400749908
264357,36.236101,22.50695,0.284,-0.005973771534944206,0.2899737715349442
264358,43.077475,17.32701,0.243,0.012864279874059645,0.23013572012594036
264359,-3.506128,-21.25984,0.49,0.06226845561991771,0.42773154438008226
264360,0.942577,-18.45025,0.47,-0.005904095426661236,0.47590409542666123
264361,5.235828,-23.41517,0.441,-0.19248810639698508,0.633488106396985
264362,9.29282,-19.0338,0.428,-0.07605145070871862,0.5040514507087186
264363,-67.196729,51.40471,0.014,0.16023728399884418,-0.14623728399884417
264365,-58.314568,57.23265,0.238,-0.00016485809606563287,0.23816485809606563
264367,-54.367569,54.2906,0.265,-0.036843531688489896,0.30184353168848993
264368,-49.459748,61.41476,0.438,-0.07208231898647986,0.5100823189864798
264369,-43.859632,58.08854,0.458,-0.06834123661756877,0.5263412366175688
264370,-40.756461,54.94213,0.449,-0.09146823928983644,0.5404682392898364
264371,-39.638591,58.408,0.51,-0.12459562441779395,0.6345956244177939
264373,-35.471599,61.68408,0.604,-0.11723136114816643,0.7212313611481664
264374,-32.795797,59.02656,0.582,-0.1082696963212555,0.6902696963212555
264375,-33.947612,64.54188,0.671,-0.2644400488924566,0.9354400488924566
264376,-28.223735,59.932,0.63,0.04978900080325619,0.5802109991967438
264377,-32.178897,69.81851,0.799,0.3181588879206112,0.48084111207938884
264378,-30.893037,76.67606,0.988,-0.5479237560530715,1.5359237560530716
264379,-23.581975,61.9097,0.69,0.10765077668835835,0.5823492233116416
264380,-22.313458,65.2477,0.758,-0.1366812351686972,0.8946812351686972
264381,-21.653421,62.54196,0.71,-0.06004552196757036,0.7700455219675704
264496,-17.527119,11.21983,0.445,0.14876588938819313,0.2962341106118069
264497,-13.26758,8.11925,0.456,0.10485675308316252,0.3511432469168375
264498,-11.003412,5.03053,0.464,0.1143931602462231,0.34960683975377693
264501,-2.626157,-1.11104,0.466,0.004768908390634795,0.4612310916093652
264571,21.659157,-14.90356,0.375,-0.36144996107694016,0.7364499610769402
264572,-61.384438,72.35547,0.47,0.11014477622778816,0.3598552237722118
264576,33.462878,-14.80586,0.314,-0.5008208306385505,0.8148208306385505
264577,-30.860552,41.85901,0.413,-0.06885204156372589,0.48185204156372585
264578,-34.952047,48.90021,0.436,-0.11517882112987672,0.5511788211298767
264579,-27.642956,56.9373,0.587,0.08816945890001694,0.49883054109998304
264580,-40.145306,47.21663,0.374,-0.07623455355323147,0.4502345535532315
264582,-15.811677,31.44971,0.44,0.19007046303127734,0.24992953696872267
264913,-34.609396,34.52152,0.356,-0.2007958040015382,0.5567958040015382
264914,-42.910824,47.21631,0.345,-0.21486420641965415,0.5598642064196542
265142,17.744754,-8.84935,0.402,0.2702655690522721,0.1317344309477279
265144,-61.688187,51.74685,0.119,0.003808799800713331,0.11519120019928666
265145,-57.395709,68.47318,0.451,-0.05276723444310307,0.5037672344431031
265146,-57.403514,54.60718,0.22,0.04289144817213486,0.17710855182786514
265147,-52.991594,57.9395,0.333,0.0008578563841227614,0.33214214361587724
265148,-51.642051,63.46689,0.443,-0.04990956331667202,0.492909563316672
265149,-44.468054,75.13796,0.814,0.19629594949434387,0.6177040505056561
265150,-41.525653,71.26011,0.746,-0.10398499032022014,0.8499849903202201
265151,-37.848138,66.93222,0.684,-0.11716527625761748,0.8011652762576176
265152,-35.4902,53.31808,0.48,-0.009142075360677059,0.48914207536067705
265153,-35.956262,55.31649,0.501,-0.09970922631723585,0.6007092263172359
265154,-38.297455,48.95804,0.407,-0.11116582439228953,0.5181658243922895
265155,-38.690252,44.41713,0.366,-0.0967521754577604,0.4627521754577604
265156,-34.029342,36.03885,0.365,0.08059726455548938,0.2844027354445106
265157,-33.785044,33.75244,0.36,-0.07919973473203269,0.43919973473203267
265158,-32.116725,31.07005,0.367,-0.1077727779417733,0.4747727779417733
265159,-27.93755,24.54907,0.389,-0.01744701629287342,0.40644701629287344
265160,-28.422296,20.02715,0.394,-0.05030341572685778,0.4443034157268578
265161,-24.617,23.70405,0.404,-0.0850093300637017,0.48900933006370173
265162,-23.831959,24.8753,0.407,-0.147560432845843,0.554560432845843
265163,-20.746879,28.47606,0.42,0.13053898081618132,0.28946101918381867
265164,-24.282653,34.17497,0.417,-0.1555621851479814,0.5725621851479814
265165,-23.092133,36.51843,0.431,-0.13022860699260386,0.5612286069926038
265166,-18.829307,62.542,0.72,0.001210751310783183,0.7187892486892168
265167,-19.161122,41.76449,0.474,-0.15506304187640332,0.6290630418764033
265168,-6.017424,32.09897,0.455,0.28880267669793513,0.16619732330206488
265169,-7.084808,35.93473,0.468,-0.02744510394746453,0.49544510394746455
265366,23.28074,-14.25748,0.368,-0.08294878626756123,0.45094878626756124
265742,2.429313,-15.36065,0.464,0.020990152269994306,0.44300984773000573
265744,9.974053,-17.96928,0.427,-0.1992762968131801,0.6262762968131801
265745,7.483899,-16.28622,0.441,-0.07576523548181545,0.5167652354818154
265747,14.799371,-5.76703,0.415,-0.08765171515691528,0.5026517151569152
265748,18.140833,-6.3155,0.401,-0.029705648256441706,0.43070564825644175
265749,21.176853,-0.58166,0.388,0.04264486627527017,0.3453551337247298
265750,22.254424,1.98909,0.382,-1.052253453405144,1.434253453405144
265752,-40.300585,68.7425,0.699,-0.37922135647434874,1.0782213564743488
265754,-41.3829,59.42811,0.507,-0.17822367419582053,0.6852236741958205
265756,-34.913414,52.49801,0.475,-0.07237051696933772,0.5473705169693377
265757,-33.526904,55.59673,0.526,-0.060734771866170795,0.5867347718661708
265759,-34.352157,48.49021,0.438,-0.05310869877433133,0.49110869877433133
265761,-28.345599,39.00868,0.414,-0.09396477097161102,0.507964770971611
265764,-20.46278,36.16447,0.44,-0.09961114183333591,0.5396111418333359
265765,-19.989943,33.28193,0.432,0.04041501848120829,0.39158498151879173
265766,-32.189543,22.06728,0.372,-0.03949021722584931,0.41149021722584933
265768,-12.507662,30.36157,0.444,0.18665296771854917,0.25734703228145084
265769,-14.843295,28.87226,0.437,-0.23750827342675973,0.6745082734267598
265770,-14.433766,31.53875,0.443,-0.08399336688248622,0.5269933668824862
265771,-28.432873,41.76417,0.429,-0.4969405359557296,0.9259405359557296
265773,-11.318895,36.65879,0.467,0.07883403384729461,0.38816596615270543
265774,-16.231066,27.89108,0.432,0.14204645130009264,0.28995354869990736
266184,-5.485484,-9.14391,0.488,-0.08500681936198858,0.5730068193619886
266185,6.699348,21.08597,0.426,0.01579057842798267,0.41020942157201734
266186,5.174613,26.3879,0.433,-0.004952252231486619,0.4379522522314866
266187,14.811264,28.63323,0.407,0.07349940501379608,0.3335005949862039
266188,23.06963,25.42138,0.366,-0.12089852509555349,0.4868985250955535
266190,30.920063,28.64158,0.318,-0.023947867455379114,0.34194786745537914
266191,39.460134,26.04935,0.255,0.009838475591713566,0.24516152440828642
266192,7.11222,-21.31802,0.435,-0.14457484098573387,0.5795748409857339
266193,10.491647,-19.28401,0.422,-0.06963434359559259,0.49163434359559255
266194,13.021962,-19.98654,0.407,-0.15032090173776008,0.55732090173776
266195,14.524805,-20.27279,0.398,-0.2596801289499655,0.6576801289499655
266196,-67.110857,62.747,0.153,0.13596079716986437,0.01703920283013563
266198,-59.065124,70.86654,0.477,0.059447297359121375,0.4175527026408786
266199,-55.650123,56.10277,0.267,0.03716787734651598,0.22983212265348404
266200,-52.549874,66.8076,0.495,-0.09501069418196487,0.5900106941819648
266201,-49.77351,73.39872,0.694,-0.2046213304361892,0.8986213304361892
266202,-43.92336,60.01995,0.487,-0.0767325985486702,0.5637325985486702
266203,-42.333467,64.06309,0.578,-0.10996548891343257,0.6879654889134326
266204,-42.452752,48.48957,0.36,-0.008919584784755605,0.3689195847847556
266205,-36.87507,52.2578,0.455,-0.11176749598769654,0.5667674959876966
266206,-34.771285,42.70005,0.389,-0.11025459606786864,0.49925459606786865
266207,-34.559358,40.67068,0.379,-0.028421856985474784,0.4074218569854748
266208,-29.986479,31.15918,0.38,0.029203665697057256,0.35079633430294277
266209,-30.842563,26.20223,0.374,-0.09399743065497784,0.46799743065497784
266210,-26.389042,21.74562,0.399,-0.04248021852928484,0.4414802185292849
266212,-27.966916,22.06755,0.392,-0.16603838242017666,0.5580383824201767
266213,-22.369222,26.6307,0.412,0.015338343701669388,0.3966616562983306
266214,-23.571072,23.81613,0.408,-0.06434436934442377,0.47234436934442375
266215,-23.290927,41.76435,0.457,-0.35555647913820126,0.8125564791382013
266216,-17.846336,17.40211,0.431,0.06953058337396871,0.36146941662603127
266217,-16.46234,17.91521,0.433,-0.13763808109978132,0.5706380810997813
266323,-10.814628,16.95614,0.441,-0.05597850002398256,0.4969785000239826
266324,-9.909984,13.85656,0.445,0.07567602548205694,0.3693239745179431
266325,0.686541,25.12164,0.439,0.053738256630550534,0.38526174336944946
266326,4.861148,27.42209,0.435,-0.02226347804525213,0.45726347804525214
266327,15.867585,30.21649,0.405,0.0350270865023931,0.3699729134976069
266328,23.043988,27.05469,0.366,-0.11110128617376189,0.4771012861737619
266330,31.623343,21.53411,0.317,-0.05698894423329036,0.3739889442332904
266331,38.626466,24.92124,0.263,-0.025235610541118017,0.288235610541118
266332,44.836055,28.77538,0.202,-0.051418870875782806,0.2534188708757828
266333,10.939438,-20.86991,0.416,-0.09225983222323887,0.5082598322232389
266334,13.194723,-18.70283,0.409,-0.11985923372637519,0.5288592337263751
266335,15.104045,-19.4854,0.397,-0.2720620556038195,0.6690620556038196
266336,-64.99672,67.5315,0.286,0.1637948543757258,0.12220514562427418
266338,-57.20316,57.78196,0.264,0.005958261251568454,0.25804173874843156
266340,-53.300956,70.70147,0.572,-0.07492911019192597,0.6469291101919259
266341,-49.773414,56.59262,0.36,-0.077301542149488,0.437301542149488
266342,-46.715945,61.44904,0.476,-0.07836835263621104,0.554368352636211
266343,-44.627023,58.07746,0.448,-0.051686006554576606,0.4996860065545766
266344,-42.377819,54.68494,0.428,-0.1097423061883556,0.5377423061883556
266345,-40.748886,48.24773,0.376,-0.17117910112209664,0.5471791011220967
266346,-39.710649,40.71736,0.336,-0.04896701971755186,0.3849670197175519
266347,-35.671948,44.80539,0.396,-0.09752278524658432,0.49352278524658433
266348,-32.257296,35.7399,0.376,0.09529544578250249,0.2807045542174975
266349,-30.965684,33.28152,0.378,0.010508589044816892,0.3674914109551831
266350,-30.064154,30.55507,0.379,-0.04270124649206386,0.42170124649206386
266351,-29.37381,27.16248,0.381,-0.14002815678444686,0.5210281567844468
266352,-25.846153,31.11036,0.402,0.043455030179700066,0.35854496982029993
266353,-24.421852,28.37892,0.405,-0.20531864440548606,0.6103186444054861
266354,-25.566927,26.01644,0.399,-0.2286869354441978,0.6276869354441978
266355,-23.870454,22.91793,0.408,-0.05340214315704326,0.46140214315704325
266356,-22.019824,25.45647,0.413,-0.07175113580236063,0.4847511358023606
266357,-26.263607,17.91481,0.407,-0.07802629695034537,0.4850262969503453
266358,-18.023799,21.82392,0.426,-0.00954846423291058,0.43554846423291055
266359,-16.48807,24.08537,0.429,-0.0966461503344562,0.5256461503344562
266361,-10.092461,25.87177,0.44,-0.008186545551322748,0.44818654555132276
266362,-11.04389,28.18218,0.442,0.00012655901085232917,0.44187344098914766
266465,-6.616699,-11.80405,0.496,-0.1599907003774228,0.6559907003774228
266466,-6.584578,-12.21922,0.497,-0.16970600778330372,0.6667060077833037
266467,17.847484,14.40841,0.392,-0.07441510052533347,0.46641510052533347
266468,21.082022,17.12085,0.377,-0.1091047621607574,0.4861047621607574
266469,24.676612,20.73239,0.358,-0.13790389008978096,0.495903890089781
266470,33.930344,23.16126,0.3,-0.015119633399609266,0.31511963339960924
266472,44.744475,21.04859,0.221,0.05789161870313521,0.16310838129686478
266474,56.788244,24.39834,0.096,0.15073395682392746,-0.054733956823927454
266476,12.18887,-23.18932,0.402,-0.22709355618804475,0.6290935561880447
266477,15.717985,-21.3825,0.388,0.08845716135857719,0.29954283864142284
266478,16.955627,-18.04375,0.391,0.0922289542884265,0.29877104571157354
266480,-67.386153,66.889,0.223,0.2412848139307832,-0.018284813930783184
266481,-67.502022,64.3324,0.173,0.08847667064141314,0.08452332935858685
266482,-64.12853,60.92538,0.185,0.17816301586051464,0.006836984139485358
266483,-57.801504,71.17278,0.507,0.10864824683394028,0.39835175316605975
266484,-55.501508,51.18674,0.215,0.024888265105611325,0.19011173489438868
266485,-53.661668,48.29043,0.218,0.047483562056195784,0.17051643794380422
266486,-47.559198,58.19919,0.413,-0.12767737743744684,0.5406773774374468
266487,-42.313413,74.36298,0.818,0.49903579741796555,0.3189642025820344
266488,-39.883691,64.8875,0.621,-0.21030755121185749,0.8313075512118575
266489,-36.626406,38.63515,0.354,0.049424024480263236,0.30457597551973675
266490,-33.758585,26.03798,0.357,0.023311599679105805,0.3336884003208942
266491,-30.031001,23.35576,0.381,-0.004194086988384616,0.38519408698838464
266492,-29.388897,34.19576,0.39,-0.15974025659756094,0.549740256597561
266493,-28.804664,35.69706,0.398,-0.2692449363669456,0.6672449363669456
266494,-27.480433,30.97626,0.394,-0.09833072195378369,0.4923307219537837
266495,-24.666674,33.48384,0.413,-0.029926331569845217,0.4429263315698452
266496,-23.044824,35.93433,0.429,-0.17161090095281925,0.6006109009528192
266497,-20.420404,28.72011,0.421,0.09018368825757526,0.3308163117424247
266498,-19.900572,27.89098,0.422,0.06919785394668676,0.3528021460533132
266499,-18.316517,30.20344,0.43,-0.050313795747546866,0.48031379574754685
266500,-17.191867,26.19674,0.428,-0.012387240989586363,0.44038724098958637
266502,-5.907879,40.55659,0.491,-0.12706493408218067,0.6180649340821807
266503,-10.860333,39.92136,0.484,-0.15511324143035993,0.63911324143036
266558,-8.917218,-6.46998,0.491,-0.15304035462661167,0.6440403546266117
266559,-4.903489,-9.53003,0.487,0.01721773425826798,0.469782265741732
266560,20.493807,17.87703,0.379,-0.20283445771793907,0.5818344577179391
266561,24.006168,20.05129,0.361,-0.14296799700877888,0.5039679970087789
266562,25.453992,22.28068,0.353,-0.12001836502522695,0.47301836502522693
266563,25.737925,25.04721,0.351,-0.10789116782659763,0.4588911678265976
266565,24.672451,27.49772,0.357,-0.10850449793563276,0.46550449793563276
266566,43.893935,24.03256,0.221,0.0010842367521645229,0.2199157632478355
266567,52.548126,23.36099,0.144,0.11931592762892672,0.02468407237107327
266568,11.360662,-19.85634,0.416,-0.09794203518705216,0.5139420351870522
266569,14.094377,-22.71713,0.393,-0.3031895179504101,0.6961895179504101
266570,15.93441,-20.49699,0.39,-0.03402887281106539,0.4240288728110654
266571,16.149641,-21.87977,0.384,0.051212969762182176,0.33278703023781786
266572,-66.364601,56.93289,0.086,0.06318488140672669,0.0228151185932733
266573,-61.369984,72.91556,0.485,0.03272642505794494,0.45227357494205506
266574,-61.807109,69.47164,0.392,0.10819644217176293,0.2838035578282371
266575,-58.330194,60.6193,0.287,0.00483386503429764,0.28216613496570236
266576,-57.670991,74.07953,0.584,0.1578216223837736,0.42617837761622634
266577,-52.595034,55.74105,0.309,-0.04012625128703781,0.3491262512870378
266578,-51.62089,52.98362,0.291,-0.07225057145067139,0.36325057145067136
266579,-50.25223,50.19222,0.281,-0.15016665348648023,0.43116665348648026
266580,-43.602536,59.33182,0.48,-0.12224303157819177,0.6022430315781917
266581,-38.451371,69.72897,0.742,0.5204045755110607,0.22159542448893932
266582,-36.497585,65.50494,0.668,-0.15230680058059207,0.8203068005805921
266583,-33.138247,39.83557,0.386,0.0823793152017865,0.3036206847982135
266584,-31.536528,34.88476,0.379,0.09166576149709557,0.2873342385029044
266585,-30.877693,31.81124,0.376,0.05202786951170923,0.32397213048829077
266586,-29.597339,29.21484,0.381,-0.06657027570692393,0.4475702757069239
266587,-29.429052,25.38613,0.382,-0.053863185794127126,0.43586318579412714
266588,-27.385386,28.01473,0.392,0.06194119675064684,0.33005880324935316
266589,-26.536623,30.05513,0.397,-0.14120768542264375,0.5382076854226437
266590,-24.131857,26.87565,0.406,0.07429474362737143,0.3317052563726286
266591,-22.472027,22.98699,0.412,-0.05786072478478132,0.4698607247847813
266592,-22.648836,25.94154,0.411,-0.011333349314131689,0.4223333493141317
266593,-22.391936,25.04938,0.412,-0.12051581927471587,0.5325158192747158
266594,-24.893949,26.19647,0.402,-0.03864235496923075,0.44064235496923077
266595,-17.252593,21.49488,0.428,0.006413371820759846,0.42158662817924014
266596,-15.577456,17.96626,0.434,-0.10417442417247777,0.5381744241724777
266597,-15.81993,20.29768,0.431,-0.1241581707380356,0.5551581707380356
266599,-8.771906,27.05399,0.443,0.07042471515246523,0.37257528484753477
266754,-9.296063,10.7449,0.45,-0.010260601031598055,0.46026060103159805
266755,-5.252768,1.95983,0.465,0.10118612525315517,0.36381387474684485
266756,-5.970228,1.50268,0.467,-0.49093959346109617,0.9579395934610961
266757,26.129142,19.197,0.351,-0.12657299964516153,0.47757299964516153
266759,38.031731,23.73401,0.269,0.025239143907332492,0.2437608560926675
266763,57.8226,16.34497,0.123,0.31731906052053954,-0.19431906052053954
266764,0.912151,-22.49355,0.466,-0.09516719825758198,0.561167198257582
266765,6.278156,-18.94063,0.443,-0.05879934789887386,0.5017993478988738
266766,8.362559,-19.66011,0.432,0.0836907348714436,0.3483092651285564
266768,17.390483,-22.99144,0.373,-0.3234421863438752,0.6964421863438752
266769,17.699809,-19.69769,0.383,-0.17689674432541935,0.5598967443254194
266770,17.427835,-18.60207,0.387,-0.11093872746110864,0.4979387274611087
266771,-66.281698,46.5077,0.001,0.05034697954027425,-0.04934697954027425
266772,-63.4665,43.55889,0.039,0.0017923402919603215,0.03720765970803968
266773,-60.610206,51.19797,0.133,-0.0785697770572275,0.21156977705722751
266774,-55.049758,61.15491,0.35,-0.015671938608057122,0.3656719386080571
266775,-51.737272,37.80855,0.196,-0.07870646905941467,0.27470646905941465
266776,-48.304614,40.96663,0.246,-0.10799464839865767,0.3539946483986577
266777,-43.245233,46.40515,0.335,-0.14698253908824024,0.4819825390882403
266778,-42.137784,34.55997,0.294,-0.05544789915990577,0.34944789915990576
266779,-38.786138,37.78286,0.332,-0.0630559933145552,0.3950559933145552
266780,-34.164472,43.77027,0.401,-0.0019908977777818833,0.4029908977777819
266781,-33.224723,46.53985,0.429,0.19306983251195337,0.23593016748804663
266782,-29.612617,31.94732,0.384,0.036440308125343115,0.3475596918746569
266783,-28.537621,34.63286,0.396,-0.17462837455173866,0.5706283745517386
266784,-29.079751,34.12075,0.392,-0.11210715247265791,0.5041071524726579
266785,-24.193596,37.24351,0.429,0.017711437025660887,0.41128856297433913
266786,-24.930708,36.65838,0.423,0.036655996392280156,0.3863440036077198
266787,-23.024726,29.44115,0.412,-0.07632029288377669,0.48832029288377665
266788,-22.569763,31.45853,0.418,-0.011019686492133201,0.4290196864921332
266789,-21.796865,33.90299,0.427,-0.08894267568845714,0.5159426756884571
266790,-21.061993,30.02232,0.421,-0.14534018491858755,0.5663401849185875
266791,-24.986611,20.29734,0.407,-0.13375606970782405,0.540756069707824
266792,-17.33828,29.05325,0.431,0.09177467881056797,0.33922532118943205
266793,-17.506967,30.34348,0.433,-0.056204687688136724,0.48920468768813674
266900,-8.580554,19.57166,0.44,-0.0924146112657512,0.5324146112657512
266904,-6.44543,13.33451,0.446,-0.034834864543500536,0.48083486454350055
266905,-5.627145,10.22986,0.45,0.3533908159899881,0.0966091840100119
266906,19.503585,26.07264,0.384,-0.009874401865837885,0.3938744018658379
266908,24.779407,27.60169,0.357,-0.08239030213628538,0.4393903021362854
266912,2.399869,-23.15397,0.457,0.13316112235191238,0.3238388776480876
266930,24.286763,-15.87324,0.359,0.018028112186654094,0.34097188781334586
266931,21.738381,-7.51219,0.384,0.26345246219803126,0.12054753780196875
266932,-55.266316,57.51316,0.291,0.10725920654658844,0.18374079345341154
266933,-45.039096,74.59975,0.792,-0.17467225919809615,0.9666722591980962
266934,-48.809637,67.56328,0.567,-0.06487631892530119,0.6318763189253012
266935,-43.080425,60.56521,0.506,-0.038415800452261194,0.5444158004522612
266936,-40.969406,57.80773,0.487,-0.09452067515573459,0.5815206751557346
266937,-38.934055,49.76915,0.409,-0.15392090165952899,0.5629209016595289
266938,-35.247349,45.63358,0.406,-0.012894629526167727,0.41889462952616774
266939,-32.801608,41.94802,0.4,-0.06594554084509702,0.46594554084509704
266941,-29.581868,27.51756,0.38,-0.05431724978481766,0.43431724978481767
266942,-26.008452,31.84149,0.403,0.07879485727257156,0.32420514272742845
266943,-25.632586,29.08901,0.401,-0.18175725963941414,0.5827572596394142
266944,-26.03367,26.73956,0.397,0.029080044747223647,0.3679199552527764
266945,-20.762141,29.92832,0.422,0.044819215833721615,0.37718078416627837
266946,-21.466476,28.21599,0.417,-0.19640112308552332,0.6134011230855233
266947,-21.670305,24.33328,0.415,-0.07452219007059364,0.4895221900705936
266948,-20.480016,24.17029,0.418,-0.026158913311531563,0.44415891331153157
266949,-19.727943,23.21913,0.421,-0.07354957369291135,0.4945495736929113
266950,-17.29994,26.09472,0.428,-0.14051353569550826,0.5685135356955082
266951,-13.745048,27.50103,0.437,0.004582758611443759,0.43241724138855625
267056,2.939933,21.05997,0.433,0.09786598045856348,0.3351340195414365
267057,1.890157,17.34831,0.435,0.20454226203142037,0.23045773796857963
267058,3.226315,19.98178,0.432,-0.09466729689503943,0.5266672968950394
267059,4.519824,16.87422,0.43,0.0898795447174266,0.3401204552825734
267060,-4.378782,-21.79115,0.494,-0.12958464266413142,0.6235846426641314
267063,11.632802,1.53653,0.424,0.08520095383858237,0.33879904616141765
267064,12.67915,4.13521,0.418,-0.09356569701469493,0.5115656970146949
267065,6.88781,-19.56702,0.439,-0.15080925404999515,0.5898092540499952
267068,14.368116,-18.18668,0.404,-0.10352502210196328,0.5075250221019633
267070,-60.949317,71.48932,0.457,0.05901246295121026,0.39798753704878975
267072,-60.073179,62.38249,0.284,0.04372723743223386,0.2402727625677661
267074,-50.931555,68.43533,0.556,0.0256129577845802,0.5303870422154199
267076,-42.004913,73.01973,0.786,-0.22884935981052307,1.014849359810523
267078,-33.519668,59.82571,0.589,0.06132020615301164,0.5276797938469884
267079,-32.212094,37.58024,0.383,-0.03629420121542828,0.41929420121542826
267081,-28.428922,35.53108,0.4,-0.06374884130053961,0.4637488413005396
267082,-25.760889,34.59102,0.411,0.002046393941709925,0.40895360605829006
267083,-24.582977,33.09979,0.413,-0.11702107527603113,0.5300210752760312
267084,-23.455856,32.72576,0.417,-0.12299017575317495,0.5399901757531749
267085,-18.916781,24.06033,0.423,0.09289443527940904,0.33010556472059094
267086,-26.838738,26.09436,0.394,-0.08755163470603534,0.48155163470603535
267087,-14.445892,27.50703,0.436,0.08334238458724386,0.35265761541275614
267088,-14.716104,29.45138,0.438,-0.053071927604360664,0.4910719276043607
267089,-13.221137,29.32737,0.441,-0.05830417325494918,0.4993041732549492
267091,-11.898937,21.52298,0.437,0.09405391692834884,0.34294608307165114
267232,-29.156676,28.18161,0.382,0.009103057666375446,0.3728969423336246
267233,-27.446505,24.91914,0.391,-0.1172670126657275,0.5082670126657275
267234,61.744568,67.67693,-0.069,0.03429506610739075,-0.10329506610739075
267236,-25.513987,-21.04192,0.592,0.0176934291007211,0.5743065708992788
267239,-19.124315,-21.59665,0.566,0.06727088324546487,0.4987291167545351
267241,-9.782614,-22.04542,0.522,-0.18765201886775737,0.7096520188677574
267243,0.525155,-19.12062,0.471,0.01284685462648308,0.45815314537351687
267244,6.00321,-22.35358,0.439,0.1276042595412257,0.3113957404587743
267247,15.181791,-18.28676,0.4,-0.028651118226484345,0.4286511182264844
267249,-63.340689,49.43814,0.071,-0.0700729707310734,0.1410729707310734
267251,-54.243141,65.78522,0.448,-0.10093616029831266,0.5489361602983127
267253,-45.996134,45.60876,0.298,-0.05674507014230947,0.35474507014230944
267254,-42.015007,29.13696,0.293,0.02732747349497158,0.26567252650502843
267256,-34.71196,32.74226,0.352,-0.05315885217383642,0.4051588521738364
267258,-28.080982,40.32395,0.422,-0.19658504724695014,0.6185850472469501
267259,-26.024603,38.27966,0.424,-0.04742097928472707,0.47142097928472704
267260,-25.275901,37.90261,0.426,0.08397155179383722,0.34202844820616274
267261,-24.422199,37.37155,0.428,-0.12993502869394302,0.5579350286939431
267262,-23.36016,40.7772,0.45,0.0011632430196332356,0.4488367569803668
267263,-19.000715,36.81161,0.448,-0.0023590135827501143,0.4503590135827501
267264,-26.873475,29.327,0.395,0.002018130800929293,0.39298186919907074
267265,-17.224658,32.72793,0.439,0.10189710183084634,0.3371028981691537
267266,-18.056224,33.07696,0.438,-0.059663403626674716,0.4976634036266747
267267,-10.954805,39.78933,0.483,-0.144503430525597,0.627503430525597
267269,-5.708337,47.59184,0.543,0.32914946798829114,0.2138505320117089
267373,-21.770776,27.88893,0.415,0.19764579734898166,0.21735420265101832
267374,-21.135958,25.42549,0.416,0.09982230447555474,0.31617769552444525
267375,-23.01535,21.82375,0.412,0.13851013364046924,0.27348986635953076
267376,-20.889965,27.6199,0.418,0.09455783772352816,0.3234421622764718
267377,30.264582,23.95972,0.324,-0.15318145146088302,0.47718145146088303
267382,1.022412,24.43752,0.438,0.09984564774980634,0.33815435225019363
267383,2.788924,21.31801,0.433,-0.04369357179491377,0.4766935717949138
267385,3.687707,-21.04074,0.453,-0.21195707616432408,0.6649570761643241
267386,5.189961,-19.13773,0.449,-0.039751245619003735,0.48875124561900374
267390,-68.109573,61.20165,0.108,0.20429039755569342,-0.09629039755569342
267392,-52.778521,68.82514,0.536,0.041399805554175974,0.49460019444582404
267393,-47.528398,72.16475,0.694,-0.23991367307109193,0.9339136730710919
267394,-48.49065,69.84394,0.623,-0.09548277682232445,0.7184827768223244
267395,-40.528761,58.52993,0.502,-0.0508333727654627,0.5528333727654627
267396,-36.675255,55.23845,0.493,0.000598358636068802,0.49240164136393116
267397,-35.777006,49.8054,0.438,-0.06558036618478857,0.5035803661847886
267398,-30.345981,34.79882,0.386,-0.004245898987638845,0.39024589898763884
267399,-29.383122,29.75999,0.382,-0.058172233408120735,0.4401722334081207
267400,-26.017338,32.51662,0.404,-0.09477318596456319,0.4987731859645632
267401,-26.181414,30.59227,0.4,-0.17699779000947394,0.5769977900094739
267402,-23.56024,32.60073,0.416,-0.0178837465179225,0.4338837465179225
267403,-19.056888,24.4874,0.422,0.06156521807215759,0.3604347819278424
267404,-19.799668,24.99547,0.42,-0.018184538285153352,0.43818453828515336
267405,-18.234342,22.49806,0.425,-0.06036450294384847,0.4853645029438485
267406,-15.804343,22.55013,0.43,-0.028579411262721437,0.45857941126272145
267407,-14.864473,22.66014,0.432,-0.061638042023142936,0.49363804202314293
267409,-10.714803,43.69705,0.508,-0.14721768400009574,0.6552176840000957
267505,-37.571492,26.63863,0.331,-0.1459298780653202,0.4769298780653202
267506,-33.992304,29.30064,0.354,-0.1918962272259599,0.5458962272259599
267507,-30.696721,26.16524,0.374,0.11979817362152258,0.25420182637847744
267508,-28.882044,19.8051,0.392,-0.008388032887919408,0.4003880328879194
267513,-5.663474,-20.74556,0.501,0.045998567620573236,0.45500143237942675
267515,-5.166044,-10.14529,0.489,0.029129741375353478,0.45987025862464653
267516,-0.167249,-16.15003,0.475,0.0648745850818054,0.4101254149181946
267517,2.448998,-13.6028,0.464,-0.017145640541897884,0.4811456405418979
267519,7.734878,-16.83656,0.439,-0.04421392254899958,0.4832139225489996
267520,13.689026,-10.77398,0.418,-0.04908836688203542,0.4670883668820354
267521,16.673158,-17.41845,0.394,-0.11467115856849196,0.508671158568492
267523,24.707107,-18.60285,0.349,-0.024273735928611886,0.37327373592861185
267525,-37.505839,39.9703,0.352,-0.11966700626655684,0.47166700626655683
267526,-35.543478,52.09983,0.465,-0.11927270328276733,0.5842727032827674
267527,-32.425321,46.33686,0.434,0.03573326177937698,0.39826673822062303
267528,-26.841798,28.80089,0.395,0.13163256470239934,0.26336743529760065
267529,-38.511365,40.67044,0.346,-0.147665440449176,0.493665440449176
267531,-33.9023,43.61227,0.402,-0.053135073659982754,0.4551350736599828
267532,-28.794013,29.40391,0.385,0.18956328925899465,0.19543671074100535
267533,-21.934169,34.02203,0.427,0.056701888273293914,0.37029811172670607
267535,-20.29436,38.72895,0.452,-0.10503092077138167,0.5570309207713817
267536,-11.532094,49.45015,0.557,0.3247161806826656,0.23228381931733444
267537,-14.311339,49.25603,0.55,-0.02961528131571091,0.5796152813157109
267538,-23.974392,38.31875,0.434,-0.18277797171310897,0.616777971713109
267540,-7.610902,33.70629,0.459,0.1954513939278665,0.2635486060721335
267544,-11.333624,43.69702,0.507,-0.39090514152479916,0.8979051415247992
267681,-3.799992,-12.58737,0.487,0.03060544610073918,0.4563945538992608
267682,1.818407,-9.86716,0.465,0.03717266797156112,0.4278273320284389
267715,-33.883653,48.57124,0.442,-0.16792393401373557,0.6099239340137356
267716,-29.937722,39.06463,0.404,-0.11072202308705821,0.5147220230870583
267717,-24.548628,55.76515,0.589,-0.05659072270613197,0.6455907227061319
267718,-23.535811,46.51825,0.491,-0.14306124024839723,0.6340612402483972
267719,-24.640852,34.82403,0.417,-0.24559169588134167,0.6625916958813416
267720,-18.701196,32.21478,0.433,0.16786311176166388,0.26513688823833614
267721,-24.359693,31.53853,0.41,-0.00984472590304331,0.4198447259030433
267722,-23.214808,31.13249,0.414,-0.16006847537413776,0.5740684753741377
267723,-22.084394,27.34984,0.414,-0.05589942935394794,0.4698994293539479
267724,-19.490604,26.61578,0.422,-0.009313657262175477,0.43131365726217546
267725,-18.495733,21.25683,0.425,-0.014985591499087106,0.4399855914990871
267727,-14.546436,24.62252,0.433,-0.03320445136383269,0.4662044513638327
267728,-9.579384,22.66021,0.439,0.0027461175325318664,0.43625388246746816
268062,8.564635,27.51211,0.426,0.05273220180227537,0.3732677981977246
268069,27.564413,17.88565,0.344,-0.009533257786220568,0.3535332577862205
268283,-0.703376,-6.78995,0.47,-0.08835720538143606,0.5583572053814361
268308,-39.429311,17.71082,0.344,-0.12761277490307832,0.4716127749030783
268312,-35.588199,46.46475,0.409,-0.276781552810499,0.6857815528104989
268314,-30.90924,50.74484,0.487,-0.17325330363201377,0.6602533036320137
268316,-22.609032,42.63259,0.466,0.10126028794745776,0.3647397120525423
268317,-21.549425,34.63317,0.43,-0.06240214146236067,0.49240214146236067
268318,-19.262259,34.12114,0.437,-0.03359280145344546,0.47059280145344545
268320,-10.7523,46.14952,0.527,0.07133321280408286,0.45566678719591713
268321,-10.913247,42.71589,0.501,0.009363956273146101,0.4916360437268539
268322,-10.247094,46.64462,0.532,-0.04420895447714949,0.5762089544771495
268325,-15.49753,17.68922,0.435,0.01190454807278257,0.4230954519272174
268326,-11.784418,22.14411,0.437,-0.05178814038624625,0.48878814038624624
268437,10.072937,-16.33043,0.429,0.11889761295591524,0.31010238704408477
268440,13.475234,-9.51446,0.42,0.0073643748555803894,0.4126356251444196
268442,19.848033,-4.28088,0.394,-0.1333794465147743,0.5273794465147743
268444,34.807014,5.11368,0.318,0.12536526625326175,0.19263473374673826
268471,-8.361985,54.84532,0.62,-0.07436413818475683,0.6943641381847568
268472,-12.460178,45.51337,0.52,0.037159150838253836,0.4828408491617462
268473,-13.768116,45.36832,0.516,0.018118458988002076,0.49788154101199794
268474,-13.15656,30.5346,0.443,-0.09406053052459662,0.5370605305245966
268475,-9.28606,27.20401,0.443,0.17910302244112156,0.2638969775588784
268476,-9.152797,28.38123,0.445,0.06972890296903453,0.3752710970309655
268580,-2.246248,-4.092,0.47,0.24280431600061617,0.2271956839993838
268581,-0.368441,-4.56815,0.466,0.1310912129598828,0.33490878704011723
268582,-8.338478,-14.35926,0.506,0.11627463248613762,0.3897253675138624
268584,-3.396084,-15.81286,0.489,-0.03724035550812848,0.5262403555081284
268587,9.982477,4.6384,0.426,-0.04931709930645414,0.47531709930645416
268589,9.845367,-2.62672,0.433,-0.08832101873813417,0.5213210187381342
268591,17.437909,3.08265,0.401,0.12668225996062746,0.2743177400393726
268607,-33.222327,-2.44729,0.49,-0.04864317707189782,0.5386431770718978
268609,-22.930213,0.11162,0.482,-0.06834714836009656,0.5503471483600966
268611,-28.014077,57.65347,0.596,-0.36562774344043164,0.9616277434404317
268613,-21.545148,54.38297,0.585,-0.07708444963296907,0.662084449632969
268614,-29.110532,48.83052,0.48,-0.21196573221894668,0.6919657322189466
268615,-27.014265,38.81869,0.421,-0.10725405876166025,0.5282540587616602
268616,-24.800138,44.07176,0.465,0.13414086752601703,0.330859132473983
268617,-20.532041,47.40854,0.512,0.08367241664814923,0.4283275833518508
268618,-17.500808,40.45331,0.472,-0.017829170677640203,0.4898291706776402
268619,-13.385413,32.62498,0.448,0.2612608856489021,0.1867391143510979
268620,-10.38548,24.59655,0.439,0.18182962316811277,0.25717037683188726
268734,-0.43162,4.57455,0.452,-0.09108569400426117,0.5430856940042612
268735,-0.670116,-1.43613,0.462,0.026428140806477932,0.4355718591935221
268736,24.550906,21.49055,0.358,-0.0878003264301701,0.4458003264301701
268739,-1.058048,-17.47772,0.479,0.15348832208892355,0.32551167791107644
268740,8.24774,-0.47496,0.436,0.3856532002358941,0.05034679976410589
268743,12.569366,-4.15626,0.429,0.10910522616412371,0.3198947738358763
268744,13.375883,-4.72057,0.421,0.04506446135612852,0.37593553864387147
268745,15.993322,-5.22493,0.41,-0.0004796394315065719,0.41047963943150656
268746,16.890162,-8.91542,0.405,-0.2762897680781834,0.6812897680781834
268747,16.128224,-6.89753,0.409,-0.18500881590429913,0.5940088159042991
268748,21.978098,5.11501,0.381,0.07807229002214051,0.3029277099778595
268749,22.741001,13.43098,0.372,-0.18135300302921686,0.5533530030292169
268750,30.350243,10.83578,0.336,-0.15217029712680288,0.48817029712680293
268751,37.142889,13.99191,0.291,0.008080815217090725,0.2829191847829092
268752,43.943417,17.15981,0.237,0.16984721751003404,0.06715278248996595
268753,19.92561,-18.52322,0.375,-0.1422845717016011,0.5172845717016011
268754,20.834086,-18.34634,0.37,-0.22861916263180496,0.5986191626318049
268756,18.42812,-19.24959,0.38,-0.177580883927257,0.557580883927257
268758,-60.596232,14.02821,0.204,-0.028652500942289227,0.2326525009422892
268760,-43.747338,0.43226,0.445,-0.03218592451636231,0.4771859245163623
268764,-21.580113,-5.26812,0.507,0.06786722420227694,0.4391327757977231
268766,-28.391467,24.63306,0.387,-0.1451498028585995,0.5321498028585995
268767,-20.64986,41.03134,0.464,-0.131681925028999,0.5956819250289991
268768,-14.938441,45.89839,0.517,0.08451191150532703,0.432488088494673
268769,-13.020301,19.4766,0.436,0.14095994047695848,0.2950400595230415
268771,-9.454981,18.93956,0.44,0.009709135607759732,0.4302908643922403
268886,-0.96473,7.14919,0.449,-0.11744597111354917,0.5664459711135492
268887,28.14673,19.35594,0.339,-0.06255600059804918,0.4015560005980492
268889,30.295671,27.00628,0.322,-0.01591003726027463,0.33791003726027463
268890,45.908777,19.35408,0.216,0.015089550310349269,0.20091044968965072
268893,12.814127,-23.15431,0.398,0.2212997426404743,0.17670025735952571
268894,13.107529,-21.79155,0.401,-0.12143308538745494,0.5224330853874549
268897,16.780882,-12.95319,0.402,-0.02911062761688773,0.43111062761688773
268898,24.75039,2.54105,0.371,-0.2735497911891465,0.6445497911891465
268901,31.259202,8.24716,0.334,-0.18850629488801013,0.5225062948880101
268902,36.600075,11.37838,0.299,0.07483364340317512,0.22416635659682488
268903,42.241878,14.51944,0.256,0.0756595157780677,0.1803404842219323
268904,47.2511,17.67152,0.21,0.23384419078656266,-0.023844190786562663
268905,-40.863697,58.65082,0.5,-0.25314570435935224,0.7531457043593522
268906,-43.899978,57.80752,0.453,-0.18942008604167238,0.6424200860416724
268907,-41.15648,61.68362,0.547,-0.1943235067565053,0.7413235067565054
268908,-25.273965,55.31702,0.579,0.030957423969811593,0.5480425760301884
268909,-42.108543,58.96388,0.492,-0.19437436070888964,0.6863743607088897
268910,-30.277369,59.02668,0.602,-0.15442417495442087,0.7564241749544208
268911,-29.536159,62.03546,0.657,-0.1752414036723211,0.8322414036723211
268912,-41.119406,61.32347,0.541,-0.23210055685326966,0.7731005568532697
268913,-29.718066,62.28851,0.661,0.11383144642921066,0.5471685535707894
268914,-22.529876,65.18565,0.756,-0.0018329561554105112,0.7578329561554105
268915,-26.332978,65.07045,0.735,-0.18650467999442863,0.9215046799944286
268916,-30.20111,64.66912,0.702,-0.3209563446166877,1.0229563446166876
268917,-30.385552,58.21646,0.588,-0.17532804987189013,0.7633280498718901
268918,-31.536796,60.48096,0.616,-0.28993637514732823,0.9059363751473282
268919,-29.351329,53.85853,0.534,-0.05663742096231679,0.5906374209623169
268920,-37.36243,47.13974,0.399,-0.23182687157944168,0.6308268715794417
268921,-35.933612,38.74624,0.36,-0.10227468415650615,0.46227468415650613
268922,-32.692357,44.95758,0.421,-0.14706643478725728,0.5680664347872573
268923,-30.750324,31.25615,0.376,0.09221129461355317,0.28378870538644685
268925,-24.362759,27.91881,0.405,-0.0019543603432716663,0.4069543603432717
268926,-21.272199,20.08548,0.419,-0.007144968232137698,0.42614496823213766
268927,-19.805497,25.7966,0.421,-0.09712973665479824,0.5181297366547982
268928,-17.04122,30.27148,0.434,-0.09188377943010946,0.5258837794301094
268929,-11.800907,42.89488,0.501,-0.012666112916483677,0.5136661129164837
269077,-2.597536,-8.05042,0.478,0.08213829992225297,0.395861700077747
269078,29.436419,22.02737,0.33,-0.19482785945663955,0.5248278594566396
269079,39.501306,24.97412,0.256,-0.01629029102909301,0.272290291029093
269082,56.789778,18.51387,0.123,0.2884733590618821,-0.1654733590618821
269084,17.337081,-22.62405,0.375,0.10127489173207037,0.2737251082679296
269086,13.0509,-19.61038,0.408,-0.03806524817313405,0.44606524817313403
269088,-69.985449,72.76769,0.297,0.41622040346541594,-0.11922040346541596
269090,-57.765782,68.90542,0.455,0.11425639282071011,0.3407436071792899
269092,-50.131474,61.93085,0.438,-0.16781005800363663,0.6058100580036366
269095,-40.519092,62.44391,0.568,-0.19553491948318089,0.7635349194831809
269098,-15.882928,59.0792,0.67,0.22721262148990337,0.44278737851009664
269099,-33.334583,63.35256,0.653,-0.25087888175354167,0.9038788817535417
269100,-30.253271,63.35282,0.676,-0.12804423519605918,0.8040442351960593
269103,-47.909734,59.08933,0.422,-0.281416879813881,0.703416879813881
269104,-22.529906,65.82587,0.769,-0.017671175144472306,0.7866711751444724
269106,-19.16901,62.04291,0.71,-0.24402476257757177,0.9540247625775717
269108,-14.279633,60.48362,0.696,-0.12611713951478937,0.8221171395147893
269110,18.556903,63.00416,0.607,0.2355794729980876,0.3714205270019124
269111,-30.241286,26.19619,0.377,-0.10055243299705448,0.47755243299705447
269281,-0.81801,6.61906,0.45,-0.005198951532576568,0.45519895153257656
269282,35.132053,22.86011,0.292,-0.08704922306485731,0.3790492230648573
269285,54.548317,19.01548,0.141,0.10373959476193224,0.03726040523806774
269288,10.172903,-18.47056,0.425,0.15354346116701606,0.27145653883298393
269289,14.111515,-22.25792,0.394,-0.2651057423364405,0.6591057423364406
269290,14.958683,-20.84615,0.394,-0.16511621640867535,0.5591162164086754
269291,15.789056,-23.07844,0.382,-0.2599684553251084,0.6419684553251084
269293,17.00433,-18.34187,0.39,-0.17499679379675043,0.5649967937967504
269294,24.911207,-21.19408,0.338,-0.41093957415952576,0.7489395741595257
269296,-59.861442,55.12284,0.185,-0.10813131679718846,0.29313131679718846
269298,-48.809149,70.48314,0.634,-0.3301026040061518,0.9641026040061518
269300,-43.063986,51.48423,0.383,-0.017555774972576408,0.40055577497257644
269301,-37.265592,58.73225,0.538,-0.17393519920304348,0.7119351992030435
269303,-33.574714,54.09042,0.506,-0.1967955288190595,0.7027955288190595
269304,-29.789406,56.91924,0.573,-0.13142906812186345,0.7044290681218635
269305,-26.692661,59.9641,0.64,-0.14991524398320458,0.7899152439832046
269306,-24.205597,56.96547,0.607,-0.1594561623692187,0.7664561623692187
269307,-22.833163,60.28933,0.666,-0.10345598750801539,0.7694559875080155
269308,-21.725772,58.28887,0.639,-0.13096466289750805,0.7699646628975081
269309,-21.679629,57.49868,0.627,-0.11458451318368199,0.741584513183682
269310,-16.294425,65.36694,0.779,0.13116090375390901,0.647839096246091
269311,-17.017828,63.84247,0.748,-0.04751737634312372,0.7955173763431237
269312,-15.650188,58.64311,0.664,-0.07437453462315331,0.7383745346231534
269313,-3.689942,57.58599,0.653,0.13404857004481613,0.5189514299551838
269314,-6.556787,55.73253,0.631,-0.14275295271634203,0.773752952716342
269315,-30.451145,74.70629,0.936,-0.13162740159314792,1.067627401593148
269420,0.742169,-1.99432,0.46,0.1855106098941519,0.2744893901058481
269421,-0.741846,-2.40944,0.464,-0.019695764508506925,0.48369576450850693
269422,38.737214,23.58894,0.264,-0.044450635606656,0.30845063560665603
269423,49.650505,22.34417,0.175,0.11829246936860922,0.056707530631390765
269430,16.414698,-19.77764,0.389,-0.3540851111234946,0.7430851111234946
269432,-70.651501,59.07368,0.024,0.27172693659027963,-0.24772693659027964
269434,-67.644492,56.00967,0.049,-0.005875725071825824,0.05487572507182582
269435,-63.76518,52.36669,0.087,-0.03281652274444782,0.11981652274444782
269436,-56.4147,61.59286,0.335,-0.03898640002091523,0.37398640002091527
269437,-52.605184,73.64532,0.658,-0.16248035404945693,0.820480354049457
269438,-46.004332,64.81494,0.548,0.039418368187889116,0.5085816318121109
269439,-41.94555,48.57069,0.367,-0.02550406288698968,0.3925040628869897
269440,-37.124237,44.43426,0.381,-0.07510434486762003,0.45610434486762
269441,-31.240723,39.55466,0.398,0.02292604119841869,0.37507395880158134
269444,-31.322133,45.45377,0.435,-0.08214738771089446,0.5171473877108944
269445,-28.535399,48.24143,0.478,-0.08655525805218033,0.5645552580521803
269446,-26.815311,50.62697,0.513,-0.1837145466062731,0.6967145466062731
269447,-23.225,47.47447,0.501,-0.0903001808261124,0.5913001808261124
269448,-21.710384,51.06824,0.544,0.03178086420954433,0.5122191357904557
269449,-22.315902,50.4691,0.535,-0.10977969059459819,0.6447796905945982
269450,-20.734279,52.49858,0.565,-0.12293516193089114,0.6879351619308911
269451,-19.566903,54.26599,0.591,0.07151063486771012,0.5194893651322898
269452,-18.651605,52.43861,0.572,-0.06609927593223483,0.6380992759322348
269453,-13.418491,55.76446,0.627,0.07492772047387294,0.552072279526127
269454,-12.948843,52.39373,0.586,-0.145475474391495,0.731475474391495
269457,-2.896264,52.39382,0.588,-0.006926966758649868,0.5949269667586499
269565,8.995499,-3.57497,0.436,0.13672762817258674,0.2992723718274133
269876,2.028116,-7.52722,0.462,0.2786623349577361,0.1833376650422639
269878,45.325145,15.42016,0.231,-0.05612449614816487,0.2871244961481649
269890,-61.999648,67.92647,0.355,0.09359670733287206,0.2614032926671279
269892,-53.711713,57.02926,0.309,-0.029317571694022066,0.33831757169402205
269893,-48.727262,52.32187,0.323,-0.08158306308846715,0.40458306308846714
269894,-42.051309,34.0209,0.294,0.02747320603941598,0.266526793960584
269895,-38.282903,30.36056,0.323,-0.0301707574631937,0.3531707574631937
269896,-34.323231,33.19934,0.356,-0.08455420645098148,0.4405542064509815
269897,-30.85402,28.47066,0.373,-0.03620462681561133,0.4092046268156113
269898,-29.968905,32.16338,0.382,-0.13586469152638736,0.5178646915263874
269899,-28.351768,31.69838,0.39,-0.10504437277277577,0.4950443727727758
269900,-25.329547,34.23996,0.412,-0.08616639814240327,0.49816639814240327
269901,-20.271572,26.22068,0.419,0.009812445172182903,0.4091875548278171
269902,-18.669604,27.675,0.425,-0.013407540464120848,0.43840754046412084
269905,-16.532812,64.56969,0.763,-0.2329537987248341,0.9959537987248341
269906,-15.681097,36.8017,0.458,-0.15561437395771877,0.6136143739577188
269907,-14.691509,37.11378,0.462,0.07923816969489877,0.38276183030510125
269908,-12.184573,38.36709,0.473,-0.00783539815085452,0.4808353981508545
269909,-11.617081,41.60566,0.493,-0.040093586922754824,0.5330935869227548
269910,-3.194336,41.64981,0.497,0.18791010858057686,0.3090898914194231
270014,1.236976,3.67431,0.45,-0.07022004241668668,0.5202200424166867
270061,-35.893052,76.07237,0.932,-0.6605048249847483,1.5925048249847484
270065,-25.607012,54.51183,0.566,-0.16618679984007886,0.7321867998400788
270066,-26.25259,48.50354,0.495,-0.18814640511498854,0.6831464051149885
270067,-22.077637,43.77078,0.476,-0.11969301376879199,0.5956930137687919
270068,-21.091903,51.3523,0.55,-0.07993589259919211,0.6299358925991921
270069,-17.351545,55.40428,0.613,0.15741948902284514,0.45558051097715485
270070,-13.142575,59.96148,0.689,0.22979636991300986,0.45920363008699006
270071,-13.854751,55.25633,0.62,-0.04237085404519121,0.6623708540451912
270076,2.208763,43.49914,0.502,0.05263219137768644,0.44936780862231357
270187,8.255925,6.73099,0.429,0.2747009150224138,0.1542990849775862
270188,12.438206,9.84763,0.414,0.28945591133218124,0.12454408866781874
270195,32.405756,5.66623,0.33,-0.14977018533593073,0.47977018533593074
270196,38.226989,8.79045,0.293,-0.0918516219952796,0.38485162199527956
270197,42.910931,20.81997,0.236,0.13331573554161055,0.10268426445838943
270214,-31.549283,33.57758,0.375,-0.05068920710437853,0.4256892071043785
270215,-29.328314,36.24815,0.397,0.11541207550506227,0.28158792449493775
270216,-30.050544,38.85657,0.403,-0.12501276523016924,0.5280127652301693
270217,-24.64684,35.22417,0.419,0.09297838934841485,0.32602161065158514
270269,-11.790683,22.79121,0.437,0.0763718407535993,0.3606281592464007
270273,-6.215839,15.98304,0.443,-0.0009551110079875994,0.4439551110079876
270385,10.44903,3.04299,0.426,-0.0737924511315578,0.4997924511315578
270386,6.892668,2.0658,0.438,0.01632217142060575,0.42167782857939423
270387,9.473167,-7.29736,0.436,-0.018338587397877453,0.45433858739787747
270389,11.025437,3.61512,0.424,0.04261637304940697,0.381383626950593
270391,21.245864,20.82165,0.375,-0.07009895310343867,0.44509895310343867
270392,23.957223,11.93558,0.367,-0.12633900780812402,0.493339007808124
270400,-40.159775,23.38499,0.319,-0.09206514168890347,0.41106514168890346
270401,-34.681241,20.33065,0.362,-0.02686229304558588,0.3888622930455859
270402,-32.076646,37.58825,0.384,-0.1367743216198109,0.5207743216198109
270403,-42.497561,50.62914,0.38,-0.20005986589276414,0.5800598658927641
270405,-35.953248,40.59163,0.368,-0.08273956061004538,0.4507395606100454
270406,-38.110263,35.22347,0.331,-0.08124580797560202,0.41224580797560206
270407,-24.970389,28.798,0.403,-0.021729881861688647,0.4247298818616887
270408,-30.664498,32.31338,0.378,-0.09485383840896534,0.47285383840896533
270409,-26.130871,34.82302,0.41,-0.09540331791187132,0.5054033179118713
270410,-21.469106,27.0498,0.416,-0.12139113995944122,0.5373911399594412
270412,-21.148715,27.32187,0.417,-0.11279598767533335,0.5297959876753333
270416,-2.972043,46.1486,0.529,-0.26162292779222013,0.7906229277922201
270417,-15.59491,31.70978,0.441,0.12196971669666028,0.3190302833033397
270418,-13.724364,28.3812,0.438,0.028030685894746672,0.40996931410525334
270419,-16.099874,41.60553,0.483,-0.07235417039485095,0.5553541703948509
270424,-6.308246,21.32899,0.44,-0.07650012723498792,0.516500127234988
270425,-7.954824,23.22432,0.44,-0.004928470009552097,0.4449284700095521
270527,5.71397,-4.95234,0.448,-0.06980852121854052,0.5178085212185405
270528,3.881023,-3.00066,0.452,-0.0552450014854548,0.5072450014854548
270529,6.13466,2.61698,0.44,0.09143588779768011,0.34856411220231986
270541,28.366863,-18.69719,0.329,-0.05289081555025876,0.3818908155502588
270542,-37.764256,31.83877,0.328,-0.11457432231057973,0.44257432231057975
270543,-44.686379,60.91915,0.493,-0.36739600198055583,0.8603960019805559
270545,-34.859801,55.71271,0.516,-0.021343828391071504,0.5373438283910715
270547,-33.181572,48.19721,0.444,-0.08098332266290316,0.5249833226629032
270548,-30.030882,33.86369,0.385,-0.004232616996559407,0.3892326169965594
270549,-29.509796,40.35091,0.414,-0.14240974996015213,0.5564097499601521
270550,-27.160504,38.00458,0.416,-0.10446080267052513,0.5204608026705251
270551,-31.38759,27.32135,0.37,0.005575380683563723,0.36442461931643627
270552,-22.233826,29.51023,0.416,0.09439124399515604,0.32160875600484395
270553,-18.33195,31.84875,0.434,0.05549403502643588,0.37850596497356415
270554,-16.474183,31.83279,0.439,-0.004239949702891159,0.44323994970289116
270555,-14.782367,27.9101,0.435,0.17887923945406262,0.25612076054593735
270557,-13.901871,21.1269,0.434,-0.07041704373542125,0.5044170437354213
270558,-12.525528,21.78604,0.436,-0.07977646346804997,0.51577646346805
270559,-10.197835,17.1082,0.441,0.004374407775871808,0.4366255922241282
270560,-8.927051,14.56372,0.444,-0.0837092013512745,0.5277092013512745
270561,-4.620655,25.78674,0.443,0.029711191428891476,0.4132888085711085
270562,-6.978912,29.3314,0.448,0.02414087418902951,0.4238591258109705
270689,-40.708962,26.39558,0.308,-0.01133955175564474,0.3193395517556447
270690,-37.302364,29.40443,0.331,-0.11477698791366962,0.44577698791366965
270691,-32.913516,20.74799,0.371,0.03523985205777029,0.3357601479422297
270692,-28.747844,34.8779,0.396,-0.09126696183657557,0.4872669618365756
270694,-34.148553,53.6843,0.496,-0.15805537992777718,0.6540553799277772
270701,-14.978694,56.71165,0.637,-0.08957392785110292,0.726573927851103
270702,-13.072811,50.64736,0.566,-0.16834250469760792,0.7343425046976079
270703,-13.588559,50.62733,0.565,-0.31417593489803547,0.8791759348980355
270704,-10.945561,32.61802,0.452,0.031050996394626048,0.42094900360537396
270705,-10.378202,35.22952,0.462,-0.06155675317300819,0.5235567531730082
270706,-9.110445,38.34813,0.477,-0.3973868090956021,0.8743868090956021
270707,-10.791308,41.65968,0.494,0.07488447560677754,0.41911552439322247
270708,-19.219133,34.00112,0.437,0.02931219505074913,0.4076878049492509
270710,-14.171235,23.40031,0.433,0.12152485762589892,0.31147514237410107
270711,-11.716514,27.20401,0.44,0.07417131145036486,0.36582868854963513
270712,-19.591859,14.56341,0.433,0.0280341336900882,0.40496586630991177
270713,-14.50556,22.11407,0.433,0.03885596935817542,0.39414403064182457
270714,-12.168518,18.92352,0.438,0.005455903419245179,0.4325440965807548
270715,-11.415329,19.85168,0.438,-0.0944755805125727,0.5324755805125727
270717,1.857218,24.55454,0.437,-0.11055888982238393,0.547558889822384
270826,3.28906,5.57278,0.443,0.08873317827125204,0.35426682172874796
270827,3.634351,8.1194,0.439,0.026457696977076332,0.41254230302292366
270837,-65.997472,72.82459,0.388,0.1597107945142802,0.22828920548571982
270838,-61.275881,67.29539,0.355,0.09760138512137456,0.2573986148786254
270839,-55.786914,62.03303,0.353,0.0055477245398632006,0.3474522754601368
270840,-48.771567,43.92215,0.254,0.0014094904859674917,0.2525905095140325
270841,-47.225795,48.19608,0.303,-0.039362209005806184,0.34236220900580616
270842,-42.766546,32.02844,0.286,-0.04119250182395472,0.3271925018239547
270843,-39.317485,36.57159,0.324,-0.13121103754162372,0.45521103754162373
270844,-33.850152,55.38363,0.52,-0.250893678103878,0.770893678103878
270845,-34.056244,51.06571,0.466,-0.11388733445307062,0.5798873344530706
270846,-30.187154,40.7359,0.411,-0.1083160279609429,0.5193160279609429
270847,-28.870371,43.43647,0.437,0.012447148219355088,0.4245528517806449
270848,-28.038328,46.38406,0.465,-0.3179578510313956,0.7829578510313957
270849,-26.858827,43.04047,0.446,-0.1475973881167744,0.5935973881167744
270850,-26.352708,45.97504,0.471,-0.17484185697534235,0.6458418569753424
270851,-23.716998,30.30228,0.411,0.14236806314208503,0.268631936857915
270852,-23.947845,35.08816,0.421,-0.13114068265675352,0.5521406826567535
270853,-22.925537,35.6803,0.428,-0.05705920428036826,0.48505920428036825
270854,-18.256013,39.01903,0.461,0.058370343706188425,0.4026296562938116
270855,-17.893851,41.09641,0.474,-0.16554880447302403,0.639548804473024
270856,-18.125877,39.66814,0.465,-0.08191356116277562,0.5469135611627757
270857,-17.845438,37.94384,0.457,-0.11093558835175195,0.567935588351752
270858,-17.25393,32.62489,0.439,0.041202528330753975,0.397797471669246
270859,-14.37934,24.59651,0.433,0.07847115068912412,0.35452884931087586
270860,-13.929679,27.91911,0.437,-0.17232208531861545,0.6093220853186154
270861,-12.550784,25.79675,0.437,-0.01966936553119815,0.45666936553119813
270862,-16.114657,19.8516,0.431,-0.0772683634295223,0.5082683634295223
270863,-5.279178,-8.45262,0.486,0.012653614216604606,0.4733463857833954
270968,3.622423,-5.5035,0.455,0.029914487210978512,0.4250855127890215
270969,3.262089,-6.10372,0.457,-0.2667091611452719,0.723709161145272
270981,-45.738225,74.19544,0.772,-0.6727878038628542,1.4447878038628543
270983,-59.476994,57.39344,0.22,-0.0385342158380881,0.2585342158380881
270984,-53.961191,63.22553,0.403,0.022262407351240073,0.38073759264875995
270985,-50.67362,54.11896,0.317,-0.0714876215151208,0.3884876215151208
270986,-45.026463,72.19601,0.728,-0.1277431688518574,0.8557431688518574
270987,-43.848915,50.28584,0.362,-0.007446573024000658,0.36944657302400064
270988,-40.768639,42.36158,0.334,0.014585008603270439,0.3194149913967296
270989,-36.80907,36.84783,0.346,-0.07855886499819019,0.4245588649981902
270990,-36.29805,36.61383,0.349,-0.11071294206088875,0.45971294206088875
270991,-31.584397,41.30695,0.405,-0.06462043759105142,0.46962043759105143
270992,-28.197501,33.57771,0.395,0.03475451755370903,0.360245482446291
270993,-28.82648,35.45402,0.397,-0.1024549206649111,0.49945492066491115
270994,-23.554472,39.41494,0.442,-0.08344869333707469,0.5254486933370747
270995,-22.93739,38.93688,0.442,0.0896656760490928,0.3523343239509072
270996,-17.256309,28.56617,0.43,0.30128374896344307,0.12871625103655693
270997,-19.431602,29.87135,0.426,0.032095462699237,0.39390453730076297
270998,-17.651964,32.28782,0.437,-0.07568592494881582,0.5126859249488158
270999,-17.964699,32.37083,0.436,-0.14704080824260746,0.5830408082426075
271000,-14.214459,25.79172,0.434,0.06285707592978658,0.37114292407021343
271001,-15.767805,27.77606,0.433,-0.08561470543919267,0.5186147054391926
271002,-14.349522,25.84374,0.434,-0.0804402180542909,0.5144402180542909
271003,-9.974922,22.14412,0.439,-0.06889697159663101,0.507896971596631
271004,-9.120035,23.6864,0.44,-0.042749621976566544,0.48274962197656657
271005,-11.157353,-8.45281,0.502,0.010530117927337237,0.4914698820726628
271006,-6.962175,13.20247,0.446,0.08953469947046536,0.3564653005295346
271008,-2.655529,21.65706,0.439,-0.21760774339167466,0.6566077433916746
271009,-4.177445,24.44752,0.441,0.20925088451636917,0.23174911548363084
271112,6.356871,6.17691,0.435,0.10143044879227907,0.3335695512077209
271113,6.731496,8.7115,0.431,0.1783057344720461,0.25269426552795393
271114,48.06039,22.20044,0.189,0.1895948042822134,-0.0005948042822133959
271116,6.23771,-21.19192,0.44,-0.1125521061935119,0.5525521061935119
271120,10.002729,-18.64066,0.425,-0.1014948610937189,0.5264948610937189
271122,13.12368,-18.55875,0.41,-0.09566232026336854,0.5056623202633685
271126,-62.76445,66.43684,0.309,0.06909717144987058,0.2399028285501294
271128,-49.9172,60.39345,0.415,-0.07005276417358466,0.48505276417358467
271130,-41.445126,47.32155,0.361,0.006445665052649445,0.35455433494735056
271133,-32.548468,44.7686,0.421,-0.1259785194293137,0.5469785194293137
271134,-30.048469,47.57223,0.462,-0.08311362450264245,0.5451136245026424
271135,-28.032097,42.58435,0.436,-0.1532024195171648,0.5892024195171648
271136,-27.370132,44.88681,0.457,-0.010462685076688339,0.46746268507668837
271137,-25.643766,33.70584,0.409,0.06806441100437373,0.34093558899562626
271138,-20.985295,30.55744,0.422,0.026763610143113743,0.39523638985688625
271140,-17.654898,29.07027,0.43,-0.07587381835076809,0.5058738183507681
271141,-17.762801,32.28285,0.437,-0.09650328185216576,0.5335032818521658
271142,-15.615851,31.37672,0.44,-0.1000199535423845,0.5400199535423845
271143,-13.185739,29.63744,0.441,-0.06844827894019885,0.5094482789401988
271144,-13.38423,28.3492,0.439,-0.05442477854931742,0.49342477854931743
271145,-9.024163,17.69333,0.441,0.07892257374857731,0.3620774262514227
271146,-8.718868,16.04702,0.442,-0.003773136902119127,0.4457731369021191
271149,2.076481,26.93293,0.439,-0.12067997538760025,0.5596799753876003
271253,3.815277,11.2641,0.436,-0.02997652729831084,0.46597652729831085
271254,7.791058,14.23667,0.424,0.29625975774826885,0.12774024225173114
271255,-1.059678,-21.53698,0.478,0.12072715681072785,0.3572728431892721
271257,6.785674,-22.75385,0.433,-0.13227369392139937,0.5652736939213994
271259,11.142795,-20.10354,0.416,-0.08716763637857593,0.5031676363785759
271263,22.106908,-20.07129,0.358,-0.34573561280234477,0.7037356128023448
271265,-64.423646,52.79254,0.079,0.11887569168972445,-0.03987569168972445
271266,-61.891862,61.26487,0.233,-0.20107406141389564,0.43407406141389565
271267,-58.713167,52.70962,0.178,0.0532911984829782,0.1247088015170218
271268,-53.37823,40.70496,0.181,0.11150914409697352,0.06949085590302648
271269,-50.152251,47.76376,0.262,-0.08383043296760101,0.345830432967601
271270,-47.138858,36.31484,0.246,-0.07028883851784373,0.31628883851784373
271271,-42.08291,44.31985,0.332,-0.1403086599220173,0.4723086599220173
271272,-40.290527,40.60328,0.33,-0.221116856097184,0.551116856097184
271273,-38.979966,43.3929,0.357,-0.09027071833680057,0.44727071833680054
271274,-34.146347,52.34096,0.48,-0.05631339513079849,0.5363133951307985
271275,-28.097609,55.40392,0.563,0.1095375406042576,0.45346245939574237
271276,-28.283675,58.58464,0.608,-0.32309928726931825,0.9310992872693182
271277,-25.735724,32.84865,0.406,0.20384029257349487,0.20215970742650516
271278,-25.734934,36.24427,0.417,-0.08115060965260913,0.4981506096526091
271279,-22.022767,39.88206,0.451,0.10824581811942703,0.342754181880573
271280,-24.424211,37.47855,0.428,-0.20992517435954827,0.6379251743595482
271281,-19.541934,31.08156,0.428,0.024648244183371748,0.40335175581662824
271282,-19.86525,30.35342,0.425,0.10777193233920596,0.31722806766079403
271283,-18.722017,33.27097,0.436,0.1356871342579455,0.3003128657420545
271284,-18.712104,35.0813,0.442,-0.19934849973019886,0.6413484997301988
271285,-14.687383,29.84044,0.439,0.0672893202506584,0.3717106797493416
271286,-19.266458,33.92007,0.436,-0.09663217382780946,0.5326321738278095
271287,-16.310198,30.62655,0.437,0.12006278539857275,0.31693721460142726
271288,-13.569331,27.39902,0.437,0.01797186462847782,0.41902813537152217
271289,-10.437057,22.79123,0.438,0.024178202509240916,0.4138217974907591
271290,-11.000173,24.29249,0.438,-0.07721472134519683,0.5152147213451969
271291,-11.404345,22.71321,0.437,-0.055358368674701015,0.492358368674701
271292,-10.147425,18.43545,0.44,0.04398784076818116,0.39601215923181887
271293,-8.89474,21.32098,0.439,0.06979898455219702,0.369201015447803
271294,-7.024258,18.80154,0.441,-0.02449809347932542,0.4654980934793254
271295,-0.513143,23.34934,0.438,-0.15566941359509665,0.5936694135950966
271296,-0.803542,26.12177,0.441,-0.19770427844212093,0.638704278442121
271400,8.558072,11.67214,0.424,0.011930856726404605,0.4120691432735954
271401,5.055706,13.86363,0.431,-0.22660847972666806,0.657608479726668
271402,-5.308154,-19.00258,0.499,-0.005009127095168051,0.5040091270951681
271403,-4.593421,-22.97885,0.495,-0.04453116676406864,0.5395311667640686
271404,-10.982629,-21.72532,0.528,-0.021300556511207054,0.5493005565112071
271406,-3.733969,-19.0536,0.492,-0.08071178557732968,0.5727117855773297
271408,-0.016548,-19.41377,0.474,-0.1614916152200261,0.6354916152200261
271409,7.647247,-23.28216,0.427,-0.22312501128501463,0.6501250112850147
271410,10.295802,-23.39033,0.412,-0.16704894834133668,0.5790489483413367
271411,10.601469,-19.77628,0.42,0.007631814122563165,0.41236818587743684
271412,13.301335,-18.15954,0.41,-0.08381437873318191,0.4938143787331819
271413,12.661118,-18.34562,0.412,-0.08014388611548406,0.49214388611548404
271414,14.123621,-19.16215,0.403,-0.052374822173827704,0.45537482217382774
271415,-56.396803,48.91708,0.182,-0.15360189415194495,0.33560189415194497
271416,-44.923214,69.43724,0.661,0.05207479021203096,0.608925209787969
271417,-41.179719,65.85464,0.627,-0.15472829523343298,0.781728295233433
271418,-39.91844,62.28782,0.571,-0.1315665171007879,0.7025665171007879
271419,-36.536473,73.89848,0.865,-0.34359027656006175,1.2085902765600618
271420,-35.957032,65.76503,0.678,-0.2532103429012963,0.9312103429012963
271421,-31.701885,55.48176,0.539,-0.018105882225771846,0.5571058822257718
271422,-29.577378,48.68644,0.475,0.08075286780015913,0.39424713219984087
271423,-27.577742,44.23566,0.45,-0.15440393270042682,0.6044039327004268
271424,-27.680962,40.79203,0.427,-0.23201289571514183,0.6590128957151418
271425,-27.728392,39.77884,0.422,-0.2600290009447037,0.6820290009447036
271426,-26.28076,42.32137,0.445,-0.08313833736608853,0.5281383373660885
271427,-22.96869,38.90287,0.442,-0.023743893448568885,0.46574389344856887
271428,-21.678484,36.97758,0.439,-0.041682627587547795,0.4806826275875478
271430,-19.843237,38.81897,0.455,-0.11450157933359048,0.5695015793335905
271431,-19.170989,39.5361,0.461,-0.0324925247059286,0.49349252470592864
271432,-13.150369,36.00862,0.461,0.03269124148727171,0.4283087585127283
271433,-13.677745,36.97378,0.464,-0.06028076741154185,0.5242807674115418
271434,-12.9921,41.13355,0.487,-0.049493726040325384,0.5364937260403254
271435,-10.473979,18.80151,0.439,0.08483444976698433,0.35416555023301566
271436,-14.196285,24.71452,0.434,-0.05991085871878146,0.4939108587187815
271437,1.057079,29.02624,0.444,0.03610291058368423,0.40789708941631575
271438,6.420217,27.4741,0.432,-0.08345608683704754,0.5154560868370476
271560,-49.1445,43.76816,0.249,-0.17962715107996036,0.42862715107996036
271620,-7.581569,54.16118,0.611,-0.03541848491049586,0.6464184849104958
271622,-5.961642,49.71726,0.562,-0.11694307008122277,0.6789430700812228
271623,1.585274,47.21881,0.531,0.013034929454009102,0.517965070545991
271624,4.584254,42.90102,0.492,0.18104839875870543,0.31095160124129456
271734,-9.332487,-18.34133,0.516,0.06972124493112704,0.446278755068873
271735,-5.79971,-21.36392,0.502,0.052213228383562335,0.44978677161643765
271738,0.549464,-21.40592,0.469,0.015989436882498716,0.45301056311750126
271740,9.775249,-18.52558,0.427,0.12882398093809658,0.2981760190619034
271742,-52.199992,49.4818,0.248,-0.04692579090803117,0.29492579090803117
271743,-61.406844,53.19944,0.137,-0.10833403803481349,0.24533403803481352
271746,-50.577519,52.43476,0.299,-0.12682126877177707,0.42582126877177706
271747,-43.301937,43.37161,0.314,-0.036225047305887645,0.35022504730588766
271748,-37.536335,37.97902,0.343,-0.033532644537476314,0.37653264453747637
271749,-35.931527,35.98675,0.35,-0.12389815963106521,0.4738981596310652
271750,-29.988383,43.06037,0.427,-0.03027904907771144,0.45727904907771144
271751,-27.438597,40.33397,0.426,-0.0773346296399586,0.5033346296399586
271752,-25.834349,38.33567,0.425,-0.0393455869784501,0.4643455869784501
271753,-25.601242,34.63102,0.412,0.07206499679710195,0.33993500320289805
271754,-24.154478,31.11544,0.41,-0.09344053947399718,0.5034405394739971
271756,-20.880173,36.84658,0.441,-0.15118066299336724,0.5921806629933672
271757,-19.168392,33.51302,0.436,0.12266152186835953,0.31333847813164045
271758,-14.286997,29.09932,0.438,0.11859608242628811,0.3194039175737119
271759,-12.104044,26.84494,0.439,0.06900178148550574,0.36999821851449427
271760,-13.003034,25.0136,0.436,0.053149266712330584,0.3828507332876694
271761,-11.409355,24.04045,0.438,-0.05732571626248263,0.4953257162624826
271762,-8.948248,21.65704,0.439,-0.08113181757768359,0.5201318175776836
271763,-8.181127,18.38846,0.441,-0.07661086664606746,0.5176108666460675
271764,-19.099596,24.1543,0.422,-0.07417582117182327,0.49617582117182324
271870,-19.01232,-21.06341,0.564,-0.045460424627313825,0.6094604246273138
271871,-23.966194,-18.28733,0.573,0.4903867141507824,0.08261328584921757
271872,-16.325012,-23.02428,0.556,0.05730579153003455,0.4986942084699655
271875,-1.268713,-20.07614,0.48,-0.09592670572147816,0.5759267057214781
271878,8.935679,-18.69564,0.431,0.06782365119932646,0.3631763488006735
271880,9.896797,-18.59363,0.426,-0.0434436043013276,0.4694436043013276
271882,-58.568892,61.98461,0.304,0.005797855448535244,0.29820214455146477
271883,-53.816061,48.5015,0.217,0.04522046992521246,0.17177953007478752
271884,-48.119212,58.96334,0.417,0.006598974979547445,0.41040102502045256
271885,-41.446911,68.77345,0.687,-0.0611991982877056,0.7481991982877056
271887,-30.528241,65.18529,0.71,0.03841898776890452,0.6715810122310955
271888,-28.146379,61.60043,0.659,-0.145437075085377,0.8044370750853771
271889,-27.263692,34.79896,0.404,0.023943669674036466,0.38005633032596353
271890,-26.785861,39.14377,0.424,-0.286436688206135,0.710436688206135
271891,-20.991277,42.34956,0.471,-0.030570765584254807,0.5015707655842547
271892,-23.055413,39.20791,0.443,-0.2349833624260838,0.6779833624260838
271893,-19.85272,35.97943,0.442,0.17490820386981154,0.26709179613018846
271894,-18.722073,38.43691,0.457,-0.023092309722989618,0.48009230972298966
271895,-17.903195,40.57332,0.471,0.02164344937738169,0.44935655062261826
271896,-19.00436,41.03137,0.47,-0.10384531472996761,0.5738453147299676
271897,-17.694595,36.43157,0.451,-0.025760446692791,0.476760446692791
271898,-15.419678,32.61693,0.444,0.2035531456197715,0.2404468543802285
271899,-15.115148,30.01347,0.438,0.03764558769285164,0.40035441230714836
271900,-11.160511,35.75961,0.463,-0.03643535297953384,0.49943535297953384
271901,-11.422644,28.63627,0.442,0.017614165592281742,0.42438583440771827
271902,-9.067738,19.89273,0.439,0.02557486589201826,0.41342513410798176
271903,-13.791467,18.38836,0.436,-0.13847824136376008,0.5744782413637601
271904,-10.957724,22.03809,0.438,0.04269926799972755,0.39530073200027244
271905,-6.035527,49.71725,0.562,0.02903928152263191,0.5329607184773681
271906,-6.618809,37.72608,0.476,-0.18992662380301917,0.6659266238030191
271908,6.122283,24.89764,0.429,-0.26997420975955283,0.6989742097595528
272012,-22.404262,-22.35454,0.584,0.204395707919733,0.37960429208026697
272017,-4.716178,-20.65449,0.496,-0.19155695706402034,0.6875569570640203
272018,-3.57904,-18.43124,0.491,-0.10479159999353017,0.5957915999935302
272047,-22.895324,52.43646,0.554,-0.182760646884049,0.7367606468840491
272048,-22.57944,52.34149,0.555,-0.06892886554856634,0.6239288655485664
272566,-20.77338,8.04784,0.451,0.017309155534873635,0.4336908444651264
272884,14.395832,6.20565,0.411,0.013998475693143301,0.3970015243068567
272889,31.806231,9.33522,0.33,-0.08859335182520117,0.4185933518252012
272900,-30.676185,8.04727,0.431,0.024692540633361133,0.40630745936663887
272921,-3.974948,45.14442,0.522,0.06509779608613392,0.4569022039138661
272922,-13.056471,41.14655,0.487,0.0013573404087734537,0.48564265959122654
272929,-1.93643,22.89226,0.439,-0.004329966376622152,0.44332996637662214
272930,-4.522393,28.70923,0.447,-0.18181726926088085,0.6288172692608809
272931,2.436746,25.69074,0.437,-0.194516117912137,0.631516117912137
272932,5.045593,29.02838,0.437,0.018968822463219587,0.41803117753678043
272933,-3.987766,37.72616,0.476,-0.12579668469889035,0.6017966846988904
272934,-4.248495,16.12707,0.442,-0.3497316172683972,0.7917316172683972
272935,-17.198066,26.39776,0.428,0.032453947958482186,0.3955460520415178
273040,12.168732,-6.70012,0.426,-0.19763199372468845,0.6236319937246885
273042,11.570457,-8.35287,0.428,-0.09072629858790773,0.5187262985879078
273044,17.073583,-12.30095,0.401,-0.1733319220317834,0.5743319220317834
273059,-24.468568,-2.25428,0.493,-0.002570741704621299,0.4955707417046213
273061,-29.817878,35.74405,0.392,-0.09318114301524108,0.48518114301524107
273062,-24.123976,48.79871,0.509,-0.03906344555299386,0.5480634455529939
273063,-20.164296,41.58745,0.469,-0.046002599535285425,0.5150025995352854
273064,-13.202396,53.13988,0.594,0.1876371889762897,0.4063628110237103
273065,-8.785754,62.45023,0.732,0.1588379740915447,0.5731620259084553
273067,-19.837024,45.39418,0.498,-0.10230594211573997,0.60030594211574
273068,-14.64834,41.14652,0.484,0.12846594876968553,0.35553405123031445
273069,-14.706609,27.39501,0.435,0.051796552822370265,0.3832034471776297
273070,-10.894528,20.9569,0.438,0.11614086751235336,0.32185913248764664
273071,-8.073803,17.77135,0.441,-0.05091687048693526,0.4919168704869353
273072,-6.204632,20.43484,0.44,-0.21829124097236927,0.6582912409723692
273073,-2.353439,26.74387,0.443,-0.05857332303034792,0.501573323030348
273074,1.591808,30.0745,0.445,-0.11908359157696781,0.5640835915769679
273075,-1.904466,44.30028,0.514,-0.11207517160175241,0.6260751716017524
273076,2.176999,47.85292,0.535,0.4781534735197766,0.056846526480223425
273078,-25.16957,22.50979,0.403,0.017639946274115824,0.3853600537258842
273214,-22.968468,-6.17357,0.512,0.05125755761321869,0.4607424423867813
273217,-10.396975,-4.16915,0.488,-0.057356298204792745,0.5453562982047927
273221,-14.74758,42.46176,0.492,-0.09447913456194694,0.5864791345619469
273343,11.448779,-15.46807,0.423,-0.04141782683062297,0.46441782683062294
273345,28.774897,15.06095,0.34,0.04761440128903818,0.2923855987109618
273348,37.833081,18.19278,0.28,-0.0047351935841690425,0.28473519358416904
273361,-39.825116,-6.32675,0.514,0.14585098065495905,0.36814901934504096
273365,-37.771642,25.49762,0.331,-0.2563850723540445,0.5873850723540446
273367,-30.50085,22.43456,0.38,0.09576539520483873,0.28423460479516127
273518,37.746578,23.96625,0.271,-0.19408661214835826,0.4650866121483583
273522,19.860858,-19.61289,0.372,-0.11879727667930347,0.49079727667930345
273524,-63.493249,59.18716,0.171,-0.09167235949829003,0.26267235949829004
273526,-58.919115,54.24605,0.191,-0.1234725450667714,0.3144725450667714
273528,-51.228221,45.43129,0.232,0.035096982186159545,0.19690301781384045
273530,-45.700123,46.61108,0.309,-0.11604069506375335,0.42504069506375336
273533,-29.429524,49.06856,0.48,-0.24450806780247478,0.7245080678024748
273534,-28.112759,50.38188,0.502,-0.19719026763909941,0.6991902676390994
273535,-23.529392,53.67874,0.566,0.0019729258809213965,0.5640270741190786
273536,-6.433351,-7.80238,0.488,0.19920500182890444,0.28879499817109555
273537,-7.708732,-3.06872,0.481,0.06334904861636599,0.417650951383634
273538,-5.822382,-3.67989,0.478,0.01575812518542123,0.46224187481457873
273539,-6.163771,-1.47719,0.474,-0.040336344456585765,0.5143363444565857
273540,-6.706541,0.74747,0.47,-0.09557723341063971,0.5655772334106397
273541,-20.733573,68.56676,0.833,-0.25850680096036704,1.091506800960367
273542,-22.545692,66.43606,0.781,-0.2325098830404322,1.0135098830404323
273662,13.120447,-7.85467,0.422,-0.13708682137286426,0.5590868213728643
273664,14.950335,-11.63244,0.412,-0.10041378147741378,0.5124137814774138
273667,29.956253,12.47622,0.336,-0.12823195805638207,0.46423195805638207
273678,15.097915,-21.12929,0.392,-0.045852819023191896,0.4378528190231919
273686,-51.919999,60.30803,0.384,-0.14000261170236383,0.5240026117023638
273687,-47.297282,51.49287,0.332,-0.1503619501677262,0.4823619501677262
273688,-40.039605,63.57321,0.594,-0.011396973036085872,0.6053969730360859
273689,-37.274224,54.7673,0.482,-0.1695456440964707,0.6515456440964706
273690,-33.009827,42.66813,0.403,-0.16033276738837152,0.5633327673883716
273691,-30.43975,45.86686,0.444,0.041981896148365616,0.4020181038516344
273692,-27.047984,39.60284,0.425,0.015442224528574395,0.4095577754714256
273693,-24.958244,34.75704,0.416,0.04091309038845472,0.3750869096115453
273694,-16.773603,-7.12855,0.509,0.22103967636672475,0.2879603236332753
273695,-13.520749,-4.54242,0.495,0.0723556498903086,0.42264435010969137
273696,-9.265997,1.14753,0.472,0.13788703242819336,0.33411296757180664
273697,-26.636405,24.77016,0.395,-0.061450733610533985,0.456450733610534
273698,-27.279166,25.99232,0.392,0.16122374498564868,0.23077625501435134
273699,-6.070199,3.04011,0.464,-0.002277482789791653,0.4662774827897917
273700,-5.817307,-0.41386,0.471,-0.0186751530655306,0.48967515306553056
274054,26.232749,5.15769,0.362,-0.13019751988379658,0.49219751988379656
274055,27.743387,7.73428,0.353,0.06708262748401506,0.2859173725159849
274056,6.697596,-21.19293,0.437,-0.08373299132280328,0.5207329913228033
274060,8.376472,-19.49605,0.432,0.04799964656634362,0.38400035343365635
274064,-45.875828,54.51056,0.384,-0.1072127681961586,0.4912127681961586
274066,-36.821553,51.5257,0.447,-0.07814348193126158,0.5251434819312616
274068,-29.687386,49.44964,0.482,-0.06262651860522674,0.5446265186052267
274071,-19.905133,62.65,0.718,-0.15401954850906116,0.8720195485090612
274072,-22.091362,52.32247,0.557,-0.1618159901437363,0.7188159901437363
274073,-11.322283,56.14757,0.635,0.15115959934027676,0.4838404006597232
274074,-12.013115,59.27032,0.679,-0.1477976575931318,0.8267976575931318
274075,-11.271756,56.16058,0.635,-0.062084917084268276,0.6970849170842683
274076,-12.371866,58.66916,0.67,-0.1356687449017785,0.8056687449017785
274077,-11.126913,55.46342,0.626,-0.13871784477983673,0.7647178447798367
274078,-13.78891,54.94525,0.616,-0.08947434940631828,0.7054743494063183
274079,-7.95713,61.46796,0.715,0.25915393212407123,0.45584606787592874
274080,-3.182764,52.22779,0.586,0.17634441611721463,0.40965558388278533
274081,-8.937809,57.17685,0.651,-0.12370096908977637,0.7747009690897764
274082,-10.685784,55.85552,0.632,-0.24461402068384777,0.8766140206838477
274083,-28.721446,57.99349,0.596,-0.26034286186896727,0.8563428618689672
274084,-23.781233,66.81709,0.784,-0.03254333193394177,0.8165433319339418
274085,-23.230738,61.19852,0.679,-0.07243494032763548,0.7514349403276355
274086,-20.807504,52.2815,0.562,0.045484430972970995,0.5165155690270291
274087,-19.234825,55.51025,0.609,0.00022925769383577802,0.6087707423061642
274088,-15.685085,64.36663,0.761,0.22620728051668731,0.5347927194833126
274089,-14.148487,49.69913,0.554,-0.005826403381224243,0.5598264033812242
274090,-14.764644,46.81055,0.526,-0.1682450497338381,0.6942450497338382
274091,-10.346637,52.73883,0.593,0.1751780321691371,0.4178219678308629
274092,-10.614333,49.95424,0.563,-0.37000909384728203,0.9330090938472819
274093,-9.039581,43.90912,0.512,0.1774243434105122,0.33457565658948785
274095,-5.633687,46.86471,0.536,0.1036899420740604,0.43231005792593963
274096,-27.488127,65.30345,0.733,-0.31923905401944863,1.0522390540194486
274240,25.33286,-8.61089,0.367,-0.028289681187818046,0.39528968118781804
274241,26.151646,-9.23545,0.362,-0.12474922049751573,0.48674922049751573
274242,11.80018,-21.07012,0.41,-0.060196319529023594,0.4701963195290236
274246,39.506915,15.609,0.273,0.0031803704615962834,0.2698196295384037
274247,44.095521,12.99576,0.246,-0.030154484347603417,0.2761544843476034
274249,14.914775,-19.58949,0.398,-0.11682094142317777,0.5148209414231778
274253,-47.836478,41.49871,0.254,-0.0025120424212143047,0.2565120424212143
274255,-40.925464,38.51992,0.315,-0.046186357184707,0.361186357184707
274256,-33.186071,45.16264,0.419,-0.06056245167203097,0.47956245167203093
274258,-30.36972,41.72013,0.416,-0.1324818881912187,0.5484818881912187
274260,-25.491271,41.18722,0.442,-0.10825225270713658,0.5502522527071366
274262,-21.98068,45.14408,0.487,-0.14552817463249842,0.6325281746324984
274264,-18.453347,45.95333,0.508,0.0415569416448121,0.4664430583551879
274266,1.21476,44.00923,0.507,0.3139807784839459,0.1930192215160541
274267,11.745057,41.98474,0.462,0.05417233168860462,0.4078276683113954
274268,14.87186,37.24381,0.427,0.08804177067397967,0.3389582293260203
274269,-4.866418,49.18316,0.557,-0.19216883239957266,0.7491688323995727
274270,-6.875781,47.57483,0.542,-0.23104969185380908,0.7730496918538091
274271,-3.911215,50.91251,0.573,0.14321990949010374,0.4297800905098962
274272,3.675753,52.51985,0.574,0.13396616886794901,0.44003383113205097
274273,-16.089583,49.12096,0.544,0.14263495776157425,0.4013650422384258
274275,-16.492346,46.48845,0.518,-0.058503954631803745,0.5765039546318038
274276,-15.568405,58.64809,0.664,-0.09197877929088366,0.7559787792908836
274277,-8.649802,49.4902,0.56,0.13843653677233045,0.4215634632276696
274279,-7.857581,45.41143,0.524,-0.11322374325317272,0.6372237432531728
274281,-25.890602,68.6175,0.812,-0.7115215491047256,1.5235215491047258
274282,-1.909559,43.78218,0.51,0.11224964588932419,0.39775035411067583
274425,30.463011,14.77086,0.331,0.31579680630406937,0.01520319369593065
274426,13.193207,-19.70942,0.407,-0.31675975398648426,0.7237597539864842
274428,13.134097,-20.64894,0.404,-0.13541685214524307,0.5394168521452432
274430,14.825046,-20.1238,0.397,-0.14077028975313005,0.53777028975313
274433,15.879224,-19.58947,0.393,-0.11107016792839956,0.5040701679283995
274434,16.819943,-22.4412,0.378,-0.01544836578077126,0.39344836578077125
274436,-60.713595,59.12951,0.222,0.011608843420521877,0.21039115657947813
274437,-53.766657,64.24385,0.425,0.081272257201529,0.34372774279847096
274438,-50.643465,55.1642,0.33,-0.11384912909281067,0.4438491290928107
274439,-49.534413,44.85026,0.25,-0.01614550633001531,0.2661455063300153
274440,-42.431483,68.75736,0.676,-0.07403274906172433,0.7500327490617243
274441,-38.805313,49.96018,0.412,-0.0035958882568474767,0.41559588825684746
274443,-29.895212,55.09182,0.547,0.004094111431357487,0.5429058885686425
274444,-27.090122,44.37573,0.454,0.031422551649566734,0.42257744835043326
274445,-26.73103,41.26219,0.436,0.09965284850779488,0.3363471514922051
274447,-22.328489,37.20761,0.437,-0.11998558254154035,0.5569855825415404
274449,-20.125028,39.92116,0.459,-0.03765493342475241,0.4966549334247524
274451,-16.501541,40.54338,0.475,-0.07000033234156594,0.545000332341566
274453,-6.791821,40.06749,0.488,0.03952319968901836,0.44847680031098164
274454,-14.483564,42.10871,0.49,-0.04963396897075025,0.5396339689707502
274455,-12.585295,42.06174,0.494,-0.07607779064343234,0.5700777906434323
274456,-10.046898,42.47987,0.501,-0.060817271516267604,0.5618172715162676
274457,-10.017304,42.21082,0.499,-0.08987152983239069,0.5888715298323907
274458,-7.619043,39.50139,0.485,0.006964245952542559,0.4780357540474574
274459,-4.774236,40.70163,0.492,-0.14303869392255505,0.6350386939225551
274585,32.244658,18.72149,0.316,0.11221967016534053,0.2037803298346595
274586,40.114981,16.09003,0.268,0.10227463291187575,0.16572536708812427
274603,-17.581628,3.20084,0.47,-0.13025048220701946,0.6002504822070194
274761,28.065753,13.39957,0.345,-0.036920752618863836,0.3819207526188638
274770,17.367162,-19.49665,0.385,0.002865112409026668,0.38213488759097336
274775,-29.240706,55.74298,0.56,-0.23798128736134477,0.7979812873613448
274776,-22.272198,52.61154,0.559,0.19253718294379987,0.3664628170562002
274777,-22.923443,3.20039,0.468,0.07434647646350606,0.39365352353649397
274778,-39.80516,59.26917,0.521,-0.17031164763395518,0.6913116476339551
274780,-10.938595,3.27706,0.468,0.6287573900001492,-0.16075739000014916
274781,-11.702931,1.2975,0.474,0.12418385118565535,0.34981614881434464
274782,-11.261483,0.68833,0.476,0.10772098604533119,0.3682790139546688
274783,-24.927423,52.87352,0.549,-0.260829173503913,0.809829173503913
274784,-22.125653,51.65536,0.549,-0.2220974105478244,0.7710974105478244
274786,-16.215288,49.16301,0.544,0.13716642608529586,0.4068335739147042
274787,-16.488198,49.23501,0.544,0.03748653843652413,0.5065134615634759
274788,-11.874495,44.71524,0.514,0.09419273844815419,0.41980726155184583
274791,3.479474,42.46196,0.492,0.32760326948014623,0.16439673051985376
274792,-3.033926,27.38999,0.444,-0.03081882433529564,0.47481882433529565
274793,0.050819,30.72849,0.449,-0.38542129129528974,0.8344212912952897
274794,-2.171293,27.37897,0.444,-0.14449279365580936,0.5884927936558093
274795,-3.507922,27.39899,0.445,-0.12221328646195011,0.5672132864619501
274796,-4.350388,28.05712,0.446,-0.12570393150156486,0.5717039315015648
274797,0.516277,30.78656,0.448,-0.23429577138418453,0.6822957713841845
274798,-2.706435,29.28929,0.448,-0.20024484268860307,0.648244842688603
274799,0.001417,35.00981,0.462,-0.029126550499642058,0.4911265504996421
274800,-3.455068,37.99921,0.477,-0.42506395748453024,0.9020639574845302
274801,-4.617157,39.50143,0.485,-0.13154615046950513,0.6165461504695051
274802,-6.618422,41.06466,0.494,-0.1294160539055845,0.6234160539055845
274803,-5.410372,43.5001,0.51,-0.017345957035297864,0.5273459570352979
274804,-4.957504,40.35557,0.49,-0.12577657789981952,0.6157765778998195
275019,-17.905913,31.5287,0.434,-0.061555247138816806,0.4955552471388168
275020,-16.295159,33.05101,0.443,0.0030992648264619193,0.43990073517353806
275021,-15.609247,33.97019,0.447,-0.004699617840993335,0.45169961784099333
275022,-14.416409,30.29155,0.44,-0.09314537514324372,0.5331453751432438
275023,-13.179829,26.74392,0.437,0.039494782884473015,0.397505217115527
275024,-4.316253,0.4244,0.467,-0.0722589092312628,0.5392589092312629
275025,-3.336392,-0.12275,0.466,-0.14488607020474434,0.6108860702047444
275026,-2.775951,8.03439,0.45,-0.047187853767122964,0.497187853767123
275027,-2.532583,10.62797,0.446,0.20603108562788489,0.23996891437211512
275028,-11.499636,18.13739,0.439,0.015989495584008237,0.42301050441599175
275029,-8.336429,20.45584,0.44,0.02972825033905792,0.4102717496609421
275030,-5.885475,24.3015,0.441,-0.04970720801479231,0.4907072080147923
275182,30.192367,13.39953,0.334,0.05059595844140405,0.283404041558596
275196,2.344224,24.11449,0.435,0.05523723692287919,0.3797627630771208
275197,1.466814,6.31798,0.446,0.18563013736627004,0.26036986263372996
275199,0.958107,-0.46285,0.457,-0.06505446329983382,0.5220544632998338
275200,1.053417,1.51873,0.454,-0.06655939597420935,0.5205593959742094
275201,2.521266,39.14442,0.476,0.1409892016166332,0.3350107983833668
275202,1.499841,32.77124,0.453,-0.017606442172874725,0.47060644217287473
275205,1.264249,-7.32515,0.465,-0.004539517333348046,0.4695395173333481
275206,1.237735,-5.21438,0.463,-0.10014100130970303,0.563141001309703
275207,3.076313,-8.16749,0.46,-0.2000350056770989,0.6600350056770989
275208,0.902654,-0.55487,0.457,-0.06181905206723182,0.5188190520672318
275209,1.322291,-1.12704,0.457,0.06711257301189076,0.38988742698810924
275210,1.227819,4.12043,0.45,-0.12074002901996705,0.5707400290199671
275211,1.293243,3.81135,0.45,-0.12502937409031836,0.5750293740903184
275212,2.551304,6.52703,0.444,-0.0239240318826479,0.4679240318826479
275213,2.737152,6.12993,0.444,-0.027406418792493403,0.4714064187924934
275214,2.736895,11.51316,0.437,0.09564543509156337,0.34135456490843663
275639,41.035787,27.9567,0.239,0.07254167637360379,0.1664583236263962
275641,7.782619,-20.7427,0.433,-0.7052836649988463,1.1382836649988464
275642,51.288401,22.2502,0.16,0.15218405613965483,0.007815943860345176
275646,-64.24835,64.37527,0.24,0.23675325948692827,0.003246740513071722
275832,29.89773,16.50342,0.332,-0.08181780462972821,0.4138178046297282
275833,33.953258,10.74139,0.316,0.062397578879658806,0.2536024211203412
275834,33.903593,-10.43305,0.321,0.04911436804018307,0.27188563195981696
275842,-40.176749,23.73602,0.318,0.04122263043857219,0.27677736956142784
275844,-57.116913,64.37641,0.372,-0.05053076763833737,0.42253076763833736
275849,-36.762914,61.3239,0.586,-0.06069803418855677,0.6466980341885568
275861,-5.486125,35.44874,0.466,-0.05306904088656222,0.5190690408865622
275863,-6.010615,34.9706,0.465,-0.04117985316381219,0.5061798531638122
275864,-5.528302,33.26225,0.459,-0.1121006145173301,0.5711006145173301
275865,-8.039328,37.72605,0.475,0.0026547468434616863,0.4723452531565383
275866,-9.361088,37.96505,0.475,-0.11271896894508301,0.587718968945083
275867,-8.537813,35.10954,0.464,0.0651010741170306,0.39889892588296944
275972,27.557233,-11.0044,0.353,-0.17309589787237714,0.5260958978723771
275973,32.99185,-13.55731,0.32,0.0483470968693032,0.2716529031306968
276610,10.224352,-23.17624,0.413,-0.16582013333096593,0.5788201333309659
276611,14.346527,-20.74304,0.398,-0.14160336556664999,0.53960336556665
276616,18.929823,-19.61263,0.377,-0.13470881806318552,0.5117088180631855
276617,-47.15502,46.58879,0.291,-0.17389192280299676,0.46489192280299674
276618,-42.426419,67.26788,0.642,-0.11796819935742643,0.7599681993574264
276619,-41.06532,64.11318,0.593,-0.21389611303801306,0.806896113038013
276620,-39.103385,48.96595,0.399,0.058211925215136885,0.3407880747848631
276621,-37.68434,57.09976,0.51,-0.13771201595817226,0.6477120159581723
276622,-33.345386,60.40382,0.6,0.11117471410079503,0.48882528589920493
276623,-30.428194,69.75662,0.81,-0.035443481513334554,0.8454434815133346
276624,-29.026675,40.5329,0.418,0.05016175312015504,0.36783824687984495
276625,-24.919804,66.51993,0.772,0.1191960790640253,0.6528039209359747
276626,-24.415639,62.49481,0.696,-0.23187613734063586,0.9278761373406358
276627,-21.676432,59.16605,0.653,0.21502910074175727,0.43797089925824273
276628,-19.830235,53.85887,0.585,0.005621498259414936,0.579378501740585
276629,-19.715141,44.55899,0.492,-0.12193983885967885,0.6139398388596788
276630,-20.991475,38.09377,0.447,0.05434651652351872,0.39265348347648127
276631,-18.526901,34.68623,0.441,0.1536149096720124,0.2873850903279876
276632,-20.727296,26.74373,0.418,0.18197653356461177,0.2360234664353882
276633,-14.896364,31.71678,0.443,0.1996569320390325,0.2433430679609675
276634,-13.601186,26.04578,0.436,-0.06478851371887086,0.5007885137188709
276635,-9.919538,21.18296,0.439,-0.1543022579586893,0.5933022579586893
276637,-13.532917,16.12696,0.439,-0.13579881370126942,0.5747988137012694
276638,-10.424475,18.44646,0.44,0.03253500332655556,0.40746499667344444
276639,-7.280556,21.57804,0.44,-0.0011557481158754313,0.44115574811587543
276641,-1.762871,41.06473,0.493,-0.39897703864530776,0.8919770386453078
276643,4.070574,-1.14606,0.45,0.16665212349888106,0.2833478765011189
276750,14.660124,-18.70599,0.402,-0.26956515480311494,0.671565154803115
276751,5.823856,-22.43563,0.44,0.1573277668754348,0.28267223312456524
276757,-41.346521,32.40763,0.299,-0.03873186628226622,0.3377318662822662
276758,-37.002472,26.71891,0.334,-0.08310650560800507,0.4171065056080051
276759,-30.193394,18.06065,0.391,0.02764147366239604,0.36335852633760396
276760,-27.37125,12.2295,0.421,-0.09959935798521113,0.5205993579852111
276762,-26.564605,15.45733,0.413,-0.13462622560161905,0.547626225601619
276763,-16.224719,5.85457,0.462,0.04594917474244522,0.4160508252575548
276764,-55.696988,69.67187,0.508,-0.3246566101624981,0.8326566101624981
276783,-7.696304,-7.61034,0.491,0.06125922454955898,0.429740775450441
276940,7.833969,-22.51475,0.428,-0.02355221201722722,0.45155221201722723
276941,-0.068732,-22.31644,0.472,-0.1714946176133152,0.6434946176133152
276943,9.386647,-19.339,0.427,-0.07037943808742407,0.4973794380874241
276946,9.536393,-21.8094,0.421,-0.1665760508259375,0.5875760508259374
276948,26.091197,-20.34579,0.335,-0.3280425942040385,0.6630425942040385
276949,-65.823863,66.35001,0.245,0.22144073327015681,0.02355926672984318
276950,-60.973492,57.60025,0.196,0.13016490199759623,0.06583509800240378
276951,-58.372932,52.56866,0.182,0.06090950352424015,0.12109049647575984
276952,-53.638633,62.18034,0.389,-0.2224020615221564,0.6114020615221565
276953,-52.428799,59.10082,0.358,-0.08812026518233829,0.44612026518233827
276954,-49.888797,54.05305,0.327,-0.04001650261766691,0.36701650261766694
276955,-47.282006,38.35623,0.249,0.028324903152031594,0.2206750968479684
276956,-43.762523,34.45483,0.278,-0.04608930892438389,0.3240893089243839
276957,-38.968288,42.02865,0.349,-0.017299219688656418,0.3662992196886564
276958,-36.196235,45.75153,0.399,-0.06220952381889357,0.4612095238188936
276959,-32.729158,30.72794,0.363,0.02295188517134791,0.3400481148286521
276960,-25.867075,49.06866,0.502,-0.18410485501604174,0.6861048550160418
276961,-22.099629,57.03853,0.619,-0.036571457576246344,0.6555714575762464
276962,-14.49958,68.09383,0.837,0.14813265554413163,0.6888673444558684
276963,-13.531626,64.4077,0.765,-0.1442574067323225,0.9092574067323225
276964,-13.684099,28.74126,0.439,0.03193996437204188,0.4070600356279581
276965,-11.465832,24.89759,0.438,0.08671727015514726,0.35128272984485276
276966,-8.946017,20.2968,0.439,0.00504205462536017,0.43395794537463983
276967,-8.387934,21.20897,0.44,-0.0774825160335099,0.5174825160335099
276968,-7.590419,23.56038,0.44,-0.03917367436042634,0.47917367436042635
276969,-4.838912,26.27982,0.443,-0.013413417942753409,0.4564134179427534
276970,-4.475319,28.95227,0.448,0.0638916654337091,0.3841083345662909
276971,-5.725044,25.79575,0.443,-0.09267221160464056,0.5356722116046406
276972,-1.177517,18.43751,0.438,-0.0383492244418753,0.47634922444187533
276973,-0.4835,17.8484,0.438,-0.01543291392212483,0.4534329139221248
276974,-3.439432,10.02083,0.448,-0.15324332457062856,0.6012433245706286
277079,-0.807312,-23.31803,0.474,0.06322593809539921,0.41077406190460075
277080,-4.858023,-22.07332,0.497,-0.08021958404473331,0.5772195840447333
277087,21.29281,-20.3453,0.361,-0.1909967622879086,0.5519967622879086
277089,-66.192879,53.85421,0.055,0.2270825446593343,-0.1720825446593343
277090,-67.280968,44.5541,-0.025,0.303231866665803,-0.328231866665803
277091,-41.142709,76.46288,0.891,-0.09202963392876103,0.9830296339287611
277092,-72.411869,60.37043,0.001,0.24155908353890868,-0.24055908353890867
277093,-66.487636,52.3462,0.036,0.1307425373839307,-0.09474253738393071
277094,-63.418529,46.90767,0.054,0.06611623148534583,-0.012116231485345831
277096,-55.924139,50.16562,0.199,-0.01755227695919513,0.21655227695919516
277097,-50.061916,38.74302,0.218,-0.015033518247021036,0.23303351824702104
277098,-44.563775,57.45334,0.44,-0.21700316240029666,0.6570031624002967
277099,-36.202611,69.47917,0.757,0.024982176012912714,0.7320178239870873
277100,-32.618574,61.28913,0.621,-0.16572460905189967,0.7867246090518997
277101,-26.468723,53.44558,0.548,-0.03651731089272151,0.5845173108927215
277102,-22.914381,30.42535,0.414,0.1651012671880546,0.24889873281194538
277103,-18.693955,27.39894,0.425,0.015679351635875194,0.4093206483641248
277104,-12.453588,36.12966,0.462,-0.010171910219612886,0.4721719102196129
277105,-13.513172,30.85965,0.443,-0.009751803861871912,0.4527518038618719
277106,-5.869338,24.44752,0.441,0.18945395256265138,0.25154604743734865
277107,-5.102207,26.62588,0.444,0.04806934406836358,0.39593065593163645
277108,-2.943472,29.47931,0.448,0.04534920618176904,0.402650793818231
277109,-0.780514,-8.45257,0.473,-0.03754912041710347,0.5105491204171034
277110,-3.133085,21.01095,0.439,-0.010326645815690408,0.44932664581569043
277111,-1.31086,20.82792,0.438,-0.10792338518560597,0.545923385185606
277112,-6.835628,6.30892,0.458,-0.0815036145589081,0.5395036145589082
277216,-72.000248,46.87631,-0.107,0.24033665250652295,-0.34733665250652296
277217,-6.224931,-19.33879,0.503,0.053408066548067956,0.44959193345193205
277227,-31.653226,23.98676,0.371,-0.06083366080120991,0.4318336608012099
277228,-15.795113,77.53347,1.069,0.10181190670432268,0.9671880932956772
277229,-50.588295,72.93555,0.67,-0.21576858032142962,0.8857685803214297
277230,-75.857806,65.48666,0.001,0.3546552756432513,-0.3536552756432513
277232,-67.764822,46.30668,-0.027,0.02161138765061592,-0.04861138765061592
277233,-61.005011,58.38941,0.206,0.007865697983950664,0.1981343020160493
277234,-55.90612,52.89796,0.225,-0.00887743372216017,0.2338774337221602
277237,-41.216116,39.42102,0.316,0.047257950476339995,0.26874204952366
277238,-36.335563,64.02257,0.639,-0.22303597801938882,0.8620359780193888
277239,-32.633857,55.90083,0.537,-0.012086811703656627,0.5490868117036567
277240,-28.247976,46.94916,0.468,0.006350637252215204,0.46164936274778484
277241,-26.820105,50.02083,0.506,-0.12324460421199526,0.6292446042119952
277242,-23.056058,59.03297,0.644,0.06316819502454309,0.580831804975457
277243,-17.002946,68.79198,0.848,0.17346263525281075,0.6745373647471893
277244,-15.804658,53.22483,0.59,-0.06214348049494566,0.6521434804949456
277246,-13.008009,43.49299,0.503,-0.04215818113963026,0.5451581811396302
277248,-11.745764,20.82786,0.437,0.031357756237057374,0.4056422437629426
277357,-71.106873,41.08122,-0.102,0.14331336633713665,-0.24531336633713663
277358,-20.799129,-23.42077,0.579,0.2388691518209758,0.34013084817902417
277366,-76.082844,73.01236,0.154,0.5323438146847549,-0.37834381468475486
277369,-11.01787,1.28549,0.474,0.20204242056333127,0.2719575794366687
277370,-71.602948,65.48752,0.102,0.3363779051217748,-0.2343779051217748
277371,-53.49733,75.96299,0.708,-0.022300569607353545,0.7303005696073535
277373,-70.097349,61.97843,0.077,0.3326100320159277,-0.2556100320159277
277375,-60.322688,56.29118,0.191,0.16764039646586024,0.023359603534139767
277376,-53.162614,66.04134,0.47,0.029608851507934325,0.4403911484920656
277377,-49.915079,50.26528,0.286,-0.032824439662829746,0.3188244396628297
277378,-46.409356,53.39231,0.364,-0.06732479387750179,0.4313247938775018
277379,-41.019151,68.94253,0.696,-0.02121327537587385,0.7172132753758738
277380,-38.069846,47.81981,0.399,-0.051925692312027226,0.4509256923120272
277381,-33.628397,56.34386,0.535,0.010320596562319368,0.5246794034376807
277382,-29.743802,61.70436,0.65,-0.13152647206562537,0.7815264720656254
277383,-26.297762,65.94771,0.753,0.06404909050678881,0.6889509094932111
277384,-23.656658,50.57205,0.53,0.05342144586720357,0.4765785541327965
277385,-20.01031,28.42407,0.422,0.2609101558211519,0.16108984417884809
277386,-18.996419,20.82768,0.424,-0.04525442227750722,0.4692544222775072
277387,-15.431276,23.99438,0.431,0.08296047334320607,0.34803952665679394
277388,-9.126322,45.10934,0.521,-0.0015844746795205737,0.5225844746795206
277389,-8.874801,28.16919,0.444,0.052528002252718704,0.3914719977472813
277390,-6.711372,23.07029,0.44,-0.008185153897679253,0.44818515389767927
277391,-5.182426,25.99278,0.443,-0.04823368272454419,0.4912336827245442
277392,-7.841222,20.90891,0.44,-0.1860725368076752,0.6260725368076752
277393,-5.018022,24.10447,0.441,-0.05660467775890991,0.49760467775890993
277497,35.650604,-16.81378,0.296,-0.0840024297411847,0.3800024297411847
277499,-57.76237,21.02775,0.172,0.03996416145553418,0.13203583854446582
277500,-52.561031,35.41102,0.182,-0.03139373507478585,0.21339373507478585
277501,-3.439845,-23.4201,0.489,-0.05307738448770224,0.5420773844877023
277502,9.470942,-22.86903,0.418,-0.21190423368982003,0.62990423368982
277507,-23.30843,12.46374,0.431,0.14394428398632167,0.2870557160136783
277508,-19.193478,15.29661,0.432,0.0566719598559592,0.3753280401440408
277509,-68.301172,71.43184,0.303,0.1662388395865449,0.1367611604134551
277511,-63.731475,73.99155,0.465,0.2827544955697225,0.18224550443027754
277513,-57.335361,77.28268,0.681,0.07734578699179871,0.6036542130082013
277515,-75.157108,53.42645,-0.137,0.06887403644856455,-0.20587403644856456
277518,-61.426162,48.00337,0.094,-0.07363639803994765,0.16763639803994765
277519,-55.375429,59.48156,0.318,0.0753431038768604,0.24265689612313962
277520,-50.947615,42.46863,0.22,-0.08429265504906547,0.30429265504906544
277521,-45.526837,68.56488,0.633,-0.08115640464901193,0.714156404649012
277522,-44.023519,55.93402,0.425,-0.06723764727244402,0.492237647272444
277523,-40.448445,50.57219,0.401,-0.028634490240114687,0.4296344902401147
277524,-36.417506,63.98352,0.638,-0.09832896540547294,0.736328965405473
277525,-33.517127,44.95252,0.415,0.019032617233651593,0.3959673827663484
277526,-30.951761,29.43079,0.373,0.10949390085759277,0.26350609914240725
277527,-28.549596,21.21437,0.391,0.09951825527759287,0.2914817447224072
277528,-23.547704,53.31263,0.562,-0.09308299848975624,0.6550829984897563
277529,-19.796945,61.00159,0.69,0.060990960141483204,0.6290090398585167
277530,-16.794129,47.34761,0.525,-0.03466106273581247,0.5596610627358125
277531,-13.483243,42.94186,0.498,0.11767886925396909,0.3803211307460309
277532,-11.066612,27.30403,0.441,0.20498252448119655,0.23601747551880345
277533,-12.520602,25.19163,0.437,0.12815100370058102,0.308848996299419
277534,-3.398483,0.53443,0.465,-0.168422884930101,0.633422884930101
277638,18.019453,-19.43463,0.382,-0.06337428284170661,0.4453742828417066
277639,25.743796,-19.1222,0.342,-0.12020422557638097,0.46220422557638097
277640,25.454224,-19.59639,0.342,-0.1958988970561475,0.5378988970561476
277644,-28.593375,18.25176,0.397,0.038163268162302574,0.35883673183769743
277645,-26.309471,15.40631,0.414,-0.0467583920349119,0.46075839203491187
277646,-18.900446,-1.90886,0.49,0.05917690537801815,0.4308230946219818
277647,-17.36982,-3.9154,0.497,-0.021643081587482068,0.5186430815874821
277648,-13.716553,0.00804,0.48,0.01898533138255758,0.4610146686174424
277649,-10.677651,6.27985,0.46,-0.020082107657358853,0.48008210765735887
277650,-10.978241,6.35086,0.46,-0.03388255295311722,0.4938825529531172
277651,-9.637466,3.82725,0.466,0.0035308479926491674,0.46246915200735084
277652,-11.318435,3.78219,0.467,-0.035141897641103474,0.5021418976411035
277653,-28.963477,76.90335,1.007,-0.8288717879901548,1.8358717879901547
277657,-4.346451,3.03513,0.462,0.15001495750719776,0.31198504249280223
277658,-64.973423,66.43141,0.264,0.12738260899111778,0.13661739100888223
277660,-52.755045,57.65858,0.332,-0.07984100737533471,0.41184100737533474
277663,-41.571411,50.53919,0.389,-0.08032576881976863,0.4693257688197686
277665,-35.460628,47.03488,0.415,-0.0352321266468662,0.4502321266468662
277666,-31.488351,25.19096,0.371,0.1252124493879366,0.2457875506120634
277667,-24.876384,43.06357,0.457,-0.11915299584363531,0.5761529958436353
277668,-18.350385,63.37529,0.736,0.07435029032097519,0.6616497096790248
277669,-15.245256,60.02946,0.686,0.09085642162267857,0.5951435783773215
277670,-10.995454,55.43842,0.626,0.11063688060099523,0.5153631193990048
277671,-2.034764,9.46671,0.447,0.1218400310993441,0.3251599689006559
277779,-37.116839,9.63097,0.399,0.07398867084511718,0.32501132915488284
277780,-33.826907,12.41006,0.398,-0.025257332347996517,0.42325733234799656
277781,-38.665757,49.55511,0.409,-0.3872089952706912,0.7962089952706912
277782,-35.543166,54.44733,0.493,-0.2447647430451394,0.7377647430451394
277783,-31.90431,40.33374,0.397,-0.041437182650462936,0.43843718265046294
277784,-33.274156,39.88159,0.385,0.04427180547906843,0.34072819452093156
277785,-32.717925,42.34909,0.403,-0.0004468408925335109,0.4034468408925335
277786,-14.818276,15.31574,0.439,0.1828615500478329,0.2561384499521671
277787,-11.575682,9.40557,0.453,0.08391996865477191,0.3690800313452281
277788,-9.970808,6.34388,0.46,-0.055848986827051667,0.5158489868270517
277789,-10.012705,5.86476,0.461,-0.13805079450800176,0.5990507945080018
277790,-11.18188,2.09874,0.472,-0.05371955892743195,0.5257195589274319
277791,-4.972336,2.67303,0.463,0.06559797313617728,0.39740202686382275
277792,-19.409655,36.28152,0.444,-0.04439221193743091,0.48839221193743093
277794,-16.383063,41.2115,0.48,0.1031038233381262,0.3768961766618738
277795,-15.054792,41.37956,0.484,0.03149808907240965,0.45250191092759035
277796,-16.306491,43.25688,0.493,0.021420985093813447,0.47157901490618653
277797,-15.500716,39.83627,0.474,-0.09055840060400362,0.5645584006040036
277798,-10.189871,43.04597,0.504,0.1435631498756549,0.3604368501243451
277799,-8.391483,43.72012,0.511,0.11398193704266354,0.39701806295733644
277800,-5.56262,41.0417,0.494,0.14355672167916156,0.35044327832083844
277801,-7.220934,40.84763,0.493,-0.017035092093394107,0.5100350920933941
277802,0.979939,44.11625,0.508,0.18812253017040748,0.31987746982959253
277803,3.291262,47.28981,0.527,-0.021066016920141373,0.5480660169201415
277804,-19.99766,55.43819,0.605,-0.2730237114631944,0.8780237114631944
277805,-19.766422,49.49696,0.536,-0.12588409169261813,0.6618840916926182
277806,-16.57618,45.23221,0.508,0.1608431013840366,0.34715689861596344
277807,-13.182311,41.58162,0.49,0.09467210459396712,0.39532789540603286
277808,-2.84773,65.5942,0.779,0.07612041505631519,0.7028795849436849
277928,-24.534897,-3.02555,0.497,-0.12203888544328184,0.6190388854432818
277930,-13.93445,-5.58477,0.499,-0.006961477673067182,0.5059614776730672
277934,-7.319658,-6.80701,0.488,-0.05438948994393287,0.5423894899439329
277936,-24.846157,45.77708,0.478,-0.22192526961655024,0.6999252696165502
277937,-25.940563,41.78729,0.443,-0.15752939066463845,0.6005293906646385
277938,-19.742596,21.37681,0.422,0.17196689588303699,0.250033104116963
277939,-16.167157,25.39162,0.43,0.16072525470348625,0.26927474529651374
277942,-6.87832,29.63245,0.448,-0.07641647798353828,0.5244164779835383
277943,-3.119276,45.43347,0.523,0.02708594765629831,0.49591405234370173
277944,-5.449564,45.98655,0.529,-0.19404594731156588,0.7230459473115659
277945,-9.501038,-7.61044,0.495,0.09645283549251639,0.3985471645074836
277946,-8.185526,-1.91537,0.479,-0.00822924259022386,0.4872292425902238
277947,-7.245778,-2.31548,0.478,-0.04077620369204883,0.5187762036920488
277948,-7.182339,-2.7116,0.479,-0.16502790132034487,0.6440279013203448
277949,-35.402837,41.58076,0.378,-0.2740092095459257,0.6520092095459258
277950,-29.581393,68.61738,0.79,-0.11915569800005921,0.9091556980000592
277952,-22.109878,65.46779,0.763,-0.02074589852512046,0.7837458985251204
277953,-17.950282,57.37374,0.639,0.08654639595709371,0.5524536040429063
277954,-14.928279,52.22363,0.58,-0.10158028732807287,0.6815802873280729
278995,-7.103121,69.67053,0.869,-0.27343237734522446,1.1424323773452245
278996,-13.753339,64.0476,0.758,-0.2729805342375903,1.0309805342375902
278997,-3.176733,0.15633,0.465,0.10725450216092462,0.3577454978390754
279628,24.915179,-19.5902,0.345,-0.2940117218915365,0.6390117218915365
279631,-44.480563,56.57012,0.428,-0.22145218282981097,0.649452182829811
279646,-18.208486,24.12936,0.425,0.054067999988344065,0.37093200001165594
279647,-12.866877,18.28639,0.437,-0.10147609675446037,0.5384760967544604
279648,-13.559671,18.06133,0.437,-0.07893379962292647,0.5159337996229265
279649,-11.553285,20.94989,0.437,0.014005903937001529,0.4229940960629985
279650,-8.598954,23.7044,0.44,0.019717807212757437,0.42028219278724255
279651,-5.797358,26.42885,0.443,-0.007913411316683557,0.45091341131668355
279652,-7.463119,31.69888,0.453,-0.12505685322176568,0.5780568532217657
279656,-4.412387,39.20838,0.484,-0.27751157451383396,0.7615115745138339
279657,-5.117109,41.76481,0.499,-0.22731466200157788,0.7263146620015779
279658,-6.435481,43.88916,0.513,-0.12423861129164561,0.6372386112916456
279660,-3.486846,42.50195,0.503,-0.12941137633580618,0.6324113763358061
279661,-3.463278,54.24923,0.61,-0.18119859697472193,0.791198596974722
279662,8.285235,40.57355,0.468,0.23162446467028114,0.2363755353297189
279663,-20.554845,43.76682,0.482,-0.1867140457851651,0.668714045785165
279673,-9.732857,30.47362,0.448,0.04505033420636285,0.40294966579363717
279803,-10.337865,40.93359,0.49,0.06302037499155635,0.42697962500844366
279804,-10.058492,40.89158,0.49,-0.015417145632103516,0.5054171456321035
279805,-10.218634,37.63399,0.473,-0.12881672503183886,0.6018167250318388
279806,-9.667951,37.26495,0.472,-0.09773616870980616,0.5697361687098061
279808,-8.188163,33.62925,0.459,0.006111410449799863,0.45288858955020017
279809,-6.999541,29.76247,0.449,0.041025889059080764,0.40797411094091923
279810,-9.125355,24.75058,0.44,-0.0012292422122875412,0.44122924221228754
279914,64.42873,21.51122,0.03,0.38281466875826015,-0.3528146687582602
279920,-33.156737,29.69368,0.359,0.08119551412829357,0.2778044858717064
279922,-40.506375,53.25079,0.43,-0.1709434038285479,0.6009434038285479
279929,-14.375987,15.45181,0.439,-0.0015253331996697701,0.44052533319966974
279930,-14.63704,12.12811,0.446,0.14666834427894826,0.29933165572105175
279931,-7.711853,-1.79633,0.478,0.06169627668856833,0.4163037233114317
279932,-24.919618,37.55757,0.426,-0.12303117940522723,0.5490311794052272
279942,-12.161765,23.07327,0.436,-0.0792849308345236,0.5152849308345236
279943,-5.848695,5.64078,0.458,0.013608815848189175,0.44439118415181084
279944,-4.80693,8.23542,0.452,-0.08502019326246729,0.5370201932624673
279945,-3.345782,10.89702,0.447,-0.012158372374512715,0.45915837237451274
279947,-2.133652,18.64354,0.439,-0.02559707928136247,0.46459707928136246
279952,-14.930833,32.95602,0.446,-0.3507795086764556,0.7967795086764555
279953,-4.3301,34.17849,0.462,0.11862302194857766,0.34337697805142237
279954,-3.829302,36.767,0.472,0.01883954433051793,0.45316045566948204
279955,-5.271386,36.13885,0.469,0.03973400073194706,0.4292659992680529
279956,-7.103083,32.16198,0.455,0.1937028654883367,0.2612971345116633
279957,-4.503123,28.93827,0.448,0.1958715870655662,0.2521284129344338
279958,-4.738564,28.00511,0.446,-0.004928688075649104,0.4509286880756491
280070,40.306689,-19.71044,0.26,-1.0828881572413795,1.3428881572413796
280073,-46.147416,49.25746,0.325,-0.12661868041937194,0.4516186804193719
280075,-34.837172,41.93184,0.384,-0.17611934246103142,0.5601193424610315
280076,-31.378128,46.1689,0.44,-0.09565907146257216,0.5356590714625722
280077,-28.601541,37.68443,0.406,-0.014576469404315253,0.42057646940431526
280078,-25.912693,40.99116,0.439,-0.14094104070059565,0.5799410407005956
280079,-25.018556,40.5181,0.441,-0.0872938404997562,0.5282938404997563
280080,-23.721288,42.71554,0.461,-0.1457789186958744,0.6067789186958744
280081,-22.373092,37.55764,0.438,-0.07388084070441987,0.5118808407044199
280082,-21.540633,40.04211,0.454,0.049338391047376154,0.4046616089526239
280083,-16.746075,43.36286,0.493,0.012053823335571048,0.48094617666442896
280084,-16.626796,41.76657,0.482,-0.07468475384879947,0.5566847538487995
280085,-15.854024,39.78925,0.473,0.006735299117429111,0.4662647008825709
280086,-14.666408,34.33129,0.451,-0.056143793197956836,0.5071437931979569
280087,-14.29694,29.63243,0.439,0.0997783190672261,0.3392216809327739
280088,-11.919212,27.47406,0.44,0.03676855689155889,0.4032314431084411
280089,-10.674053,23.22431,0.438,-0.04878010944026351,0.4867801094402635
280092,-9.426614,22.43218,0.439,-0.07310883762677994,0.51210883762678
280095,-1.177072,25.03561,0.44,-0.09382428351750713,0.5338242835175071
280096,-1.677203,29.55628,0.448,0.1480320913747554,0.2999679086252446
280097,-2.173045,29.57028,0.448,-0.07758130857538183,0.5255813085753819
280102,-1.934027,31.25268,0.452,0.13050455722076895,0.32149544277923103
280206,25.85332,-19.59642,0.339,-0.348095982643536,0.687095982643536
280211,-38.606537,38.42087,0.336,0.09703022669521896,0.23896977330478106
280212,-51.805328,52.06754,0.278,-0.05192083095048838,0.3299208309504884
280215,-36.304191,55.86966,0.505,-0.06053082935052689,0.5655308293505269
280219,-26.220722,45.1129,0.465,-0.27525424110176633,0.7402542411017663
280220,-24.866297,48.07953,0.498,-0.07956998691749366,0.5775699869174936
280221,-24.205762,46.70429,0.489,-0.0011287706950965412,0.4901287706950965
280222,-23.972773,49.41582,0.516,-0.03632394937474221,0.5523239493747423
280223,-17.222956,52.22759,0.574,0.2553699242743883,0.31863007572561164
280224,-20.936602,48.83079,0.524,-0.1134897449479519,0.637489744947952
280225,-19.928855,27.05382,0.421,-0.11026437872939446,0.5312643787293945
280226,-18.731608,29.18924,0.427,-0.14667054956221864,0.5736705495622186
280227,-15.606661,45.36826,0.511,-0.025512812265853373,0.5365128122658533
280228,-14.378062,42.24771,0.491,-0.04402567965808399,0.535025679658084
280229,-14.409467,40.06732,0.478,-0.03937389491770377,0.5173738949177038
280230,-13.860681,35.41048,0.457,-0.049430361039172005,0.506430361039172
280231,-14.049221,39.56624,0.476,-0.04300129118363149,0.5190012911836315
280232,-15.793951,23.22422,0.43,-0.07354788063734878,0.5035478806373488
280233,-9.576908,18.96256,0.44,0.04148534647278086,0.39851465352721915
280237,-6.140348,25.59672,0.442,0.0027519300229342726,0.4392480699770657
280238,-2.719794,29.28926,0.448,-0.1475864055709968,0.5955864055709968
280239,-2.792305,28.04007,0.445,-0.054597124433238164,0.49959712443323817
280240,-4.024573,23.25632,0.44,-0.09904751999722469,0.5390475199972247
280241,-2.583039,21.54004,0.439,-0.062442301056784374,0.5014423010567843
280242,-1.47585,23.44436,0.439,-0.005243374542318054,0.44424337454231805
280243,-0.263504,24.96461,0.439,0.007640860543607596,0.4313591394563924
280357,-42.984483,44.1917,0.322,-0.13728912574215466,0.45928912574215464
280358,-49.621244,56.19264,0.357,-0.035486013865315684,0.3924860138653157
280361,-27.834361,32.66759,0.395,0.11759697116375159,0.27740302883624846
280362,-25.453756,26.93361,0.4,0.09896394689230813,0.3010360531076919
280363,-36.752829,60.65072,0.574,-0.2416543256990334,0.8156543256990334
280365,-26.215708,64.76342,0.729,0.08476996277881092,0.6442300372211891
280368,-22.832323,57.54666,0.623,-0.18091926548637205,0.803919265486372
280369,-22.956705,55.96426,0.599,0.008893514337520668,0.5901064856624794
280370,-23.171654,52.24242,0.551,0.018957937069468526,0.5320420629305315
280371,-19.535183,45.51321,0.5,0.051191585094350525,0.4488084149056495
280372,-21.13385,49.18287,0.527,-0.10489022825117614,0.6318902282511761
280373,-13.017871,53.721,0.602,0.14821686450969337,0.4537831354903066
280375,-14.566513,44.42212,0.507,-0.1018837293942963,0.6088837293942964
280376,-14.588486,41.70361,0.487,-0.0755683905262035,0.5625683905262034
280377,-14.018369,43.63698,0.502,-0.27341456757210153,0.7754145675721016
280378,-10.433059,24.13447,0.439,0.14391146737897662,0.2950885326210234
280379,-10.829635,28.11217,0.442,0.01412143314406508,0.42787856685593495
280380,-10.383875,29.65846,0.446,0.004124449872418587,0.4418755501275814
280381,-7.265007,39.31836,0.484,-0.17344159651854257,0.6574415965185425
280382,-8.732748,42.30785,0.501,-0.12873713971413292,0.6297371397141329
280383,-7.96546,39.50137,0.484,-0.07128455724544802,0.555284557245448
280384,-7.211425,18.5275,0.441,0.03416587029723999,0.40683412970276
280385,-7.110853,18.48949,0.441,0.10854653073994316,0.3324534692600568
280386,-2.157883,25.94075,0.442,0.10493719705790318,0.33706280294209684
280387,-8.500416,24.96462,0.441,-0.017746395870079933,0.4587463958700799
280388,0.850022,18.88759,0.436,-0.027983004626798744,0.46398300462679876
280389,2.595428,27.60208,0.439,0.09460359901087662,0.3443964009891234
280390,0.679398,26.11979,0.44,-0.02028612651589775,0.46028612651589773
280392,-4.61794,26.96394,0.444,-0.10748489879496853,0.5514848987949685
280496,27.121558,-20.33877,0.33,-0.29863061152325726,0.6286306115232573
280497,-57.934254,56.19135,0.23,-0.026071545557985083,0.2560715455579851
280498,-58.477515,49.63316,0.155,-0.12592854952003663,0.28092854952003665
280499,-52.362673,42.09646,0.2,-0.14829646949992686,0.3482964694999269
280500,-46.44815,56.14589,0.398,-0.16895700248542111,0.5669570024854211
280502,-39.76475,65.77482,0.64,-0.1481191356261772,0.7881191356261772
280503,-32.902623,61.62319,0.625,-0.0038996698608262277,0.6288996698608262
280504,-29.454656,39.33468,0.409,0.06017482628418389,0.34882517371581606
280505,-26.919366,41.9843,0.439,-0.06951843656036893,0.508518436560369
280506,-25.914139,39.92995,0.433,-0.11651137042339091,0.5495113704233909
280507,-25.916601,43.49861,0.455,-0.24703218858894652,0.7020321885889466
280508,-20.248213,47.25451,0.512,-0.08013691411266907,0.5921369141126691
280509,-21.180308,46.64436,0.503,0.0998223959085036,0.4031776040914964
280510,-19.608771,39.51107,0.459,-0.16469661047065515,0.6236966104706552
280511,-21.297853,43.40074,0.477,-0.12697956662189921,0.6039795666218992
280512,-19.682529,26.27369,0.421,0.0048126602297879776,0.416187339770212
280513,-22.571561,33.02282,0.421,-0.06666569177525382,0.4876656917752538
280514,-15.532019,37.56085,0.462,-0.027205299990556965,0.489205299990557
280517,-7.403784,23.6814,0.441,0.08692968087056568,0.3540703191294343
280519,-9.631795,21.21896,0.439,-0.04755432739423823,0.4865543273942382
280520,-8.677466,22.87426,0.44,-0.09520681386089296,0.535206813860893
280522,12.92768,44.98526,0.474,0.07413199848193071,0.3998680015180693
280524,-5.515826,29.32635,0.448,0.028441364502545936,0.4195586354974541
280525,-10.05369,29.57044,0.446,0.052749114515171544,0.39325088548482845
280526,-3.758051,24.15447,0.441,-0.05230095153301565,0.4933009515330157
280528,0.34789,20.34084,0.436,0.015901105584288467,0.4200988944157115
280530,0.030925,27.78204,0.443,-0.05529541570099003,0.49829541570099
280531,-3.507705,18.24146,0.44,0.0021266895648373984,0.4378733104351626
280634,25.072027,-18.63869,0.347,-0.11844281156721316,0.4654428115672131
280635,5.372007,-22.86885,0.441,-0.08429168003093067,0.5252916800309306
280636,-61.258406,49.55263,0.108,0.023994066834914667,0.08400593316508534
280637,-53.828798,53.08643,0.259,-0.03313794096738452,0.29213794096738455
280638,-50.647642,45.75133,0.241,-0.11357606636438967,0.35457606636438965
280639,-47.210697,59.52454,0.438,-0.07736030870536613,0.5153603087053661
280641,-40.880781,56.15934,0.464,-0.11771674881801533,0.5817167488180154
280642,-38.033851,52.02567,0.441,-0.13021075812023572,0.5712107581202357
280643,-31.584688,69.28243,0.791,0.21771100770065377,0.5732889922993463
280644,-28.28858,66.18469,0.746,-0.07946002905256878,0.8254600290525688
280646,-24.424137,59.21997,0.641,0.027064224426699045,0.6139357755733009
280647,-20.975147,51.52734,0.552,0.1717798358822237,0.38022016411777637
280648,-21.487901,53.78781,0.577,-0.11962834282449668,0.6966283428244966
280649,-21.452464,49.28287,0.526,-0.09532896966109747,0.6213289696610975
280650,-21.108944,47.04644,0.507,-0.0694055834197954,0.5764055834197954
280651,-19.673898,49.69001,0.538,-0.007090994158200873,0.545090994158201
280652,-16.410214,42.93179,0.491,0.03322915841681856,0.45777084158318143
280653,-15.996443,40.45336,0.476,-0.05463167956952712,0.5306316795695271
280654,-15.024918,40.36837,0.478,-0.00019057358045912665,0.47819057358045913
280656,-15.192392,22.87418,0.432,0.09828422189988888,0.3337157781001111
280657,-7.452918,26.0788,0.442,0.1067938276932131,0.3352061723067869
280658,-8.55738,23.94844,0.44,-0.06734989568040751,0.5073498956804076
280659,-5.932069,23.50137,0.441,-0.1702601250018117,0.6112601250018117
280660,-7.902126,17.07922,0.442,-0.012725658818932617,0.4547256588189326
280662,-9.886511,-1.49728,0.48,0.038399225847192645,0.44160077415280735
280663,-7.211373,-1.84131,0.477,-0.0832640091894136,0.5602640091894135
280664,-10.304649,-2.50461,0.484,-0.06311769787134161,0.5471176978713416
280665,-5.868023,27.7821,0.445,0.11092250914283465,0.33407749085716537
280666,1.275305,28.19616,0.442,-0.016844217338081977,0.458844217338082
280667,3.675157,41.39977,0.486,0.1232731980651609,0.3627268019348391
280668,-2.582677,18.24146,0.439,-0.2192159704269983,0.6582159704269983
280772,19.676324,-20.23104,0.371,-0.12947211920095494,0.5004721192009549
280773,7.443024,-18.97872,0.438,-0.1382569408764921,0.5762569408764922
280778,-46.733493,62.62732,0.496,-0.25406327465526835,0.7500632746552683
280779,-45.627568,54.81167,0.391,-0.15188811789907905,0.5428881178990791
280781,-39.576612,69.07777,0.714,-0.3372728442373572,1.0512728442373571
280782,-34.84443,65.35804,0.679,-0.012255514518804677,0.6912555145188047
280784,-23.32929,62.08279,0.694,-0.06682621898706384,0.7608262189870638
280785,-16.382928,58.78113,0.664,0.11723656764582288,0.5467634323541771
280786,-14.369019,55.83445,0.626,0.037717863838598924,0.5882821361614011
280787,-18.840931,47.13253,0.516,-0.07316171563995723,0.5891617156399572
280788,-12.615901,52.93984,0.593,0.019582954734263833,0.5734170452657361
280789,-13.096731,51.07043,0.571,-0.19183799687283523,0.7628379968728352
280790,-12.572264,48.74097,0.548,-0.17633076083355329,0.7243307608335533
280791,-9.213624,30.8787,0.45,0.19290462305052086,0.25709537694947915
280792,-11.888899,30.25857,0.445,0.03587267442654165,0.4091273255734584
280793,-16.043065,23.50128,0.43,-0.09505364464936325,0.5250536446493632
280794,-6.372488,28.00513,0.446,0.0644800368941974,0.3815199631058026
280795,-9.749171,19.90773,0.439,-0.1008536492653734,0.5398536492653734
280796,-2.849612,27.85304,0.445,0.05968572190320774,0.38531427809679225
280797,-1.355976,27.69901,0.444,-0.008985979709220172,0.45298597970922017
280798,-1.10385,24.77057,0.44,-0.01328465275594317,0.45328465275594315
280799,2.372096,28.93732,0.442,-0.21843628971782098,0.660436289717821
280801,4.656569,43.9932,0.499,0.0025125471024172842,0.4964874528975827
280802,-5.590887,52.22377,0.588,-0.06990228459565359,0.6579022845956536
280803,-2.47892,9.34068,0.448,-0.07530075937915405,0.5233007593791541
280804,-5.924388,5.61977,0.458,-0.02782978718016945,0.48582978718016945
280906,24.073323,-21.42706,0.342,-0.20327255812814582,0.5452725581281459
280907,17.229347,-19.33945,0.387,-0.00510335186103276,0.3921033518610328
280908,13.916845,-20.87615,0.4,-0.216571323019331,0.616571323019331
280910,14.46649,-21.12933,0.396,-0.1129133910150157,0.5089133910150158
280913,28.641855,-18.90933,0.327,-0.06913472338700555,0.39613472338700556
280914,-54.359999,67.47641,0.48,-0.12318638126390545,0.6031863812639054
280915,-50.246436,64.15424,0.476,-0.18558186011397218,0.6615818601139721
280916,-46.046877,60.83094,0.474,-0.09675847238790929,0.5707584723879092
280917,-44.941512,55.85393,0.413,-0.08588251781955758,0.49888251781955756
280918,-42.686594,59.634,0.495,-0.07939572289424013,0.5743957228942401
280919,-36.929766,65.94204,0.672,-0.02689138542249284,0.6988913854224929
280920,-31.853911,69.2824,0.789,-0.06153414417127276,0.8505341441712728
280921,-31.470809,54.40855,0.526,0.024183128325607196,0.5018168716743928
280922,-27.299061,45.31589,0.46,-0.002973621553660907,0.46297362155366095
280923,-26.887284,43.77262,0.451,-0.2420741652553468,0.6930741652553468
280924,-17.503704,63.71141,0.745,0.1388063021005495,0.6061936978994504
280925,-15.262141,60.37654,0.692,-0.03974039069950719,0.7317403906995071
280926,-12.677083,55.69445,0.627,0.061358314227959114,0.5656416857720409
280927,-11.554666,52.81783,0.593,-0.09265181941861297,0.685651819418613
280928,-8.569009,41.34668,0.495,-0.003756810801528993,0.498756810801529
280929,-8.786969,39.60337,0.484,0.0005666250945373965,0.48343337490546257
280930,-7.941035,30.87471,0.451,0.15967707168436918,0.29132292831563084
280931,-3.286771,27.66403,0.445,0.10763465725798521,0.3373653427420148
280932,-5.415542,41.06868,0.494,-0.18033117488053807,0.6743311748805381
280933,-5.758978,43.90918,0.513,0.07057526529649163,0.4424247347035084
280934,-5.368273,41.23472,0.495,0.049007206701176094,0.4459927932988239
280935,3.065904,-8.84576,0.46,-0.011821339835919237,0.47182133983591923
280936,0.251429,39.94456,0.484,0.060794723272965236,0.42320527672703473
280937,-0.772579,41.14875,0.492,-0.06294668801181104,0.554946688011811
280938,3.356436,44.61133,0.507,0.09403730386686002,0.41296269613313996
280939,1.40521,47.88493,0.537,-0.009586025940509975,0.54658602594051
280940,0.068804,44.92239,0.516,-0.14018025608399529,0.6561802560839953
280941,2.567882,48.95613,0.543,0.04359481116386772,0.49940518883613233
280943,-2.296664,6.49302,0.452,-0.07842963519663457,0.5304296351966346
281046,27.084996,-20.44381,0.33,0.01906272792449122,0.3109372720755088
281047,-53.581845,55.76301,0.294,-0.16036562616884592,0.4543656261688459
281049,-45.875156,50.21978,0.337,-0.11200380640949226,0.4490038064094923
281052,-35.185844,47.16293,0.418,0.07321230830750583,0.3447876916924941
281053,-30.926932,39.94775,0.402,0.02222657576990696,0.3797734242300931
281054,-29.593228,43.1294,0.43,-0.10277192083233766,0.5327719208323376
281055,-27.526927,41.0041,0.429,-0.09642617365633913,0.5254261736563391
281057,-24.854026,42.45248,0.453,-0.13871520676298715,0.5917152067629872
281058,-21.328907,36.69254,0.439,-0.18975862781739508,0.6287586278173951
281059,-17.912176,45.05416,0.502,0.013147815801607112,0.4888521841983929
281060,-18.486301,42.82572,0.483,-0.10314796457663422,0.5861479645766342
281061,-16.275092,45.39426,0.51,0.11031799877513539,0.39968200122486464
281062,-15.555218,44.07203,0.501,-0.007164872020656781,0.5081648720206567
281063,-10.978258,39.33027,0.48,0.08343854361884757,0.3965614563811524
281064,-11.206437,38.74716,0.477,0.09592710219575523,0.38107289780424475
281065,-8.411184,29.76949,0.448,0.21129124156857187,0.23670875843142813
281066,-8.645911,26.93296,0.443,0.02764486995202738,0.41535513004797264
281067,-8.719392,26.12182,0.442,-0.04368202152962966,0.4856820215296297
281068,-5.411494,21.66406,0.44,0.040412202972967506,0.3995877970270325
281069,-7.172088,26.55089,0.443,0.12090631878978958,0.3220936812102104
281070,-6.960929,26.6519,0.443,-0.03177600622857357,0.4747760062285736
281071,-4.615029,29.55039,0.449,0.027608783245139903,0.42139121675486013
281072,-3.770617,28.81522,0.447,-0.2247537913332656,0.6717537913332656
281073,-0.902118,19.64272,0.438,-0.24336886643342626,0.6813688664334263
281074,-1.821586,18.99561,0.439,-0.03447406313561311,0.47347406313561313
281075,0.712624,23.19632,0.437,0.0917226572551708,0.3452773427448292
281076,3.232987,27.27003,0.438,-0.08116986507828579,0.5191698650782858
281077,0.845681,42.91305,0.501,0.03991380564500729,0.4610861943549927
281078,0.150197,44.20927,0.511,-0.05104815785004456,0.5620481578500446
281079,-1.195916,40.05257,0.486,-0.35358906992266337,0.8395890699226634
281080,-8.702792,1.87971,0.47,0.05546199267550704,0.4145380073244929
281230,26.578999,-20.37774,0.333,-0.07123310833647295,0.40423310833647297
281231,-57.774633,62.96194,0.334,0.05836822245693672,0.2756317775430633
281232,-51.733097,53.85186,0.298,-0.0027573163338577627,0.30075731633385777
281233,-44.461561,57.57738,0.442,-0.14007923868378408,0.5820792386837841
281235,-38.642036,50.73139,0.421,-0.23544714628548857,0.6564471462854886
281237,-29.297083,67.45003,0.766,0.30501585213751153,0.4609841478624885
281238,-26.603558,47.55834,0.483,-0.1932632193409236,0.6762632193409236
281239,-24.767971,45.56805,0.476,-0.13506642279193162,0.6110664227919316
281241,-23.941703,48.37761,0.506,-0.20267463827686266,0.7086746382768627
281242,-20.269485,52.68861,0.569,0.07777819935393254,0.4912218006460674
281243,-20.434334,48.35271,0.521,0.1254211281515104,0.3955788718484896
281244,-20.034072,47.75262,0.517,-0.16330511650956728,0.6803051165095673
281245,-15.208691,51.0814,0.566,0.15439040882118418,0.4116095911788158
281246,-16.60188,48.83091,0.539,-0.07466328274455192,0.613663282744552
281247,-16.624014,47.40863,0.526,-0.07995911942806751,0.6059591194280676
281248,-15.625649,42.44572,0.489,-0.08875496398709586,0.5777549639870958
281249,-15.774697,39.95026,0.474,-0.04587432434473227,0.5198743243447322
281250,-11.643976,46.2035,0.527,0.05540689664485525,0.47159310335514476
281251,-11.380083,42.9009,0.502,-0.10292580860601801,0.604925808606018
281252,-7.398884,65.49413,0.785,0.13315215521786608,0.651847844782134
281253,-8.607153,46.31156,0.531,0.02237369223311538,0.5086263077668847
281254,-6.65111,25.27067,0.442,0.14216598381670467,0.2998340161832953
281255,-3.65967,29.61737,0.449,0.03348149769458468,0.4155185023054153
281256,-9.513968,20.03775,0.439,-0.11063054091424299,0.549630540914243
281257,-8.905899,24.15048,0.44,-0.15984355519466772,0.5998435551946677
281258,-8.630996,26.45188,0.442,0.08947932993209622,0.3525206700679038
281259,1.657948,40.89171,0.487,0.06370850313828336,0.42329149686171663
281260,1.070472,40.70168,0.487,-0.18062313293749674,0.6676231329374968
281261,0.756034,40.35562,0.486,-0.058046414655998475,0.5440464146559985
281262,5.111465,29.18741,0.438,-0.3135508910481936,0.7515508910481936
281263,3.474747,43.68916,0.5,0.06828856855437801,0.43171143144562196
281264,4.155682,46.1556,0.516,0.003124416055988829,0.5128755839440112
281265,-3.08111,40.05255,0.488,-0.35893892184984744,0.8469389218498474
281266,-15.083699,6.40871,0.46,0.17151124864719716,0.28848875135280283
281267,-2.929721,8.77856,0.449,0.05231809728856255,0.39668190271143744
281341,17.839434,-19.06729,0.385,-0.38596712183262344,0.7709671218326235
281342,8.274091,-18.9077,0.434,0.05169993033748134,0.38230006966251867
281343,-58.322573,60.14326,0.277,-0.06017678892629433,0.3371767889262943
281345,-49.029076,53.70418,0.333,-0.09385708688270528,0.4268570868827053
281349,-35.26679,65.63213,0.68,-0.15679320482549947,0.8367932048254996
281351,-26.781513,50.50194,0.511,0.04006421493845938,0.47093578506154066
281352,-22.495139,56.11433,0.603,-0.06604713515087371,0.6690471351508737
281353,-22.871834,55.54017,0.593,-0.13316975025706845,0.7261697502570684
281354,-18.860182,59.24417,0.664,0.08231516254122401,0.581684837458776
281356,-15.77662,54.57314,0.606,-0.008775206360628028,0.614775206360628
281358,-13.561358,51.38651,0.573,0.018852797806695392,0.5541472021933046
281360,-10.736762,49.05408,0.554,0.10431452483056904,0.449685475169431
281361,-10.032981,48.23792,0.547,0.14083307170888226,0.4061669282911178
281363,-7.450607,40.52858,0.491,0.00273753633424937,0.4882624636657506
281366,-6.776769,29.06034,0.447,-0.08524704635062326,0.5322470463506233
281367,-7.480293,1.53766,0.469,-0.10334456595980511,0.5723445659598051
281368,-7.306699,1.2756,0.47,-0.014776353339999946,0.4847763533399999
281369,-0.016569,43.88921,0.509,0.0765408604156039,0.4324591395843961
281371,-10.009863,40.05241,0.485,-0.3099149662758939,0.7949149662758939
281372,0.495183,47.59588,0.536,0.22035396381388758,0.3156460361861124
281373,1.018208,46.6097,0.527,0.08540266791653979,0.44159733208346025
281374,-5.333996,37.6621,0.476,-0.214410289676319,0.690410289676319
281512,-32.767237,50.64673,0.471,-0.15114574887278273,0.6221457488727827
281513,-32.244717,51.26686,0.482,-0.11217538058822982,0.5941753805882298
281514,-27.388054,46.82118,0.471,0.018200708183486018,0.45279929181651396
281515,-23.679212,41.40929,0.452,0.10920091088406679,0.3427990891159332
281516,-25.649386,44.0287,0.459,-0.14413159626218397,0.6031315962621839
281517,-20.730045,49.92401,0.536,0.19316690132325087,0.34283309867674916
281518,-21.493056,46.33128,0.498,-0.10474955488397035,0.6027495548839703
281519,-18.438666,43.05275,0.485,0.012266543451558917,0.47273345654844107
281520,-17.843572,40.55631,0.471,-0.015267662353801182,0.48626766235380114
281521,-18.301941,43.88891,0.491,0.11113160265220283,0.37986839734779715
281522,-13.877186,47.20965,0.531,0.1344976959508297,0.3965023040491703
281523,-14.846864,43.01084,0.495,-0.0671724984797057,0.5621724984797057
281524,-15.457028,43.49491,0.497,-0.04625892146612406,0.5432589214661241
281525,-14.225199,38.8791,0.471,-0.059905182217379095,0.530905182217379
281526,-11.435203,30.07453,0.445,0.26138548723605964,0.18361451276394036
281527,-16.310067,28.70921,0.433,-0.16329002729848974,0.5962900272984897
281529,-6.614775,40.27453,0.489,-0.11731884108954085,0.6063188410895408
281530,-9.883406,42.66888,0.502,-0.17923436322749586,0.6812343632274959
281532,-6.321392,25.17364,0.442,-0.07678297662263782,0.5187829766226378
281535,-3.91471,23.25632,0.44,-0.09292137652383373,0.5329213765238338
281536,-4.967407,19.65171,0.44,-0.08582022981874067,0.5258202298187407
281537,1.400459,10.82602,0.441,-0.032838884521057606,0.4738388845210576
281538,2.129526,10.755,0.44,-0.023248216038233984,0.46324821603823396
281539,1.742763,7.05316,0.445,-0.0809838810326663,0.5259838810326662
281540,4.12264,25.33671,0.434,-0.018544598882792633,0.45254459888279264
281541,10.382861,28.45028,0.423,0.0115327069783743,0.4114672930216257
281542,-0.405292,46.60969,0.53,0.07543952562771719,0.45456047437228286
281544,-7.188923,36.25779,0.469,-0.13191848779254142,0.6009184877925414
281862,-30.899333,41.08696,0.407,-0.20391518736717576,0.6109151873671758
281863,-27.577266,46.88218,0.471,0.14004622545354417,0.3309537745464558
281864,-46.123629,58.22941,0.43,-0.19034895816732592,0.6203489581673259
281867,-34.474764,54.44743,0.501,-0.10527517286479222,0.6062751728647923
281868,-28.67633,52.7183,0.524,0.06382915025440218,0.46017084974559785
281887,15.019072,19.98367,0.401,-0.10623541136679425,0.5072354113667943
281888,14.466511,19.35756,0.403,-0.2248626334368696,0.6278626334368697
281889,-4.754897,38.30123,0.479,-0.06800811124787105,0.5470081112478711
281890,-4.484563,36.58195,0.471,-0.1565502776154114,0.6275502776154114
281891,-7.674851,40.72058,0.492,0.06166936620606594,0.43033063379393405
282093,-7.96828,3.92033,0.464,-0.02257981765675858,0.4865798176567586
282094,-6.409041,3.96335,0.463,-0.039317876179879904,0.5023178761798799
282095,-3.22578,25.41467,0.442,0.08070175299981866,0.3612982470001813
282096,-5.888786,36.25781,0.47,-0.09935987130649618,0.5693598713064961
282219,-40.253726,49.95201,0.395,-0.1666467361526457,0.5616467361526457
282220,-40.461301,47.21649,0.368,-0.08623620837683818,0.4542362083768382
282223,-28.817133,21.1893,0.389,0.12433618334856489,0.2646638166514351
282224,-41.160719,68.10929,0.673,-0.24226946551081416,0.9152694655108142
282226,-35.78738,65.0699,0.663,-0.07326842274791613,0.7362684227479162
282228,-29.518586,60.81414,0.635,0.016101585585309428,0.6188984144146906
282229,-28.528438,58.07952,0.597,-0.12985081897703557,0.7268508189770355
282230,-25.025369,54.84492,0.573,-0.04039085617942481,0.6133908561794248
282231,-26.41248,54.38276,0.559,-0.1821212384773521,0.7411212384773521
282232,-20.441448,49.93703,0.537,0.10319989159335646,0.43380010840664357
282233,-17.088998,31.52869,0.436,0.20233444935068554,0.23366555064931446
282234,-16.006525,33.051,0.443,-2.3935846375974315e-05,0.443023935846376
282235,-15.945351,33.97016,0.446,-0.06412655495289875,0.5101265549528987
282236,-18.076876,30.29144,0.43,-0.12189851853117824,0.5518985185311782
282237,-12.114906,46.2685,0.526,-0.07934040491590989,0.6053404049159099
282238,-13.556683,47.14064,0.531,0.11050790351533783,0.4204920964846622
282239,-8.534918,50.36035,0.568,0.10618831679280868,0.46181168320719124
282240,-11.398104,46.67959,0.531,-0.1443857658234078,0.6753857658234078
282241,-11.660473,44.96426,0.516,-0.059251851587891834,0.5752518515878918
282242,-9.272179,23.34933,0.439,0.12765054877327345,0.3113494512267265
282243,-9.182915,21.60803,0.439,-0.06840158741767416,0.5074015874176742
282244,-8.490762,18.13741,0.441,0.03428913839069215,0.40671086160930786
282245,-12.384693,27.41403,0.439,-0.0016750952270418232,0.44067509522704185
282246,-4.761339,20.45585,0.44,-0.005330696111910852,0.44533069611191084
282247,-4.930417,24.3015,0.441,0.09872591148679631,0.3422740885132037
282248,-5.172582,20.1618,0.44,-0.13555450762115523,0.5755545076211552
282249,-2.6828,22.77324,0.44,-0.027853840824805996,0.467853840824806
282250,-0.032472,25.79073,0.44,-0.050933882443910235,0.49093388244391023
282251,8.375418,26.66196,0.426,-0.01916555032169973,0.44516555032169974
282252,-2.009248,41.80485,0.498,0.06264167645543944,0.43535832354456055
282253,-5.826078,25.41469,0.442,0.011733396773056105,0.4302666032269439
282254,-6.177312,27.96613,0.446,0.026902168842320787,0.41909783115767923
282255,-4.028855,24.48853,0.441,-0.13710189575775725,0.5781018957577573
282565,-32.821376,41.40894,0.396,-0.25577540275935184,0.6517754027593519
282567,-25.284952,52.02633,0.537,0.08026252588498471,0.4567374741150153
283011,-64.005823,17.38255,0.133,0.08644783640343129,0.04655216359656872
283013,-47.499717,3.55068,0.401,0.11488361259387878,0.2861163874061212
283016,-40.50219,8.78039,0.39,0.03193173481025296,0.35806826518974705
283017,-37.805485,14.03203,0.371,-0.25211043341522615,0.6231104334152262
283018,-22.144572,-4.724,0.505,0.056058166926225936,0.44894183307377405
283019,-17.228502,-7.85684,0.512,-0.060947281140750625,0.5729472811407507
283020,-16.261063,-2.68292,0.492,-0.07263678402158517,0.5646367840215851
283022,-13.482136,11.50799,0.448,0.0463034065458355,0.40169659345416453
283026,-7.291659,2.38893,0.467,0.010861641617224575,0.45613835838277544
283027,-7.439724,1.45366,0.469,-0.0040184044732966065,0.47301840447329657
283031,-14.249711,-6.88328,0.504,-0.052659892290621374,0.5566598922906214
283032,-11.660146,-7.23531,0.499,-0.028522001409617925,0.5275220014096179
283033,-9.710227,-7.59838,0.496,-0.00845495811749937,0.5044549581174994
283034,-9.328616,-5.2235,0.489,-0.12702880852765888,0.6160288085276588
283035,1.314942,25.01663,0.438,0.013553263167549252,0.42444673683245077
283036,9.97969,27.32607,0.422,0.00936008647314185,0.41263991352685814
283037,2.722794,43.25909,0.499,0.029265756813075146,0.46973424318692486
283038,4.735861,45.71151,0.511,0.04115070265682857,0.46984929734317143
283039,-2.835712,27.96608,0.445,-0.09924393620082071,0.5442439362008207
283041,-7.876052,4.78253,0.462,-0.042276480424339104,0.5042764804243391
283147,23.718762,-21.52313,0.344,-0.19764574844958288,0.5416457484495829
283154,-38.747443,-4.22871,0.497,0.15568118703386077,0.3413188129661392
283157,-19.762385,-6.83257,0.512,0.019032296473426427,0.4929677035265736
283164,-12.31359,7.21606,0.458,-0.02366645872562415,0.4816664587256242
283165,-4.946138,4.57954,0.459,-0.11968047070229734,0.5786804707022973
283166,-10.713496,0.35427,0.476,0.10979918798914134,0.36620081201085863
283167,-8.797225,-0.0328,0.475,-0.03544501812585791,0.5104450181258579
283168,-10.73238,-0.78708,0.479,0.03281659821474555,0.44618340178525445
283169,-9.708564,-4.18714,0.487,-0.042199760960989145,0.5291997609609891
283171,-10.314673,-2.18149,0.483,-0.03718947888332571,0.5201894788833257
283172,-3.779856,0.87354,0.465,-0.015226012455069137,0.4802260124550692
283173,-4.598203,3.19517,0.462,-0.07202649165957359,0.5340264916595736
283174,-8.58179,0.94349,0.472,-0.00986355837090873,0.4818635583709087
283175,-0.899323,0.89856,0.459,0.008998450763395869,0.4500015492366041
283176,-2.852628,27.80103,0.445,0.06632981310016524,0.3786701868998348
283177,5.767515,43.32108,0.492,0.2245111936320632,0.2674888063679368
283178,-7.790838,4.78251,0.462,0.014799719651920213,0.4472002803480798
283285,-50.106596,61.90776,0.437,-0.2608500402281127,0.6978500402281127
283312,-9.270661,34.8985,0.462,0.010382917561913427,0.45161708243808657
283313,-3.721363,37.8922,0.477,-0.06142363936584817,0.5384236393658481
283314,-8.754292,43.05498,0.506,0.021164974724398548,0.48483502527560146
283315,-6.271799,39.89148,0.487,0.08230119067071484,0.40469880932928515
283316,-6.262578,39.31438,0.484,-0.20787127671207042,0.6918712767120704
283317,-7.714031,35.37863,0.465,-0.15633635125580128,0.6213363512558013
283318,-8.222445,34.49845,0.462,-0.1914659738387306,0.6534659738387306
283319,-7.903155,36.77288,0.471,-0.03131330315838538,0.5023133031583854
283320,-8.585388,35.64265,0.466,-0.05693683570577822,0.5229368357057782
283321,-3.587017,38.93437,0.482,0.07350800442816048,0.4084919955718395
283323,-5.493298,39.57643,0.486,-0.08548837807234,0.57148837807234
283324,-7.359337,38.03312,0.477,-0.18510766983347735,0.6621076698334774
283325,-8.607914,36.43079,0.469,-0.14248004600284522,0.6114800460028452
284237,-29.047316,41.44405,0.422,-0.24563335848954504,0.6676333584895451
284239,-22.949507,29.88126,0.413,0.3580578885487222,0.05494211145127775
284240,-18.158516,9.55938,0.449,-0.15691811862364174,0.6059181186236418
284241,-35.941427,43.6682,0.385,-0.12730318157023368,0.5123031815702337
284243,-27.775746,43.37954,0.443,-0.03233359290462376,0.47533359290462374
284263,-7.040636,45.69748,0.527,0.13399799742668647,0.3930020025733135
284264,-7.925281,38.58824,0.48,-0.016649130333164973,0.49664913033316493
284265,-8.116567,37.74307,0.475,-0.04805738990066227,0.5230573899006623
284266,-7.005307,40.05249,0.488,0.08207256491234886,0.4059274350876511
284268,-9.25638,31.05774,0.45,0.06706744314998582,0.3829325568500142
284269,-13.539277,36.43067,0.461,-0.1937618841654573,0.6547618841654573
284458,-25.482803,52.98546,0.548,-0.3199829337679947,0.8679829337679947
284459,-23.746466,35.64224,0.424,-0.03224257096302481,0.4562425709630248
284460,-37.778418,54.44724,0.473,-0.2553512892300643,0.7283512892300643
284461,-37.602148,43.37899,0.37,-0.12368781565954722,0.4936878156595472
284462,-29.931787,49.15357,0.477,-0.029222843469847038,0.506222843469847
284463,-24.267036,53.1396,0.556,-0.004751437220708508,0.5607514372207085
284464,-23.801079,34.33503,0.42,-0.01654138492671468,0.4365413849267147
284465,-17.297656,30.8976,0.435,0.00903967818121286,0.4259603218187871
284466,-15.512027,33.4501,0.446,-0.13334287401807668,0.5793428740180767
284467,-13.006223,35.63956,0.459,-0.10515872422643067,0.5641587242264307
284468,-14.51347,30.53459,0.441,0.005412069522578451,0.43558793047742156
284470,-6.935612,28.8303,0.447,0.053013594194352906,0.3939864058056471
284471,4.333382,37.27208,0.464,-0.07436006209803758,0.5383600620980376
284472,-12.478222,41.19259,0.489,-0.2534658926342305,0.7424658926342305
284474,20.685216,35.08126,0.39,-0.019436799676376165,0.4094367996763762
284475,-1.854847,12.93246,0.443,-0.11013455458870652,0.5531345545887065
284476,-3.162254,15.33493,0.442,-0.1016558876856983,0.5436558876856983
284477,-6.896286,20.46685,0.44,-0.04425144040602021,0.4842514404060202
284478,-4.426611,23.24032,0.441,-0.008790649980175553,0.44979064998017554
284479,-6.007632,25.94078,0.443,0.05760586136299984,0.38539413863700017
284480,-6.531007,25.79075,0.443,-0.060282176163930085,0.5032821761639301
284481,-6.074127,25.33667,0.442,-0.11414115816989824,0.5561411581698983
284482,-8.328007,27.30403,0.444,-0.18821024993765914,0.6322102499376592
284483,-8.109327,26.54989,0.443,-0.09090330254333014,0.5339033025433302
284484,2.897758,27.93613,0.439,-0.1407223108707749,0.579722310870775
284485,-9.933629,30.23457,0.447,-0.002394984974072654,0.44939498497407265
284486,-10.462669,29.07035,0.444,-0.041525189889243676,0.4855251898892437
284487,-8.033119,25.84577,0.442,0.07650153912306029,0.3654984608769397
284488,-7.196597,27.81211,0.445,-0.11076332266203494,0.555763322662035
284489,-7.102833,26.34485,0.443,-0.10428966699500233,0.5472896669950024
284490,-6.296436,24.79558,0.442,-0.19128661135916156,0.6332866113591615
284491,-5.758828,23.15131,0.441,-0.08303976884884706,0.5240397688488471
284600,-27.249905,18.3298,0.402,-0.119499697996633,0.521499697996633
284601,-26.872133,21.23544,0.398,-0.2689503835937023,0.6669503835937023
284602,-41.752121,64.5273,0.594,-0.17480843483503788,0.7688084348350379
284603,-38.436203,59.39929,0.538,-0.16977044137455563,0.7077704413745557
284604,-32.615552,67.81093,0.75,0.2750180118553825,0.4749819881446175
284605,-31.026201,56.51104,0.558,-0.01965874097330539,0.5776587409733054
284606,-27.979213,45.70894,0.459,-0.06934923995038142,0.5283492399503814
284607,-23.520865,53.23163,0.561,0.2227310486693638,0.3382689513306363
284609,-23.221872,51.6663,0.544,0.05517191220898538,0.48882808779101466
284610,-19.277095,48.35674,0.526,0.1956751275039003,0.33032487249609976
284611,-18.557836,44.42201,0.495,-0.12768866677764476,0.6226886667776448
284612,-18.106627,46.35039,0.512,-0.01457360522115446,0.5265736052211545
284613,-17.123611,44.23802,0.498,-0.09881164118440579,0.5968116411844058
284614,-15.725952,42.40372,0.489,-0.017738702352139202,0.5067387023521392
284616,-15.092083,27.02095,0.434,-0.09955416416466266,0.5335541641646626
284617,-12.045808,24.83559,0.437,0.02461148383396183,0.41238851616603817
284619,-10.138458,17.69232,0.44,-0.11309099221500686,0.5530909922150069
284621,-4.725398,22.04312,0.44,-0.03488671574462392,0.47488671574462393
284622,-4.571945,22.19815,0.44,-0.04415683738018669,0.48415683738018667
284624,-3.823235,21.61805,0.44,-0.05927443844296873,0.4992744384429687
284625,-5.900276,23.30933,0.441,-0.014208480902321644,0.45520848090232163
284626,-4.878616,22.41918,0.44,-0.031383427011393815,0.4713834270113938
284627,-6.023983,23.7374,0.441,-0.04676090503125507,0.4877609050312551
284629,-8.863158,23.07229,0.44,0.13968995720746352,0.3003100427925365
284630,-7.478075,28.08316,0.445,0.009715606151330727,0.4352843938486693
284631,-6.795121,29.78948,0.449,-0.044490677975994916,0.49349067797599494
284632,-6.581679,31.44383,0.453,-0.0844623876151954,0.5374623876151954
284738,-25.190077,12.54868,0.426,-0.05300456666066152,0.4790045666606615
284739,-48.947359,63.68536,0.486,-0.31864966640476716,0.8046496664047671
284740,-46.871204,69.13001,0.629,-0.24549907743163732,0.8744990774316374
284741,-41.140231,55.92929,0.458,-0.04828301789960028,0.5062830178996003
284742,-35.746912,45.05644,0.397,-0.06284261255212376,0.4598426125521238
284743,-32.005175,59.96481,0.604,-0.06660649320071065,0.6706064932007106
284744,-25.468408,65.82072,0.755,-0.03260433372712223,0.7876043337271222
284745,-25.616996,50.82704,0.522,-0.26881269709354605,0.7908126970935461
284746,-20.826947,54.16192,0.585,0.005306244837509068,0.5796937551624909
284747,-18.478574,58.71405,0.657,0.015573251573450487,0.6414267484265496
284748,-17.32529,55.9094,0.62,-0.11356767006337812,0.7335676700633781
284749,-13.414494,49.60413,0.555,0.1402564526012671,0.414743547398733
284750,-13.856091,28.4532,0.438,0.09091436836996655,0.3470856316300335
284751,-12.117034,39.04019,0.477,0.03947264143709598,0.437527358562904
284752,-8.968674,45.43341,0.523,0.04851048702554121,0.4744895129744588
284753,-9.473585,46.61262,0.533,-0.18419713632926468,0.7171971363292647
284754,-9.873886,44.54723,0.516,-0.04862070229706497,0.564620702297065
284755,-10.918458,40.58349,0.488,0.04234834271217695,0.445651657287823
284756,-7.010338,28.05715,0.445,0.21480722654796916,0.23019277345203085
284757,-7.385538,21.98011,0.44,-0.12281173078090649,0.5628117307809065
284758,-4.809662,25.07062,0.442,-0.05918380969518581,0.5011838096951858
284759,-2.361854,24.74956,0.441,-0.07411994500170734,0.5151199450017073
284760,-2.396085,26.39782,0.443,-0.03084852312661211,0.47384852312661213
284761,2.193785,43.47613,0.502,0.01613149709656923,0.48586850290343075
284762,-5.659141,43.32107,0.509,-0.17574873812306735,0.6847487381230674
284763,3.533559,46.34263,0.519,0.190912819440338,0.328087180559662
284764,4.202369,47.15977,0.524,-0.08710526595844247,0.6111052659584425
284765,4.640873,41.22672,0.482,0.04545512374588433,0.43654487625411564
284767,-0.101672,21.46303,0.437,0.07334212124173915,0.36365787875826083
284870,-25.735169,27.03461,0.399,0.04709637131008503,0.351903628689915
284871,-23.264835,9.62614,0.441,0.11166576164586142,0.32933423835413855
284872,-22.912995,12.57786,0.432,-0.07535226754751582,0.5073522675475158
284873,-17.861384,18.35126,0.43,-0.10355914175423983,0.5335591417542398
284874,-25.814871,52.71846,0.542,-0.2795890071272514,0.8215890071272514
284875,-24.915874,48.7987,0.505,-0.23169744145997104,0.7366974414599711
284876,-24.824059,44.52884,0.468,-0.0561365793408057,0.5241365793408057
284877,-23.225454,43.83177,0.471,-0.11559814641647836,0.5865981464164783
284880,-19.574976,33.83608,0.435,0.07106125884949532,0.3639387411505047
284881,-16.785104,37.87787,0.46,0.07502949090078104,0.384970509099219
284882,-16.735428,47.48864,0.526,0.040987316466777744,0.4850126835332223
284883,-17.402673,45.89832,0.511,-0.09323067153736184,0.6042306715373619
284884,-10.755467,50.93044,0.573,0.07525426051500908,0.4977457394849909
284885,-14.207799,31.78481,0.444,0.08535668059340008,0.35864331940659994
284887,-13.689082,40.90149,0.484,-0.1888253261889053,0.6728253261889052
284888,-10.088454,47.0807,0.536,0.04413445795602688,0.49186554204397315
284889,-10.31055,45.38838,0.522,-0.11004491193900702,0.632044911939007
284890,-8.603852,41.22466,0.494,0.06077407729325585,0.43322592270674415
284891,-5.911625,24.39052,0.441,0.24672917862276528,0.19427082137723473
284892,-7.365347,19.46366,0.44,-0.14225625944335862,0.5822562594433587
284893,-6.749624,18.88056,0.441,-0.23334411325993776,0.6743441132599377
284894,-5.79853,21.64205,0.44,-0.09534971932645889,0.5353497193264589
284895,-4.985917,23.46836,0.441,-0.11299400426859714,0.5539940042685971
284896,-3.241209,23.41435,0.44,-0.07515505702383067,0.5151550570238307
284897,-0.588077,26.61085,0.442,-0.05259354770005155,0.49459354770005154
284898,4.85104,42.72298,0.491,0.20476672297110887,0.2862332770288911
284899,2.302517,44.08324,0.506,-0.06638986371643686,0.5723898637164369
284900,1.511942,48.03696,0.538,-0.22887870461513884,0.7668787046151389
284901,1.777565,44.70635,0.511,-0.06826225039122936,0.5792622503912294
284902,3.422303,41.67981,0.488,0.007394641489834791,0.48060535851016517
284904,4.638121,42.2519,0.488,0.013541410922414138,0.47445858907758587
284905,-2.209976,39.76652,0.486,-0.3095761924826096,0.7955761924826096
284906,-4.020583,41.44177,0.496,-0.0923220808873701,0.5883220808873701
285009,-24.834116,38.59872,0.432,-0.15029065115517767,0.5822906511551776
285010,-23.054128,32.82375,0.419,0.3801440863228707,0.03885591367712926
285011,-37.433162,55.25545,0.487,-0.24648486619587673,0.7334848661958767
285012,-36.333762,41.58675,0.37,-0.1377118518583813,0.5077118518583813
285013,-31.667417,58.66851,0.586,-0.10696765681655442,0.6929676568165544
285014,-29.194915,55.4629,0.557,-0.13194152350941757,0.6889415235094176
285015,-26.89041,48.24847,0.488,0.1328778421489819,0.3551221578510181
285016,-27.037616,43.83159,0.451,-0.2509944531161737,0.7019944531161737
285017,-24.785182,47.15334,0.49,0.04401682382039907,0.4459831761796009
285019,-17.958003,54.94517,0.605,0.23529579473417947,0.3697042052658205
285020,-15.335612,52.15463,0.578,-0.18087693546175404,0.7588769354617539
285021,-18.087835,55.38026,0.611,-0.1479322526747697,0.7589322526747697
285022,-14.058988,59.19127,0.676,0.10605301108083433,0.5699469889191657
285023,-15.432007,54.24907,0.603,-0.14219425841090053,0.7451942584109005
285024,-14.40414,41.78762,0.488,-0.13289031025000253,0.6208903102500025
285025,-11.350977,45.74242,0.523,0.07061918427552867,0.45238081572447136
285026,-8.446311,49.51919,0.56,0.24299770755210734,0.3170022924478927
285027,-9.557252,50.81344,0.573,-0.024524271183828737,0.5975242711838287
285028,-10.000188,48.652,0.551,-0.12103518982620669,0.6720351898262067
285029,-10.33437,27.57808,0.442,-0.0011714222341492999,0.4431714222341493
285030,-12.106312,25.10663,0.437,-0.10576106271043177,0.5427610627104318
285031,-9.918063,29.37241,0.446,-0.002105392015919799,0.4481053920159198
285032,-6.538016,22.00911,0.44,0.10329497600079603,0.336705023999204
285033,-5.340229,24.71457,0.442,-0.057450195975773125,0.4994501959757731
285034,-6.523682,25.86477,0.443,-0.04570742112224087,0.48870742112224086
285035,-0.149796,29.28125,0.446,-0.08821883236268656,0.5342188323626865
285036,-1.840393,40.45963,0.489,-0.18757762637810876,0.6765776263781087
285037,-3.407832,40.07656,0.488,-0.057228269686083924,0.545228269686084
285038,2.598035,43.09407,0.498,0.1412467410609181,0.3567532589390819
285039,2.111176,46.25463,0.522,-0.0739238590826242,0.5959238590826242
285040,2.421627,49.45123,0.548,-0.13513517152750826,0.6831351715275082
285041,1.480555,48.80311,0.544,-0.16782945723445114,0.7118294572344512
285042,2.475992,51.46763,0.567,-0.10345414707812958,0.6704541470781296
285043,1.559009,50.52845,0.56,-0.11369851954072828,0.6736985195407283
285044,1.062453,46.85974,0.529,-0.011637983445048024,0.5406379834450481
285045,3.149372,26.5829,0.437,-0.09618807102890403,0.5331880710289041
285046,-1.881307,27.13993,0.443,-0.08063103203524802,0.523631032035248
285047,0.088024,18.13045,0.437,-0.09860367375165359,0.5356036737516536
285048,-0.695601,13.1365,0.441,-0.06817023631313121,0.5091702363131312
285151,-23.830148,44.41782,0.472,-0.2982931059591892,0.7702931059591891
285152,-21.196372,50.19405,0.537,-0.3210569948534635,0.8580569948534635
285153,-39.443173,66.6861,0.663,-0.3003156468861417,0.9633156468861417
285154,-35.486072,63.00337,0.628,-0.11289561435251437,0.7408956143525144
285155,-35.127768,58.21623,0.55,-0.05777817231002602,0.6077781723100261
285156,-32.522246,67.58485,0.746,-0.16938064504839728,0.9153806450483972
285157,-29.152869,63.76895,0.692,0.02920464439622796,0.662795355603772
285158,-26.044878,60.48123,0.652,0.012117044269918453,0.6398829557300816
285160,-21.386675,57.17659,0.624,-0.03340504059261476,0.6574050405926147
285161,-21.653771,63.02709,0.718,-0.1664149015742296,0.8844149015742295
285162,-16.961595,67.64162,0.824,0.17598803595380202,0.6480119640461979
285163,-18.871036,61.41873,0.7,-0.12990629484992638,0.8299062948499263
285164,-14.416526,58.11299,0.659,0.1642274177057864,0.4947725822942136
285165,-14.938499,52.85978,0.588,0.07753675663153159,0.5104632433684684
285166,-11.357276,56.21959,0.636,0.18537562191211407,0.4506243780878859
285167,-10.504598,58.98328,0.676,-0.09358996702879983,0.7695899670287999
285168,-9.957006,56.39866,0.64,0.055110375181068504,0.5848896248189315
285169,-9.992283,53.88409,0.607,-0.044535371172340785,0.6515353711723407
285170,-7.395053,42.17885,0.501,0.0887430338874218,0.4122569661125782
285171,-7.401622,43.49408,0.51,-0.16434801693990833,0.6743480169399083
285172,-5.299865,40.69764,0.492,0.0520908734945205,0.4399091265054795
285173,-5.56807,42.56295,0.504,-0.13742496392781803,0.641424963927818
285174,-0.990915,46.56169,0.53,0.1567252256246976,0.37327477437530243
285175,-1.144611,46.32764,0.528,0.032219988668009444,0.49578001133199057
285176,0.553806,49.93033,0.557,-0.10203215029298905,0.6590321502929891
285177,-0.089372,52.84993,0.588,-0.08647463564729994,0.6744746356472999
285178,1.818003,55.4735,0.613,-0.006727153067724015,0.619727153067724
285179,1.090078,54.64832,0.605,-0.014207953821418774,0.6192079538214188
285180,1.638106,53.45906,0.59,0.050850743872635114,0.5391492561273649
285181,3.952873,50.34639,0.552,0.025181734778768505,0.5268182652212315
285182,5.779613,46.34862,0.512,0.01936466954935985,0.4926353304506402
285183,-2.062596,13.13649,0.443,-0.2932977935777331,0.7362977935777331
285311,-22.261252,56.01426,0.603,-0.18797025198705536,0.7909702519870554
285312,-22.137729,53.20266,0.567,-0.07491738263516282,0.6419173826351627
285314,-60.661021,69.09792,0.406,0.1023984921951188,0.3036015078048812
285317,-46.114614,62.85951,0.509,-0.130232430694346,0.639232430694346
285320,-36.210681,66.17122,0.684,-0.06225893158701798,0.7462589315870181
285321,-36.34539,59.88356,0.565,-0.1456206095905121,0.7106206095905121
285323,-24.881834,68.71068,0.819,-0.020803582025705442,0.8398035820257054
285326,15.264231,38.43702,0.43,0.06479362246953148,0.36520637753046853
285327,-5.321796,16.04705,0.442,0.046106004744284355,0.39589399525571567
285328,-8.259604,12.27827,0.448,0.009211863985441502,0.4387881360145585
285329,-8.247676,8.80251,0.454,-0.11630369124238472,0.5703036912423848
285330,-8.979892,5.34066,0.462,-0.0633181163112508,0.5253181163112508
285331,-6.682944,2.27689,0.466,-0.039033451820043724,0.5050334518200438
285332,-6.802602,1.91379,0.467,-0.04082908955511736,0.5078290895551174
285333,-1.199467,50.24039,0.563,0.04654129170901685,0.5164587082909831
285335,-3.534906,42.48796,0.503,-0.2995493874280997,0.8025493874280998
285336,-5.174473,41.80482,0.499,-0.32267219802270036,0.8216721980227004
285337,2.170183,58.60225,0.652,0.18619438288194168,0.46580561711805835
285339,1.266922,58.53223,0.654,-0.016403820443135722,0.6704038204431357
285341,-5.235694,14.7958,0.443,-0.23823876345234732,0.6812387634523474
285342,7.022456,46.34861,0.508,0.1340517183806521,0.3739482816193479
285343,-4.342861,45.6635,0.526,-0.17802256175587336,0.7040225617558734
285471,-24.278316,24.1421,0.405,-0.061626090007063136,0.4666260900070632
285472,-22.128027,21.22568,0.415,-0.03264552964397111,0.4476455296439711
285473,-17.504001,29.96241,0.432,0.4669458162495535,-0.03494581624955351
285474,-29.51739,51.90715,0.51,-0.2863193560628448,0.7963193560628448
285476,-24.36274,54.32087,0.57,-0.13959654034300642,0.7095965403430063
285477,-21.657265,44.00886,0.48,0.013014893209984908,0.4669851067900151
285478,-20.135194,46.14831,0.503,-0.21899711698144286,0.7219971169814429
285485,-11.54305,34.6414,0.458,-0.11581265795145704,0.5738126579514571
285486,-1.347229,35.97995,0.467,-0.13709413828070488,0.6040941382807049
285487,4.303856,33.55635,0.45,0.07176564132009057,0.37823435867990945
285488,7.88763,36.81191,0.452,0.08205338800805878,0.36994661199194123
285495,-5.212007,7.53025,0.454,0.013335595427582628,0.4406644045724174
285524,-2.802931,45.66351,0.525,0.08699144583527893,0.43800855416472106
285709,-21.763429,47.34245,0.507,-0.2152839907713945,0.7222839907713945
285710,-19.360643,35.74039,0.443,0.1275261198384769,0.3154738801615231
285711,-31.680016,56.86913,0.558,-0.20515966142511377,0.7631596614251138
285713,-32.934816,46.14783,0.428,-0.046224859718115935,0.4742248597181159
285714,-26.148594,53.74166,0.553,-0.08280139784557501,0.6358013978455751
285715,-28.081953,34.64088,0.399,-0.11844046858937378,0.5174404685893738
285717,-13.709715,35.49953,0.457,0.04784718585653823,0.4091528141434618
285718,-15.844595,47.89775,0.533,-0.15542286833624328,0.6884228683362433
285719,-16.439145,45.77732,0.512,-0.16313310599623443,0.6751331059962344
285720,-14.929251,28.83026,0.436,0.07392888875912318,0.3620711112408768
285721,-14.631568,41.64961,0.487,-0.13962276332992965,0.6266227633299296
285722,-11.200976,47.51377,0.539,-0.006293106963996079,0.5452931069639961
286150,-21.636867,27.05874,0.415,-0.04550661257359377,0.46050661257359377
286153,-28.625971,63.51794,0.691,0.0699335289463675,0.6210664710536324
286155,-23.069527,58.81196,0.641,-0.1862087962851177,0.8272087962851177
286158,-17.325907,53.34485,0.587,0.009855824106489748,0.5771441758935102
286159,-15.593272,56.36257,0.631,0.040486791698582096,0.590513208301418
286160,-14.941529,50.73335,0.563,-0.0473674159775233,0.6103674159775232
286162,-12.450391,53.28593,0.597,-0.019434346159160946,0.6164343461591609
286164,-9.313066,47.80486,0.543,-0.01387213826149554,0.5568721382614956
286165,-7.500883,43.37107,0.509,-0.008606456114796764,0.5176064561147967
286166,-5.413548,28.05612,0.446,0.03137362553087414,0.41462637446912587
286167,-3.484739,24.72456,0.441,-0.1402267035030757,0.5812267035030757
286168,-0.915246,22.77025,0.438,-0.04133328727473018,0.4793332872747302
286169,3.938854,26.54992,0.435,0.09229775906074726,0.3427022409392527
286171,1.893763,45.33946,0.515,0.07795335067240192,0.43704664932759807
286172,3.259732,44.62532,0.507,-0.011286293399103734,0.5182862933991037
286173,1.771793,46.05759,0.521,-0.043004106487329705,0.5640041064873297
286174,4.369661,42.62496,0.491,-0.00558163254625342,0.4965816325462534
286175,5.472491,27.14704,0.433,-0.0027353419580738356,0.43573534195807384
286176,0.339281,25.72672,0.44,-0.02634795700867212,0.4663479570086721
286177,7.543465,13.08444,0.426,0.047025051704548834,0.37897494829545114
286306,-20.72841,32.84582,0.428,-0.023946009792012425,0.45194600979201244
286307,-16.075292,41.54854,0.483,0.1587748095999441,0.3242251904000559
286308,-32.645701,68.41012,0.763,-0.27746196844748894,1.040461968447489
286312,-12.361426,3.24701,0.469,0.12938166711389895,0.339618332886101
286313,-8.384607,9.01756,0.453,0.06948362219145138,0.38351637780854864
286314,-9.56553,5.28063,0.462,0.061546060751297024,0.400453939248703
286316,-8.750907,4.69949,0.463,0.046101291852454214,0.4168987081475458
286317,-18.139547,48.94291,0.536,-0.0858622014149759,0.621862201414976
286319,-12.914574,56.65868,0.64,0.13696658721486593,0.5030334127851341
286320,-13.33983,59.69542,0.684,-0.004742981799732419,0.6887429817997325
286321,-12.944984,54.72323,0.614,-0.11548993056660291,0.7294899305666029
286322,-11.251862,46.19551,0.527,0.22527452726433508,0.30172547273566497
286323,-15.813605,51.49448,0.57,-0.08827730113335053,0.6582773011333505
286325,-12.439767,25.93778,0.437,-0.023224249158760733,0.46022424915876076
286326,-9.745633,21.60803,0.439,-0.012940225039300821,0.4519402250393008
286327,-9.796195,20.40782,0.439,0.022290506151573002,0.416709493848427
286328,-8.629243,30.39261,0.449,0.024583157916597997,0.424416842083402
286329,-5.861685,40.44559,0.491,-0.04292356038683393,0.533923560386834
286330,-4.206402,43.50013,0.51,-0.014072243585088214,0.5240722435850882
286331,0.298298,47.33783,0.534,0.1805777251230501,0.35342227487694994
286332,-0.025537,49.12217,0.55,0.08332093103292192,0.4666790689670781
286333,-0.057541,48.45504,0.545,-0.02162711231809408,0.5666271123180942
286334,1.312087,50.8225,0.564,0.01421112789773495,0.549788872102265
286335,1.156104,49.87231,0.555,-0.05977224553616591,0.6147722455361659
286336,1.384794,48.80311,0.545,0.0017954815372132292,0.5432045184627868
286337,3.280192,45.80454,0.516,0.024277239026275797,0.4917227609737242
286338,4.586646,42.2699,0.489,-0.06734331872544407,0.5563433187254441
286339,0.863248,25.72672,0.439,-0.05269473508732528,0.4916947350873253
286341,9.713897,16.41908,0.418,-0.029430542132591987,0.447430542132592
286484,-21.302613,25.37051,0.416,-0.03195548379118487,0.4479554837911848
286486,-9.200809,7.93129,0.456,0.30510935304604114,0.15089064695395887
286487,-21.550281,61.02256,0.684,-0.15623628356492072,0.8402362835649207
286488,-15.416494,64.31864,0.761,0.13659186496733494,0.6244081350326651
286489,-12.920741,68.68509,0.851,-0.13971883685149314,0.9907188368514931
286493,-7.113779,0.42436,0.471,0.17722579189140322,0.2937742081085968
286494,-6.305432,-0.12279,0.471,-0.1398994527136783,0.6108994527136783
286495,-8.849287,-6.615,0.491,-0.07800819168461054,0.5690081916846106
286496,-13.849961,46.94461,0.529,-0.13137667471805112,0.6603766747180512
286498,-9.227803,43.76712,0.511,0.0014992924686431945,0.5095007075313568
286920,-9.503878,-5.39361,0.49,0.6207505806562998,-0.13075058065629985
286921,-12.244053,15.03176,0.442,-0.24566600063963182,0.6876660006396318
286922,-10.956974,14.6007,0.444,-0.10676810851069046,0.5507681085106905
286923,-10.522364,10.59388,0.451,-0.14295687344648594,0.593956873446486
286924,-10.155246,6.73899,0.459,-0.09345896440629635,0.5524589644062964
286925,-8.661311,6.17188,0.46,-0.08579226275691569,0.5457922627569157
286927,-8.063358,2.50693,0.468,0.08199051321409767,0.38600948678590236
286928,-6.805876,5.11464,0.46,0.059520688557133716,0.4004793114428663
286929,-7.925223,1.50164,0.47,-0.12859299111160388,0.5985929911116039
286930,-13.060215,57.76594,0.656,-0.2664950397429201,0.9224950397429201
286932,-10.83554,56.05858,0.634,-0.18244277915289675,0.8164427791528968
287453,-9.456894,12.16023,0.448,-0.03100083934691995,0.47900083934691995
287454,-10.891592,7.75523,0.457,-0.01463011852193885,0.47163011852193887
287459,-10.936865,29.67547,0.445,-0.04718991909509555,0.4921899190950956
287460,-10.913077,31.41879,0.449,-0.07433100117967237,0.5233310011796724
287461,-6.262163,41.36273,0.496,0.08348288106957125,0.41251711893042875
287462,-7.536367,43.10301,0.507,-0.14799176855313267,0.6549917685531327
287463,-4.69245,46.43964,0.532,0.018665662603225778,0.5133343373967743
287464,-2.373351,49.76829,0.56,0.3034186554383477,0.2565813445616524
287465,-3.714071,52.24879,0.587,-0.10541540283252938,0.6924154028325293
287466,7.284166,41.36269,0.476,0.19400771604776818,0.2819922839522318
287881,-12.145477,34.79943,0.458,-0.10711526447888564,0.5651152644788857
287882,-11.944764,37.3719,0.469,0.14641108843316586,0.3225889115668341
287883,-16.466628,47.1346,0.524,-0.08719407002825946,0.6111940700282594
288427,-12.977429,22.10809,0.435,-0.08160029720686267,0.5166002972068626
288428,-7.210636,4.11237,0.463,0.1776139358855674,0.2853860641144326
288443,-14.787555,42.89483,0.495,-0.15780291228901913,0.6528029122890191
288444,-7.560684,48.31097,0.549,0.020936502554867016,0.528063497445133
288445,-9.392734,47.85385,0.544,-0.11164592360381075,0.6556459236038108
288446,-9.020504,44.12716,0.513,0.002512097079480913,0.510487902920519
288447,-10.37044,41.1306,0.492,-0.17823122571715194,0.6702312257171519
288448,-6.617655,28.77729,0.447,0.3670749334388855,0.07992506656111453
288449,-6.861894,25.02863,0.442,-0.20134291179591035,0.6433429117959104
288450,-5.011167,21.99411,0.44,-0.0810725836883952,0.5210725836883952
288465,16.059681,26.19679,0.399,-0.07227415046715156,0.4712741504671516
288468,10.569187,3.7072,0.425,0.0069160994633447725,0.41808390053665523
288607,-11.91599,28.56625,0.442,-0.14275312292158107,0.5847531229215811
288608,-27.476047,45.84502,0.464,-0.2031289313364826,0.6671289313364827
288609,-17.420343,68.68491,0.845,0.2511432451860429,0.593856754813957
288610,-17.975768,65.54295,0.779,-0.09838555305341783,0.8773855530534178
288611,-15.102596,47.0246,0.527,-0.027553313163702443,0.5545533131637025
288612,-12.893695,50.44632,0.565,0.0783667026238766,0.4866332973761234
288614,-12.998139,53.679,0.601,0.013909114769017463,0.5870908852309825
288615,-12.805003,51.93362,0.581,-0.09137732278151307,0.6723773227815131
288616,-11.646032,49.12107,0.553,-0.11931790295030811,0.6723179029503081
288617,-10.203221,46.18353,0.528,0.07287366256139952,0.45512633743860054
288618,-6.059269,21.15297,0.44,0.034353740407982794,0.4056462595920172
288619,-5.721706,42.65096,0.504,-0.06715354214482516,0.5711535421448252
288620,-5.682554,46.72769,0.535,-0.07858699978204052,0.6135869997820406
288621,-2.002445,23.06529,0.439,0.0638047091811376,0.3751952908188624
288622,-0.87333,42.32495,0.499,-0.09567476955722723,0.5946747695572272
288623,-0.043349,41.93288,0.496,-0.022292394588050296,0.5182923945880503
288624,-1.027442,45.69853,0.523,-0.09720605407454098,0.620206054074541
288625,0.589052,45.01441,0.516,-0.07939484997536361,0.5953948499753636
288626,0.765461,47.12079,0.532,-0.16936922037542496,0.7013692203754249
288627,5.107551,50.85349,0.553,-0.010231273480550768,0.5632312734805508
288628,2.762649,45.52149,0.515,-0.0691235964646324,0.5841235964646324
288629,3.656095,44.29126,0.504,0.03046947513424582,0.4735305248657542
288630,4.224002,42.90102,0.493,-0.03644818560689788,0.5294481856068979
288631,8.769938,46.23055,0.501,0.1146402553298561,0.3863597446701439
288632,4.908733,39.76547,0.474,-0.009615102467588474,0.48361510246758843
288633,8.720925,45.28538,0.494,0.06363136096323585,0.43036863903676414
288634,10.287427,26.11586,0.42,-0.19145678763841475,0.6114567876384147
288636,14.48776,61.92798,0.628,-0.14101581040648142,0.7690158104064815
288764,-9.802449,-1.6113,0.48,-0.007030745253534095,0.48703074525353407
288765,-6.159009,7.3372,0.455,0.15249927821666565,0.30250072178333437
288766,-17.108054,50.53626,0.556,-0.062487449887310316,0.6184874498873104
288767,-15.841925,55.50637,0.619,-0.07229124800777886,0.6912912480077789
288768,-14.818823,53.68797,0.598,-0.07131986128984505,0.669319861289845
288769,-9.847296,57.01281,0.648,0.16061939348361345,0.4873806065163866
288771,-11.625915,57.02279,0.647,-0.16257738523311985,0.8095773852331198
288772,-11.120045,55.17236,0.622,-0.05828904056487049,0.6802890405648705
288773,-9.731328,52.73484,0.594,0.008723223898590452,0.5852767761014095
288774,-8.855877,48.34696,0.549,-0.06299889844396239,0.6119988984439624
288775,-6.233765,51.46961,0.58,0.09064477563659726,0.48935522436340273
288776,-4.033129,54.36725,0.612,-0.03229538195771227,0.6442953819577123
288777,-3.265283,51.53565,0.579,-0.18194093165572278,0.7609409316557227
288778,-2.392138,46.6427,0.532,0.016689265402042883,0.5153107345979572
288779,0.041372,49.61327,0.555,0.0784883128736042,0.47651168712639586
288780,0.943716,52.28281,0.579,-0.07787666427570415,0.6568766642757041
288781,-0.184971,49.15518,0.551,-0.12153920353594795,0.672539203535948
288782,-0.950163,48.20499,0.544,-0.053385181185138526,0.5973851811851386
288783,4.506071,51.74468,0.564,0.21264305032299965,0.35135694967700026
288784,4.372495,53.88214,0.586,-0.16323150892729532,0.7492315089272953
288785,4.247091,56.18366,0.613,-0.18655116832632257,0.7995511683263226
288786,4.629802,52.71288,0.573,-0.12049051816117519,0.6934905181611751
288787,7.647484,49.43018,0.53,0.1048141877869421,0.42518581221305796
288788,4.710249,50.19436,0.548,-0.16630089955790556,0.7143008995579057
288789,4.001814,48.03495,0.531,-0.17616325837055666,0.7071632583705567
288790,-0.352277,26.11577,0.441,-0.20037452512516113,0.6413745251251611
288791,8.337261,50.14632,0.534,0.18152551500148895,0.3524744849985111
288792,6.904581,51.00951,0.547,-0.04451119835833771,0.5915111983583378
288794,13.222985,55.58942,0.56,-0.04163568921266632,0.6016356892126664
288795,9.903987,68.51507,0.767,-0.34868157116615134,1.1156815711661514
288972,-10.462684,9.98073,0.452,-0.0870134179330088,0.5390134179330088
288973,-18.907382,54.40604,0.595,-0.20690433578140327,0.8019043357814033
288976,-6.624782,4.62752,0.461,-0.24342226242977494,0.7044222624297749
288977,-8.281816,0.96549,0.472,-0.034519550952739425,0.5065195509527394
288978,-14.045114,59.54737,0.681,-0.18351993233340583,0.8645199323334058
288980,-12.119306,62.24812,0.728,-0.12681739922697477,0.8548173992269748
288981,-11.485498,59.61442,0.685,-0.004841480912590988,0.689841480912591
288982,-6.179631,66.45045,0.802,0.10387322327446032,0.6981267767255397
288983,-6.193011,61.84408,0.72,0.013244265735588795,0.7067557342644112
288984,-5.887999,57.06586,0.648,0.041392409156951665,0.6066075908430484
288985,-6.184038,58.92432,0.675,-0.23170336441001957,0.9067033644100196
288986,-6.655718,54.53227,0.616,-0.08145893802867843,0.6974589380286784
288987,-3.609878,57.29093,0.649,-0.0994928080354221,0.7484928080354221
288989,-1.436788,55.11943,0.617,-0.04406029160473635,0.6610602916047363
288990,-0.925825,58.02511,0.653,-0.02847736348483648,0.6814773634848365
288991,1.879199,61.0969,0.689,-0.06413307209254081,0.7531330720925408
288992,-0.376095,59.75555,0.676,-0.17800357114805151,0.8540035711480516
288994,-0.082314,55.80959,0.622,-0.208185303268481,0.830185303268481
288995,1.441595,58.93234,0.659,-0.05275824386843151,0.7117582438684316
288996,1.744081,53.53207,0.591,-0.2168404617391603,0.8078404617391602
288997,1.453482,56.60277,0.628,-0.20947058640442168,0.8374705864044216
288998,3.835704,51.87971,0.567,0.15418476703080308,0.41281523296919687
288999,2.330664,54.91438,0.605,-0.1931243724553485,0.7981243724553485
289000,8.51244,59.7775,0.639,0.24342487344179892,0.3955751265582011
289001,5.73734,61.85508,0.683,-0.15464077719040734,0.8376407771904074
289002,9.80315,58.51716,0.615,0.18040895124484052,0.43459104875515947
289003,7.446527,75.45977,0.928,-0.6692559549585666,1.5972559549585665
289004,20.861324,57.46067,0.521,0.15901149726349806,0.36198850273650196
289216,-10.423371,31.08173,0.449,0.00978775638498191,0.4392122436150181
289217,-5.578277,19.49868,0.44,-0.10577577787937313,0.5457757778793731
289218,-17.20531,57.90689,0.649,-0.07308655046465679,0.7220865504646568
289219,-10.300654,61.23888,0.712,0.2083286143265309,0.503671385673469
289220,-12.992879,62.46217,0.731,-0.13279368496863056,0.8637936849686305
289378,-3.262,9.74577,0.448,-0.030645892850160446,0.47864589285016046
289379,1.28463,19.74674,0.435,0.26662839583230774,0.16837160416769226
289380,5.733863,63.12543,0.702,0.27136607280903174,0.4306339271909682
289381,5.726069,66.36341,0.756,-0.17321543024330846,0.9292154302433084
289382,5.939361,70.01564,0.823,-0.21031139278381306,1.033311392783813
289383,6.040865,65.047,0.732,-0.20843423307870199,0.940434233078702
289384,10.679628,54.9113,0.568,0.04860986954706975,0.5193901304529303
289386,15.94166,71.49795,0.768,-0.37623208220639737,1.1442320822063974
289555,-8.815739,18.78553,0.44,-0.040568320875693516,0.4805683208756935
289556,-5.802077,12.7964,0.446,0.12402813840991117,0.32197186159008884
289557,-22.52608,62.46184,0.704,-0.42803067341179424,1.1320306734117942
289561,-5.125796,7.21618,0.454,-0.021315284508590653,0.4753152845085907
289562,-11.206573,67.04057,0.817,-0.07918543223496231,0.8961854322349623
289564,-8.42246,71.94635,0.922,-0.06663691332688947,0.9886369133268895
289566,-6.601107,69.67554,0.868,-0.29142187645934237,1.1594218764593425
289568,-4.138613,61.98414,0.719,-0.30406540219072814,1.0230654021907282
289570,-4.119053,61.31996,0.709,-0.10106155227365911,0.8100615522736591
289572,-1.092408,60.7008,0.692,-0.04226239215625723,0.7342623921562572
289574,2.093648,64.46785,0.742,0.057314110333717555,0.6846858896662824
289575,1.965286,63.08545,0.719,-0.08934571964203981,0.8083457196420398
289577,3.670406,64.04572,0.727,-0.20929557910421734,0.9362955791042173
289580,-2.121817,54.91138,0.616,-0.2517105128842868,0.8677105128842868
289581,1.144034,47.59987,0.535,0.047814887278453864,0.4871851127215462
289582,7.731517,43.27303,0.485,0.11765415570461067,0.3673458442953893
289583,23.972642,44.69691,0.402,-0.09741311621411783,0.4994131162141179
289584,20.625616,67.31436,0.647,-0.2615381508805549,0.9085381508805549
289733,-9.227876,40.09044,0.487,-0.29738595812130086,0.7843859581213009
289734,-8.244444,27.90614,0.445,0.2348978223063181,0.21010217769368192
289735,-16.674043,73.02054,0.948,-0.30004244471596775,1.2480424447159677
289736,-16.329533,76.39896,1.037,-0.6339723012280899,1.67097230122809
289738,-5.384751,70.51985,0.884,0.202895131912092,0.681104868087908
289741,-8.617934,75.64586,1.013,-0.3498632414319089,1.3628632414319088
289742,-9.401814,72.85668,0.944,-0.3123704586149102,1.25637045861491
289744,-6.107465,67.8199,0.829,-0.052739364463370464,0.8817393644633704
289745,-3.233948,64.84397,0.766,0.03855753000455375,0.7274424699954463
289746,-1.777597,67.54383,0.812,-0.16449052414816231,0.9764905241481624
289748,0.944067,65.33612,0.761,0.05506551214638974,0.7059344878536102
289749,2.008307,67.68187,0.799,-0.011272828260984403,0.8102728282609845
289751,3.56613,66.42144,0.769,-0.09181190028786326,0.8608119002878633
289753,5.549435,68.00294,0.787,-0.24201286385359802,1.029012863853598
289755,6.831676,72.56556,0.869,-0.29757827929468733,1.1665782792946873
289757,6.091816,73.10279,0.885,-0.412801414009473,1.2978014140094731
289760,27.092905,51.3731,0.412,-0.04655650701783741,0.4585565070178374
289890,-13.65631,34.00123,0.452,-0.11258624090986273,0.5645862409098628
289897,-6.369772,41.60577,0.498,0.010814068167225379,0.48718593183277464
289901,-5.395692,32.21601,0.455,0.12522837504430356,0.32977162495569645
289902,-6.394339,32.11097,0.455,0.08139224577510731,0.3736077542248927
289903,-6.489245,31.88693,0.454,-0.05631111491077877,0.5103111149107787
290064,-11.426958,27.14798,0.44,0.22736207058088562,0.21263792941911439
290065,-6.133279,9.36466,0.452,0.20165148472407896,0.25034851527592106
290075,4.604315,47.08076,0.522,0.04772408643403099,0.47427591356596904
290076,-10.661235,61.746,0.72,-0.5015812850822675,1.2215812850822676
290077,-5.709006,44.05521,0.514,0.1292324815412478,0.38476751845875223
290079,-4.844487,49.92931,0.564,-0.17588967026226263,0.7398896702622626
290080,-4.264148,48.44003,0.55,-0.004017617353644039,0.5540176173536441
290081,-2.148086,43.19309,0.506,-0.008827065421551693,0.5148270654215517
290082,-0.554595,45.92157,0.524,0.032687840157476285,0.49131215984252374
290083,0.949446,48.59507,0.544,0.07586579613500061,0.46813420386499943
290084,1.342331,45.86356,0.521,-0.09565326624704115,0.6166532662470412
290085,2.592235,48.66407,0.541,0.08439174228604562,0.4566082577139544
290086,1.12977,47.97095,0.538,-0.07876083563163137,0.6167608356316314
290087,-0.322302,46.15861,0.526,-0.06750469383984933,0.5935046938398494
290088,5.689541,50.15335,0.544,0.11342095847437784,0.4305790415256222
290089,3.351367,44.98339,0.509,-0.051756422831359054,0.5607564228313591
290090,7.69146,48.28896,0.521,0.099634689174296,0.421365310825704
290091,4.996298,44.02221,0.499,-0.10272540590910746,0.6017254059091075
290092,5.015749,42.29291,0.488,-0.09791134025676335,0.5859113402567633
290093,8.834735,45.62944,0.496,0.13436853068850854,0.3616314693114915
290094,8.893082,43.84012,0.484,0.07998857854164668,0.40401142145835334
290095,13.098943,40.50543,0.449,0.06282118035994419,0.38617881964005585
290096,10.070242,40.11745,0.459,-0.15700045981648705,0.6160004598164871
290098,27.471572,48.03441,0.389,-0.032866192967040374,0.42186619296704037
290250,-8.162685,-5.80268,0.488,-0.39517344768859813,0.8831734476885982
290260,-4.67324,18.93759,0.44,0.04219023070762115,0.3978097692923789
290262,0.451254,23.73641,0.438,-0.019896878797954633,0.45789687879795465
290264,8.189389,27.29507,0.427,0.03974522577201427,0.3872547742279857
290265,1.593302,51.37862,0.569,0.028204631454342304,0.5407953685456577
290266,1.976111,51.91973,0.573,-0.07322095909386223,0.6462209590938621
290267,2.761658,51.36961,0.565,0.019347387983400646,0.5456526120165993
290268,1.81403,54.69033,0.604,-0.03925604851159708,0.643256048511597
290269,3.934916,51.60365,0.564,0.07456757624227169,0.4894324237577283
290270,3.992321,50.30439,0.551,-0.059875640422369265,0.6108756404223693
290271,3.816509,48.91912,0.539,0.04739254362300983,0.4916074563769902
290272,5.403686,51.8617,0.562,-0.014662461782136985,0.5766624617821371
290273,7.218485,47.16175,0.514,0.0753638245300191,0.4386361754699809
290274,4.72568,40.11754,0.476,-0.04841605248555663,0.5244160524855566
290275,11.597838,46.1535,0.488,0.09902043184920574,0.38897956815079426
290276,-31.736017,-9.11096,0.536,0.17741818086888014,0.35858181913111986
290405,-6.871599,-3.20874,0.479,0.10191580583151824,0.3770841941684817
290406,-5.867857,-3.72291,0.478,-0.07230556988991803,0.550305569889918
290409,-5.070884,-2.12738,0.473,-0.047669935270558704,0.5206699352705587
290410,-4.933839,-2.66055,0.474,-0.17357115717279084,0.6475711571727908
290412,-3.928196,-6.19474,0.478,0.14583112692166605,0.3321688730783339
290413,-6.157942,-4.05903,0.48,-0.06154116454361295,0.5415411645436129
290414,-11.318602,19.32661,0.438,0.029909451828199943,0.40809054817180007
290415,-7.884722,23.48836,0.44,0.014733531047969805,0.4252664689520302
290416,-4.620703,20.46686,0.44,0.024719300595415765,0.41528069940458423
290417,-0.90968,23.23932,0.439,-0.05640279906007489,0.4954027990600749
290418,1.668906,26.29783,0.439,-0.14095216534869784,0.5799521653486979
290419,1.653002,41.69184,0.492,0.12661966725567753,0.36538033274432247
290420,1.430617,46.93075,0.529,0.0006014166580366742,0.5283985833419633
290421,1.505517,45.62751,0.518,-0.11894958182377917,0.6369495818237791
290422,2.634085,48.58106,0.54,-0.15755800383619076,0.6975580038361908
290423,2.830095,47.26181,0.528,-0.11124385697269823,0.6392438569726983
290424,3.615132,44.55831,0.506,-0.07455501315736346,0.5805550131573635
290425,5.768589,47.60385,0.522,0.052905756666418856,0.4690942433335812
290426,5.317647,44.12822,0.498,-0.1533945316599456,0.6513945316599457
290427,4.188103,45.58149,0.512,0.04861868109928256,0.46338131890071743
290428,6.350854,41.04366,0.477,0.0025359683234534645,0.4744640316765465
290429,3.069849,46.15361,0.519,-0.036008568218064724,0.5550085682180648
290430,11.889566,45.03228,0.479,0.132424061824559,0.34657593817544097
290431,15.412228,48.36284,0.483,0.17247244881196255,0.31052755118803743
290432,12.418135,49.41712,0.508,-0.22103351862741188,0.729033518627412
290434,-32.685936,-10.1535,0.544,0.025772762986458725,0.5182272370135413
290564,-3.192369,-8.39456,0.48,-0.010378943419758625,0.49037894341975863
290566,-11.019054,47.74781,0.541,-0.16695470228592948,0.7079547022859295
290569,-11.038058,47.21872,0.536,-0.11529085597164435,0.6512908559716444
290570,-12.043558,42.29578,0.497,-0.1069725940119084,0.6039725940119084
290572,-9.841637,19.2326,0.439,0.06785552156680277,0.3711444784331972
290573,-8.840344,21.59903,0.439,-0.20477849419603314,0.6437784941960332
290574,-6.635078,26.68091,0.444,0.08160984957783642,0.3623901504221636
290575,-2.455055,43.78318,0.511,-0.05606959294243462,0.5670695929424346
290577,0.759828,44.34329,0.51,-0.07078391642499163,0.5807839164249916
290578,-2.746481,46.62069,0.533,-0.02758353873428002,0.56058353873428
290581,3.015929,48.318,0.536,-0.13267686202923382,0.6686768620292338
290582,7.865591,51.61963,0.549,0.14421224265910249,0.40478775734089756
290583,4.39279,45.57349,0.511,-0.13294407033210537,0.6439440703321053
290584,6.771351,49.68725,0.536,-0.020734900841874824,0.5567349008418748
290585,5.11829,45.20942,0.506,-0.09292844789630318,0.5989284478963032
290586,8.717124,48.546,0.519,0.12480065625676098,0.39419934374323906
290587,8.252416,46.83168,0.507,-0.07360061079100086,0.5806006107910009
290588,2.383898,49.41722,0.548,-0.17622883527899047,0.7242288352789905
290589,11.843853,41.72968,0.46,0.04210282111821377,0.41789717888178624
290590,15.46691,50.46026,0.498,0.07729146101503048,0.4207085389849695
290591,-34.25838,-10.15386,0.546,0.38509668963300625,0.1609033103669938
290592,34.038986,14.58454,0.31,-0.3708884827966496,0.6808884827966496
290726,-11.161888,-1.1202,0.481,0.48895563096860956,-0.007955630968609573
290727,-9.858667,10.34182,0.451,0.002209984134939764,0.44879001586506023
290728,-11.574139,47.57478,0.539,-0.1608276051100778,0.6998276051100778
290730,-12.701834,49.55515,0.556,-0.12222331309339494,0.678223313093395
290732,-10.017829,47.49079,0.54,-0.12518358223909587,0.6651835822390959
290733,-8.739199,43.93214,0.512,0.08667407937692498,0.42532592062307506
290734,-8.08978,22.34417,0.44,0.12607059651216546,0.31392940348783455
290735,-8.54088,23.18031,0.44,-0.037632795845931814,0.4776327958459318
290736,-3.586671,27.79905,0.445,-0.020787577660274868,0.4657875776602749
290737,-2.004431,42.36495,0.501,-0.10218303395966101,0.603183033959661
290738,-5.195946,44.86835,0.52,-0.20071059173701028,0.7207105917370102
290739,0.678177,48.04496,0.54,0.08316763513452484,0.4568323648654752
290740,-0.363939,47.57487,0.537,-0.0596674880717843,0.5966674880717844
290741,-1.981065,47.40584,0.538,-0.17707834939834766,0.7150783493983477
290742,0.78851,50.86251,0.565,-0.01800241006549775,0.5830024100654977
290743,-0.669606,49.7883,0.558,-0.12028105662560824,0.6782810566256083
290746,2.866853,56.68978,0.624,-0.17399954933156125,0.7979995493315613
290747,1.807771,54.04218,0.596,-0.20039989660566715,0.7963998966056671
290748,5.26941,50.57844,0.55,0.08694837587082523,0.46305162412917483
290749,4.706715,52.47283,0.57,-0.13085958946865206,0.700859589468652
290750,3.712051,54.20321,0.592,-0.19233157317610564,0.7843315731761056
290751,3.757911,51.3246,0.562,-0.13851368537990963,0.7005136853799097
290752,6.485739,56.54073,0.608,0.029099288640027664,0.5789007113599723
290753,6.67539,52.77088,0.566,0.00010256710938914646,0.5658974328906108
290754,7.107915,54.91634,0.587,-0.056240108370471754,0.6432401083704717
290755,8.963477,73.10277,0.864,-0.2938836529301303,1.1578836529301304
290756,11.583188,50.87342,0.524,0.12950305965061537,0.39449694034938465
290757,12.898905,48.06685,0.495,-0.07082469826471863,0.5658246982647186
290759,33.811953,17.90927,0.307,-0.27698977008376197,0.583989770083762
290870,-12.576141,13.45944,0.444,-0.17609170070850402,0.6200917007085041
290871,-12.457459,12.91232,0.446,-0.3153652270269811,0.7613652270269811
290872,-11.509153,6.6359,0.46,-0.016849041036927446,0.4768490410369275
290873,-9.766471,3.51816,0.467,0.0020832454999403552,0.46491675450005965
290874,-11.698309,48.38993,0.546,-0.032217459342601576,0.5782174593426016
290876,-14.098175,45.18528,0.514,-0.10485670883731583,0.6188567088373158
290881,-22.118684,70.01716,0.861,0.21210210926105416,0.6488978907389458
290882,-4.998646,2.64901,0.463,0.09703234175217205,0.36596765824782795
290883,-6.693138,4.98261,0.461,-0.07627438654905629,0.5372743865490563
290884,-6.945056,4.61251,0.462,-0.030631236092184627,0.4926312360921846
290885,-7.295646,4.43645,0.462,-0.10608328332043046,0.5680832833204305
290886,-7.275352,3.88631,0.464,0.020322353705918134,0.4436776462940819
290887,-5.851879,6.87208,0.456,-0.1318155087641459,0.5878155087641459
290888,-8.504546,8.8185,0.454,-0.1956267415104425,0.6496267415104425
290889,-8.870419,7.95229,0.456,-0.07610720930728629,0.5321072093072863
290890,-7.304576,6.94009,0.457,-0.044423746863368974,0.501423746863369
290891,-2.637321,10.37191,0.447,0.03360928251956008,0.41339071748043993
290892,-5.013677,11.63817,0.447,0.01928616723618662,0.42771383276381336
290893,-8.127922,3.88832,0.464,-0.06056050226940313,0.5245605022694031
290895,-1.158567,7.96238,0.448,0.04989934143951342,0.3981006585604866
290896,2.225875,11.2481,0.439,0.19092141229294862,0.24807858770705138
290898,9.011564,11.69812,0.423,0.04476527016775402,0.378234729832246
290899,11.833565,15.97295,0.412,0.056127758116404455,0.3558722418835955
290900,8.12431,45.95751,0.501,0.16790916906986011,0.3330908309301399
290901,1.360052,48.06697,0.538,-0.05670478868263789,0.5947047886826379
290902,8.549362,52.95889,0.559,0.12091189968230628,0.43808810031769374
290903,9.590432,51.5846,0.541,-0.13073188591886287,0.6717318859188629
290904,31.083002,55.50281,0.398,-0.25869109085659314,0.6566910908565932
290905,34.33211,58.76136,0.383,-0.09291560205820835,0.4759156020582084
291035,-21.569451,2.96155,0.47,0.049842669627350254,0.42015733037264974
291056,-21.452505,73.21841,0.941,-0.35715524799619847,1.2981552479961984
291058,-15.477111,77.37538,1.064,-0.7917392910151752,1.8557392910151753
291059,-3.429002,43.58415,0.51,0.08906965550927597,0.42093034449072403
291061,-1.246218,45.69553,0.524,-0.06986183196218243,0.5938618319621825
291063,-4.656471,73.04282,0.939,-0.5165275243366072,1.455527524336607
291064,-9.536074,67.28167,0.822,-0.39519371290122607,1.217193712901226
291065,-4.577858,42.23189,0.502,0.1746590122070185,0.3273409877929815
291066,2.412358,52.61187,0.579,0.16640483507990064,0.4125951649200993
291067,3.568508,48.34901,0.535,-0.11057087980569003,0.6455708798056901
291069,3.722364,49.29319,0.543,-0.04317182075276354,0.5861718207527635
291071,18.791946,11.24775,0.39,-0.30680566283675476,0.6968056628367547
291072,23.670485,42.90057,0.396,0.012982474091740952,0.38301752590825905
291073,28.998383,46.22996,0.367,-0.05944601415121629,0.4264460141512163
291074,34.879972,49.55926,0.321,-0.08387013001211886,0.40487013001211886
291636,10.828882,61.91007,0.654,-0.11041716414726786,0.7644171641472679
291637,-17.57806,72.34425,0.93,-0.34713787396123486,1.277137873961235
291638,-14.79386,75.64569,1.017,0.29632481026751195,0.7206751897324879
291639,-14.671749,70.02749,0.879,-0.23160291990223816,1.1106029199022383
291640,-13.948988,73.2077,0.955,-0.26286724197391065,1.2178672419739107
291641,-13.274402,67.47965,0.826,-0.2743871537827554,1.1003871537827554
291642,-13.160891,55.91348,0.63,-0.10718858696510879,0.7371885869651088
291644,-7.622375,46.51064,0.533,0.2981981304068585,0.23480186959314153
291645,-8.91329,52.88588,0.596,0.0003635927109356728,0.5956364072890643
291646,-10.296473,52.73483,0.593,-0.2829891616255596,0.8759891616255595
291647,-9.16583,28.86732,0.445,-0.04231286328137058,0.4873128632813706
291648,-8.85271,13.34347,0.446,-0.10126029572757907,0.5472602957275791
291649,-5.888155,10.14384,0.45,-0.0750383731947226,0.5250383731947226
291650,-6.889563,12.64337,0.447,0.049026192236380196,0.3979738077636198
291651,-7.257094,11.97122,0.448,-0.0747693739632373,0.5227693739632373
291652,-6.204843,11.26008,0.448,-0.08089617528887998,0.52889617528888
291653,-2.561967,4.92364,0.455,0.03597278130534173,0.4190272186946583
291654,-5.085305,12.69539,0.446,-0.1620476496022434,0.6080476496022434
291655,-4.577804,14.98585,0.443,-0.04764717462712539,0.49064717462712537
291657,-4.889371,8.36045,0.452,-0.09616886237293891,0.5481688623729389
291662,5.903104,48.60604,0.53,0.14568306491464614,0.3843169350853539
291663,11.394776,52.28871,0.538,0.0642201020847393,0.47377989791526076
291664,9.98137,55.58947,0.58,-0.09595905203892585,0.6759590520389258
291665,5.587591,51.58465,0.558,-0.10699803971922764,0.6649980397192277
291666,14.624808,58.69412,0.585,0.1153671342384666,0.46963286576153335
291667,12.68876,55.71145,0.565,-0.18893534854031885,0.7539353485403189
291668,30.85467,75.18044,0.636,-0.4584932939473161,1.0944932939473162
291669,37.714082,68.64468,0.429,-0.009629268458150543,0.43862926845815053
291828,13.477649,50.53633,0.511,0.1361820017213461,0.3748179982786539
291829,-16.449274,76.3059,1.034,-0.4555064425692767,1.4895064425692768
291831,-10.958842,58.93726,0.675,-0.04044516947122019,0.7154451694712203
291832,-10.247298,55.96655,0.634,-0.04983967031752255,0.6838396703175226
291833,-8.939012,58.84927,0.675,-0.0893912836414283,0.7643912836414284
291834,-7.501191,49.61322,0.561,0.057336004002734094,0.503663995997266
291835,-6.640078,46.25659,0.531,0.07627555699724191,0.4547244430027581
291836,-7.457208,31.06975,0.452,0.03650717836707474,0.4154928216329253
291837,-7.193279,24.78859,0.441,0.08782855743151512,0.3531714425684849
291838,-6.815066,15.22587,0.443,-0.17352397024396865,0.6165239702439687
291839,-6.145834,14.48174,0.444,-0.010346668721820435,0.45434666872182045
291840,-5.149816,13.61258,0.445,-0.14246569884932508,0.5874656988493251
291841,-3.772133,15.93804,0.442,-0.07232764819933866,0.5143276481993386
291842,-6.40338,17.19726,0.442,-0.0790324218115903,0.5210324218115903
291843,-5.597318,19.28464,0.44,-0.07574429119174445,0.5157442911917445
291844,-3.392317,5.1937,0.456,0.026688694562985327,0.4293113054370147
291845,2.895335,22.53022,0.434,-0.042769495763018014,0.476769495763018
291846,8.85804,20.44284,0.42,-0.02449432481070174,0.4444943248107017
291847,6.76142,52.89491,0.566,0.03290213693743045,0.5330978630625695
291848,8.069542,65.33307,0.724,-0.0013511801508186427,0.7253511801508186
291849,4.401129,60.76479,0.673,-0.2122063979531369,0.8852063979531369
291851,-0.679036,55.71156,0.623,-0.3095143930590074,0.9325143930590074
291852,8.520177,62.37918,0.675,0.14706760550332001,0.5279323944966801
291853,9.295542,65.81819,0.724,-0.10218519277836824,0.8261851927783682
291854,10.534684,61.62396,0.652,-0.14990807111840712,0.8019080711184071
291856,42.269765,44.28983,0.22,0.055706196517641145,0.16429380348235886
291857,44.856197,47.60223,0.192,-0.298023520476422,0.490023520476422
291987,-9.692223,44.23818,0.514,0.00491415436864546,0.5090858456313545
291988,-8.737737,45.74247,0.526,-0.002035297595334101,0.5280352975953341
291989,-39.824879,77.69255,0.941,-1.0923635076289981,2.033363507628998
291994,-28.912703,72.2316,0.881,-0.1427711866463122,1.0237711866463122
291995,-8.266774,61.89107,0.722,0.12761943533645692,0.594380564663543
291996,-8.790154,64.72388,0.772,-0.33799847406055594,1.109998474060556
291997,-7.576573,55.70152,0.631,0.07645081873713007,0.5545491812628699
291998,-6.958578,52.28277,0.59,-0.06836116352174237,0.6583611635217423
291999,-5.584288,49.12214,0.557,-0.2093868862143039,0.766386886214304
292000,-6.857259,48.455,0.55,-0.09120500009579932,0.6412050000957994
292001,-5.069104,45.01438,0.521,-0.1777584654096467,0.6987584654096467
292004,-3.453497,19.18063,0.44,-0.005556765984593465,0.4455567659845935
292005,-1.999361,21.51304,0.439,-0.10642618830026104,0.545426188300261
292006,5.988949,25.69878,0.43,-0.024941710731708873,0.45494171073170886
292007,1.851754,50.91152,0.563,-0.02708019397496348,0.5900801939749635
292008,4.107842,57.44996,0.63,0.2719956515211942,0.3580043484788058
292009,8.573337,54.22918,0.572,0.05884050769633321,0.5131594923036668
292010,12.426354,60.60565,0.625,-0.014942384058862057,0.6399423840588621
292011,6.574522,71.94735,0.858,-0.3929718739559862,1.250971873955986
292012,20.30539,63.94334,0.603,0.08787205716057386,0.5151279428394261
292013,25.693453,45.52099,0.392,-0.2184858703857659,0.6104858703857658
292014,30.196584,48.80241,0.367,-0.2358405103181105,0.6028405103181105
292016,31.956506,70.61968,0.547,-0.5026319323632785,1.0496319323632786
292017,10.072889,52.74582,0.55,-0.10410505021454707,0.6541050502145471
292018,12.167018,55.50341,0.566,-0.1960942881283513,0.7620942881283512
292019,50.227206,43.31885,0.119,-0.45967561491045117,0.5786756149104512
292150,-6.862919,40.80363,0.493,0.008662572807892913,0.4843374271921071
292151,-5.137029,42.40793,0.503,-0.10291875489177427,0.6059187548917743
292152,-8.323656,44.96434,0.52,-0.07820007238148612,0.5982000723814861
292153,-3.305139,48.23799,0.547,0.09740664702437889,0.44959335297562114
292154,-33.408865,71.04787,0.819,-0.4750283351782523,1.2940283351782522
292156,-7.023487,64.76492,0.771,0.12479155039374343,0.6462084496062566
292157,-6.564346,67.69185,0.827,-0.3172950066419469,1.1442950066419468
292158,-9.22871,61.62899,0.718,-0.17127330997578508,0.889273309975785
292159,-7.673023,58.42017,0.668,-0.053793173633748144,0.7217931736337482
292160,-6.008792,55.1194,0.623,-0.10142075354329812,0.7244207535432982
292161,-17.075492,55.52231,0.616,-0.1824085812788267,0.7984085812788266
292162,-7.26815,47.59583,0.543,0.07611633522193617,0.46688366477806387
292163,-7.354195,46.60965,0.534,-0.14588599128650345,0.6798859912865035
292164,-0.059086,44.20927,0.511,0.11361890163056916,0.39738109836943086
292165,-1.79376,52.22279,0.584,-0.08861189500651692,0.6726118950065169
292166,6.174551,49.87228,0.54,0.1076717011328073,0.4323282988671927
292167,7.904482,58.83126,0.63,-0.04459806164333716,0.6745980616433371
292168,12.408226,62.14606,0.646,-0.05402108577029038,0.7000210857702904
292169,9.22902,74.04012,0.882,-0.515737127182051,1.397737127182051
292170,12.253393,77.41046,0.93,-0.27348567251816064,1.2034856725181606
292171,25.766876,65.46754,0.562,-0.06087743402141434,0.6228774340214144
292172,31.799749,53.36428,0.376,-0.10736561704836844,0.48336561704836845
292173,35.223785,68.78982,0.471,-0.24539533173890238,0.7163953317389024
292174,41.420143,56.68833,0.271,-0.17013036798755407,0.4411303679875541
292175,48.224422,60.02727,0.179,-0.16855393329818952,0.3475539332981895
293415,-5.665458,6.0579,0.457,0.12886199328096476,0.32813800671903526
293416,-6.919994,5.47573,0.46,-0.097238973853564,0.557238973853564
293417,-17.500557,45.18516,0.504,0.049606323856801804,0.4543936761431982
293418,-7.188199,49.88228,0.564,0.3344376618938003,0.22956233810619964
293419,-7.868033,50.73644,0.573,-0.05069693135358831,0.6236969313535883
293420,-13.601737,46.51051,0.526,-0.19685289161340858,0.7228528916134086
293421,-7.163768,49.94329,0.565,0.058893309282244496,0.5061066907177555
293422,-5.271143,20.7499,0.44,0.0014619841422882128,0.4385380158577118
293423,-4.582737,26.29082,0.443,-0.043531782663270326,0.48653178266327035
293424,1.426345,43.62917,0.504,0.0658306062821227,0.43816939371787733
293425,-0.525641,47.1768,0.534,-0.01825623054229006,0.5522562305422901
293635,-10.322619,4.94355,0.464,-0.17050789135003167,0.6345078913500317
293636,-10.60929,53.13192,0.598,-0.07166469412214593,0.6696646941221459
293637,-7.951529,56.67375,0.644,0.10049142886860468,0.5435085711313954
293638,-8.359791,55.09838,0.623,-0.08289323013490656,0.7058932301349066
293640,-6.339538,49.87629,0.564,-0.05346122161893126,0.6174612216189312
293641,-4.213074,46.86473,0.536,-0.07502179901819889,0.611021799018199
293642,-1.741253,49.92933,0.561,0.12526392083611676,0.4357360791638833
293643,-1.184979,51.14457,0.572,-0.09698831943855321,0.6689883194385532
293644,-2.149926,46.6717,0.532,-0.09939369071333672,0.6313936907133367
293645,-3.492495,53.06697,0.596,-0.1036172162264281,0.699617216226428
293647,-2.095103,16.84321,0.44,-0.0686551318408537,0.5086551318408536
293648,3.355979,20.0698,0.432,0.04373633911049366,0.3882636608895063
293649,10.348193,17.69731,0.416,0.022956970856535412,0.39304302914346456
293650,17.430111,18.42628,0.392,-0.022410505121592712,0.4144105051215927
293651,20.911735,50.82217,0.462,0.06807824788101317,0.39392175211898683
293652,24.304292,63.37201,0.552,-0.09698452688897409,0.6489845268889741
293653,4.863644,50.70246,0.552,-0.02447604431238167,0.5764760443123818
293655,8.24491,48.96407,0.524,-0.039701540216794916,0.563701540216795
293657,1.760305,55.50351,0.614,-0.09241384879991148,0.7064138487999114
293658,47.65235,72.10745,0.279,-0.03340320544067325,0.3124032054406733
293659,57.107214,54.33498,0.006,-0.12588436825049118,0.13188436825049119
293661,62.676555,66.62759,-0.094,0.03572545078238394,-0.12972545078238396
293791,-5.259532,27.16499,0.444,-0.08713878674553847,0.5311387867455385
293792,-5.508782,28.34919,0.446,0.059820622690113304,0.3861793773098867
293793,-10.375211,24.15447,0.439,0.11733332714355563,0.32166667285644435
293794,-10.875325,60.84076,0.705,0.06979398631401895,0.635206013685981
293795,-9.55859,58.65021,0.672,-0.09558914698667628,0.7675891469866764
293797,-5.427395,54.19221,0.611,0.056671538942249154,0.5543284610577508
293800,-1.529318,57.64902,0.65,0.07067384734210436,0.5793261526578957
293801,-2.459681,54.01718,0.606,-0.021222289346781397,0.6272222893467814
293802,-5.045593,53.06695,0.598,-0.25640056707093833,0.8544005670709383
293803,0.429585,49.63027,0.554,0.19031652200440333,0.36368347799559675
293804,-0.405958,51.88572,0.578,-0.0634153529589402,0.6414153529589401
293806,16.508182,57.65883,0.559,0.17513444116512594,0.3838655588348741
293807,20.979754,15.83964,0.378,-0.09313839655156939,0.4711383965515694
293808,25.76366,19.02003,0.353,-0.021822702659902334,0.3748227026599023
293809,29.983665,51.644,0.385,-0.05140707423530419,0.4364070742353042
293810,33.293659,61.00192,0.416,-0.04351279578162641,0.4595127957816264
293811,36.628441,69.87604,0.462,-0.16830520914549765,0.6303052091454977
294747,-5.779952,8.03435,0.454,0.12327599961839118,0.3307240003816088
294748,-7.948151,10.19982,0.451,-0.05874435419230642,0.5097443541923065
294749,-8.829646,9.89973,0.452,-0.206108909327535,0.658108909327535
294750,-11.522873,63.02835,0.742,-0.26039216119432057,1.0023921611943205
294751,-5.111175,67.15769,0.814,0.09458097463919611,0.7194190253608038
294752,-6.018378,65.10503,0.776,-0.08999530347410781,0.8659953034741078
294754,-1.672198,53.97417,0.604,0.11399721780581047,0.4900027821941895
294755,-2.803956,58.09713,0.658,-0.08397728095448995,0.74197728095449
294756,-2.143936,57.32794,0.647,-0.12033292581744455,0.7673329258174446
294757,-0.106674,59.72954,0.675,-0.02426975961635112,0.6992697596163512
294758,4.313533,56.34969,0.615,0.24028940043322078,0.3747105995667792
294759,5.0861,55.16541,0.598,-0.08724654782733297,0.685246547827333
294760,6.211791,51.21555,0.552,-0.1463081038991747,0.6983081038991747
294761,5.228546,46.85772,0.518,-0.1675898628907186,0.6855898628907187
294762,10.483698,52.27172,0.543,0.10816615458886406,0.434833845411136
294763,10.348565,54.03811,0.561,-0.09561801710366485,0.6566180171036649
294764,7.49369,54.55626,0.581,-0.0682755505573744,0.6492755505573744
294765,8.721497,52.73584,0.556,-0.09904088107313952,0.6550408810731396
294766,13.472519,58.01697,0.586,-0.015231862533910939,0.6012318625339109
294767,12.420458,59.6474,0.613,-0.1039746192875026,0.7169746192875026
294768,7.662152,64.92195,0.72,-0.3648408123884099,1.08484081238841
294769,15.352068,62.41407,0.627,0.07552735046799798,0.551472649532002
294770,66.040795,75.414,-0.148,-0.04566412012842007,-0.10233587987157992
294900,-3.97643,11.14707,0.447,0.3329062878102554,0.11409371218974462
294901,-4.803706,10.62795,0.448,-0.06478609598834262,0.5127860959883426
294902,-4.924902,13.28551,0.445,-0.02764578562961961,0.4726457856296196
294903,-13.818223,20.79584,0.434,0.06656768813533144,0.36743231186466857
294904,-6.873752,45.53446,0.525,-0.004292556182225138,0.5292925561822251
294905,-5.98064,49.95531,0.565,-0.15438172775441003,0.71938172775441
294906,-3.144808,52.88593,0.594,0.033109356178077164,0.5608906438219228
294908,-3.595985,48.96013,0.554,-0.06631021261297593,0.620310212612976
294909,-3.522225,48.22499,0.547,-0.132784540080299,0.6797845400802991
294910,2.086248,52.84992,0.582,0.10553135695034369,0.4764686430496563
294911,0.272416,49.82631,0.556,-0.04767297980196453,0.6036729798019645
294912,1.218459,52.42284,0.58,-0.08590208206782024,0.6659020820678202
294913,0.599517,53.78613,0.597,-0.1407493647878603,0.7377493647878602
294914,5.924532,57.05585,0.617,0.0949333792226904,0.5220666207773096
294915,2.832029,56.70379,0.625,-0.35185181685466527,0.9768518168546653
294916,4.230603,51.67267,0.564,-0.09553245917339562,0.6595324591733955
294917,2.566501,49.56025,0.549,-0.13583155038244965,0.6848315503824497
294918,7.885315,52.89489,0.562,0.10352438626722714,0.4584756137327729
294919,6.27838,49.76826,0.539,0.049763641221654144,0.48923635877834587
294920,7.103008,55.03736,0.588,-0.0802402143590858,0.6682402143590858
294921,14.91087,58.11697,0.577,0.11886265372706348,0.45813734627293645
294922,9.806951,55.7695,0.583,-0.11068624803344403,0.693686248033444
294925,15.512005,62.41409,0.626,-0.32148777399691064,0.9474877739969106
294926,10.471889,61.93505,0.657,-0.2221143085645672,0.8791143085645672
295311,43.061354,22.19116,0.232,-0.26242601549503747,0.4944260154950375
295312,5.256855,61.35495,0.678,0.026525043880748094,0.651474956119252
295314,58.590243,13.179,0.13,0.08138283578172367,0.04861716421827633
295315,66.634544,28.44423,-0.041,-0.018594524361110136,-0.022405475638889866
295316,7.794496,61.93508,0.673,-0.07321593019950286,0.7462159301995029
295317,14.55796,65.02885,0.672,0.05736399607531282,0.6146360039246872
295450,-12.561001,-4.98059,0.494,0.1494311866531941,0.3445688133468059
295451,-7.522753,6.83004,0.457,0.08629399362667399,0.370706006373326
295452,-9.682831,48.12391,0.546,-0.042193522706875444,0.5881935227068755
295454,-6.029163,8.42044,0.453,-0.1634705176479573,0.6164705176479574
295456,-5.941555,7.70828,0.454,-0.0063970210620390685,0.46039702106203906
295458,-2.515578,49.12217,0.554,0.14434110969308162,0.40965889030691843
295459,-1.073528,46.82773,0.532,0.10466710875628267,0.42733289124371737
295460,-1.569439,51.64467,0.578,-0.061539959370587115,0.639539959370587
295461,1.953439,54.33825,0.599,0.013621484624343375,0.5853785153756565
295462,3.488956,53.36503,0.584,-0.06356091982048051,0.6475609198204805
295463,3.814626,55.52251,0.607,-0.04216039202269591,0.6491603920226959
295464,2.615865,50.91152,0.561,-0.0953079270554044,0.6563079270554044
295465,7.960451,54.22918,0.575,0.11903551067419292,0.455964489325807
295466,3.740064,54.65331,0.597,-0.21890939080638402,0.815909390806384
295467,3.770246,56.96485,0.625,-0.06873459296938383,0.6937345929693839
295468,5.996616,51.58664,0.557,-0.010625275912099394,0.5676252759120994
295469,4.064961,61.35497,0.684,-0.15427488670532216,0.8382748867053222
295470,11.160232,64.74283,0.694,0.09660781283516154,0.5973921871648384
295471,9.559787,58.08006,0.611,-0.17204890935576864,0.7830489093557687
295472,8.810438,62.87633,0.681,-0.13940050913011306,0.8204005091301131
295473,2.143127,65.02903,0.751,-0.31597315001508647,1.0669731500150865
295474,12.55105,58.30506,0.595,0.18428663752229615,0.41071336247770385
295475,9.597733,61.70999,0.659,-0.17050025971448401,0.829500259714484
295476,12.440675,68.45198,0.745,-0.32254114519156524,1.0675411451915653
295477,-54.251148,16.45394,0.24,-0.04461323327458552,0.28461323327458554
295609,-6.322774,-3.46983,0.479,-0.27883129541360396,0.757831295413604
295610,-3.50327,49.46823,0.559,0.15663903065497017,0.40236096934502985
295612,-0.39772,52.7349,0.587,-0.057950528590348556,0.6449505285903485
295613,1.432333,56.08265,0.622,0.018849193891352926,0.603150806108647
295614,3.244769,58.78329,0.65,-0.11083747123046378,0.7608374712304637
295615,3.303458,61.30995,0.686,0.0555037606285129,0.6304962393714871
295616,2.71258,57.49698,0.635,-0.06752224967302137,0.7025222496730213
295617,1.846353,59.5675,0.666,-0.160859299409849,0.826859299409849
295618,6.806764,62.96838,0.694,0.13867520433047711,0.5553247956695229
295619,4.720164,60.60575,0.67,-0.16124202394120574,0.8312420239412057
295620,6.912912,57.55096,0.619,-0.02180637378513372,0.6408063737851337
295621,7.198565,59.78752,0.646,-0.0664240286860666,0.7124240286860666
295622,7.770641,61.60498,0.669,-0.07343893958992194,0.742438939589922
295623,8.207133,67.92888,0.768,-0.0771423110318588,0.8451423110318588
295624,8.179966,71.82526,0.843,-0.13739848961799156,0.9803984896179916
295625,8.220039,65.78119,0.731,-0.18712700730666096,0.918127007306661
295626,2.04782,68.45213,0.814,-0.39266154377415013,1.2066615437741501
295627,14.217945,69.2642,0.744,0.13684857760785077,0.6071514223921493
295628,10.065004,71.91326,0.83,-0.40412299882778285,1.2341229988277829
295629,-55.568111,22.16024,0.188,-0.007500583484609748,0.19550058348460975
295630,-42.990839,-8.72148,0.534,-0.09096326758610698,0.624963267586107
295759,-7.100333,18.80454,0.441,0.16304164736854695,0.2779583526314531
295760,-5.924086,15.66597,0.443,0.34116031532660107,0.10183968467339893
295761,-5.306394,48.07295,0.547,0.07017256496336263,0.4768274350366374
295762,-5.795524,46.81071,0.536,0.028635883633658793,0.5073641163663413
295763,-3.900952,50.99353,0.574,-0.06980977457514422,0.6438097745751442
295764,-4.01923,50.97853,0.574,-0.04179648250584674,0.6157964825058467
295766,-0.942422,53.59009,0.598,0.07533787843465697,0.522662121565343
295767,2.280929,50.39642,0.557,-0.05542138180101254,0.6124213818010126
295768,1.763504,52.2498,0.577,0.04972168483446367,0.5272783151655362
295769,2.948379,54.74033,0.601,-0.10167598113964962,0.7026759811396496
295770,4.270025,57.94608,0.635,-0.0038139389927793724,0.6388139389927794
295771,4.300358,59.81855,0.66,-0.07779152747020512,0.7377915274702052
295772,5.37195,53.80411,0.582,0.00019452355718039543,0.5818054764428195
295773,4.468127,54.90036,0.597,-0.06782168340384002,0.66482168340384
295774,4.079195,52.92893,0.577,-0.06272308317202313,0.6397230831720231
295775,6.708433,56.4667,0.606,-0.048308812057372495,0.6543088120573725
295776,10.202063,61.25686,0.649,0.046845838422302555,0.6021541615776975
295777,7.310847,65.07599,0.725,-0.18728301484883653,0.9122830148488366
295778,10.600962,55.3834,0.574,0.04913643597023921,0.5248635640297608
295779,12.509072,58.28005,0.595,-0.12365475902213181,0.7186547590221318
295780,11.392887,59.62241,0.619,-0.15924569923572043,0.7782456992357204
295781,16.56376,62.95418,0.624,-0.033257514818669454,0.6572575148186695
295782,14.373466,62.072,0.63,-0.17186654942124455,0.8018665494212446
295783,-43.8023,-8.72172,0.533,-0.09901124527767288,0.6320112452776729
295916,-8.22815,3.42419,0.466,-0.004037055733975325,0.47003705573397536
295917,-8.698576,5.73176,0.461,-0.12460660427149135,0.5856066042714914
295918,-10.834353,8.07128,0.456,-0.016355687331553726,0.47235568733155375
295919,-3.433489,54.73834,0.616,0.03401177868960964,0.5819882213103904
295920,-3.124031,56.64978,0.639,0.11507238685608628,0.5239276131439137
295921,-2.090379,16.36613,0.44,0.0298974130633192,0.4101025869366808
295925,12.532679,19.5296,0.409,0.0024673515501695137,0.40653264844983045
295926,17.65816,22.67608,0.391,-0.24737518801501085,0.6383751880150108
295927,20.488668,31.53963,0.385,0.20830904861544264,0.17669095138455737
295928,-4.118661,58.13013,0.661,-0.053187513032039294,0.7141875130320393
295934,52.874251,67.38631,0.13,0.08636048329381905,0.04363951670618095
295935,5.82877,61.581,0.679,-0.14814478335295833,0.8271447833529584
295936,13.292074,68.51496,0.739,0.006502928164859956,0.73249707183514
295938,10.204609,65.57008,0.714,-0.1403735107478692,0.8543735107478692
296070,-12.51293,-8.45982,0.505,-0.07030711358314297,0.575307113583143
296071,-4.807175,9.58072,0.45,0.018857370816207888,0.43114262918379215
296072,-8.001546,51.10652,0.577,-0.16923013022447977,0.7462301302244797
296073,-6.820445,48.70506,0.553,-0.012504087058887621,0.5655040870588877
296074,-8.798212,56.64973,0.643,-0.042978238406341365,0.6859782384063414
296075,-3.45078,52.40183,0.589,0.13189338292920091,0.457106617070799
296077,-3.525213,49.95933,0.563,-0.18640234837069738,0.7494023483706973
296078,-1.904549,52.68789,0.59,0.025471398296233766,0.5645286017037662
296079,-0.540678,55.0104,0.614,0.1399466786394984,0.4740533213605016
296080,-1.681642,54.37926,0.608,-0.01577952028016825,0.6237795202801683
296081,3.595417,57.72903,0.635,0.2825943879977096,0.3524056120022904
296082,2.26333,56.42873,0.623,-0.3214817032858238,0.9444817032858238
296083,1.480064,55.0024,0.608,-0.2221385679103711,0.8301385679103711
296084,4.180601,58.17814,0.639,-0.1432330421568778,0.7822330421568778
296085,3.55054,62.61331,0.705,-0.07453685034170651,0.7795368503417065
296086,6.670596,56.0406,0.601,-0.067561817755916,0.6685618177559159
296087,5.53175,54.23121,0.586,-0.30282426759605996,0.8888242675960599
296088,9.21687,57.85801,0.61,0.08119355897717682,0.5288064410228231
296089,9.295512,61.92805,0.664,-0.17657593354172807,0.8405759335417281
296091,14.203223,59.0392,0.593,-0.13596698471201552,0.7289669847120155
296092,7.568019,65.57015,0.732,-0.1172041539013019,0.8492041539013019
296093,16.418367,59.45027,0.581,-0.03725579687892813,0.6182557968789281
296223,-3.210964,12.63038,0.444,0.03587026851640864,0.4081297314835914
296224,-3.237539,9.21466,0.449,-0.027762712232511238,0.47676271223251127
296225,-7.267173,11.17605,0.449,-0.03892226688807546,0.4879222668880755
296226,-9.361626,13.89258,0.445,-0.06745608874022883,0.5124560887402289
296227,-7.705712,7.62724,0.456,-0.06560854613670253,0.5216085461367026
296228,-9.310961,-4.89338,0.488,-0.04612244179572775,0.5341224417957278
296229,1.66239,16.45415,0.435,0.02383676225527172,0.4111632377447283
296230,-2.455203,58.82831,0.668,0.17629653499727313,0.4917034650027269
296231,-0.636281,62.19921,0.714,-0.0017555001485104623,0.7157555001485104
296232,-0.324773,60.7098,0.69,0.0185980682553769,0.671401931744623
296233,0.987494,64.70293,0.75,-0.057382501921451556,0.8073825019214516
296234,4.942698,68.05497,0.791,0.08858324555105482,0.7024167544489452
296235,3.592816,66.49947,0.77,0.00044213877131004823,0.76955786122869
296236,0.324832,61.92813,0.707,-0.3185252906135593,1.0255252906135592
296237,5.994513,67.63681,0.777,0.14228915590827065,0.6347108440917294
296239,9.428137,65.22599,0.714,-0.12818677328698824,0.8421867732869882
296377,-10.301466,-6.16185,0.493,-0.11734350321348283,0.6103435032134829
296378,-10.457187,-3.84005,0.487,-0.15923714080971133,0.6462371408097113
296379,-4.754892,-6.52988,0.481,0.08212016177979689,0.3988798382202031
296380,-0.207639,49.46824,0.554,0.1456919443984743,0.4083080556015257
296382,1.318502,51.72969,0.573,-0.013065919447777163,0.5860659194477771
296383,-0.524482,53.78013,0.599,0.034748702728020324,0.5642512972719796
296384,0.59815,52.76891,0.585,-0.047987319180124936,0.6329873191801249
296628,68.54198,73.14189,-0.227,0.20890872228943047,-0.43590872228943045
296629,17.169864,59.45026,0.575,-0.15298101822488192,0.7279810182248818
296630,17.566216,65.63691,0.654,-0.22814531262462487,0.8821453126246249
296631,19.454899,68.92791,0.686,-0.23914956183320102,0.9251495618332011
296632,-49.493361,19.03551,0.264,-0.16918304267693846,0.43318304267693847
296738,7.878495,70.47278,0.819,0.11186211189716007,0.7071378881028398
296739,-2.333617,60.90185,0.698,-0.21547930348080807,0.913479303480808
296741,21.437287,76.39756,0.799,-0.1683121424284387,0.9673121424284388
296742,33.471163,73.44349,0.565,-0.16654317799912896,0.7315431779991289
296743,1.337935,55.60754,0.616,0.02372824812745519,0.5922717518725448
296744,4.754676,58.76227,0.644,0.06089685546501777,0.5831031445349822
296745,4.844367,57.46095,0.627,-0.07707428018136647,0.7040742801813664
296746,1.315482,65.22609,0.758,-0.3144775945704535,1.0724775945704534
296747,8.738869,61.51095,0.662,0.14325092300690162,0.5187490769930985
296748,5.940762,61.61001,0.678,-0.09175005998559789,0.769750059985598
296749,11.615503,69.17922,0.765,0.04923370273459481,0.7157662972654052
296750,4.281141,68.92829,0.812,-0.26641008687462087,1.078410086874621
296751,15.750367,62.78914,0.629,0.07056580497745482,0.5584341950225452
296752,17.432073,72.2281,0.766,-0.5850899924993017,1.3510899924993018
296754,-37.22088,-8.72073,0.535,-0.2688987339179538,0.8038987339179539
296940,-7.203938,70.52083,0.887,0.07480590556158391,0.8121940944384161
296941,30.095706,45.84485,0.355,-0.009424955746965981,0.364424955746966
296947,54.29202,47.2069,0.057,-0.02531530041961308,0.08231530041961307
296949,69.22076,45.05131,-0.186,-0.18036387627765296,-0.005636123722347036
296961,7.420405,55.50347,0.592,0.147091854165613,0.444908145834387
296962,7.442459,58.35114,0.626,-0.08457306935394475,0.7105730693539447
296963,10.532202,62.15909,0.66,-0.07345055774088505,0.7334505577408851
296964,9.443507,62.94533,0.678,-0.08195966338461333,0.7599596633846134
296965,10.74792,65.59908,0.71,-0.1753686435596724,0.8853686435596724
296966,13.001949,62.15705,0.642,-0.1715914428927536,0.8135914428927536
296967,16.373527,68.57488,0.712,-0.11232646871803839,0.8243264687180384
296968,15.919864,71.20881,0.763,-0.4397804255925117,1.2027804255925116
296969,25.72269,75.01776,0.713,-0.3539269093356857,1.0669269093356857
296970,-36.863934,-8.72068,0.535,-0.15896585654607007,0.6939658565460701
297106,-0.485332,22.77325,0.438,-0.0008188119293316292,0.43881881192933164
297107,11.772753,26.29786,0.415,-0.14955139459765193,0.5645513945976519
297108,18.289422,29.28126,0.393,0.03576364091265465,0.35723635908734536
297109,23.944542,26.29053,0.361,-0.06780491888015655,0.42880491888015654
297110,29.493931,29.32582,0.328,-0.06060232795188874,0.38860232795188876
297111,34.925497,26.45491,0.29,-0.12145288103070163,0.4114528810307016
297112,38.977304,32.18769,0.252,-0.051732363160728954,0.30373236316072894
297113,45.619844,24.35735,0.206,-0.09158535238982815,0.29758535238982814
297115,55.957331,32.07436,0.074,-0.14478625934307757,0.21878625934307755
297123,5.032995,65.78024,0.75,0.12620820370657262,0.6237917962934274
297125,-0.51787,75.01866,0.969,-0.46764244302637864,1.4366424430263787
297126,12.375486,72.05123,0.813,-0.004049072051468559,0.8170490720514685
297127,23.91783,69.20577,0.638,-0.19160718557015904,0.829607185570159
297128,29.371111,75.45854,0.665,-0.3246166114478013,0.9896166114478013
297130,-46.267771,19.03605,0.29,-0.0588938680592016,0.3488938680592016
297266,6.264002,20.17581,0.426,-0.061873199319110804,0.4878731993191108
297267,16.068331,23.49928,0.397,-0.030489151790517328,0.42748915179051733
297268,22.551587,20.74952,0.369,-0.07857747213292555,0.44757747213292554
297269,31.686793,21.15203,0.317,-0.052724561740961615,0.36972456174096163
297270,38.34877,18.38682,0.276,0.07601940541521186,0.19998059458478817
297271,44.123483,24.8336,0.217,0.03024983227175492,0.18675016772824507
297272,49.313989,21.60509,0.18,-0.030113975345623753,0.21011397534562376
297273,58.268347,30.06252,0.054,-0.057188233720513224,0.11118823372051323
297274,63.185071,21.21421,0.045,-0.2699720328368713,0.3149720328368713
297275,74.12948,43.76598,-0.268,0.7613729864663477,-1.0293729864663477
297282,13.568063,72.20326,0.805,-0.17074549145778486,0.9757454914577849
297284,28.369359,68.02308,0.563,-0.1713159022226976,0.7343159022226975
297288,-47.28687,15.90008,0.301,0.0487960931436882,0.2522039068563118
297289,-45.329521,24.7756,0.274,-0.1240111105559057,0.3980111105559057
297423,0.941376,17.04226,0.436,-0.08448032134695052,0.5204803213469505
297427,19.114299,13.94726,0.387,-0.13498173630755353,0.5219817363075535
297431,36.994503,20.1614,0.282,-0.15355155265369688,0.4355515526536968
297433,50.834388,14.27978,0.191,0.11356458565916146,0.07743541434083855
297445,-67.048137,24.77145,0.03,-0.03943152151629284,0.06943152151629284
297446,-63.957861,21.59041,0.096,-0.12531810954317674,0.22131810954317674
297450,-47.558778,12.78623,0.321,-0.031299794088256075,0.35229979408825607
297579,-0.453053,18.02343,0.438,-0.09933813006615087,0.5373381300661508
297580,-4.26846,17.39431,0.441,0.018006173274039663,0.42299382672596036
297589,34.141001,11.8797,0.313,-0.054456840920285285,0.3674568409202853
297590,42.850715,14.95237,0.251,-0.0004006134355363216,0.2514006134355363
297606,-61.254536,18.43937,0.155,-0.1905186909251778,0.34551869092517784
297608,-53.637699,9.6955,0.306,-0.11211422330470588,0.4181142233047059
297609,-49.350552,24.263,0.239,-0.20618110827348735,0.44518110827348734
297739,-1.733325,17.69437,0.439,0.007201293003447978,0.43179870699655204
297748,23.994936,14.60316,0.365,-0.11605353120771825,0.4810535312077182
297771,-62.992085,17.88071,0.14,-0.17106775906042423,0.3110677590604243
297773,-53.627002,12.21433,0.282,-0.09172923689916485,0.3737292368991648
298086,3.717155,17.69437,0.432,-0.010591819182165452,0.44259181918216545
298087,-4.04925,22.77324,0.44,-0.01584791059756652,0.4558479105975665
298088,11.867411,-5.7789,0.427,-0.05593584458447046,0.4829358445844705
298699,25.56969,24.04017,0.352,0.009244885642759524,0.34275511435724043
298704,1.73196,58.4202,0.651,0.06059810649988657,0.5904018935001134
298705,5.680005,55.72654,0.602,0.030736172306199808,0.5712638276938001
298706,3.96847,58.8313,0.648,-0.0792163339275533,0.7272163339275534
298707,4.916277,61.36695,0.68,-0.13087694560989468,0.8108769456098948
298708,5.487442,57.44995,0.624,-0.019959122062007777,0.6439591220620078
298709,3.401652,59.91658,0.665,-0.17971938009019456,0.8447193800901946
298710,8.631965,63.22943,0.688,0.07446734682616082,0.6135326531738391
298711,5.374811,64.46483,0.726,-0.1586426431098605,0.8846426431098605
298712,13.081001,70.76475,0.782,0.010289787764771062,0.771710212235229
298713,18.134049,75.18123,0.816,-0.3099110087414552,1.1259110087414552
299228,13.606866,-8.84609,0.419,0.04563935814785267,0.3733606418521473
299232,0.888129,62.36325,0.712,-0.07164425826449607,0.783644258264496
299233,-0.907511,61.24594,0.7,0.007872543946676101,0.6921274560533238
299236,1.359179,67.38677,0.797,0.07521033411943147,0.7217896658805686
299237,2.562543,70.48384,0.852,-0.06718138628464901,0.919181386284649
299253,20.045001,74.03968,0.77,-0.06147939791912789,0.831479397919128
299270,-34.560287,24.74264,0.353,-0.04901831575797865,0.40201831575797864
299406,4.896834,54.11018,0.587,0.21144358674811242,0.37555641325188754
299407,1.071908,61.24594,0.694,0.0016175992539997164,0.6923824007460002
299408,1.241209,64.04773,0.738,-0.06168476766455769,0.7996847676645576
299409,0.671755,74.04024,0.94,-0.22035315637669683,1.1603531563766967
299410,5.679668,65.51115,0.742,0.17985015696617196,0.5621498430338281
299411,11.031613,68.81911,0.764,0.07701220919082984,0.6869877908091702
299412,16.691619,77.41023,0.88,-0.30406580657263893,1.1840658065726388
299421,-4.558778,-12.10612,0.49,-0.046861039282552266,0.5368610392825522
299422,-0.434984,-9.88015,0.473,-0.02634073618931849,0.49934073618931846
299424,4.526862,-11.47787,0.456,0.037039685006756154,0.4189603149932439
299549,14.242005,-8.84612,0.417,-0.02748510532759404,0.444485105327594
299551,0.615189,59.04337,0.663,0.04628839119428944,0.6167116088057106
299552,2.43484,65.5942,0.759,-0.0008688016326532064,0.7598688016326532
299553,2.229518,70.72593,0.859,-0.06723619369428419,0.9262361936942842
299555,17.82217,75.42031,0.824,-0.08599184958711713,0.9099918495871171
299566,-6.38462,-11.47788,0.495,-0.05062759582514071,0.5456275958251408
299567,1.212626,15.21191,0.437,0.033243449396695414,0.40375655060330456
299568,4.369543,18.08144,0.43,-0.00424289063925973,0.43424289063925975
299569,-27.436101,-7.19561,0.521,0.26232810919454086,0.25867189080545916
299570,-26.766646,-10.1868,0.538,-0.07396708590687615,0.6119670859068762
299705,4.341796,68.91327,0.811,0.22642357710103214,0.5845764228989679
299707,10.984443,72.23233,0.829,-0.017919024999232844,0.8469190249992328
299709,25.893503,66.77486,0.578,-0.07151524314648029,0.6495152431464802
299723,-3.088766,15.01987,0.442,-0.05449236732378831,0.4964923673237883
299724,2.952153,21.09998,0.433,0.03158115146017031,0.4014188485398297
299862,-1.143563,68.9133,0.837,-0.10947344813984579,0.9464734481398458
299863,13.000517,52.02661,0.527,0.07460225412040725,0.4523977458795928
299864,16.268263,77.69438,0.892,-0.5195108039289822,1.4115108039289823
299882,0.744082,19.01961,0.436,0.03789268981304283,0.39810731018695716
299883,-29.920474,-10.63441,0.545,0.04481036739547124,0.5001896326045288
300017,13.414552,55.70142,0.56,-0.04739447995473404,0.6073944799547341
300019,18.675231,70.01726,0.712,-0.2519035081723861,0.9639035081723861
300037,-6.114928,22.20315,0.44,0.06315508905553444,0.3768449109444656
300039,3.378027,-13.56679,0.46,-0.08646564678497481,0.5464656467849749
300040,-35.483257,-11.75072,0.559,0.10658970400822958,0.45241029599177046
300794,5.958511,65.35309,0.737,0.15955222121812226,0.5774477787818777
300796,8.84927,65.79018,0.727,-0.2398981458054082,0.9668981458054082
300798,12.08688,71.75412,0.81,-0.18836197473370883,0.9983619747337089
300800,-3.721994,-11.11668,0.485,-0.03668225303719138,0.5216822530371914
300801,0.069269,-8.99179,0.47,-0.0027072151168672613,0.47270721511686725
300803,8.719279,-12.18536,0.439,0.0005868955308464713,0.43841310446915355
300804,13.009017,-12.83084,0.419,0.012387860331262041,0.40661213966873794
300805,-58.51178,14.79566,0.216,0.08022353994832626,0.13577646005167374
300960,-6.355378,-12.83049,0.497,-0.06121913450200602,0.558219134502006
300961,0.007123,13.59359,0.44,0.03232595297030188,0.4076740470296981
300962,3.679106,16.47114,0.432,0.01664478239998635,0.41535521760001365
300963,7.476611,20.05178,0.424,0.034985648724941545,0.38901435127505846
300964,9.17094,-13.56696,0.436,0.07003317006405799,0.365966829935942
300965,-57.272874,14.7958,0.228,-0.017644382926106743,0.24564438292610674
301226,45.608201,18.43311,0.221,-0.018633384093766994,0.239633384093767
301240,-40.225042,-12.39042,0.568,-0.23350388041689266,0.8015038804168926
301241,10.190045,-13.56702,0.431,-0.07470973988087795,0.505709739880878
301242,-27.793807,-14.91512,0.567,0.007292033918447853,0.559707966081552
302350,25.473316,68.83955,0.613,-0.14860993087647942,0.7616099308764794
302352,0.066304,-9.78211,0.471,-0.045497588969630895,0.5164975889696308
302355,13.177424,-10.6019,0.42,-0.05074739438028301,0.470747394380283
302358,21.001252,18.51819,0.376,-0.026482434644249053,0.40248243464424904
303078,20.00618,62.47995,0.586,0.0384936446986649,0.5475063553013351
303079,15.961377,72.15114,0.78,-0.5598299346820551,1.3398299346820552
303086,13.997346,14.26252,0.406,-0.08576483634679345,0.49176483634679347
303089,22.418337,18.51807,0.37,-0.12651792211799712,0.4965179221179971
303090,29.805413,21.91741,0.328,-0.014048655978213937,0.34204865597821393
303223,56.036173,31.09444,0.076,-0.13244439452391724,0.20844439452391722
303225,3.295568,54.36425,0.595,0.21951377832241523,0.3754862216775847
303226,3.156674,56.95985,0.627,-0.11897289531144856,0.7459728953114486
303227,4.16563,60.34969,0.669,-0.03469478575684751,0.7036947857568475
303228,9.487438,63.62153,0.688,0.07373289536245077,0.6142671046375492
303229,8.975892,68.22496,0.768,-0.2219377954059755,0.9899377954059755
303230,9.773786,71.69518,0.828,-0.14028438881350444,0.9682843888135044
303231,7.753271,65.37408,0.727,-0.0009440634831903816,0.7279440634831904
303232,6.870772,72.15142,0.86,-0.27323049861011245,1.1332304986101125
303233,19.502212,68.62778,0.68,0.007311912985304395,0.6726880870146956
303234,16.171781,75.48243,0.845,-0.5175708357918523,1.3625708357918522
303239,-0.02204,18.02744,0.437,0.04585659254896165,0.39114340745103837
303240,-0.054961,21.91811,0.437,-0.06553349130150683,0.5025334913015068
303376,7.530751,60.71075,0.657,0.2321098948164884,0.42489010518351167
303377,3.468518,66.84459,0.777,-0.12271073628336435,0.8997107362833644
303380,5.356378,75.82694,0.952,-0.15951626458738855,1.1115162645873884
303381,24.051595,72.44183,0.689,-0.2020723375714499,0.8910723375714499
303396,-12.586014,-21.55334,0.535,-0.11456042317064434,0.6495604231706443
303530,4.707923,59.33142,0.652,0.1319522779549848,0.5200477220450153
303531,3.356696,64.07773,0.729,-0.1301396551042304,0.8591396551042304
303532,6.316591,67.31471,0.77,0.024976777114181475,0.7450232228858186
303533,7.59202,71.49815,0.841,-0.09960294976145938,0.9406029497614593
303534,9.961053,68.06188,0.758,-0.1496940274857079,0.9076940274857079
303535,9.062672,71.82124,0.836,-0.24503524493481196,1.081035244934812
303536,6.875284,74.48134,0.91,-0.18761772802982205,1.097617728029822
303537,26.806276,75.13963,0.699,-0.21962618137212406,0.918626181372124
303540,-1.401742,12.94946,0.442,0.004529857652375219,0.43747014234762477
303541,2.202806,15.75501,0.435,0.05908652099172632,0.37591347900827365
303542,5.741519,18.72455,0.428,-0.010158456393389838,0.43815845639338985
303543,9.318935,21.45402,0.419,0.024269146775093082,0.3947308532249069
303544,13.055427,18.36438,0.408,0.00637595440682788,0.4016240455931721
303545,15.178812,20.45874,0.4,-0.025070171494483387,0.4250701714944834
303550,-12.454593,-19.28406,0.531,-0.19007665818518985,0.7210766581851898
303683,3.712031,58.74528,0.648,0.12451500873749657,0.5234849912625035
303698,5.946188,15.05584,0.428,0.06573565710547485,0.36226434289452514
303699,7.062732,20.84492,0.425,-0.020527209356154607,0.4455272093561546
303700,11.180153,17.49925,0.414,0.03421535007062356,0.37978464992937644
303706,-10.847765,-23.15416,0.528,0.041870934318327176,0.48612906568167286
303838,2.576664,59.43846,0.662,0.17286055978286205,0.48913944021713796
303839,8.032763,62.71929,0.684,0.11488070347584967,0.5691192965241504
303840,4.963066,61.1839,0.677,-0.19016410512531512,0.8671641051253152
303841,6.611771,64.50383,0.72,-0.08496574006370172,0.8049657400637017
303842,12.140445,69.59837,0.768,-0.08025664425701533,0.8482566442570153
303843,9.841785,67.87283,0.756,-0.18272589076493825,0.9387258907649383
303844,9.585809,65.34104,0.714,-0.15559855549345086,0.8695985554934509
303845,14.153692,71.8161,0.792,-0.17616757467341662,0.9681675746734166
303846,14.519366,75.42551,0.861,-0.5181143802319504,1.3791143802319503
303847,33.452636,75.87534,0.604,-0.2265092302330377,0.8305092302330377
303858,8.961339,19.59168,0.42,0.02614172631734135,0.39385827368265863
304001,21.129838,71.8378,0.716,-0.2397514326112661,0.955751432611266
304002,26.24072,68.56745,0.599,-0.22447959333181453,0.8234795933318145
304003,33.943398,75.03297,0.582,-0.27616895089395377,0.8581689508939537
304004,-2.202485,-11.4208,0.481,-0.10125463427456691,0.5822546342745669
304005,0.093341,-9.39995,0.471,-0.01642938063085513,0.4874293806308551
304006,6.252202,-12.58945,0.449,-0.0029892026234424676,0.4519892026234425
304007,5.090799,20.43686,0.429,0.011681948116964318,0.41731805188303567
304015,-8.490804,-20.86976,0.515,0.11970949802510036,0.3952905019748997
304016,-9.699513,-20.62767,0.52,-0.16221867312917104,0.6822186731291711
304149,4.585631,60.24066,0.665,0.0019272280295290199,0.663072771970471
304150,3.499361,61.54401,0.689,-0.07516475195712403,0.764164751957124
304151,8.865561,66.85452,0.745,0.07495190331880573,0.6700480966811942
304152,5.102761,72.28349,0.875,-0.27122009532709507,1.1462200953270951
304154,20.203086,75.2261,0.791,-0.20923591863350102,1.000235918633501
304287,22.29119,72.33792,0.71,-0.29874559038977194,1.008745590389772
304288,29.566846,68.64223,0.555,-0.15321517225207457,0.7082151722520746
304289,37.212441,75.52277,0.53,-0.16027174337191252,0.6902717433719125
304290,0.503203,-12.26717,0.471,-0.1416444190073304,0.6126444190073304
304291,1.248706,-10.77553,0.468,-0.019536614884078766,0.4875366148840788
304302,-10.381422,-21.19202,0.524,0.5154890080749788,0.00851099192502125
304436,8.782226,63.08138,0.684,0.14274917481456026,0.5412508251854398
304437,-0.18291,75.96807,0.99,-0.2892596640440454,1.2792596640440455
304439,8.98102,65.97623,0.729,0.014283301830862034,0.714716698169138
304440,30.614482,72.88049,0.602,-0.15590009284754475,0.7579000928475448
304445,-0.449006,-12.01906,0.475,0.001132619638061956,0.47386738036193804
304456,-7.237097,-22.62373,0.509,-0.11424379594497362,0.6232437959449736
304612,-7.491579,-22.07542,0.51,0.6504325390891079,-0.1404325390891079
304613,-8.638806,-22.72084,0.517,-0.2564960804954349,0.773496080495435
304748,8.223878,63.56952,0.695,-0.0850126732029467,0.7800126732029466
304749,5.65674,72.78767,0.882,-0.4618215734504649,1.3438215734504648
304751,23.765255,69.7149,0.648,-0.3110368004630214,0.9590368004630214
304904,6.514263,66.43442,0.753,-0.005666104809694657,0.7586661048096947
304905,7.231712,75.57879,0.932,-0.6971724792032163,1.6291724792032163
304909,28.626791,64.72012,0.517,-0.15497066229478604,0.6719706622947861
307067,20.706002,75.57825,0.792,-0.0922751681429912,0.8842751681429912
307072,4.065598,-15.53779,0.457,-0.15217702730277283,0.6091770273027728
307510,25.330656,17.10166,0.356,-0.09146965043823316,0.44746965043823317
307511,31.311422,20.09582,0.32,-0.019682931413425094,0.3396829314134251
307512,42.675604,20.27971,0.24,0.04145546643812288,0.19854453356187712
308006,14.797356,-22.72112,0.389,-0.019698549590768583,0.40869854959076857
308888,19.090824,75.57839,0.812,-0.4812460715254743,1.2932460715254743
308889,24.569213,71.10431,0.66,-0.2746519640756531,0.9346519640756532
309079,17.755784,-22.97945,0.371,0.12652731880388626,0.24447268119611373
309961,7.031275,-22.3536,0.433,-0.09611883446532796,0.5291188344653279
309962,-3.574382,-14.44719,0.489,-0.016626851826961626,0.5056268518269617
310115,-29.179063,-19.71057,0.599,-0.11883340293587624,0.7178334029358762
310117,-16.910091,-23.3765,0.56,-0.08635856670685942,0.6463585667068594
310135,12.480722,-23.02527,0.401,-0.2275914794807607,0.6285914794807608
310321,26.597022,74.98057,0.699,-0.2642387712414757,0.9632387712414756
310350,-19.896089,-23.19663,0.574,-0.014950410299155718,0.5889504102991556
310352,-13.450193,-23.51442,0.542,-0.12296549003906862,0.6649654900390687
310888,-9.402538,-19.0027,0.517,-0.18320902197965155,0.7002090219796515
310892,21.083093,-12.99056,0.381,-0.018648685230225923,0.39964868523022595
310894,-68.748866,77.37398,0.452,0.33564655145773503,0.11635344854226498
311033,28.536708,74.98054,0.669,-0.4434141852991459,1.112414185299146
311212,22.570254,6.89747,0.378,-0.2623638645129623,0.6403638645129623
311949,-1.516629,-21.9112,0.48,0.009188760540482715,0.47081123945951725
311950,-0.252561,-20.20121,0.475,-0.03671957456188183,0.5117195745618818
311951,0.91203,-20.37432,0.469,-0.049045100514140474,0.5180451005141404
311952,2.584813,-22.26944,0.458,-0.0579065501282567,0.5159065501282567
311953,1.418692,-21.19279,0.465,-0.10758699990164182,0.5725869999016419
311954,2.616736,-20.6595,0.46,-0.007071742417476342,0.46707174241747634
311955,4.061333,-22.51461,0.449,-0.0984695749625806,0.5474695749625806
311956,4.763468,-18.63741,0.451,-0.13256891383610522,0.5835689138361052
311957,10.485222,-22.49983,0.414,-0.03279398891356224,0.4467939889135622
311958,10.696243,-20.37661,0.418,-0.11097280325511334,0.5289728032551133
312112,0.632453,-19.56487,0.471,0.03399323403177424,0.43700676596822574
312113,2.515716,-20.74556,0.46,-0.0293818482276652,0.48938184822766523
312114,4.727123,-21.50504,0.447,0.004954690278263049,0.44204530972173695
312115,6.19761,-21.76724,0.439,-0.1637258634323907,0.6027258634323907
312116,7.177267,-19.23182,0.439,-0.024789806922984218,0.4637898069229842
312117,11.792238,-23.37639,0.404,-0.2081677366770126,0.6121677366770126
312118,13.259677,-19.70939,0.406,-0.22654432581777567,0.6325443258177756
312119,14.086254,-19.4343,0.403,-0.10066681573390394,0.5036668157339039
312270,1.488063,-22.3935,0.463,-0.13126190941964105,0.5942619094196411
312271,1.555041,-21.47897,0.464,0.0008485951626882724,0.46315140483731176
312272,4.415502,-20.53048,0.451,0.05132639610498975,0.3996736038950103
312273,6.924854,-20.4195,0.438,-0.01405031702364962,0.4520503170236496
312274,7.530298,-19.43393,0.436,0.02451204539772222,0.4114879546022778
312275,7.201748,-19.59504,0.438,0.023263373278727864,0.41473662672127215
312276,6.576377,-20.37641,0.44,0.02214622029259138,0.4178537797074086
312277,13.29826,-23.49057,0.395,0.012990592402167152,0.38200940759783286
312427,1.599282,-22.97085,0.462,0.08096417864560954,0.3810358213543905
312429,3.636573,-22.10837,0.452,0.015510745736317519,0.4364892542636825
312430,7.624342,-18.70556,0.437,-0.15867212443418718,0.5956721244341872
312431,13.529544,-22.6261,0.396,-0.10204681623697032,0.49804681623697034
312433,10.81053,-23.49038,0.409,-0.0742725826251644,0.48327258262516437
312434,15.531715,-20.53707,0.392,-0.08217017623413002,0.47417017623413005
312435,26.825586,-21.17013,0.328,-0.34610514730724345,0.6741051473072435
312436,20.777754,-20.47833,0.364,-0.2278147751096697,0.5918147751096696
312585,-0.742094,-22.27642,0.475,-0.06435554806926724,0.5393555480692672
312587,4.528898,-22.93088,0.446,-0.09917290330479905,0.5451729033047991
312588,8.287732,-20.27546,0.431,0.16103534055501367,0.2699646594449863
312589,12.371254,-23.4925,0.4,-0.0009197980423033692,0.4009197980423034
312590,16.622837,-20.79127,0.385,-0.11807886292221188,0.5030788629222119
312591,16.60762,-20.33801,0.387,-0.10807637212742191,0.49507637212742195
312592,13.357051,-20.23069,0.404,-0.1728387433245847,0.5768387433245847
312594,20.868441,-23.24977,0.353,-0.14405162969530863,0.4970516296953086
312793,2.872323,-22.37051,0.456,-0.06026907429435564,0.5162690742943556
312794,4.960472,-22.84183,0.443,-0.17022981896067163,0.6132298189606716
312795,5.703905,-21.16887,0.443,-0.09593309179867636,0.5389330917986763
312796,7.360307,-21.40607,0.434,-0.13393228461312368,0.5679322846131236
312797,4.448036,-20.23028,0.451,-0.1021523863766378,0.5531523863766378
312798,12.147729,-21.47234,0.408,-0.07630048697660616,0.4843004869766061
312799,14.615695,-23.24947,0.388,-0.08537033913292395,0.473370339132924
312800,20.449966,-23.24973,0.355,-0.20717943587079338,0.5621794358707933
313367,21.725265,-20.79167,0.357,0.09188503041072732,0.26511496958927266
313368,10.947347,-23.24924,0.409,-0.3978733503126168,0.8068733503126168
313369,10.479615,-20.22257,0.42,-0.09928302650186756,0.5192830265018675
313371,24.048933,-18.60261,0.353,0.1023629938121206,0.2506370061878794
313372,24.648919,-21.49616,0.339,-0.14118590946679396,0.48018590946679396
313526,2.25196,-21.06274,0.461,0.04000191720166161,0.4209980827983384
313527,4.300753,-21.36395,0.45,-0.11148552667889129,0.5614855266788913
313528,6.814825,-20.41549,0.438,-0.06486699135003401,0.502866991350034
313529,10.771591,-23.40337,0.409,-0.02302635719672692,0.4320263571967269
313530,10.20455,-18.60163,0.424,0.059851258763887666,0.3641487412361123
313531,12.099522,-19.88645,0.412,-0.022289407904939402,0.43428940790493936
313532,14.363246,-19.06809,0.402,-0.19299551895757863,0.5949955189575786
313534,24.621632,-18.59468,0.35,-0.26537605597281355,0.6153760559728135
313721,5.46266,-21.5501,0.443,-0.17191007358714736,0.6149100735871473
313722,7.416729,-21.57517,0.433,-0.0881415755093713,0.5211415755093713
313723,11.720005,-20.62186,0.412,-0.15221614910407782,0.5642161491040778
313724,7.236702,-19.0677,0.439,-0.20023597257029624,0.6392359725702963
313725,13.53771,-21.45942,0.4,-0.23188085292117772,0.6318808529211777
313727,24.537633,-18.59466,0.35,-0.16895516330486635,0.5189551633048664
313940,12.183089,-21.45929,0.407,0.08666501203296938,0.3203349879670306
313941,11.611315,-22.4479,0.408,-0.10327850157977092,0.511278501579771
313942,18.264807,-22.4482,0.371,-0.0909178823470339,0.4619178823470339
314130,3.603714,-22.13339,0.452,0.05292377166912077,0.39907622833087925
314131,1.507334,-21.42593,0.464,-0.1507606997224054,0.6147606997224054
314132,3.233782,-21.18582,0.456,-0.04796946641911619,0.5039694664191162
314133,6.0651,-20.56755,0.442,-0.12870492702429956,0.5707049270242995
314134,9.517252,-23.32427,0.417,-0.3332327415992964,0.7502327415992964
314135,12.061627,-19.66231,0.413,-0.028445395361519483,0.44144539536151944
314136,19.814922,-19.3396,0.373,-0.11444457197850458,0.48744457197850455
314274,-12.597877,-21.53729,0.535,-0.10084873029215297,0.6358487302921529
314283,4.26622,-20.47745,0.451,-0.10236941372164014,0.5533694137216402
314292,12.376757,-18.68175,0.413,-0.14469736613746026,0.5576973661374602
314293,27.648347,-18.16078,0.335,-0.2310663442575055,0.5660663442575056
314460,-13.986083,-21.88054,0.542,-0.16246667983368154,0.7044666798336816
314462,-6.369753,-18.22517,0.503,0.03967054219285507,0.46332945780714496
314464,0.370509,-22.49355,0.469,-0.2350330213136134,0.7040330213136133
314477,-50.835294,44.43292,0.231,-0.07733006832484361,0.3083300683248436
314622,19.456771,-18.9415,0.376,-0.10825035248628562,0.4842503524862856
314623,21.803932,-20.07133,0.36,-0.1743598443534518,0.5343598443534519
314625,24.798263,-20.42074,0.342,-0.12018545328835649,0.46218545328835653
314627,19.445038,-18.16001,0.378,-0.15935126209432968,0.5373512620943297
314628,22.424724,-22.31745,0.348,-0.16607712486890777,0.5140771248689078
314629,18.627678,-20.37316,0.376,-0.1593228476432673,0.5353228476432673
314784,-8.113571,-23.28209,0.514,-0.2095958853785283,0.7235958853785283
314786,1.497917,-23.39009,0.462,-0.12010097554843598,0.582100975548436
314788,6.612656,-22.44066,0.435,-0.0474312881179751,0.4824312881179751
314789,3.704531,-20.4414,0.454,-0.1270468441035774,0.5810468441035774
314790,13.322977,-20.22274,0.405,-0.05751128575468981,0.46251128575468986
314791,18.753367,-23.00861,0.366,-0.08892830291547404,0.45492830291547404
314792,19.11346,-18.68235,0.378,-0.03159553033260284,0.4095955303326028
314971,13.88805,-20.07669,0.402,-0.0804775431355599,0.4824775431355599
314977,13.629614,-18.63586,0.407,-0.09742061746485157,0.5044206174648516
316261,-55.692821,72.31054,0.572,0.11950562051381736,0.4524943794861826
316418,1.458615,-20.6545,0.465,-0.19977578667576784,0.6647757866757679
316419,5.402139,-23.46121,0.44,-0.18437778006588837,0.6243777800658884
316420,6.476437,-23.49325,0.433,-0.1547501689022703,0.5877501689022703
316421,6.829492,-20.37243,0.438,-0.22558184696515513,0.6635818469651551
316422,6.763647,-18.68147,0.441,-0.20280033393493516,0.6438003339349352
316423,-2.841696,-21.51998,0.487,-0.1064775681082967,0.5934775681082967
316425,10.412978,-19.24702,0.422,-0.0791979617794843,0.5011979617794843
316593,5.950656,-19.61201,0.444,-0.08355044381580402,0.5275504438158041
316599,22.139206,-21.18692,0.354,-0.20848606039856096,0.562486060398561
316762,-2.067233,-20.44235,0.483,0.10478026037026732,0.37821973962973265
316764,3.322681,-21.49501,0.455,-0.06259285382876145,0.5175928538287615
316766,8.534685,-19.86727,0.43,-0.04552748068133457,0.47552748068133455
316768,6.895396,-18.51344,0.441,-0.05614982216545368,0.49714982216545367
316770,15.664288,-20.91027,0.39,-0.006755040980922259,0.3967550409809223
316929,-0.558861,-21.49496,0.475,-0.11095326288155793,0.5859532628815579
316930,-0.492069,-22.91179,0.473,0.024478135328045353,0.44852186467195465
316931,2.076577,-20.00012,0.463,-0.12415373302755968,0.5871537330275597
316932,5.060936,-22.69674,0.443,-0.1565444267018054,0.5995444267018054
316933,9.124007,-18.63559,0.43,-0.04396972273330427,0.4739697227333043
316934,10.501441,-19.11394,0.422,-0.07428897295310762,0.4962889729531076
316935,8.913435,-20.90982,0.426,0.008091690849662525,0.41790830915033744
316936,17.069286,-20.7453,0.383,-0.09895720885889164,0.48195720885889165
316937,-44.603785,72.88009,0.751,0.7560241739672423,-0.005024173967242307
317097,8.47999,-19.89127,0.431,-0.06370052553443573,0.4947005255344357
317098,10.879755,-19.78833,0.419,-0.025708223583917198,0.4447082235839172
317099,12.167993,-19.37019,0.413,-0.1711634419061505,0.5841634419061504
317101,13.656437,-19.94161,0.404,-0.08364359439594311,0.4876435943959431
317103,24.48323,-19.94242,0.346,-0.19205647799653447,0.5380564779965344
317262,0.19794,-22.60161,0.47,0.042849459006222335,0.42715054099377764
317266,9.935484,-23.05515,0.415,-0.2988615746513158,0.7138615746513157
317269,13.002124,-23.2204,0.397,-0.06653742119411994,0.46353742119411995
317271,-32.583343,44.43441,0.418,-0.31537871856866956,0.7333787185686695
317599,-50.525068,72.87942,0.669,-0.3185522273479988,0.9875522273479989
317600,-49.572746,52.32078,0.311,-0.1797969288703815,0.4907969288703815
317601,-29.124812,50.28375,0.494,0.057261922909429816,0.43673807709057016
317769,3.28669,-23.31708,0.452,-0.03241419302452226,0.48441419302452227
317772,5.705082,-19.84214,0.445,0.03945614680636084,0.40554385319363917
317774,9.475577,-23.22022,0.417,-0.10823097613617265,0.5252309761361726
317776,-41.268987,70.97008,0.742,-0.09169637003089336,0.8336963700308934
317778,-29.712385,56.19399,0.563,0.12485898165788081,0.43814101834211916
317779,-26.736683,38.63564,0.422,0.12898861778165874,0.2930113822183412
317935,-0.266522,-22.73069,0.472,-0.14042281516352073,0.6124228151635207
317937,6.488265,-20.87375,0.439,-0.13340611084638343,0.5724061108463834
317939,10.068182,-20.03744,0.422,-0.15848311872724216,0.5804831187272421
317941,11.478011,-20.3497,0.414,-0.06373663608807219,0.47773663608807215
317944,-41.874118,72.31141,0.769,0.09991175868802667,0.6690882413119733
317946,-29.174336,35.70501,0.396,-0.10466440954889965,0.5006644095488997
318100,10.204832,-19.9864,0.422,0.023175209283123915,0.39882479071687604
318101,11.629939,-22.39386,0.408,0.07504471775381874,0.3329552822461812
318104,-3.86071,-23.19597,0.491,-0.087302041351286,0.578302041351286
318106,3.831027,-23.00791,0.449,-0.09698646711918717,0.5459864671191872
318108,12.643287,-20.44181,0.408,-0.06581476221765158,0.47381476221765156
318111,10.811451,-22.40883,0.412,-0.040005260033518536,0.4520052600335185
318114,-40.513886,74.5763,0.844,0.01619972316026368,0.8278002768397363
318269,-2.315285,-22.77271,0.483,-0.13626904472858878,0.6192690447285888
318270,0.414908,-22.69667,0.469,-0.14430792483515134,0.6133079248351513
318271,4.029448,-22.52563,0.449,0.048792616508272726,0.4002073834917273
318272,9.170606,-19.5461,0.428,-0.16175938879307497,0.589759388793075
318273,11.209484,-20.0455,0.416,0.06932851009997636,0.3466714899000236
318274,13.64455,-21.13825,0.4,-0.038295364015674856,0.43829536401567487
318276,-45.062955,71.51985,0.71,-0.11086744317567661,0.8208674431756766
318278,-27.485225,47.32224,0.476,0.010539181930138367,0.4654608180698616
318436,1.582841,-23.51416,0.461,-0.10676536209715633,0.5677653620971563
318437,4.707677,-22.97591,0.445,-0.03268844694147555,0.47768844694147555
318438,7.659794,-22.29361,0.43,-0.16381632877603292,0.593816328776033
318439,11.103478,-21.25318,0.414,-0.09574804153288646,0.5097480415328864
318442,-46.981566,71.5194,0.685,-0.12412561353161912,0.8091256135316192
318443,-46.10127,52.99626,0.364,-0.12915146227251537,0.4931514622725154
318444,-43.708976,68.40902,0.653,-0.18125877352256434,0.8342587735225644
318445,-25.255889,41.50021,0.445,0.0864509657245942,0.3585490342754058
318600,6.25188,-21.79127,0.439,0.1602505141430772,0.27874948585692283
318602,13.401765,-22.97126,0.396,0.14880134976944437,0.24719865023055565
318606,-0.853772,-21.30885,0.477,-0.024780286694273707,0.5017802866942737
318607,1.721457,-21.04071,0.464,-0.10453319751338375,0.5685331975133838
318609,7.775857,-20.63066,0.433,-0.11747223818900421,0.5504722381890041
318611,12.070946,-22.16276,0.406,0.020448454529077283,0.38555154547092274
318616,-44.064768,68.40897,0.648,-0.5231436475090407,1.1711436475090409
318617,-27.937511,38.52056,0.414,-0.09320965035778601,0.507209650357786
318618,-25.061997,26.9666,0.402,-0.056891728384084406,0.45889172838408443
318758,1.314484,-21.7101,0.465,-0.16838839513586132,0.6333883951358613
318759,4.050163,-21.19785,0.451,-0.07932994297632984,0.5303299429763298
318761,10.093011,-23.48541,0.413,-0.09186487708797332,0.5048648770879733
318763,14.659032,-22.47308,0.391,-0.06326104797246274,0.45426104797246275
318765,26.677378,-19.8836,0.334,-0.0857078357656044,0.41970783576560444
318767,-36.688489,70.32726,0.773,0.18111930581112254,0.5918806941888775
318768,-23.756564,26.96663,0.407,0.13660754466681257,0.2703924553331874
318926,-0.426863,-21.83516,0.474,-0.11274121283709895,0.5867412128370989
318927,-3.139369,-19.88205,0.489,-0.18282715151258272,0.6718271515125827
318928,0.940235,-23.33305,0.465,-0.21131887281659703,0.6763188728165971
318935,-46.898504,70.32615,0.657,-0.4000242575980075,1.0570242575980076
318938,-24.422599,21.17252,0.407,-0.005811358603266796,0.4128113586032668
318939,-22.970719,32.74372,0.419,-0.0703300895092496,0.4893300895092496
319097,-2.459458,-22.25941,0.484,-0.09233358515177353,0.5763335851517735
319099,3.440539,-21.67712,0.454,-0.09636021055576549,0.5503602105557655
319100,7.14467,-21.67424,0.434,-0.043571193783806146,0.47757119378380614
319105,-40.25681,70.18191,0.733,-0.4885197047841844,1.2215197047841844
319106,-21.368288,53.25167,0.571,0.0948127030921625,0.47618729690783745
319258,-14.725918,-20.11258,0.543,-0.025212396314536742,0.5682123963145368
319263,12.846097,-22.99126,0.399,-0.2652090400081378,0.6642090400081377
319264,15.21977,-19.23229,0.397,-0.14872361044326504,0.545723610443265
319265,19.213743,-22.62645,0.364,-0.2643871016322134,0.6283871016322133
319266,-5.797341,-22.44856,0.502,0.1626415329308973,0.33935846706910267
319269,9.657552,-22.00854,0.42,0.051158321604697264,0.36884167839530274
319274,-43.642103,70.18148,0.695,-0.41178560751229043,1.1067856075122904
319275,-43.010944,66.9508,0.629,-0.2593842826606642,0.8883842826606643
319277,-21.169673,59.13204,0.654,-0.012280200453351766,0.6662802004533518
319433,-23.538845,-22.04623,0.588,-0.0357631678080946,0.6237631678080946
319436,-11.236422,-21.55019,0.529,-0.37979533862186354,0.9087953386218636
319438,-6.111905,-21.57505,0.503,-0.06936264463187222,0.5723626446318723
319440,-4.757184,-21.30887,0.497,-0.06447936054674518,0.5614793605467452
319441,5.0131,-19.33882,0.449,-0.021958026604311207,0.47095802660431124
319442,10.561005,-22.9121,0.412,0.07265383055093132,0.33934616944906865
319443,3.959544,-22.02033,0.45,0.043388006475289675,0.40661199352471034
319447,20.713931,-22.40942,0.357,-0.049632276193688124,0.40663227619368814
319450,-43.093427,44.9699,0.326,-0.25746205024510194,0.583462050245102
319451,-19.667835,44.32489,0.49,0.035018589531270766,0.4549814104687292
319622,12.761453,-22.49998,0.401,-0.035241506301865656,0.4362415063018657
319624,13.710826,-21.45946,0.399,-0.10908047763061306,0.508080477630613
319628,16.95387,-21.80986,0.38,-0.14636161006996062,0.5263616100699606
319629,-38.963134,23.97212,0.326,0.11453278521142493,0.21146721478857508
319631,-32.969668,50.2226,0.466,-0.1520642420998065,0.6180642420998066
319632,-28.845738,29.75997,0.385,0.10550018928163746,0.27949981071836255
319633,-27.212017,26.7475,0.392,0.05691423002220576,0.33508576997779427
319634,-24.79552,32.51864,0.41,-0.006262160909029929,0.4162621609090299
319793,-5.959343,-23.18899,0.502,-0.06936209240561846,0.5713620924056184
319801,12.149778,-21.47236,0.407,-0.06237069302256697,0.46937069302256695
319806,14.084412,-19.88259,0.401,-0.1504915990916436,0.5514915990916436
319808,-40.776726,41.30541,0.328,-0.048295554823424965,0.37629555482342497
319809,-35.814021,47.16287,0.413,-0.03883456135511964,0.4518345613551196
319810,-28.97168,35.53103,0.396,0.04773367164713986,0.34826632835286014
319811,-26.717882,17.68878,0.406,0.01713427100537215,0.3888657289946279
320000,-6.14553,-18.37425,0.502,0.043904706118568906,0.4580952938814311
320002,0.986901,-19.03458,0.469,-0.08930244417175971,0.5583024441717597
320015,8.757003,-22.69689,0.423,-0.2345679294753465,0.6575679294753465
320020,-47.172492,11.71623,0.332,0.05926978261587684,0.2727302173841232
320023,-33.698875,8.52713,0.419,-0.005471113695659135,0.4244711136956591
320024,-26.769331,29.48303,0.396,-0.0922737855534144,0.4882737855534144
320025,-22.719488,35.22722,0.427,-0.037049078575792406,0.4640490785757924
320184,-4.012473,-18.04303,0.493,-0.041564569521174786,0.5345645695211748
320185,8.586539,-14.14621,0.438,-0.002381750384054232,0.44038175038405425
320186,2.176641,-22.26944,0.46,-0.17341075479834678,0.6334107547983467
320187,5.211202,-21.59609,0.445,-0.05710775862907963,0.5021077586290796
320188,11.245675,-18.64073,0.419,-0.03642628683890617,0.4554262868389062
320189,12.666839,-23.49253,0.398,-0.07051869986668535,0.4685186998666854
320192,-2.013985,-23.48513,0.481,-0.08807698435093403,0.569076984350934
320197,-52.212307,44.07985,0.211,-0.002801702334626396,0.2138017023346264
320201,-34.634558,38.27822,0.368,-0.11067974705280163,0.47867974705280164
320202,-30.641083,53.08631,0.516,-0.21472628065962082,0.7307262806596209
320203,-32.313312,74.9913,0.931,-0.12143135715758752,1.0524313571575876
320204,-23.430684,49.96093,0.524,-0.0006074190858228175,0.5246074190858229
320353,3.281517,-18.4703,0.459,-0.1746090415051489,0.633609041505149
320354,6.085182,-18.45038,0.445,-0.08609795479211499,0.531097954792115
320355,19.586417,-16.12505,0.383,0.13462710928413585,0.24837289071586416
320359,18.843692,-18.18704,0.381,-0.407648226575051,0.788648226575051
320362,3.309823,-21.71014,0.454,-0.0861630216922193,0.5401630216922193
320363,14.027787,-20.87415,0.399,-0.14429221670428583,0.5432922167042858
320364,12.40484,-21.19823,0.407,-0.012428594182565908,0.4194285941825659
320365,15.913449,-23.33362,0.38,-0.20349947544339972,0.5834994754433998
320367,-50.276962,17.22021,0.269,0.08224584017276242,0.1867541598272376
320368,-42.473563,40.99221,0.31,-0.15218641245539113,0.46218641245539116
320369,-38.88878,46.82059,0.382,-0.10925747457417334,0.49125747457417335
320370,-35.242267,37.90213,0.362,-0.16030935087196632,0.5223093508719663
320371,-30.276806,11.21105,0.416,0.07915944704069583,0.33684055295930415
320372,-26.153669,23.2959,0.398,0.046399764608799465,0.35160023539120056
320373,-23.165094,20.04641,0.413,-0.12232795408128626,0.5353279540812862
320529,0.353977,-22.47254,0.469,-0.029691709832362117,0.4986917098323621
320534,-51.259193,24.67087,0.219,-0.03537274872031948,0.25437274872031945
320535,-47.605822,18.0849,0.285,-0.13568027929171783,0.4206802792917178
320536,-39.924348,15.31918,0.353,0.12570983619677203,0.22729016380322795
320537,-38.201112,14.6522,0.366,-0.21792749633252795,0.5839274963325279
320538,-33.957979,23.87255,0.358,-0.14945960483549414,0.5074596048354941
320689,14.296148,-19.56541,0.401,-0.13006643057793466,0.5310664305779347
320690,12.558762,-21.50534,0.405,-0.12617952679759062,0.5311795267975906
320691,20.975357,-17.51091,0.372,0.06688683260387863,0.3051131673961214
320692,19.25652,-19.61085,0.375,-0.14927005516399106,0.5242700551639911
320698,0.362423,-23.21998,0.468,0.047315435628846,0.42068456437115404
320706,-57.202056,18.63913,0.195,-0.005000750091728801,0.2000007500917288
320707,-51.867894,15.46851,0.268,-0.05438221650210831,0.3223822165021083
321025,32.854934,-19.03468,0.304,0.14248123155929554,0.16151876844070445
321028,1.838232,-22.02029,0.462,-0.09190877153931402,0.5539087715393141
321035,-47.006435,72.31282,0.705,-0.4131501541231485,1.1181501541231484
321294,23.315636,-20.2025,0.351,-0.014601235563042976,0.36560123556304297
321457,-4.314384,-22.98985,0.494,-0.20815872853689021,0.7021587285368902
321464,-41.802479,71.31617,0.744,-0.3353320410995269,1.0793320410995269
321466,-32.486431,59.77477,0.597,0.08660936100274658,0.5103906389972535
321468,-17.607063,52.99773,0.582,0.2652831378453665,0.31671686215463346
321631,-45.110959,68.10779,0.628,-0.30875302487310663,0.9367530248731066
321632,-40.130682,73.47908,0.818,-0.23231752766029176,1.0503175276602916
321634,-28.182707,57.02929,0.585,-0.041877386663877796,0.6268773866638777
321635,-15.967735,43.66792,0.497,0.04156565074314317,0.45543434925685683
321929,-25.941282,22.75082,0.4,-0.10407102964721816,0.5040710296472182
321930,-27.930545,57.02929,0.587,-0.42583332665059587,1.0128333266505958
321931,-24.021218,60.90341,0.67,-0.2695132404206118,0.9395132404206119
321932,-15.713969,49.79711,0.552,-0.043094641323784516,0.5950946413237845
322403,10.96587,-19.56721,0.419,-0.06185355711186524,0.4808535571118652
322409,20.485181,-21.47296,0.362,-0.07747590785747764,0.43947590785747764
322411,21.589475,-19.86821,0.361,-0.007995369013825257,0.36899536901382524
322412,20.044194,-21.19875,0.365,-0.06943342396544266,0.43443342396544266
322918,-27.962289,29.08888,0.388,0.15512885180848549,0.23287114819151453
322919,-33.39394,60.90296,0.608,-0.30618519242823616,0.9141851924282361
323089,-30.423171,57.65335,0.579,-0.19221502129261342,0.7712150212926134
323090,-24.529088,68.61363,0.819,0.6093417077691017,0.20965829223089827
323091,-23.337511,72.43802,0.915,-0.03586213712332327,0.9508621371233233
323092,-22.671555,67.89444,0.811,-0.24062716776265103,1.0516271677626512
323280,-35.912142,76.90268,0.956,-0.873978619366577,1.8299786193665768
323283,-28.693063,67.8942,0.78,-0.24020718562345394,1.020207185623454
323286,-6.305336,13.42952,0.445,0.06977871207381553,0.3752212879261845
323532,-31.126196,14.06573,0.401,-0.2286315950431765,0.6296315950431766
323533,-29.001578,25.96726,0.383,-0.23846644824234703,0.6214664482423471
323534,-32.510523,61.46713,0.625,-0.30033487713990414,0.9253348771399041
323535,-20.801495,16.65785,0.426,0.1267597952008463,0.2992402047991537
323536,-17.150269,40.51832,0.473,0.02337033475443188,0.4496296652455681
323537,-25.473565,55.47408,0.58,-0.22516419330928478,0.8051641933092848
323539,-8.092382,43.38005,0.509,-0.0032875271838468424,0.5122875271838468
323700,-36.362311,61.46693,0.592,-0.28456066923969076,0.8765606692396908
323701,-36.186679,55.47345,0.501,-0.3229370611667356,0.8239370611667356
323702,-30.015715,70.27289,0.825,-0.1168003805483185,0.9418003805483185
323703,-27.849278,73.63319,0.923,-0.2666157289374268,1.1896157289374267
323704,-24.311083,67.02814,0.785,-0.10450162270514525,0.8895016227051453
323705,-21.22467,60.38537,0.674,0.11657186817229427,0.5574281318277058
323706,-7.658005,48.96708,0.555,0.566587527201897,-0.01158752720189693
323865,-39.635189,62.0548,0.57,-0.3326507583393376,0.9026507583393375
323869,-27.832796,70.79412,0.852,-0.22629778360688063,1.0782977836068806
323870,-27.057166,51.23406,0.518,-0.15283645983880356,0.6708364598388036
323871,-24.398096,62.51782,0.697,0.04888723326056721,0.6481127667394327
323873,-8.052405,30.3536,0.449,0.3594262245988597,0.08957377540114031
324015,-23.132433,-23.46191,0.591,-0.13034755445965132,0.7213475544596513
324022,-4.13808,-22.97584,0.493,-0.0644533360986107,0.5574533360986107
324024,1.736813,-19.84203,0.465,0.07827977937798698,0.38672022062201306
324039,-19.055066,46.5904,0.511,-0.059372561156176444,0.5703725611561764
324040,-21.152933,42.45256,0.471,-0.09643749478116807,0.567437494781168
324041,-20.983896,20.61759,0.419,0.06268538189626584,0.35631461810373416
324042,-20.231549,26.28667,0.419,0.04017126976398527,0.3788287302360147
324043,-18.8512,71.21475,0.9,-0.1999936513901175,1.0999936513901174
324234,-27.202215,29.51899,0.393,-0.04104789943339223,0.4340478994333922
324235,-22.331023,51.65531,0.548,0.24914645437661084,0.29885354562338917
324236,-23.523106,71.21457,0.884,0.15452994316036892,0.7294700568396311
324434,-17.610527,-21.04125,0.558,-0.07673424257573737,0.6347342425757374
324437,-8.857172,-22.98995,0.518,-0.19331388567111862,0.7113138856711186
324452,-30.793261,72.47553,0.874,-0.28761272010048183,1.1616127201004818
324453,-26.62062,69.16468,0.82,-0.24077691948627875,1.0607769194862786
324454,-24.036551,64.30334,0.732,0.09428933052850393,0.637710669471496
324455,-21.9659,58.84496,0.646,-0.108861767030306,0.754861767030306
324456,-7.939908,48.35296,0.549,0.18698834054770977,0.3620116594522903
324654,-32.779316,16.70819,0.384,-0.029506845965468466,0.4135068459654685
324656,-20.845674,28.57909,0.419,-0.11508542302755233,0.5340854230275524
324657,-17.789965,25.34958,0.426,0.08770246209792418,0.33829753790207584
324658,-20.918595,21.7448,0.418,-0.07461570953636858,0.4926157095363686
324897,-29.009967,19.19198,0.393,-0.11786004754682858,0.5108600475468286
324899,-17.970899,22.52908,0.426,-0.13502698114068643,0.5610269811406864
325086,1.686463,-23.18897,0.461,-0.11558605782152759,0.5765860578215276
325089,18.84518,-14.14697,0.39,-0.16784702070686025,0.5578470207068602
325091,17.290445,-21.59676,0.379,-0.06923094029744763,0.44823094029744764
325114,-28.694318,30.73019,0.387,-0.10199946366709765,0.4889994636670977
325115,-24.071091,27.47979,0.406,0.055058797741633185,0.35094120225836684
325116,-21.239069,24.62136,0.416,0.04236347249716471,0.37363652750283527
325117,-17.479989,30.62654,0.433,0.002503825533617329,0.43049617446638266
325305,-30.690146,9.77772,0.422,-0.060198981947203814,0.4821989819472038
325307,-23.417988,12.32782,0.431,-0.02336120350270641,0.4543612035027064
325451,-0.080273,-21.25982,0.473,-0.10444471194225273,0.5774447119422527
325455,18.895084,-20.37523,0.374,-0.047145313942855364,0.42114531394285537
325456,19.375632,-19.6609,0.374,-0.0551832198913701,0.4291832198913701
325459,-1.579399,-20.63046,0.481,-0.11297632788131785,0.5939763278813178
325461,3.80774,-22.86983,0.45,-0.1998655586440912,0.6498655586440912
325472,-40.491299,38.26884,0.318,-0.12320623161115281,0.4412062316111528
325473,-39.102326,27.37386,0.319,0.04223777455176816,0.27676222544823187
325474,-37.323892,24.49342,0.336,-0.08783391304831602,0.423833913048316
325475,-33.442959,18.0544,0.376,-0.04816400920054171,0.4241640092005417
325476,-30.539769,14.8649,0.4,-0.006878181014656112,0.4068781810146561
325477,-25.744925,9.18088,0.438,-0.0594166337481708,0.4974166337481708
325478,-17.755892,-4.71272,0.501,0.028838643431866907,0.4721613565681331
325479,-19.248081,11.70683,0.441,-0.050417462270626906,0.4914174622706269
325631,3.140356,-22.25945,0.454,-0.1429510937294492,0.5969510937294492
325633,7.782169,-21.67727,0.431,-0.16411795280437058,0.5951179528043706
325634,11.807544,-20.74494,0.411,-0.1954345825471317,0.6064345825471317
325641,-57.224951,14.31412,0.232,-0.11151158139879415,0.3435115813987942
325643,-48.570454,8.57416,0.349,-0.0799818849025349,0.42898188490253486
325645,-39.749083,17.5227,0.343,0.02474918079928325,0.3182508192007168
325646,-35.643865,20.77082,0.355,0.13718198279514127,0.21781801720485872
325647,-33.043739,18.00843,0.378,0.06789943130053741,0.31010056869946256
325648,-29.749649,14.78795,0.404,0.013691016335721217,0.3903089836642788
325649,-25.069164,25.01226,0.402,0.11412723594854224,0.2878727640514578
325650,-23.186577,21.23462,0.412,0.04817442768227425,0.3638255723177257
325802,0.965779,-22.29344,0.466,-0.164678390040049,0.630678390040049
325804,5.95798,-21.25295,0.441,-0.08500113473618058,0.5260011347361806
325983,-26.606685,71.99168,0.888,-0.5282368610034581,1.4162368610034581
325985,-22.331369,66.31003,0.779,-0.3450603788272358,1.1240603788272359
326153,-38.192781,74.31652,0.861,-0.7318124352235169,1.592812435223517
326158,-19.761334,70.97868,0.892,-0.355607595453054,1.2476075954530539
326160,-14.348906,67.18153,0.818,-0.32041111261778954,1.1384111126177894
326328,-31.954542,58.84449,0.586,-0.1494042765148303,0.7354042765148303
326329,-29.350939,62.60567,0.669,0.02221445938236271,0.6467855406176374
326330,-25.326302,67.18113,0.784,-0.13172255112907696,0.915722551129077
326331,-20.34145,53.80786,0.582,0.12560572263932873,0.45639427736067123
326332,-17.682785,57.39674,0.64,-0.026790739591645372,0.6667907395916454
326552,-18.035067,48.05074,0.528,-0.13216881597249608,0.6601688159724961
326553,-16.692546,51.97754,0.573,-0.20497640788907742,0.7779764078890774
326734,12.169876,-20.64891,0.41,-0.05347867807453522,0.4634786780745352
326739,-2.930545,-20.04513,0.488,0.039318173849899725,0.44868182615010027
326740,-0.434257,-22.16235,0.474,-0.05917814435573053,0.5331781443557305
326759,-29.007269,57.14528,0.582,-0.2533121427043015,0.8353121427043015
326761,-22.020677,62.97205,0.716,0.11654166180753647,0.5994583381924635
326762,-23.388248,51.97734,0.547,-0.1355735200189853,0.6825735200189853
326763,-19.508525,60.35343,0.68,0.051665160367754086,0.628334839632246
326764,-17.731238,55.73235,0.617,-0.17425112614712931,0.7912511261471293
326926,25.237143,-20.34472,0.34,-0.1425300036184824,0.4825300036184824
326936,-22.768063,56.27633,0.605,-0.22304598878729134,0.8280459887872913
326937,-15.283011,68.88009,0.853,0.1587004135525482,0.6942995864474518
326938,-12.955243,64.28268,0.763,-0.09522611781568746,0.8582261178156875
326939,-8.291257,29.71348,0.448,-0.4316076819608709,0.8796076819608709
326940,-8.752748,23.83342,0.44,0.008658753766919559,0.43134124623308046
327109,-21.916065,69.64808,0.853,-0.3144180189126151,1.167418018912615
327110,-18.976597,60.9446,0.692,0.07925356907365688,0.6127464309263431
327111,-14.994966,57.58585,0.65,0.1736499168601726,0.4763500831398274
327112,-14.540815,48.65091,0.543,-0.1859838204588103,0.7289838204588104
327114,-7.60619,21.12695,0.44,0.030191817574910705,0.4098081824250893
327115,-8.36073,30.96072,0.451,0.24010339427536814,0.21089660572463187
327282,-38.209764,55.47335,0.482,-0.2181630450203439,0.7001630450203439
327283,-29.789911,76.9033,1.002,-0.1200667067260414,1.1220667067260415
327284,-35.153155,74.3168,0.889,-0.4725379923176539,1.361537992317654
327286,-32.500964,70.95794,0.824,-0.34280687943373916,1.1668068794337392
327287,-26.97631,67.62119,0.784,0.11982534169230473,0.6641746583076953
327289,-22.358557,61.09455,0.681,-0.28474912929459756,0.9657491292945977
327290,-17.487875,55.30226,0.612,0.04738509199354188,0.5646149080064581
327440,-20.754377,51.6954,0.555,0.05478681739649383,0.5002131826035062
327441,-17.113549,58.28598,0.655,0.27006223976431176,0.38493776023568826
327640,-45.361159,74.98986,0.798,-0.5315599341289682,1.3295599341289681
327643,-39.950984,77.40541,0.932,-0.675352897521285,1.607352897521285
327812,-37.228028,74.11354,0.865,-0.2051027610045575,1.0701027610045575
327817,-28.175453,72.21963,0.885,-0.5391048560139046,1.4241048560139045
327818,-22.489053,75.55928,1.0,-0.08543986646020682,1.0854398664602067
327819,-21.558419,65.78986,0.772,-0.20810150375663444,0.9801015037566345
327820,-18.759073,60.75455,0.689,0.051979944359892734,0.6370200556401072
327821,-18.338336,55.33424,0.609,-0.12880816339743828,0.7378081633974383
327822,-14.87954,49.98618,0.556,0.007640104780934,0.548359895219066
327972,10.978629,-20.84593,0.415,0.06667244968204931,0.34832755031795065
327990,-29.039599,74.09424,0.928,-0.527251215306501,1.4552512153065011
327991,-32.667225,72.62045,0.864,-0.4172560935878332,1.2812560935878332
327992,-29.352616,77.20447,1.014,-0.5498807662703912,1.5638807662703913
327993,-23.830407,64.75647,0.742,0.04954338049756974,0.6924566195024302
327994,-23.775792,62.00072,0.691,-0.27371952280684475,0.9647195228068447
327995,-19.441797,54.99414,0.601,0.07619192972691861,0.5248080702730814
327996,-16.307717,58.67409,0.663,-0.00472712758260964,0.6677271275826097
327997,-9.906975,67.7138,0.831,0.19772148442912066,0.6332785155708793
328163,-26.385909,72.99103,0.915,-0.18578487269152516,1.1007848726915253
328164,-26.178035,67.39617,0.784,-0.3615763735697136,1.1455763735697135
328165,-21.336638,59.09106,0.653,0.06749167825249153,0.5855083217475086
328166,-17.279776,62.42005,0.722,0.06271844855512285,0.6592815514448771
328167,-14.614715,54.82222,0.613,0.04714818864351107,0.5658518113564889
328326,-64.919898,76.06058,0.498,0.2455019236118361,0.2524980763881639
328979,-53.475241,76.06292,0.711,-0.046865419601921025,0.757865419601921
328985,-34.726055,74.55091,0.899,-0.5027245497791517,1.4017245497791517
328987,-29.60854,77.66366,1.026,-0.6656071857930768,1.6916071857930768
328989,-23.609634,74.30373,0.962,-0.272486832686092,1.234486832686092
328990,-20.683767,70.35241,0.874,-0.22726498548621493,1.1012649854862149
328991,-13.295954,64.08262,0.759,0.22841351923811737,0.5305864807618826
328992,-12.073847,61.62195,0.717,0.04773807487775043,0.6692619251222496
331253,-4.79236,-22.93083,0.496,-0.16581262706472816,0.6618126270647282
331272,-39.168252,55.47334,0.472,-0.2032072574010738,0.6752072574010738
331273,-36.003488,75.28211,0.908,-0.31434136016904113,1.2223413601690412
331276,-26.955903,73.85835,0.934,-0.46466122190735265,1.3986612219073526
331280,-16.895979,63.65641,0.745,-0.151655813281807,0.896655813281807
331282,-13.492744,57.62991,0.653,-0.1168938113338672,0.7698938113338673
331283,-8.852774,47.83987,0.544,0.06310990044305861,0.4808900995569414
331284,-6.681195,49.69925,0.562,0.07440601912431634,0.48759398087568373
331435,-63.374876,77.37535,0.568,0.40899671648168984,0.1590032835183101
331441,-39.182534,75.79993,0.892,-0.4463412240701699,1.33834122407017
331446,-15.65238,54.98124,0.612,-0.08093118951805534,0.6929311895180553
331447,-13.44596,57.05377,0.645,-0.029518798649857403,0.6745187986498574
331448,-15.810961,73.85889,0.97,-0.24635981561668358,1.2163598156166835
331449,-15.486539,70.69973,0.894,-0.20618041531011191,1.100180415310112
331450,-9.475061,65.33006,0.784,0.20824177876069191,0.5757582212393081
331451,-8.36382,60.72677,0.704,0.04277181444948756,0.6612281855505124
331452,-12.388313,49.69915,0.558,-0.1454322550529125,0.7034322550529125
331453,-6.080643,51.95872,0.586,0.07066020087374997,0.51533979912625
331454,-7.490321,53.04593,0.598,0.03662550970831657,0.5613744902916834
331455,-5.775995,55.90858,0.633,-0.3387283824080693,0.9717283824080694
331605,-51.396842,75.55618,0.73,-0.03680370082299695,0.766803700822997
331608,-44.881168,75.79919,0.828,-0.4454032355370304,1.2734032355370304
331614,-24.793148,74.84183,0.971,-0.4277123972590246,1.3987123972590245
331617,-15.434036,71.01485,0.901,-0.2222443802910104,1.1232443802910104
331619,-10.02727,52.40677,0.59,-0.011000564706285935,0.6010005647062859
331624,-4.752472,55.90859,0.632,-0.11562130245037275,0.7476213024503727
331783,-35.207533,75.72331,0.928,-0.4194432397469021,1.347443239746902
331791,-22.056249,72.40506,0.919,-0.4996191956606591,1.418619195660659
331793,-15.746718,69.04214,0.856,-0.2548856295246453,1.1108856295246452
331795,-11.445761,62.51421,0.733,-0.06190437091901542,0.7949043709190154
331797,-11.002863,55.90852,0.632,-0.13338696322843105,0.765386963228431
331798,-4.208726,48.68807,0.552,0.14887666291547313,0.4031233370845269
331956,-24.955578,76.44546,1.015,-0.6001295287653534,1.6151295287653533
331959,-24.255546,73.65439,0.942,-0.5961602854369286,1.5381602854369285
331960,-21.406208,68.64179,0.833,-0.054855798416880326,0.8878557984168803
331961,-17.312389,61.95792,0.714,0.11436173029530891,0.599638269704691
331962,-13.304785,56.57964,0.639,0.05326967946885882,0.5857303205311412
331963,-13.548017,54.36713,0.609,-0.1800930586111816,0.7890930586111816
331964,-8.506422,59.31639,0.682,0.22629076009645208,0.45570923990354795
331965,-15.102142,48.68789,0.542,0.14101315686424992,0.4009868431357501
331966,-8.90007,50.91747,0.574,0.1875717094548102,0.3864282905451898
331967,-6.423355,54.09217,0.61,0.1444662575616996,0.46553374243830037
331968,-6.83489,51.63864,0.582,-0.12100324153061302,0.703003241530613
331969,-7.743574,55.49847,0.628,-0.20131801067520316,0.8293180106752032
332131,-28.638201,73.65406,0.919,-0.514339443429449,1.433339443429449
332132,-24.194527,65.73375,0.759,0.08816042603977982,0.6708395739602202
332133,-23.022675,59.9172,0.659,0.014825491993720635,0.6441745080062794
332134,-20.626936,63.57427,0.732,-0.04723943921320489,0.7792394392132049
332135,-11.969979,76.94435,1.052,0.008193601262603276,1.0438063987373967
332136,-10.903299,55.54244,0.628,-0.013852649870325489,0.6418526498703255
332137,-9.846801,52.28274,0.589,-0.024244161384444594,0.6132441613844446
332138,-8.775335,54.64027,0.617,0.00031659998747693305,0.6166834000125231
332139,-12.071546,55.49841,0.626,-0.12176673682660437,0.7477667368266043
332140,-5.339259,52.62486,0.593,0.178080747625438,0.41491925237456195
332302,-19.862684,75.69846,1.011,-0.5199710260884207,1.5309710260884206
332304,-12.496261,72.34442,0.934,-0.21609486565483227,1.1500948656548324
332308,-9.136631,51.27055,0.578,0.0021663745391602147,0.5758336254608397
332309,-11.56047,52.62478,0.591,-0.1048943419963952,0.6958943419963952
332310,-5.973216,55.46549,0.627,0.14492944835881447,0.4820705516411855
332311,-5.331027,57.41694,0.652,-0.08596548371220568,0.7379654837122057
332479,-17.148354,58.08393,0.652,-0.18616395073681816,0.8381639507368182
332481,-11.255851,54.76727,0.617,-0.0009089006908463949,0.6179089006908464
332482,-11.68616,51.45355,0.577,-0.08913694852712085,0.6661369485271208
332483,-14.465616,57.41682,0.648,-0.13059613982260215,0.7785961398226022
332484,-4.469304,57.44196,0.652,0.16756837199220156,0.4844316280077985
332485,-3.998892,52.88092,0.595,-0.12380592797726736,0.7188059279772674
332647,-25.017291,64.89847,0.738,-0.207924574466645,0.945924574466645
332649,-16.29619,60.31053,0.689,0.1677187721453912,0.5212812278546087
332650,-14.1412,57.99399,0.657,-0.08276441718424495,0.739764417184245
332651,-7.540236,53.62806,0.605,0.12290443697299419,0.4820955630270058
332652,-8.736435,54.2862,0.613,0.008703915886343148,0.6042960841136569
332653,-5.724275,57.68201,0.657,0.027595438571801963,0.6294045614281981
332654,-5.520871,51.3746,0.579,-0.05257542305145554,0.6315754230514555
332816,-35.176989,66.90546,0.709,-0.2739696232884926,0.9829696232884926
332817,-32.835316,63.98284,0.669,-0.12238690134995739,0.7913869013499575
332818,-24.517128,72.79109,0.919,0.487614969869711,0.43138503013028906
332819,-23.666455,67.59537,0.801,-0.1435719104818288,0.9445719104818289
332820,-20.872935,55.51022,0.602,0.018451410800420582,0.5835485891995794
332821,-20.088184,52.73763,0.57,-0.041362441009138974,0.611362441009139
332822,-17.188175,55.91341,0.621,0.05935902535801498,0.561640974641985
332823,-20.212584,54.13493,0.587,-0.09130254278264,0.6783025427826399
332824,-16.320457,58.52305,0.661,0.20358987009810772,0.45741012990189234
332825,-15.940178,61.62887,0.711,-0.11089462954959374,0.8218946295495937
332826,-16.113964,54.59813,0.606,0.034016360860267436,0.5719836391397326
333571,-26.695474,65.21649,0.736,-0.15038633656840436,0.8863863365684044
333574,-26.64837,57.35348,0.6,-0.0619344949461785,0.6619344949461785
333741,-34.874543,65.21598,0.676,-0.308037314885788,0.984037314885788
333742,-28.639116,74.31739,0.937,-0.014490787529984648,0.9514907875299847
333743,-31.204917,57.35321,0.569,-0.10638264729339306,0.675382647293393
333744,-23.895645,62.80595,0.704,0.10119710197577889,0.602802898024221
333745,-22.525472,66.18796,0.776,-0.07021875095046241,0.8462187509504624
333746,-21.099999,63.28617,0.725,-0.013042843996428407,0.7380428439964284
333747,-18.915805,60.18141,0.679,-0.10210795751206028,0.7811079575120603
333748,-17.609744,57.02666,0.635,-0.018779034173409124,0.6537790341734091
333749,-17.707086,53.27081,0.585,-0.07514863605093963,0.6601486360509397
333750,-14.32049,57.05874,0.643,0.14464885996521876,0.49835114003478126
333753,-11.755434,63.45646,0.749,0.0703313070995078,0.6786686929004921
334398,-7.632025,56.36967,0.64,0.03356584222532048,0.6064341577746796
335783,-32.062915,63.19965,0.66,-0.175479086721323,0.8354790867213231
335785,-28.776386,57.09832,0.582,-0.15652277416914734,0.7385227741691474
335787,-25.107959,61.40854,0.673,-0.19900493773733227,0.8720049377373323
335789,-19.485729,58.60501,0.652,-0.09598793783303877,0.7479879378330387
335791,-16.562725,52.48168,0.579,-0.060449857511146614,0.6394498575111466
335792,-19.596108,63.45623,0.734,-0.2064502645161868,0.9404502645161867
335793,-16.362546,56.60861,0.633,0.03337596516434891,0.5996240348356511
335794,-17.622507,58.81011,0.661,-0.05998388755391516,0.7209838875539152
335795,-14.418172,61.91597,0.719,-0.026791264681374122,0.7457912646813741
336136,-18.849332,59.02813,0.661,-0.12401734479357261,0.7850173447935727
336139,-22.952131,58.46988,0.636,-0.07835009048756547,0.7143500904875655
336140,-18.474997,54.95418,0.604,0.06333053802033618,0.5406694619796638
336141,-14.353713,57.6719,0.652,0.05143115797814092,0.6005688420218591
336142,-21.760589,61.91576,0.698,-0.13332989282668384,0.8313298928266838
336143,-8.410248,56.65774,0.644,0.1411885196136983,0.5028114803863017
336297,-35.19128,75.23913,0.914,-0.6149489661743334,1.5289489661743334
336300,-24.093779,64.46741,0.735,-0.04514836761585892,0.7801483676158589
336302,-21.306818,58.30388,0.641,-0.007917564596777836,0.6489175645967779
336477,-34.469186,68.14186,0.742,0.09716861375873324,0.6448313862412668
336478,-29.643428,77.63063,1.024,-0.4062927638476206,1.4302927638476206
336480,-23.603712,58.74491,0.637,-0.15806112578003872,0.7950611257800387
336482,-23.500711,61.74569,0.687,-0.12868415973005934,0.8156841597300594
336484,-17.876342,55.59434,0.614,-0.012642860924341795,0.6266428609243417
336486,-17.074736,59.92441,0.681,-0.05363018772490864,0.7346301877249087
336487,-12.555557,55.50742,0.625,0.05406936254705394,0.570930637452946
336488,-13.998677,60.33058,0.694,-0.07989177304523722,0.7738917730452372
336489,-13.513824,59.04823,0.674,-0.29470876810755775,0.9687087681075578
336881,-12.976465,60.04252,0.69,-0.109818080578153,0.799818080578153
337315,-23.070807,58.74491,0.64,-0.17740289892299957,0.8174028989229996
337316,-19.726152,63.06117,0.726,-0.05187320738999599,0.777873207389996
337322,-17.282297,55.20826,0.611,-0.24407057721874806,0.855070577218748
337481,-47.975397,70.12512,0.637,-0.04804359794962716,0.6850435979496272
337778,-45.753573,66.81554,0.592,-0.02949893642262813,0.6214989364226281
337782,-28.884453,56.75324,0.577,0.05843639659202752,0.5185636034079725
337791,-14.592282,55.20831,0.618,-0.1313726192337049,0.7493726192337049
337792,-12.298021,59.71244,0.686,-0.016714054174330563,0.7027140541743306
337793,-10.705062,62.20914,0.728,-0.0787703591836162,0.8067703591836162
338273,-29.024827,63.13182,0.681,-0.2852130579213939,0.9662130579213939
338275,-27.014034,62.36371,0.679,-0.17123714337153204,0.8502371433715321
338276,-21.22134,59.04805,0.653,0.06224713031947768,0.5907528696805223
338277,-24.551207,61.98571,0.686,-0.2206401254377742,0.9066401254377743
338278,-21.74144,65.91992,0.774,0.002448423338953357,0.7715515766610467
338621,-57.268691,65.67763,0.395,-0.08113394006467808,0.47613394006467813
338623,-40.936513,68.44446,0.685,0.07509239267618797,0.6099076073238121
338624,-39.55585,61.19763,0.556,0.00742429111971114,0.548575708880289
338625,-40.404709,63.50114,0.589,-0.04648755486480104,0.635487554864801
338626,-27.587137,56.75323,0.585,0.050153325078652874,0.5348466749213471
338627,-36.13427,55.96568,0.508,-0.08942685572415607,0.5974268557241561
338629,-29.790367,58.84868,0.602,-0.06636696066781797,0.668366960667818
338631,-28.401075,62.00855,0.664,-0.24270409678281632,0.9067040967828164
338632,-27.236348,64.33723,0.715,-0.29027273954628124,1.0052727395462813
338633,-27.799313,66.37378,0.753,-0.4617323846999696,1.2147323846999696
338634,-24.846548,63.14999,0.706,-0.14886200239493882,0.8548620023949388
338635,-26.042973,61.33745,0.667,-0.21193692218258192,0.878936922182582
338636,-25.094267,66.02782,0.761,-0.22675384920187996,0.98775384920188
338637,-22.430611,69.19594,0.841,-0.18172121294017407,1.0227212129401742
338764,-58.67043,76.11799,0.623,-0.14562485882912554,0.7686248588291256
338765,-51.658836,71.35197,0.613,-0.027516360535719913,0.6405163605357199
338766,-44.937015,67.20872,0.611,-0.07950803567814277,0.6905080356781428
338767,-42.275964,59.94512,0.505,-0.05205839659119829,0.5570583965911983
338768,-35.252592,64.36479,0.656,0.18000865171445213,0.4759913482855479
338769,-36.059874,62.10309,0.606,-0.1826733032943243,0.7886733032943243
338770,-35.5831,59.30843,0.563,0.09896410640039492,0.464035893599605
338771,-34.96219,62.22518,0.618,-0.052740180563576586,0.6707401805635765
338772,-34.154348,59.21249,0.574,0.11741341804324334,0.4565865819567566
338773,-34.346418,61.94614,0.619,-0.16010788958664432,0.7791078895866443
338774,-27.639595,65.01135,0.726,-0.1502189258207182,0.8762189258207181
338775,-28.970085,67.66806,0.773,-0.26258251397569216,1.0355825139756922
338776,-27.873653,64.5052,0.714,-0.08796572628780025,0.8019657262878002
338777,-29.976673,66.87876,0.749,-0.24953449061203836,0.9985344906120384
338778,-27.74322,63.61096,0.698,-0.25803669473983115,0.9560366947398311
338779,-30.085987,65.68642,0.723,-0.28793165443937063,1.0109316544393705
338780,-25.285574,69.0087,0.824,-0.01787619385934406,0.841876193859344
338781,-28.105418,62.18656,0.67,-0.2694758076417414,0.9394758076417414
338782,-22.905461,57.13452,0.616,0.06191313294310963,0.5540868670568904
338783,-25.582234,65.31655,0.744,-0.3712974220431179,1.1152974220431178
338784,-24.155182,68.64564,0.821,-0.3316383621051491,1.152638362105149
338785,-21.500885,71.94691,0.909,-0.06702897589363298,0.976028975893633
338786,-21.514531,75.82037,1.01,-0.6214115310016957,1.6314115310016957
338934,-51.908921,73.2994,0.66,0.09899797122077235,0.5610020287792277
338936,-44.945376,70.02549,0.675,-0.05698928548260858,0.7319892854826087
338937,-39.100275,61.58778,0.567,-0.021650575674724077,0.588650575674724
338938,-35.158706,64.88393,0.667,-0.09439459023946256,0.7613945902394625
338939,-34.689021,58.93645,0.565,-0.10921630233244989,0.6742163023324499
338940,-32.011878,61.89032,0.637,-0.040233387078639105,0.6772333870786391
338941,-33.542061,61.05103,0.61,-0.14400651139024948,0.7540065113902494
338945,-29.732228,64.55216,0.703,-0.15302780973096,0.8560278097309599
338946,-23.872676,67.85041,0.805,0.05409800961211971,0.7509019903878803
338947,-26.686266,66.48586,0.762,-0.26149204852563834,1.0234920485256382
338948,-27.308504,61.3854,0.66,-0.1912830991917893,0.8512830991917893
338949,-20.934125,58.02781,0.638,0.07064235020050125,0.5673576497994988
338950,-31.304627,75.81968,0.961,-0.4176230322452086,1.3786230322452084
338951,-18.170701,65.33287,0.774,0.16183770611021972,0.6121622938897803
339118,-59.730051,65.95032,0.356,0.10774139133223709,0.2482586086677629
339120,-48.084468,71.90065,0.679,0.12191782264709689,0.5570821773529031
339122,-41.947469,60.21724,0.513,-0.04591146260986073,0.5589114626098608
339124,-44.6408,64.44398,0.558,-0.13810015459119607,0.6961001545911961
339125,-37.567919,60.46563,0.563,-0.0932161684755544,0.6562161684755543
339126,-28.199527,67.69118,0.778,-0.17869576244720292,0.956695762447203
339127,-33.179323,64.23987,0.671,-0.13016358975622297,0.801163589756223
339128,-32.894164,67.76191,0.747,-0.18719175725796394,0.9341917572579639
339129,-27.120661,71.14834,0.864,-0.14523915921697056,1.0092391592169705
339133,-24.806606,62.00368,0.685,-0.0395300609860418,0.7245300609860419
339134,-20.410304,68.63182,0.836,0.02258254516565498,0.813417454834345
339135,-19.769049,75.2873,1.001,-0.32881826506091255,1.3298182650609125
339285,-39.074444,68.78971,0.713,-0.3536129667736619,1.066612966773662
339287,-27.608297,65.30349,0.732,-0.0766428983954642,0.8086428983954642
339289,-26.666161,63.94315,0.711,-0.27683737301419514,0.9878373730141952
339290,-28.431046,69.30867,0.813,-0.5613154251139314,1.3743154251139313
339291,-19.203869,74.61508,0.984,0.1367334297592901,0.8472665702407098
339292,-5.961498,67.28172,0.818,0.1399048338719718,0.6780951661280281
339449,-40.197826,60.43143,0.536,-0.11524201681359415,0.6512420168135942
339451,-37.728764,62.7502,0.602,-0.20488565677152887,0.8068856567715288
339453,-32.483027,65.48628,0.702,-0.2241640749489506,0.9261640749489506
339459,-29.296129,67.28097,0.762,-0.35072055091429627,1.1127205509142963
339464,-17.621625,71.94009,0.92,-0.402512621399672,1.322512621399672
339465,-10.970078,75.44068,1.011,0.05005529066364809,0.9609447093363518
340954,-58.261027,71.63486,0.51,-0.04824249033215304,0.558242490332153
341353,-51.226748,64.73626,0.474,-0.24351863252309358,0.7175186325230936
341354,-44.322934,70.4266,0.692,-0.19237361649434895,0.8843736164943489
341355,-39.107106,74.51146,0.857,0.24918184668744678,0.6078181533125532
341356,-36.033801,60.46269,0.578,0.08224628543771763,0.49575371456228234
341357,-38.134598,60.65858,0.561,-0.0018490473708326271,0.5628490473708326
341358,-37.397832,63.52735,0.62,-0.16934960540370317,0.7893496054037031
341359,-28.908181,66.45872,0.747,0.09832811155435182,0.6486718884456482
341360,-32.186461,66.24546,0.72,-0.1449423393696901,0.86494233936969
341361,-32.501255,72.85456,0.872,-0.31674333571757285,1.188743335717573
341362,-28.546855,65.59849,0.732,-0.01065794377636767,0.7426579437763676
341363,-26.765648,70.13802,0.842,-0.1823616051190177,1.0243616051190176
341365,-39.28333,75.43879,0.881,-0.38632996165195294,1.2673299616519529
341367,-24.368936,72.11486,0.902,0.020054384238704266,0.8819456157612957
341519,-50.431375,76.41255,0.769,0.03290552472537055,0.7360944752746295
341521,-40.826118,70.64511,0.739,-0.1546639261639616,0.8936639261639616
341522,-36.435521,67.47854,0.709,-0.11517218530245114,0.8241721853024511
341523,-33.804385,64.45788,0.67,-0.09235336394755733,0.7623533639475574
341524,-31.709258,61.57025,0.633,0.00854367328431898,0.6244563267156811
341525,-31.250686,64.7231,0.696,-0.24708594074971849,0.9430859407497184
341526,-31.317004,67.38886,0.751,-0.20010870096612254,0.9511087009661225
341527,-31.672956,70.95295,0.83,-0.29906283878185924,1.1290628387818593
341528,-29.492525,66.63174,0.747,-0.17443446265091428,0.9214344626509143
341529,-30.602673,69.70563,0.808,-0.36468026167159767,1.1726802616715977
341530,-37.429808,72.11381,0.81,-0.4882960749658927,1.2982960749658927
341531,-27.683863,63.80403,0.702,0.052722170340463975,0.649277829659536
341532,-23.317893,67.14221,0.792,0.06031192304053572,0.7316880769594644
341533,-24.060724,77.34589,1.044,-0.3102811372736623,1.3542811372736623
341534,-6.678719,74.07622,0.969,0.19167953411302194,0.777320465886978
341700,-29.091467,69.75577,0.819,-0.4300353383795907,1.2490353383795907
341702,-27.366574,67.38813,0.777,-0.3023079253387182,1.079307925338718
341703,-22.899066,71.32865,0.889,-0.13738750415113288,1.026387504151133
341857,-46.219063,74.78568,0.782,-0.4238592181492868,1.2058592181492869
341859,-38.677867,69.24991,0.728,-0.17323962190082312,0.9012396219008231
341860,-36.615732,66.26517,0.682,-0.07907027616011564,0.7610702761601157
341861,-34.238093,63.34055,0.645,-0.006967078694774809,0.6519670786947749
341862,-30.489434,60.01392,0.616,-0.048329747345142136,0.6643297473451422
341863,-35.238079,69.6693,0.77,-0.2842445317670842,1.0542445317670843
341865,-32.490401,76.4369,0.97,-0.15380648313290762,1.1238064831329075
341867,-34.148754,71.32787,0.82,-0.22213618425778903,1.042136184257789
341868,-28.40879,74.7706,0.95,-0.16108101115448362,1.1110810111544835
341869,-10.838187,73.10274,0.952,0.2004195806668872,0.7515804193331128
342020,-57.744211,73.20341,0.559,0.04403196158877506,0.514968038411225
342022,-46.918179,69.03499,0.626,-0.013772857375758481,0.6397728573757585
342024,-42.607863,63.10589,0.556,-0.013654812678706307,0.5696548126787063
342026,-33.809058,67.40674,0.731,0.29771782018120707,0.4332821798187929
342027,-33.040348,64.34893,0.674,-0.1259992682525409,0.799999268252541
342028,-31.250335,68.80833,0.783,-0.16430980521452354,0.9473098052145236
342029,-26.243586,73.14813,0.919,-0.1779942291917109,1.096994229191711
342030,-31.334984,72.10937,0.861,-0.3820324599773598,1.2430324599773597
342031,-26.830878,75.80108,0.988,-0.36011042552869327,1.3481104255286933
342032,-29.183857,70.62003,0.839,-0.3190679733798408,1.1580679733798407
342033,-27.080099,74.04737,0.939,-0.40508097313671837,1.3440809731367183
342189,-45.8943,73.58833,0.753,-0.12875698114103537,0.8817569811410354
342190,-42.422,77.59313,0.91,-0.4732304103846367,1.3832304103846367
342191,-37.520973,67.8355,0.707,-0.15204028898459623,0.8590402889845962
342192,-35.837176,64.7638,0.659,-0.1622819170359966,0.8212819170359966
342193,-35.765764,67.99573,0.727,-0.1893387701058555,0.9163387701058555
342194,-35.556422,62.96334,0.627,-0.2320004950802243,0.8590004950802244
342195,-31.331272,70.83594,0.83,-0.09790363901594797,0.927903639015948
342196,-27.284296,76.39727,1.002,0.0009504893112357878,1.0010495106887642
342201,-21.343957,76.43771,1.028,-0.5102394968927445,1.5382394968927446
342204,-13.00005,68.03685,0.837,-0.15945944932688005,0.99645944932688
342206,-3.977533,71.38218,0.899,0.12836908103609102,0.770630918963909
342207,16.309086,71.92905,0.772,0.10687613175560111,0.665123868244399
342352,-56.527179,75.0231,0.63,-0.1936462107359243,0.8236462107359244
342353,-54.194375,71.81062,0.585,-0.12234377211983992,0.7073437721198399
342354,-54.422215,69.13294,0.517,-0.09626179550904067,0.6132617955090407
342355,-51.592187,66.10859,0.495,0.09905652581236676,0.3959434741876332
342356,-48.831467,71.82843,0.667,0.0037503910605134316,0.6632496089394866
342357,-46.927727,76.39493,0.818,-0.4106984140606469,1.2286984140606467
342358,-43.063292,63.12975,0.552,-0.019845357305197844,0.5718453573051979
342359,-40.343762,68.68549,0.697,-0.2143714499338991,0.9113714499338991
342360,-48.179228,71.92639,0.679,-0.23112938300652972,0.9101293830065298
342361,-48.146171,76.43471,0.803,-0.3569194317758439,1.159919431775844
342362,-53.031411,70.48043,0.571,-0.08268123540118934,0.6536812354011893
342689,-57.159025,70.8479,0.51,-0.18698786005326168,0.6969878600532617
342690,-45.32053,75.97926,0.827,-0.30152389016253106,1.128523890162531
342691,-47.968063,73.95824,0.735,-0.27975896119133725,1.0147589611913372
342692,-47.133587,77.37242,0.844,-0.45265413156809176,1.2966541315680917
342693,-40.980261,67.16501,0.657,-0.1474409162445655,0.8044409162445656
342695,-35.843578,71.04764,0.798,-0.4549101678397772,1.2529101678397772
342696,-29.148888,74.43138,0.937,-0.3059645565477866,1.2429645565477867
342697,-35.979384,77.41186,0.97,-0.628395863318005,1.598395863318005
342698,-29.158714,73.24592,0.905,-0.18164509117308023,1.0866450911730803
342699,-23.408007,69.82108,0.851,0.08439751427352403,0.7666024857264759
342850,-51.74905,73.58551,0.67,-0.3142350725947195,0.9842350725947195
342851,-46.341544,70.21528,0.661,-0.1289379724549917,0.7899379724549918
342852,-43.197963,76.98781,0.883,-0.4221750078276739,1.3051750078276738
342853,-45.538462,70.2294,0.672,-0.06719219637651846,0.7391921963765185
342854,-48.681098,74.19212,0.732,-0.33196425998366264,1.0639642599836625
342855,-44.374105,77.70288,0.89,-0.2690457280019479,1.159045728001948
342856,-41.453953,69.87572,0.713,-0.07863096186010445,0.7916309618601044
342857,-44.137793,73.0404,0.761,-0.11999195818254685,0.8809919581825468
342858,-43.220368,76.62867,0.872,-0.32803624146092847,1.2000362414609285
342859,-43.866212,71.3669,0.721,-0.095212988407791,0.816212988407791
343023,-45.937369,76.30315,0.829,-0.24436105143665085,1.0733610514366507
343024,-41.402889,72.02638,0.766,-0.31097880473068773,1.0769788047306879
343025,-42.993731,69.2874,0.681,-0.17714511195518892,0.8581451119551889
343026,-43.84396,72.03613,0.738,-0.28756896021745276,1.0255689602174527
343027,-41.584987,76.5819,0.889,-0.33738666217056174,1.2263866621705617
343028,-50.052439,72.42042,0.665,-0.2632468775409757,0.9282468775409758
343029,-50.092654,77.16989,0.796,-0.4682769804113065,1.2642769804113065
343030,-47.535586,70.72127,0.658,-0.1723080244683852,0.8303080244683853
343191,-37.148136,70.51937,0.773,-0.4982831358570711,1.271283135857071
343192,-35.404309,74.70594,0.898,-0.4717022870364386,1.3697022870364386
343194,-30.0169,70.47196,0.83,-0.30137102697598234,1.1313710269759822
343196,-28.117994,74.37446,0.942,-0.394398373644942,1.336398373644942
343201,-18.58833,73.83377,0.965,-0.48549226712763666,1.4504922671276366
343414,-26.788903,70.62514,0.854,-0.5053577019870754,1.3593577019870753
343415,-22.647469,76.34456,1.021,-0.369268437421771,1.3902684374217709
343416,-21.081101,73.21841,0.943,-0.4237973811341036,1.3667973811341034
343417,-28.014501,75.28876,0.967,-0.6491510819110575,1.6161510819110574
343419,-29.521653,73.8331,0.918,-0.5077916376472666,1.4257916376472668
343583,-45.696528,74.87565,0.791,-0.51140528038622,1.30240528038622
343585,-36.954963,71.68974,0.804,-0.23635305919675784,1.0403530591967578
343587,-37.805321,75.60296,0.901,-0.46571607301791756,1.3667160730179175
343588,-48.040445,74.70635,0.755,-0.3747898962022403,1.1297898962022404
344043,8.718567,73.17579,0.867,0.1836600640669224,0.6833399359330776
344045,13.692637,73.17563,0.823,0.1222894157078102,0.7007105842921898
344047,18.112568,75.95857,0.832,-0.65573235323743,1.4877323532374298
344051,36.48495,75.95703,0.551,-0.24125436918888205,0.7922543691888821
345336,-47.460485,72.21074,0.696,0.08904013741237965,0.6069598625876202
345346,-16.615184,73.37069,0.957,-0.04843056765680604,1.005430567656806
345644,-41.49104,75.95664,0.872,-0.14811359340723526,1.0201135934072352
345805,-46.53821,75.95579,0.811,0.7697933719048848,0.041206628095115216
345973,-46.023408,73.4423,0.748,-0.33802501389021944,1.0860250138902194
347031,-31.144964,75.23554,0.946,-0.6930863628397872,1.6390863628397871
347034,-2.261263,60.96687,0.699,0.2761428266243982,0.42285717337560175
347035,1.00714,32.25818,0.452,0.5868718634539828,-0.13487186345398278
347036,-1.44059,31.83289,0.453,-0.04657895220139935,0.49957895220139936
348379,-14.687988,3.73805,0.469,0.27171405649737945,0.19728594350262052
348386,9.205547,2.18979,0.431,0.021759384454901397,0.4092406155450986
348387,6.073226,0.9075,0.442,0.06849732760984975,0.3735026723901502
348388,4.702606,2.644,0.443,-0.04242725419953885,0.48542725419953886
348389,1.179027,-4.09199,0.461,-0.015288758432768166,0.4762887584327682
348391,2.774173,-3.19772,0.456,-0.042956812401896104,0.4989568124018961
348393,3.482147,6.94512,0.441,0.01211651968907998,0.42888348031092005
348395,-4.509995,8.04038,0.452,0.04228659130072679,0.4097134086992732
348397,-5.033767,17.87639,0.441,-0.10138814122158085,0.5423881412215809
348398,2.409057,16.27811,0.434,0.004581962605392575,0.42941803739460743
350392,1.785704,-2.15937,0.457,0.04383889751794914,0.4131611024820509
356210,27.664487,-2.13184,0.358,-0.011790486375248915,0.3697904863752489
356211,5.823304,11.62414,0.431,0.06238590819621744,0.3686140918037826
356213,-23.941085,-4.11491,0.503,0.059539083755404267,0.4434609162445957
356215,-16.643977,-8.35797,0.513,-0.05808795068119422,0.5710879506811942
356217,-13.509553,-13.39399,0.521,-0.09100244124512386,0.6120024412451239
356219,-8.856884,-12.85658,0.505,-0.07201191634767692,0.5770119163476769
356348,7.223631,-9.99135,0.445,-0.09317847931189839,0.5381784793118984
356349,-1.475145,-8.57762,0.475,0.10253423775891791,0.3724657622410821
356351,1.874315,-7.98542,0.463,-0.012697013527310437,0.4756970135273105
356354,5.198868,-5.53657,0.45,-0.03474557711935125,0.4847455771193513
356357,9.909612,0.08912,0.431,0.0006952694374464484,0.43030473056255353
356359,11.513017,0.26712,0.425,0.08762360074615064,0.3373763992538493
356361,-28.824424,-7.9179,0.527,0.14012824304979352,0.3868717569502065
356362,-1.664351,74.6635,0.966,0.2004547116750974,0.7655452883249025
356363,2.712926,74.66348,0.943,0.2110641897419145,0.7319358102580855
356367,-33.127684,32.3352,0.362,-0.09825934144181804,0.460259341441818
356368,-32.239945,33.16643,0.37,-0.13508591072486445,0.5050859107248644
356369,-4.678711,-13.79993,0.492,-0.047953749875333976,0.539953749875334
356499,5.981996,-10.31144,0.45,-0.00087515561530892,0.45087515561530894
356500,-3.694651,-8.38356,0.481,0.13190980835631375,0.34909019164368627
356502,2.159204,-8.55864,0.463,0.0347470051610477,0.4282529948389523
356504,5.920375,-1.78833,0.445,-0.0902664670889098,0.5352664670889098
356508,21.622427,-2.87752,0.386,-0.06573165455921444,0.45173165455921444
356509,13.621593,0.62513,0.417,0.026008232627498212,0.39099176737250174
356510,11.43981,-0.81621,0.426,0.028171707259258594,0.3978282927407414
356512,-27.687986,-7.9178,0.526,0.05874686726569963,0.4672531327343004
356513,-21.607348,-11.14251,0.534,0.03156262131013947,0.5024373786898606
356515,-14.881478,-2.93191,0.491,-0.04842041873110325,0.5394204187311032
356520,-16.567754,-13.92946,0.532,-0.008741719509498763,0.5407417195094988
356521,-8.262019,-17.0186,0.51,0.07957366032332838,0.43042633967667165
356522,-9.016076,-17.61495,0.514,-0.09802437239995218,0.6120243723999522
356523,-6.363455,-21.20687,0.505,-0.09012617142615141,0.5951261714261514
356661,-1.94905,-3.8229,0.469,0.0006940882378313484,0.4683059117621686
356663,7.577786,-5.35058,0.442,0.021471762554818877,0.42052823744518114
356666,7.478166,-1.29222,0.44,0.09610229206581822,0.3438977079341818
356668,14.021164,0.50408,0.416,0.024730014570139326,0.39126998542986063
356669,13.721088,4.24815,0.414,0.013910834818898779,0.4000891651811012
356670,-24.080697,-6.59787,0.516,0.034063341951438175,0.48193665804856184
356672,-17.583587,-2.9321,0.494,-0.08219364588945664,0.5761936458894567
356673,-14.570661,-9.67639,0.513,0.004410514109047116,0.5085894858909529
356674,-11.148672,-12.56649,0.512,-0.028326275940158747,0.5403262759401588
356676,-9.467725,-12.85659,0.507,-0.03430337422087602,0.541303374220876
356677,-6.593985,-14.75642,0.5,-0.19269017219791335,0.6926901721979133
356678,-7.402311,-15.41277,0.504,-0.1021470410162962,0.6061470410162962
356827,-16.446038,75.22844,1.005,-0.645448405979577,1.650448405979577
356828,-15.566108,74.048,0.975,-0.38385979719265256,1.3588597971926526
356838,-18.245204,32.3358,0.435,-0.16641934690909457,0.6014193469090946
356839,-21.760009,33.16685,0.425,-0.11579496418995107,0.5407949641899511
356968,9.499242,-8.1557,0.436,0.08093762900983832,0.3550623709901617
356969,14.401251,-11.36729,0.415,-0.13712193788160654,0.5521219378816065
356970,1.732281,-9.27192,0.465,0.011137182386476608,0.45386281761352343
356977,1.56852,10.3299,0.441,0.039907212643318424,0.4010927873566816
356980,-23.763407,-11.22778,0.539,0.14953477644471871,0.38946522355528135
356981,-20.481955,-2.61711,0.494,0.07153012705507102,0.422469872944929
356983,-16.040472,-13.12601,0.528,-0.06634759186082745,0.5943475918608274
356985,-29.823943,33.16651,0.385,0.06511701358459725,0.31988298641540275
356986,-31.825486,32.81544,0.372,-0.13826817249321227,0.5102681724932123
357116,7.475519,-9.27006,0.444,0.0876182547896717,0.3563817452103283
357117,8.456475,-8.71186,0.44,-0.2210070840930889,0.6610070840930888
357118,14.810422,-12.38378,0.412,-0.06085887762244922,0.4728588776224492
357119,0.762635,-6.51885,0.465,0.1163809153887066,0.34861908461129343
357122,8.062631,-2.1305,0.438,-0.040063607355665214,0.4780636073556652
357125,-4.265598,10.32989,0.448,0.05323992126688075,0.39476007873311925
357126,9.540301,1.3155,0.431,0.0559997753496774,0.37500022465032257
357128,-28.811144,-7.86587,0.526,0.12027577488408701,0.405724225115913
357130,-19.341987,-5.53906,0.506,-0.03287570565928879,0.5388757056592888
357132,-14.370917,-10.93992,0.517,-0.07760368186976593,0.594603681869766
357134,-9.005411,-13.1257,0.506,-0.07126962873782043,0.5772696287378204
357135,-7.561241,-13.79995,0.503,-0.0017964076741377548,0.5047964076741378
357136,-6.933963,-14.63737,0.502,0.038503994215730995,0.463496005784269
357283,19.046313,-7.98623,0.396,-0.0772979361020131,0.4732979361020131
357284,21.660561,-7.93747,0.384,0.018551445348848505,0.3654485546511515
357286,22.06133,-2.24835,0.384,-0.08795799990824325,0.4719579999082433
357300,-28.02741,33.16661,0.395,-0.23704134089818038,0.6320413408981804
357302,-30.572862,33.07645,0.38,-0.14034931660729558,0.5203493166072956
357430,0.441042,-25.56634,0.463,-0.20777471143058782,0.6707747114305879
357431,-3.804833,-17.96298,0.492,-0.09126081366277676,0.5832608136627767
357433,15.135195,-21.97284,0.39,-0.21273787199285518,0.6027378719928552
357436,2.495671,-0.87199,0.454,0.18672791112590598,0.26727208887409404
357444,19.180967,-1.36983,0.397,-0.12636358294971609,0.5233635829497161
357445,12.160031,11.9931,0.413,-0.03473578860605913,0.4477357886060591
357448,-17.990273,-2.61695,0.493,0.07144787296141102,0.42155212703858896
357449,-15.213945,-3.76921,0.494,0.05240796645515822,0.4415920335448418
357450,-11.221749,-6.88317,0.497,-0.022712850275901753,0.5197128502759017
357451,-10.687283,-11.30094,0.508,-0.05744822577617665,0.5654482257761767
357452,-9.069119,-14.35428,0.509,-0.08450333409824569,0.5935033340982457
357453,-7.494433,-14.0931,0.503,-0.015022328288690089,0.5180223282886901
357454,-4.052214,-14.66431,0.491,-0.049965367625100586,0.5409653676251006
357455,-7.001678,-14.64638,0.502,-0.09575143909871128,0.5977514390987113
357456,-3.578651,-17.82293,0.491,-0.07008566478320864,0.5610856647832086
357651,6.640516,-2.05143,0.443,-0.0019153769607384427,0.44491537696073846
357654,8.928048,-0.51002,0.434,0.05547318836236744,0.3785268116376326
357656,11.481234,8.10322,0.419,0.031247362994838126,0.3877526370051619
357657,-23.815854,-8.10744,0.523,0.07201572907540688,0.45098427092459314
357659,-16.646512,-5.88002,0.504,0.01191962754024908,0.49208037245975095
357660,-13.202314,-11.6992,0.516,-0.002539953231368618,0.5185399532313686
357662,-10.061798,-13.38983,0.51,-0.0016031700178250946,0.5116031700178251
357663,-10.039494,-14.66451,0.513,0.02103120726442508,0.4919687927355749
357664,-4.190119,-17.27862,0.493,-0.0400315964250824,0.5330315964250824
357665,-4.895621,-17.82296,0.496,-0.060425304583162066,0.5564253045831621
357666,-5.17282,-15.24962,0.496,-0.011976236221979986,0.50797623622198
357800,-37.879564,6.45905,0.417,0.06378440473226434,0.35321559526773566
357802,-17.763713,-1.36955,0.488,0.025996767124654253,0.4620032328753457
357803,-18.509775,0.45899,0.481,-0.04560351260223717,0.5266035126022371
357809,0.669544,3.49327,0.452,0.0028980350724256464,0.44910196492757437
357810,4.104251,2.22289,0.445,-0.03392678367702974,0.47892678367702973
357812,8.131255,9.86672,0.427,0.07300364061963202,0.353996359380368
357813,-30.430197,-8.29924,0.53,0.030665177276682568,0.4993348227233175
357815,-19.622615,-5.37302,0.506,0.05633800142224542,0.4496619985777546
357816,-15.04291,-8.94512,0.512,0.006818998356362184,0.5051810016436378
357817,-12.24823,-12.4675,0.515,0.0013863937646369285,0.5136136062353631
357818,-10.31657,-14.62343,0.514,-0.03187871782213917,0.5458787178221391
357819,-7.062352,-15.3727,0.503,-0.041338283806156846,0.5443382838061569
357820,-6.237061,-14.75638,0.499,0.029349126724426033,0.469650873275574
357822,-8.039957,-15.36177,0.507,-0.163316416213269,0.670316416213269
357954,-14.201323,0.26707,0.48,0.05984123457419629,0.4201587654258037
358103,-16.49131,4.27615,0.467,-0.0503013924217619,0.5173013924217619
358105,-10.610261,6.81201,0.459,-0.016907132698368715,0.4759071326983687
358106,-5.461654,11.44213,0.448,-0.0012308544217545217,0.44923085442175453
358107,-38.878845,-13.82085,0.58,0.07980597886885035,0.5001940211311496
358109,-34.875422,-11.44618,0.556,0.002861203728010749,0.5531387962719893
358111,-28.302666,-15.79143,0.574,-0.01998630480450843,0.5939863048045084
358114,-13.989624,-12.99583,0.522,-0.053718785869798884,0.5757187858697989
358116,-9.599485,-14.31926,0.511,0.014560694649238535,0.4964393053507615
358117,-8.072448,-15.37276,0.507,-0.09259920744349952,0.5995992074434995
358118,-4.875055,-18.55432,0.497,0.024802413274248467,0.4721975867257515
358119,-3.099267,-15.15454,0.487,-0.10577635734519536,0.5927763573451954
358120,-4.578958,-16.36118,0.494,-0.0715351917921263,0.5655351917921263
358121,-4.410498,-13.75489,0.491,-0.10256399571665076,0.5935639957166507
358254,-33.205395,11.99205,0.402,0.1216339929363343,0.2803660070636657
358256,-22.86951,8.65997,0.445,-0.009522012017575807,0.4545220120175758
358263,-47.139803,-4.11812,0.48,-0.017076283627458153,0.49707628362745815
358264,-37.991899,-11.44669,0.558,-0.049296173044780574,0.6072961730447807
358265,-24.289198,-19.48393,0.58,-0.056932197342737766,0.6369321973427378
358267,-24.328414,-10.19034,0.534,-0.003582069185818435,0.5375820691858184
358514,-38.873859,-8.53855,0.534,0.14516917593906,0.38883082406094005
358516,-61.099895,32.72509,0.073,-0.14905697183427052,0.22205697183427053
358517,-59.530747,32.72147,0.095,-0.01215277765623452,0.10715277765623452
358518,-68.425024,33.07659,-0.039,-0.040649831097661286,0.0016498310976612862
358525,35.660383,75.22687,0.554,-0.1452285718241617,0.6992285718241618
358675,-29.801007,-5.37401,0.511,0.029077597077935655,0.48192240292206434
358680,-34.674935,-15.68517,0.588,-0.05279800539480568,0.6407980053948057
358682,-31.848606,33.44151,0.373,-0.16925440422176752,0.5422544042217675
358684,-43.647369,33.9028,0.279,-0.17003434081017285,0.4490343408101729
358686,-37.166629,33.39919,0.335,-0.08017817855982398,0.415178178559824
359136,-51.464787,33.42085,0.196,-0.05093850938381954,0.24693850938381956
359270,16.027869,-8.57824,0.409,0.08014428422151017,0.3288557157784898
359293,37.283458,11.62228,0.294,-0.11405055461334132,0.4080505546133413
