EXPID,NIGHT,AIRMASS,SEEING,N_STARS,EPOCH
100712,20210917,1.2281,0.83,75,before
100713,20210917,1.2539,0.86,74,before
100951,20210919,1.8973,1.15,73,before
101156,20210921,1.0363,0.95,82,before
101157,20210921,1.0347,1.0,85,before
101160,20210921,1.2307,1.06,81,before
101161,20210921,1.2323,0.97,124,before
101162,20210921,1.1954,0.9,131,before
101163,20210921,1.2223,0.94,118,before
101165,20210921,1.0127,0.88,62,before
101167,20210921,1.0365,0.91,60,before
101168,20210921,1.0278,0.83,72,before
101170,20210921,1.1484,0.94,91,before
101171,20210921,1.2102,0.99,113,before
101172,20210921,1.1842,0.9,78,before
101173,20210921,1.3249,1.05,122,before
101174,20210921,1.4385,1.03,81,before
101179,20210921,1.5941,1.33,60,before
101181,20210921,1.6158,1.29,55,before
101183,20210921,1.4121,1.03,54,before
101185,20210921,1.422,1.12,62,before
101186,20210921,1.2709,1.0,59,before
101187,20210921,1.2876,1.01,55,before
101413,20210923,1.057,1.54,81,before
101414,20210923,1.0339,1.27,84,before
101415,20210923,1.2428,1.24,135,before
101416,20210923,1.2244,1.25,115,before
101417,20210923,1.2567,1.25,122,before
101418,20210923,1.2741,1.3,139,before
101419,20210923,1.2036,1.27,123,before
101420,20210923,1.2307,1.45,79,before
101421,20210923,1.2166,,79,before
101422,20210923,1.1869,1.12,62,before
101423,20210923,1.2288,1.0,92,before
101424,20210923,1.1946,1.0,86,before
101425,20210923,1.1587,1.1,80,before
101426,20210923,1.1639,1.04,68,before
101427,20210923,1.1704,0.99,74,before
101428,20210923,1.217,0.92,80,before
101429,20210923,1.3894,1.08,90,before
101430,20210923,1.4079,,92,before
101431,20210923,1.3618,0.97,83,before
101432,20210923,1.1073,0.93,61,before
101433,20210923,1.2727,0.94,65,before
101434,20210923,1.6068,0.99,65,before
101438,20210923,1.3632,0.92,53,before
101440,20210923,1.3462,,46,before
101876,20210926,1.2107,1.09,141,before
101877,20210926,1.2047,1.31,86,before
101878,20210926,1.1839,1.21,81,before
101879,20210926,1.1778,0.96,90,before
101880,20210926,1.1881,1.15,89,before
101881,20210926,1.1709,1.22,84,before
101882,20210926,1.167,,84,before
101883,20210926,1.1745,1.45,88,before
101884,20210926,1.1807,1.4,95,before
101885,20210926,1.1653,1.48,72,before
101886,20210926,1.2206,1.25,83,before
101887,20210926,1.1909,1.28,69,before
101888,20210926,1.1216,1.07,84,before
101889,20210926,1.0126,0.96,55,before
101890,20210926,1.1756,1.02,79,before
101891,20210926,1.1878,,79,before
101977,20210927,1.2013,1.08,81,before
101978,20210927,1.1855,1.04,82,before
101979,20210927,1.1803,0.92,91,before
101980,20210927,1.1747,0.79,81,before
101981,20210927,1.1717,0.83,80,before
101985,20210927,1.1834,0.86,61,before
101986,20210927,1.2158,0.75,67,before
101987,20210927,1.2458,0.88,71,before
101988,20210927,1.1792,1.0,66,before
101989,20210927,1.2282,0.96,57,before
101990,20210927,1.1955,0.9,73,before
101991,20210927,1.2487,1.06,57,before
101993,20210927,1.2236,1.19,62,before
101994,20210927,1.2163,0.9,65,before
101995,20210927,1.2532,0.97,62,before
102080,20210928,1.189,1.55,119,before
102081,20210928,1.2165,1.0,69,before
102082,20210928,1.1831,1.16,154,before
102083,20210928,1.2141,1.54,181,before
102084,20210928,1.1923,1.51,151,before
102085,20210928,1.1916,1.45,143,before
102086,20210928,1.1563,1.02,100,before
102087,20210928,1.1906,1.09,95,before
102088,20210928,1.1999,1.33,84,before
102089,20210928,1.1879,,83,before
102090,20210928,1.187,,83,before
102091,20210928,1.1673,1.5,114,before
102097,20210928,1.2071,1.11,65,before
102098,20210928,1.1909,1.33,66,before
102099,20210928,1.1931,1.2,67,before
102100,20210928,1.2105,,67,before
102103,20210928,1.1819,1.16,60,before
102104,20210928,1.1923,,59,before
102105,20210928,1.2314,1.1,59,before
102106,20210928,1.2906,,59,before
102107,20210928,1.3727,0.94,60,before
102108,20210928,1.4742,,60,before
102496,20210930,1.2263,1.12,72,before
102497,20210930,1.278,1.08,70,before
102498,20210930,1.1892,1.1,81,before
102499,20210930,1.1947,1.05,86,before
102500,20210930,1.1928,1.2,85,before
102501,20210930,1.2054,0.97,79,before
102502,20210930,1.1949,1.08,77,before
102503,20210930,1.198,0.96,74,before
102504,20210930,1.1778,1.08,79,before
102505,20210930,1.2054,1.04,75,before
102507,20210930,1.2382,0.87,54,before
102585,20211001,1.0317,1.76,69,before
102586,20211001,1.2268,1.87,121,before
102587,20211001,1.2542,1.62,87,before
102588,20211001,1.2049,1.68,168,before
102589,20211001,1.2355,2.26,165,before
102590,20211001,1.2402,1.5,168,before
102591,20211001,1.1809,1.12,158,before
102592,20211001,1.1984,0.96,79,before
102593,20211001,1.1927,0.88,83,before
102594,20211001,1.1889,0.88,88,before
102595,20211001,1.1905,0.86,85,before
102596,20211001,1.1954,0.91,84,before
102597,20211001,1.1771,0.88,82,before
102598,20211001,1.1481,1.04,77,before
102599,20211001,1.1526,0.88,75,before
102600,20211001,1.1818,0.88,79,before
102601,20211001,1.1877,0.85,77,before
102602,20211001,1.1722,0.87,77,before
102603,20211001,1.2121,0.9,84,before
102604,20211001,1.1477,0.81,82,before
102605,20211001,1.1918,0.95,81,before
102606,20211001,1.1898,0.89,84,before
102607,20211001,1.199,0.87,79,before
102608,20211001,1.1854,0.79,83,before
102609,20211001,1.1875,0.82,86,before
102610,20211001,1.2002,0.79,78,before
102611,20211001,1.1752,0.82,75,before
102612,20211001,1.2417,0.78,82,before
102614,20211001,1.2133,0.85,68,before
102615,20211001,1.2155,0.9,82,before
102616,20211001,1.2055,0.88,84,before
102617,20211001,1.1819,0.85,83,before
102618,20211001,1.172,0.79,78,before
102619,20211001,1.2213,0.8,87,before
102620,20211001,1.2662,0.85,81,before
102699,20211002,1.0367,1.1,86,before
102700,20211002,1.2133,1.38,112,before
102701,20211002,1.1937,1.17,84,before
102702,20211002,1.2095,1.1,82,before
102703,20211002,1.1989,0.96,85,before
102704,20211002,1.1582,0.99,91,before
102705,20211002,1.1721,1.0,84,before
102706,20211002,1.1749,0.97,84,before
102707,20211002,1.1742,0.95,82,before
102708,20211002,1.1908,0.98,83,before
102709,20211002,1.1581,0.96,88,before
102710,20211002,1.1787,0.94,82,before
102711,20211002,1.151,1.0,77,before
102712,20211002,1.1606,1.09,81,before
102713,20211002,1.2038,0.92,82,before
102714,20211002,1.2304,1.1,75,before
102715,20211002,1.1775,1.03,80,before
102716,20211002,1.1993,1.19,86,before
102717,20211002,1.1871,1.06,80,before
102718,20211002,1.1933,1.06,80,before
102719,20211002,1.2112,,80,before
102720,20211002,1.1955,0.98,83,before
102721,20211002,1.2129,1.2,73,before
102723,20211002,1.2156,1.05,65,before
102724,20211002,1.1865,0.99,76,before
102726,20211002,1.2028,1.01,60,before
102727,20211002,1.2716,1.04,72,before
102810,20211003,1.0868,,74,before
102811,20211003,1.1123,,74,before
102813,20211003,1.2034,,136,before
102814,20211003,1.0092,0.88,84,before
102815,20211003,1.1912,0.92,90,before
102816,20211003,1.1419,0.91,64,before
102817,20211003,1.1473,,63,before
102818,20211003,1.1969,0.82,107,before
102819,20211003,1.1953,1.05,88,before
102822,20211003,1.0105,,54,before
102823,20211003,1.0226,,55,before
102824,20211003,1.0292,0.9,54,before
102826,20211003,1.3087,1.05,67,before
102827,20211003,1.1543,1.03,78,before
102828,20211003,1.2243,0.96,75,before
102830,20211003,1.2704,1.27,64,before
102831,20211003,1.2042,0.99,80,before
102832,20211003,1.1776,1.11,80,before
103119,20211005,1.1519,1.35,98,before
103120,20211005,1.1697,1.23,87,before
103121,20211005,1.162,,87,before
103122,20211005,1.1987,1.27,87,before
103123,20211005,1.1951,1.24,83,before
103124,20211005,1.1896,,82,before
103125,20211005,1.1953,,81,before
103126,20211005,1.1552,1.03,89,before
103128,20211005,1.1722,,81,before
103129,20211005,1.1871,1.81,81,before
103130,20211005,1.1881,1.21,72,before
103131,20211005,1.1606,1.07,84,before
103132,20211005,1.1711,,84,before
103133,20211005,1.1854,1.39,82,before
103134,20211005,1.1947,,80,before
103135,20211005,1.1787,1.16,82,before
103136,20211005,1.2387,0.95,76,before
103137,20211005,1.2113,1.02,82,before
103138,20211005,1.1669,0.87,79,before
103139,20211005,1.2317,0.87,81,before
103140,20211005,1.1745,0.84,84,before
103141,20211005,1.1743,0.82,79,before
103142,20211005,1.222,0.87,81,before
103143,20211005,1.2053,0.85,77,before
103144,20211005,1.1778,0.85,79,before
103146,20211005,1.2531,0.89,82,before
103147,20211005,1.2135,0.81,76,before
103148,20211005,1.1419,0.82,81,before
103149,20211005,1.1735,0.8,81,before
103150,20211005,1.131,0.79,53,before
103230,20211006,1.2332,0.95,131,before
103231,20211006,1.1766,0.91,84,before
103232,20211006,1.2022,0.82,89,before
103233,20211006,1.1823,0.82,81,before
103234,20211006,1.1698,0.88,86,before
103235,20211006,1.1601,0.91,85,before
103236,20211006,1.1711,1.08,87,before
103237,20211006,1.1694,1.01,84,before
103238,20211006,1.1969,1.01,84,before
103239,20211006,1.1592,1.0,81,before
103240,20211006,1.1661,0.96,80,before
103241,20211006,1.2121,0.9,70,before
103242,20211006,1.2181,,72,before
103243,20211006,1.1888,0.97,69,before
103244,20211006,1.1687,0.96,81,before
103246,20211006,1.1782,0.98,75,before
103247,20211006,1.1518,0.89,80,before
103248,20211006,1.1932,0.84,86,before
103249,20211006,1.2016,0.88,80,before
103250,20211006,1.1882,0.94,82,before
103332,20211007,1.2361,0.97,77,before
103333,20211007,1.1826,1.03,86,before
103334,20211007,1.1553,0.95,86,before
103335,20211007,1.2245,1.03,80,before
103336,20211007,1.246,,80,before
103337,20211007,1.1801,1.08,83,before
103338,20211007,1.2156,0.95,83,before
103339,20211007,1.1589,1.1,85,before
103340,20211007,1.1853,,85,before
103341,20211007,1.2362,1.09,75,before
103342,20211007,1.1868,1.16,83,before
103343,20211007,1.2107,,83,before
103346,20211007,1.1979,,62,before
103424,20211008,1.1815,0.96,144,before
103425,20211008,1.2002,0.98,149,before
103426,20211008,1.1544,1.0,85,before
103427,20211008,1.1885,0.95,86,before
103428,20211008,1.1576,1.02,84,before
103429,20211008,1.1508,1.03,87,before
103430,20211008,1.1521,0.92,80,before
103431,20211008,1.1803,0.91,82,before
103432,20211008,1.2069,0.94,86,before
103433,20211008,1.1683,1.01,83,before
103434,20211008,1.1673,1.08,86,before
103435,20211008,1.1644,1.02,80,before
103436,20211008,1.2098,0.88,83,before
103437,20211008,1.1779,0.92,85,before
103438,20211008,1.1835,1.15,86,before
103439,20211008,1.2263,0.92,77,before
103440,20211008,1.1781,0.92,77,before
103441,20211008,1.1446,0.88,81,before
103442,20211008,1.1883,0.95,86,before
103443,20211008,1.199,0.91,83,before
103444,20211008,1.2109,0.9,76,before
103445,20211008,1.1865,0.88,76,before
103446,20211008,1.2496,0.91,83,before
103447,20211008,1.1985,0.87,71,before
103448,20211008,1.1784,0.94,81,before
103449,20211008,1.1737,1.06,81,before
103450,20211008,1.2071,0.93,82,before
103451,20211008,1.1776,1.06,78,before
103452,20211008,1.1953,1.25,79,before
103453,20211008,1.2401,1.12,82,before
103454,20211008,1.1632,1.22,78,before
103455,20211008,1.1214,,80,before
103456,20211008,1.122,1.11,66,before
103534,20211009,1.2827,1.5,103,before
103535,20211009,1.2258,1.22,152,before
103536,20211009,1.2093,1.25,82,before
103537,20211009,1.1932,,81,before
103538,20211009,1.1474,1.16,85,before
103539,20211009,1.1559,1.23,87,before
103540,20211009,1.1625,1.19,81,before
103541,20211009,1.1635,1.03,82,before
103542,20211009,1.1747,1.47,81,before
103543,20211009,1.1739,,81,before
103544,20211009,1.1399,1.35,77,before
103545,20211009,1.1432,,78,before
103546,20211009,1.1455,1.95,75,before
103551,20211009,1.1936,2.01,75,before
103552,20211009,1.2072,1.98,84,before
103553,20211009,1.2147,1.83,81,before
103554,20211009,1.1905,2.32,63,before
103555,20211009,1.2134,1.81,80,before
103556,20211009,1.2234,2.15,73,before
103557,20211009,1.2308,1.77,78,before
103558,20211009,1.1945,1.79,79,before
103559,20211009,1.216,2.05,65,before
103560,20211009,1.2771,1.73,78,before
103561,20211009,1.2217,1.61,87,before
103562,20211009,1.2481,,86,before
103564,20211009,1.205,1.37,86,before
103565,20211009,1.1523,,84,before
103566,20211009,1.2801,1.61,80,before
103658,20211010,1.132,0.91,104,before
103659,20211010,1.1612,0.85,85,before
103660,20211010,1.114,1.19,75,before
103661,20211010,1.1954,1.15,85,before
103662,20211010,1.1647,1.14,80,before
103663,20211010,1.2018,0.91,84,before
103664,20211010,1.2012,0.99,80,before
103665,20211010,1.1366,1.07,87,before
103666,20211010,1.1353,0.99,82,before
103667,20211010,1.1447,1.05,75,before
103668,20211010,1.1932,0.9,83,before
103669,20211010,1.1403,0.98,81,before
103670,20211010,1.1178,1.0,76,before
103671,20211010,1.1135,0.97,79,before
103672,20211010,1.1595,0.9,80,before
103673,20211010,1.1472,1.13,82,before
103674,20211010,1.1467,0.98,75,before
103675,20211010,1.1402,1.09,77,before
103676,20211010,1.1203,1.05,77,before
103677,20211010,1.1275,0.98,73,before
103678,20211010,1.1454,0.86,76,before
103679,20211010,1.1353,0.89,77,before
103680,20211010,1.1708,1.12,80,before
103681,20211010,1.2199,0.99,71,before
103682,20211010,1.2016,0.86,70,before
103683,20211010,1.1852,0.87,82,before
103684,20211010,1.1928,1.05,83,before
103685,20211010,1.1072,0.87,73,before
103686,20211010,1.1549,0.87,74,before
103687,20211010,1.1563,1.02,79,before
103688,20211010,1.1135,,79,before
104096,20211013,1.1709,1.08,56,before
104097,20211013,1.1143,1.06,61,before
104098,20211013,1.116,1.24,75,before
104099,20211013,1.1182,1.3,68,before
104100,20211013,1.1159,1.35,66,before
104101,20211013,1.0646,1.31,60,before
104102,20211013,1.0716,0.99,84,before
104103,20211013,1.0435,0.97,77,before
104104,20211013,1.0333,,78,before
104105,20211013,1.0503,1.14,78,before
104106,20211013,1.047,,78,before
104107,20211013,1.1005,0.96,86,before
104108,20211013,1.1009,,86,before
104109,20211013,1.1144,0.97,75,before
104110,20211013,1.1162,,78,before
104111,20211013,1.1089,0.92,80,before
104112,20211013,1.1203,,81,before
104113,20211013,1.087,0.99,85,before
104114,20211013,1.1156,1.08,70,before
104115,20211013,1.1052,1.32,76,before
104116,20211013,1.1151,0.98,82,before
104117,20211013,1.0944,0.92,75,before
104118,20211013,1.1039,1.02,78,before
104119,20211013,1.1155,0.99,77,before
104120,20211013,1.2479,1.2,78,before
104121,20211013,1.2674,0.9,78,before
104122,20211013,1.2514,0.99,76,before
104123,20211013,1.25,1.08,65,before
104124,20211013,1.1213,1.13,82,before
104125,20211013,1.1534,1.15,80,before
104126,20211013,1.2375,1.01,80,before
104256,20211014,1.4547,1.11,64,before
104257,20211014,1.1785,0.9,62,before
104258,20211014,1.1869,0.91,90,before
104259,20211014,1.2028,,90,before
104260,20211014,1.0252,0.91,77,before
104261,20211014,1.0115,,80,before
104262,20211014,1.0071,0.89,89,before
104263,20211014,1.0015,,86,before
104264,20211014,1.0172,0.97,81,before
104265,20211014,1.0116,,76,before
104266,20211014,1.0138,,76,before
104267,20211014,1.0191,0.85,61,before
104268,20211014,1.0238,0.95,55,before
104269,20211014,1.0415,0.97,62,before
104270,20211014,1.0292,0.93,48,before
104271,20211014,1.0649,0.92,61,before
104272,20211014,1.1005,1.26,69,before
104273,20211014,1.076,0.99,62,before
104274,20211014,1.1486,1.26,73,before
104275,20211014,1.1218,1.06,64,before
104276,20211014,1.1285,0.99,64,before
104277,20211014,1.0745,1.02,78,before
104278,20211014,1.0837,,76,before
104279,20211014,1.098,,78,before
104280,20211014,1.1669,1.35,62,before
104281,20211014,1.2714,1.48,80,before
104282,20211014,1.2958,,75,before
104284,20211014,1.2896,2.48,77,before
104285,20211014,1.3251,,73,before
104286,20211014,1.2666,1.39,75,before
104287,20211014,1.2746,,74,before
104289,20211014,1.3292,,72,before
104290,20211014,1.1906,1.55,66,before
104291,20211014,1.2171,1.63,57,before
104391,20211015,1.3276,1.83,61,before
104392,20211015,1.2401,1.41,63,before
104393,20211015,1.1841,,62,before
104394,20211015,1.179,1.14,63,before
104395,20211015,1.1712,1.02,67,before
104396,20211015,1.1642,1.01,59,before
104397,20211015,1.1365,1.27,57,before
104398,20211015,1.1485,1.09,63,before
104399,20211015,1.0946,1.3,69,before
104400,20211015,1.0898,1.28,66,before
104401,20211015,1.061,1.19,72,before
104402,20211015,1.0667,1.28,63,before
104403,20211015,1.0356,1.11,69,before
104404,20211015,1.0495,1.0,65,before
104405,20211015,1.0248,1.02,84,before
104406,20211015,1.0249,1.07,70,before
104407,20211015,1.033,1.0,69,before
104408,20211015,1.0035,0.95,66,before
104409,20211015,1.0402,0.95,73,before
104410,20211015,1.056,0.95,74,before
104411,20211015,1.0261,1.13,76,before
104412,20211015,1.0785,1.3,70,before
104413,20211015,1.0469,1.16,75,before
104414,20211015,1.0897,1.12,76,before
104415,20211015,1.1161,1.37,69,before
104416,20211015,1.1624,1.29,64,before
104417,20211015,1.1447,1.3,62,before
104418,20211015,1.1636,1.8,75,before
104429,20211015,1.2678,1.28,69,before
104430,20211015,1.2643,1.23,93,before
104431,20211015,1.2576,0.96,95,before
104538,20211016,1.0621,1.15,61,before
104539,20211016,1.0583,1.05,75,before
104540,20211016,1.0231,1.04,68,before
104541,20211016,1.0224,1.04,65,before
104542,20211016,1.0282,1.01,67,before
104543,20211016,1.0042,0.98,66,before
104544,20211016,1.0093,1.13,59,before
104545,20211016,1.0154,1.73,69,before
104546,20211016,1.0264,1.16,68,before
104547,20211016,1.069,1.04,72,before
104548,20211016,1.0685,0.95,67,before
104549,20211016,1.1227,0.9,68,before
104550,20211016,1.1708,0.9,65,before
104551,20211016,1.1794,0.86,69,before
104552,20211016,1.2313,0.89,75,before
104553,20211016,1.2862,0.98,92,before
104554,20211016,1.2887,,92,before
104555,20211016,1.3359,1.08,85,before
104556,20211016,1.1528,0.83,82,before
104557,20211016,1.1431,0.87,84,before
104558,20211016,1.141,0.91,87,before
104559,20211016,1.0967,,87,before
104560,20211016,1.1511,0.91,85,before
105194,20211019,1.2721,1.26,111,before
105195,20211019,1.265,,102,before
105196,20211019,1.1698,1.05,89,before
105217,20211019,1.082,0.79,57,before
105218,20211019,1.214,0.8,64,before
105219,20211019,1.2677,0.79,63,before
105221,20211019,1.6071,0.81,59,before
105222,20211019,1.4982,0.84,69,before
105223,20211019,1.4338,0.72,57,before
105224,20211019,1.2974,0.86,67,before
105225,20211019,1.5393,0.9,67,before
105226,20211019,1.5571,,68,before
105227,20211019,1.4016,0.84,56,before
105228,20211019,1.3258,0.84,68,before
105373,20211020,1.1279,0.99,81,before
105374,20211020,1.0679,0.98,77,before
105375,20211020,1.1311,0.89,83,before
105376,20211020,1.0888,0.97,79,before
105377,20211020,1.117,1.08,79,before
105378,20211020,1.1394,0.92,86,before
105379,20211020,1.1164,0.95,65,before
105380,20211020,1.1292,0.99,74,before
105381,20211020,1.1332,,75,before
105382,20211020,1.1298,1.06,87,before
105383,20211020,1.1394,,85,before
105385,20211020,1.2922,1.1,66,before
105386,20211020,1.3063,,66,before
105387,20211020,1.4258,1.08,77,before
105388,20211020,1.4667,,73,before
105389,20211020,1.1209,0.96,69,before
105390,20211020,1.318,1.02,66,before
105391,20211020,1.4158,,66,before
105392,20211020,1.4826,0.98,49,before
105393,20211020,1.4359,,52,before
105396,20211020,1.2444,0.91,82,before
105397,20211020,1.2034,0.87,75,before
105398,20211020,1.1753,0.85,78,before
105399,20211020,1.1443,0.87,59,before
105400,20211020,1.1275,0.86,65,before
105401,20211020,1.1037,0.85,77,before
105402,20211020,1.101,0.86,61,before
105403,20211020,1.1171,0.99,67,before
105404,20211020,1.2474,1.03,65,before
105405,20211020,1.2913,1.01,73,before
105406,20211020,1.3295,0.87,80,before
105495,20211021,1.2947,1.57,75,before
105496,20211021,1.2812,,76,before
105497,20211021,1.2856,1.54,85,before
105498,20211021,1.2679,,88,before
105499,20211021,1.2757,1.4,87,before
105500,20211021,1.2769,1.01,73,before
105501,20211021,1.2712,1.04,86,before
105502,20211021,1.2471,1.15,72,before
105503,20211021,1.3044,1.0,77,before
105504,20211021,1.3779,0.99,84,before
105505,20211021,1.2294,1.01,74,before
105506,20211021,1.3018,1.01,84,before
105507,20211021,1.1961,1.07,67,before
105509,20211021,1.3484,1.48,80,before
105510,20211021,1.2337,0.96,67,before
105511,20211021,1.4258,1.14,74,before
105516,20211021,1.4931,1.0,58,before
105517,20211021,1.2867,0.94,67,before
105518,20211021,1.236,0.85,64,before
105519,20211021,1.1732,0.99,70,before
105520,20211021,1.1487,0.95,61,before
105521,20211021,1.1169,1.07,61,before
105522,20211021,1.1059,0.85,61,before
105523,20211021,1.0768,0.89,65,before
105524,20211021,1.1053,0.94,69,before
105525,20211021,1.1482,1.0,68,before
105526,20211021,1.1302,0.94,71,before
105527,20211021,1.1483,0.99,63,before
105663,20211022,1.0023,,77,before
105666,20211022,1.0122,1.55,96,before
105669,20211022,1.1197,1.94,85,before
105670,20211022,1.1971,,80,before
105671,20211022,1.3033,,85,before
105672,20211022,1.4806,1.39,73,before
105673,20211022,1.5239,,72,before
105674,20211022,1.6768,1.34,68,before
105675,20211022,1.7634,,65,before
105676,20211022,1.4019,1.31,65,before
105677,20211022,1.3805,0.92,56,before
105678,20211022,1.4,0.88,53,before
105679,20211022,1.4907,0.95,51,before
105680,20211022,1.4265,1.4,59,before
105681,20211022,1.3402,0.82,58,before
105682,20211022,1.2623,0.94,58,before
105685,20211022,1.1538,0.92,68,before
105686,20211022,1.0938,0.92,66,before
105687,20211022,1.0803,0.92,64,before
105766,20211023,1.1125,0.95,83,before
105767,20211023,1.1339,1.06,91,before
105768,20211023,1.129,,90,before
105769,20211023,1.1305,,90,before
105770,20211023,1.2708,1.01,77,before
105771,20211023,1.3364,1.19,86,before
105772,20211023,1.3244,1.44,85,before
105773,20211023,1.3853,,84,before
105774,20211023,1.4504,,85,before
105775,20211023,1.4902,1.2,69,before
105791,20211023,1.2121,1.15,74,before
105792,20211023,1.3398,1.28,111,before
105793,20211023,1.4472,1.45,91,before
105794,20211023,1.4644,1.35,73,before
105800,20211023,1.5596,1.29,69,before
105801,20211023,1.5107,,67,before
105802,20211023,1.5444,1.21,67,before
105803,20211023,1.3663,0.99,70,before
105804,20211023,1.2485,0.98,65,before
105805,20211023,1.2071,1.09,55,before
105806,20211023,1.1597,1.06,69,before
105807,20211023,1.1243,1.08,64,before
105808,20211023,1.0998,1.12,74,before
105810,20211023,1.0849,0.99,59,before
105811,20211023,1.0759,1.17,79,before
105891,20211024,1.2777,2.18,95,before
105892,20211024,1.3409,1.12,124,before
105893,20211024,1.2504,1.22,94,before
105894,20211024,1.2264,0.91,96,before
105895,20211024,1.0284,0.91,92,before
105896,20211024,1.0306,0.99,90,before
105897,20211024,1.0249,0.98,88,before
105898,20211024,1.0104,,82,before
105914,20211024,1.0176,1.24,67,before
105915,20211024,1.1733,0.89,79,before
105916,20211024,1.267,1.09,91,before
105917,20211024,1.2789,,90,before
105918,20211024,1.2464,0.96,90,before
105919,20211024,1.2704,,89,before
105921,20211024,1.2866,1.48,75,before
105922,20211024,1.387,1.49,61,before
105923,20211024,1.2905,1.09,71,before
105924,20211024,1.3074,1.12,74,before
105925,20211024,1.4079,1.23,75,before
105926,20211024,1.4627,1.02,79,before
105927,20211024,1.6053,1.07,75,before
105928,20211024,1.6706,,76,before
105931,20211024,1.5068,1.08,57,before
105932,20211024,1.4442,1.41,67,before
105933,20211024,1.4383,1.2,76,before
106012,20211025,1.0856,1.63,80,before
106014,20211025,1.1894,1.18,73,before
106015,20211025,1.2568,1.53,92,before
106016,20211025,1.2798,,94,before
106017,20211025,1.3089,,94,before
106019,20211025,1.3655,1.62,86,before
106020,20211025,1.4738,1.67,78,before
106201,20211026,1.084,2.24,58,before
106205,20211026,1.0899,1.79,55,before
106208,20211026,1.0415,2.74,61,before
106209,20211026,1.0958,2.28,66,before
106210,20211026,1.0936,2.29,54,before
106225,20211026,1.0952,2.04,65,before
106226,20211026,1.1588,1.96,58,before
106227,20211026,1.1338,1.63,82,before
106228,20211026,1.1009,1.86,72,before
106229,20211026,1.1164,1.47,66,before
106230,20211026,1.1527,,67,before
106231,20211026,1.154,2.19,74,before
106232,20211026,1.177,,73,before
106233,20211026,1.2499,2.2,57,before
106234,20211026,1.2717,,58,before
106235,20211026,1.5389,2.02,77,before
106236,20211026,1.58,,76,before
106237,20211026,1.6258,1.68,75,before
106238,20211026,1.7386,,75,before
106239,20211026,1.4603,1.31,66,before
106240,20211026,1.5322,1.13,65,before
106241,20211026,1.4811,1.13,75,before
106321,20211027,1.3571,1.04,81,before
106322,20211027,1.2724,1.09,94,before
106323,20211027,1.3038,1.12,95,before
106324,20211027,1.2433,0.99,90,before
106325,20211027,1.2525,0.95,90,before
106328,20211027,1.1295,1.33,92,before
106329,20211027,1.2542,0.92,93,before
106330,20211027,1.2603,0.95,89,before
106331,20211027,1.2385,1.1,91,before
106332,20211027,1.2482,1.1,91,before
106333,20211027,1.2828,1.2,81,before
106334,20211027,1.2815,1.0,79,before
106335,20211027,1.3188,1.14,82,before
106336,20211027,1.2842,1.06,86,before
106337,20211027,1.2922,1.0,82,before
106338,20211027,1.3475,1.03,88,before
106339,20211027,1.3791,,88,before
106340,20211027,1.2815,1.07,89,before
106341,20211027,1.3303,,89,before
106342,20211027,1.3716,1.0,85,before
106343,20211027,1.3853,,78,before
106344,20211027,1.4661,1.25,84,before
106345,20211027,1.5545,,84,before
106346,20211027,1.6184,1.0,78,before
106439,20211028,1.394,1.31,73,before
106440,20211028,1.3094,1.65,90,before
106441,20211028,1.3049,,90,before
106442,20211028,1.3112,1.43,93,before
106443,20211028,1.2584,0.97,89,before
106444,20211028,1.2616,0.94,95,before
106445,20211028,1.2979,0.95,90,before
106446,20211028,1.3272,0.95,88,before
106448,20211028,1.3101,1.06,86,before
106449,20211028,1.3233,1.11,84,before
106450,20211028,1.3186,1.09,87,before
106451,20211028,1.3418,1.11,89,before
106452,20211028,1.3259,1.25,89,before
106453,20211028,1.3448,1.13,86,before
106454,20211028,1.3829,1.14,80,before
106455,20211028,1.334,1.1,89,before
106456,20211028,1.3322,0.96,84,before
106457,20211028,1.2938,1.06,87,before
106458,20211028,1.3156,0.94,81,before
106459,20211028,1.4494,0.93,85,before
106460,20211028,1.5216,0.92,87,before
106461,20211028,1.3947,0.92,86,before
106462,20211028,1.375,,85,before
106463,20211028,1.4291,0.97,79,before
106464,20211028,1.3569,1.13,74,before
106465,20211028,1.4608,0.85,73,before
106582,20211029,1.3985,1.41,88,before
106583,20211029,1.3429,1.35,93,before
106584,20211029,1.3213,1.49,96,before
106585,20211029,1.302,,91,before
106590,20211029,1.3453,1.08,86,before
106591,20211029,1.3756,1.03,92,before
106592,20211029,1.3875,0.94,84,before
106593,20211029,1.3171,1.13,89,before
106594,20211029,1.3783,1.2,92,before
106595,20211029,1.3693,1.1,82,before
106596,20211029,1.3856,0.89,88,before
106597,20211029,1.4059,0.82,89,before
106598,20211029,1.4033,0.9,89,before
106599,20211029,1.4212,0.88,93,before
106600,20211029,1.4408,1.0,85,before
106601,20211029,1.4645,1.09,84,before
106602,20211029,1.4677,1.2,86,before
106606,20211029,1.5419,1.1,87,before
106607,20211029,1.3488,1.18,82,before
106608,20211029,1.2677,1.05,92,before
106609,20211029,1.2854,,91,before
106610,20211029,1.3594,1.14,93,before
106611,20211029,1.1002,0.95,89,before
106612,20211029,1.2557,0.91,67,before
106613,20211029,1.2716,1.07,83,before
106614,20211029,1.3042,0.92,81,before
106615,20211029,1.4865,1.01,75,before
106616,20211029,1.3082,0.98,77,before
106617,20211029,1.2467,0.8,67,before
106618,20211029,1.3175,0.84,61,before
106736,20211030,1.1023,1.33,66,before
106737,20211030,1.0771,1.32,78,before
106738,20211030,1.0574,1.51,79,before
106739,20211030,1.0814,1.09,91,before
106740,20211030,1.1232,1.17,85,before
106741,20211030,1.1233,0.94,85,before
106742,20211030,1.1243,1.04,88,before
106743,20211030,1.0998,1.16,91,before
106744,20211030,1.0805,0.9,86,before
106745,20211030,1.1041,1.18,92,before
106746,20211030,1.1098,0.9,90,before
106747,20211030,1.0913,0.9,95,before
106748,20211030,1.087,0.95,89,before
106749,20211030,1.0853,1.05,88,before
106750,20211030,1.0711,1.22,87,before
106751,20211030,1.0824,0.95,88,before
106752,20211030,1.0697,0.94,92,before
106753,20211030,1.0818,0.87,85,before
106754,20211030,1.0746,1.03,82,before
106755,20211030,1.0737,0.98,83,before
106756,20211030,1.0887,,90,before
106757,20211030,1.0924,1.07,88,before
106758,20211030,1.0827,0.74,90,before
106769,20211030,1.4643,0.86,60,before
106771,20211030,1.8383,0.92,61,before
106774,20211030,1.4127,0.91,64,before
106857,20211031,1.4541,0.91,86,before
106859,20211031,1.3142,1.01,96,before
106860,20211031,1.3629,0.92,93,before
106861,20211031,1.3621,0.92,93,before
106862,20211031,1.371,0.99,89,before
106863,20211031,1.3205,1.0,93,before
106864,20211031,1.3895,0.91,91,before
106865,20211031,1.4174,1.19,86,before
106866,20211031,1.4032,1.11,89,before
106867,20211031,1.4257,1.38,94,before
106868,20211031,1.4541,1.29,90,before
106869,20211031,1.4814,1.08,87,before
106870,20211031,1.5117,1.03,83,before
106871,20211031,1.5581,0.93,88,before
106872,20211031,1.5387,0.85,91,before
106873,20211031,1.5683,1.03,87,before
106874,20211031,1.5392,0.94,88,before
106875,20211031,1.4171,0.97,90,before
106876,20211031,1.4368,1.03,90,before
106877,20211031,1.457,0.9,87,before
106878,20211031,1.3695,1.01,91,before
106879,20211031,1.337,0.94,93,before
106880,20211031,1.3644,,93,before
106881,20211031,1.1255,0.85,82,before
106882,20211031,1.0876,,82,before
106883,20211031,1.1286,0.99,93,before
106884,20211031,1.1195,0.97,78,before
106885,20211031,1.1203,0.91,88,before
106886,20211031,1.1081,0.87,86,before
106887,20211031,1.0831,0.85,85,before
106889,20211031,1.0658,0.8,74,before
106890,20211031,1.0427,0.92,68,before
106891,20211031,1.0795,0.74,85,before
106892,20211031,1.0624,0.84,74,before
106893,20211031,1.076,0.86,64,before
106985,20211101,1.0982,1.21,72,before
106986,20211101,1.4201,1.2,91,before
106987,20211101,1.3759,1.55,88,before
106988,20211101,1.3708,,90,before
106990,20211101,1.0952,1.24,90,before
106991,20211101,1.0928,,89,before
106992,20211101,1.0753,1.53,92,before
106993,20211101,1.078,,92,before
106995,20211101,1.0592,0.95,79,before
106996,20211101,1.0733,1.3,92,before
106997,20211101,1.0592,1.0,88,before
106999,20211101,1.1032,0.94,72,before
107000,20211101,1.1323,0.93,70,before
107001,20211101,1.066,0.86,88,before
107002,20211101,1.051,1.08,91,before
107003,20211101,1.04,0.73,91,before
107004,20211101,1.043,0.76,86,before
107005,20211101,1.047,0.89,92,before
107006,20211101,1.0592,,92,before
107007,20211101,1.0805,0.93,75,before
107008,20211101,1.0537,0.95,89,before
107009,20211101,1.0516,0.78,89,before
107010,20211101,1.0695,0.83,90,before
107011,20211101,1.0719,0.91,92,before
107012,20211101,1.2474,0.85,71,before
107013,20211101,1.2254,,74,before
107014,20211101,1.1997,0.91,81,before
107015,20211101,1.172,0.94,72,before
107016,20211101,1.1577,0.96,84,before
107017,20211101,1.1174,,83,before
107018,20211101,1.0905,,84,before
107019,20211101,1.0878,0.81,65,before
107020,20211101,1.1042,0.91,86,before
107021,20211101,1.1003,0.91,81,before
107022,20211101,1.1319,0.85,92,before
107023,20211101,1.145,0.88,89,before
107024,20211101,1.106,,89,before
107103,20211102,1.3163,1.13,79,before
107104,20211102,1.3815,1.0,91,before
107105,20211102,1.0989,1.05,95,before
107106,20211102,1.0941,0.92,82,before
107107,20211102,1.071,0.83,94,before
107108,20211102,1.0964,1.03,94,before
107109,20211102,1.0574,0.99,94,before
107110,20211102,1.0491,1.01,82,before
107111,20211102,1.0683,1.0,94,before
107112,20211102,1.0568,1.11,88,before
107113,20211102,1.0602,1.13,91,before
107114,20211102,1.0781,0.98,86,before
107115,20211102,1.0492,1.04,89,before
107116,20211102,1.0536,1.03,82,before
107117,20211102,1.027,1.31,92,before
107118,20211102,1.0353,1.16,89,before
107119,20211102,1.0682,1.18,81,before
107120,20211102,1.0643,1.06,92,before
107121,20211102,1.0393,1.18,82,before
107122,20211102,1.0548,,80,before
107123,20211102,1.0499,1.03,85,before
107124,20211102,1.3038,1.1,77,before
107125,20211102,1.2343,1.02,75,before
107126,20211102,1.2139,0.92,84,before
107127,20211102,1.1663,1.1,80,before
107128,20211102,1.1507,0.92,81,before
107129,20211102,1.1412,1.0,88,before
107130,20211102,1.1126,1.06,87,before
107131,20211102,1.0962,0.97,90,before
107132,20211102,1.0965,0.89,88,before
107133,20211102,1.0879,0.84,90,before
107134,20211102,1.1549,0.92,88,before
107135,20211102,1.1593,0.89,86,before
107136,20211102,1.1798,1.02,88,before
107219,20211103,1.3759,1.01,72,before
107220,20211103,1.1022,1.01,91,before
107221,20211103,1.0562,0.81,91,before
107222,20211103,1.0667,0.81,91,before
107223,20211103,1.0481,0.74,80,before
107224,20211103,1.0315,0.84,95,before
107225,20211103,1.0339,0.8,91,before
107226,20211103,1.033,0.76,86,before
107227,20211103,1.0345,0.76,91,before
107228,20211103,1.0508,0.84,87,before
107229,20211103,1.0379,0.78,85,before
107230,20211103,1.0372,0.73,92,before
107231,20211103,1.0399,0.79,87,before
107232,20211103,1.0315,0.75,94,before
107233,20211103,1.0325,0.75,90,before
107234,20211103,1.0346,0.78,90,before
107235,20211103,1.0364,0.76,92,before
107236,20211103,1.0282,0.87,82,before
107237,20211103,1.0228,0.8,94,before
107238,20211103,1.0242,0.81,90,before
107239,20211103,1.0352,0.79,94,before
107240,20211103,1.0381,0.77,93,before
107241,20211103,1.0561,0.82,92,before
107242,20211103,1.0335,0.84,93,before
107243,20211103,1.0323,0.8,90,before
107244,20211103,1.0534,0.85,92,before
107245,20211103,1.0561,0.8,86,before
107246,20211103,1.4043,0.91,84,before
107250,20211103,1.5607,0.84,87,before
107251,20211103,1.6286,0.88,92,before
107252,20211103,1.1627,0.81,88,before
107253,20211103,1.1182,0.76,86,before
107254,20211103,1.1207,0.79,86,before
107255,20211103,1.1486,0.87,88,before
107256,20211103,1.1264,0.81,85,before
107257,20211103,1.1497,0.91,87,before
107258,20211103,1.148,1.0,89,before
107259,20211103,1.1591,0.97,83,before
107260,20211103,1.2048,0.87,88,before
107261,20211103,1.2407,1.01,84,before
107262,20211103,1.2477,0.85,63,before
107343,20211104,1.2405,1.19,80,before
107344,20211104,1.0427,1.07,93,before
107345,20211104,1.0264,0.83,93,before
107346,20211104,1.019,0.79,92,before
107347,20211104,1.0211,0.75,89,before
107348,20211104,1.0088,0.74,89,before
107349,20211104,1.0199,0.8,89,before
107350,20211104,1.0216,0.73,95,before
107351,20211104,1.0243,0.8,92,before
107352,20211104,1.0221,0.77,86,before
107353,20211104,1.0146,0.75,91,before
107354,20211104,1.0168,0.77,88,before
107355,20211104,1.0104,0.76,86,before
107356,20211104,1.0185,0.84,89,before
107357,20211104,1.0137,0.79,90,before
107358,20211104,1.0098,0.75,90,before
107359,20211104,1.012,0.81,87,before
107360,20211104,1.0138,0.78,88,before
107361,20211104,1.0294,0.73,90,before
107362,20211104,1.0324,0.8,88,before
107363,20211104,1.0378,0.77,87,before
107365,20211104,1.0361,0.76,84,before
107366,20211104,1.4683,0.84,85,before
107367,20211104,1.4179,0.85,85,before
107368,20211104,1.3963,0.89,85,before
107369,20211104,1.3987,0.81,90,before
107370,20211104,1.5593,0.91,90,before
107371,20211104,1.2386,0.9,90,before
107372,20211104,1.2154,0.83,93,before
107373,20211104,1.2972,0.89,91,before
107374,20211104,1.3728,0.85,97,before
107375,20211104,1.4442,0.94,93,before
107376,20211104,1.4556,0.96,93,before
107377,20211104,1.4048,1.09,95,before
107378,20211104,1.4224,1.21,95,before
107379,20211104,1.3591,,96,before
107526,20211105,1.2986,0.97,92,before
107527,20211105,1.2028,0.92,89,before
107528,20211105,1.1376,0.89,78,before
107529,20211105,1.1288,,79,before
107530,20211105,1.1256,0.91,92,before
107531,20211105,1.1129,1.25,92,before
107532,20211105,1.1095,1.06,88,before
107533,20211105,1.1156,,91,before
107534,20211105,1.2417,1.02,89,before
107535,20211105,1.3018,0.91,88,before
107536,20211105,1.2657,0.86,91,before
107537,20211105,1.1166,1.2,87,before
107538,20211105,1.1219,0.96,89,before
107539,20211105,1.1302,0.92,91,before
107540,20211105,1.1122,0.78,94,before
107541,20211105,1.1162,0.86,92,before
107542,20211105,1.1001,0.82,88,before
107543,20211105,1.1319,0.83,90,before
107544,20211105,1.1405,0.84,92,before
107545,20211105,1.1336,0.83,87,before
107546,20211105,1.2574,0.85,90,before
107547,20211105,1.2892,0.82,92,before
107548,20211105,1.2269,0.84,84,before
107549,20211105,1.3022,0.91,93,before
107550,20211105,1.3161,,95,before
107551,20211105,1.242,0.86,90,before
107552,20211105,1.2837,0.89,86,before
107553,20211105,1.3037,0.91,92,before
107554,20211105,1.4313,0.96,94,before
107555,20211105,1.4587,0.99,94,before
107556,20211105,1.4468,0.95,94,before
107557,20211105,1.3402,1.07,87,before
107559,20211105,1.3408,0.87,76,before
107639,20211106,1.0923,1.52,96,before
107640,20211106,1.0944,1.4,94,before
107641,20211106,1.1583,1.22,144,before
107642,20211106,1.1267,1.62,101,before
107643,20211106,1.111,2.14,67,before
107644,20211106,1.1112,,66,before
107645,20211106,1.1191,1.41,89,before
107646,20211106,1.2448,1.35,87,before
107647,20211106,1.2769,1.28,91,before
107648,20211106,1.2776,,91,before
107649,20211106,1.238,1.03,91,before
107650,20211106,1.1094,0.93,85,before
107651,20211106,1.1092,0.93,83,before
107652,20211106,1.0928,1.02,88,before
107653,20211106,1.2496,0.88,83,before
107654,20211106,1.2567,0.87,93,before
107655,20211106,1.2879,1.11,88,before
107656,20211106,1.2716,0.9,83,before
107657,20211106,1.3081,1.03,88,before
107658,20211106,1.3173,0.83,92,before
107659,20211106,1.2793,0.8,88,before
107662,20211106,1.3739,0.88,80,before
107663,20211106,1.2508,1.17,89,before
107664,20211106,1.2695,,89,before
107665,20211106,1.1658,1.0,85,before
107666,20211106,1.2105,0.84,91,before
107667,20211106,1.2016,0.92,86,before
107668,20211106,1.393,0.97,92,before
107669,20211106,1.3511,0.85,89,before
107670,20211106,1.3637,0.88,86,before
107671,20211106,1.2935,0.92,94,before
107672,20211106,1.3485,0.98,92,before
107832,20211107,1.1322,1.09,114,before
107833,20211107,1.2678,1.18,98,before
107834,20211107,1.33,1.46,100,before
107835,20211107,1.2765,1.4,89,before
107836,20211107,1.2778,,89,before
107837,20211107,1.089,1.06,85,before
107839,20211107,1.0715,1.26,87,before
107841,20211107,1.056,1.37,89,before
107845,20211107,1.0043,0.81,90,before
107846,20211107,1.0212,0.94,89,before
107847,20211107,1.0343,,89,before
107848,20211107,1.0097,0.84,93,before
107849,20211107,1.0128,0.89,83,before
107850,20211107,1.0292,0.84,89,before
107851,20211107,1.0269,0.91,83,before
107852,20211107,1.0291,0.84,89,before
107853,20211107,1.0496,1.25,80,before
107854,20211107,1.0785,,84,before
107855,20211107,1.1124,,84,before
107856,20211107,1.1488,,84,before
107857,20211107,1.1892,1.01,76,before
107858,20211107,1.1312,0.98,83,before
107859,20211107,1.1416,0.91,86,before
107863,20211107,1.1339,0.98,49,before
107864,20211107,1.139,,49,before
107865,20211107,1.0995,0.86,70,before
107866,20211107,1.0655,0.95,75,before
107867,20211107,1.0592,0.82,68,before
107945,20211108,1.0661,1.32,93,before
107946,20211108,1.0693,0.99,103,before
107947,20211108,1.1154,1.04,88,before
107949,20211108,1.0732,0.97,94,before
107950,20211108,1.0962,0.97,92,before
107951,20211108,1.0871,1.17,93,before
107952,20211108,1.0983,1.13,90,before
107953,20211108,1.0525,0.97,90,before
107954,20211108,1.1042,0.89,92,before
107955,20211108,1.0886,1.0,90,before
107956,20211108,1.0658,1.01,91,before
107957,20211108,1.0956,0.88,92,before
107958,20211108,1.1047,0.93,84,before
107959,20211108,1.0854,0.86,85,before
107960,20211108,1.0741,1.2,85,before
107961,20211108,1.0935,1.03,88,before
107962,20211108,1.1092,0.95,87,before
107963,20211108,1.1023,0.83,91,before
107964,20211108,1.3337,0.88,87,before
107965,20211108,1.2752,0.99,89,before
107966,20211108,1.1403,1.26,97,before
107967,20211108,1.131,1.11,87,before
107968,20211108,1.1552,0.99,89,before
107969,20211108,1.1705,0.96,85,before
107970,20211108,1.2531,1.07,92,before
107971,20211108,1.313,1.03,88,before
107972,20211108,1.2991,1.09,91,before
107975,20211108,1.2182,1.04,95,before
107976,20211108,1.3598,1.13,93,before
107977,20211108,1.2966,0.99,90,before
107978,20211108,1.2631,,89,before
108173,20211109,1.015,1.25,82,before
108174,20211109,1.0594,1.13,96,before
108175,20211109,1.0551,,97,before
108177,20211109,1.0911,1.07,73,before
108178,20211109,1.1238,1.35,76,before
108179,20211109,1.1077,1.18,90,before
108180,20211109,1.1097,,91,before
108182,20211109,1.0935,1.04,88,before
108183,20211109,1.0992,,91,before
108184,20211109,1.1074,1.24,85,before
108185,20211109,1.1048,1.01,88,before
108186,20211109,1.1326,1.1,89,before
108187,20211109,1.1304,1.04,86,before
108188,20211109,1.0996,1.12,92,before
108189,20211109,1.1272,1.0,86,before
108190,20211109,1.1245,1.09,88,before
108191,20211109,1.1319,1.14,87,before
108192,20211109,1.1534,,88,before
108193,20211109,1.2784,1.33,91,before
108194,20211109,1.2879,,92,before
108195,20211109,1.2554,1.21,93,before
108196,20211109,1.1129,1.19,90,before
108197,20211109,1.2054,1.28,96,before
108198,20211109,1.3011,1.14,91,before
108199,20211109,1.4536,1.19,90,before
108200,20211109,1.2849,1.22,91,before
108201,20211109,1.4547,1.48,89,before
108202,20211109,1.404,,89,before
108203,20211109,1.328,1.29,91,before
108204,20211109,1.3907,1.44,92,before
108286,20211110,1.0133,1.02,80,before
108287,20211110,1.0165,1.01,102,before
108288,20211110,1.0142,1.03,90,before
108289,20211110,1.0171,0.88,92,before
108290,20211110,1.0199,0.86,92,before
108291,20211110,1.0172,0.85,91,before
108292,20211110,1.0093,0.94,89,before
108293,20211110,1.0541,0.98,88,before
108294,20211110,1.0953,0.89,89,before
108296,20211110,1.2852,1.0,84,before
108297,20211110,1.2952,,85,before
108298,20211110,1.2742,1.0,85,before
108299,20211110,1.2601,0.94,93,before
108300,20211110,1.1226,0.85,93,before
108301,20211110,1.0998,0.92,90,before
108302,20211110,1.1151,0.91,83,before
108303,20211110,1.2711,0.88,96,before
108304,20211110,1.1345,0.83,92,before
108305,20211110,1.1447,0.8,85,before
108306,20211110,1.2656,0.96,89,before
108307,20211110,1.2832,0.89,94,before
108308,20211110,1.3433,0.93,87,before
108309,20211110,1.2592,1.17,91,before
108310,20211110,1.1279,0.82,89,before
108311,20211110,1.1202,0.87,92,before
108312,20211110,1.2306,0.84,91,before
108313,20211110,1.3129,0.87,91,before
108314,20211110,1.2788,0.95,94,before
108315,20211110,1.2646,0.9,96,before
108316,20211110,1.3924,1.24,94,before
108317,20211110,1.3904,1.34,90,before
108318,20211110,1.3376,,90,before
108319,20211110,1.434,1.71,91,before
108320,20211110,1.385,,89,before
108404,20211111,1.0217,0.88,83,before
108405,20211111,1.0153,0.93,97,before
108406,20211111,1.0095,0.86,93,before
108407,20211111,1.0049,0.91,91,before
108408,20211111,1.0026,1.4,92,before
108409,20211111,1.0037,,93,before
108410,20211111,1.0055,0.88,80,before
108411,20211111,1.0122,0.97,87,before
108412,20211111,1.018,,91,before
108413,20211111,1.0315,1.08,77,before
108414,20211111,1.0466,1.15,78,before
108415,20211111,1.0785,1.41,73,before
108416,20211111,1.1342,1.59,79,before
108417,20211111,1.1154,1.47,92,before
108418,20211111,1.2827,2.0,76,before
108419,20211111,1.3001,1.71,76,before
108420,20211111,1.2858,1.56,63,before
108421,20211111,1.1714,1.31,84,before
108422,20211111,1.3021,1.28,96,before
108423,20211111,1.3336,1.52,84,before
108424,20211111,1.3667,,85,before
108426,20211111,1.318,1.3,92,before
108427,20211111,1.1175,1.31,91,before
108428,20211111,1.085,,90,before
108429,20211111,1.2992,1.32,95,before
108430,20211111,1.4578,1.36,94,before
108431,20211111,1.398,,94,before
108432,20211111,1.4251,1.1,88,before
108433,20211111,1.3626,,86,before
108434,20211111,1.3804,1.58,75,before
108435,20211111,1.3708,1.33,87,before
108436,20211111,1.315,,86,before
108515,20211112,1.3939,1.02,72,before
108516,20211112,1.263,0.94,89,before
108517,20211112,1.3021,,91,before
108518,20211112,1.3796,0.99,88,before
108519,20211112,1.4271,,87,before
108520,20211112,1.0382,1.46,89,before
108521,20211112,1.0185,,86,before
108522,20211112,1.0072,,88,before
108523,20211112,1.0011,1.06,82,before
108524,20211112,1.0032,0.97,78,before
108525,20211112,1.0008,0.94,90,before
108526,20211112,1.0049,0.88,88,before
108527,20211112,1.0087,,88,before
108528,20211112,1.0268,0.97,93,before
108529,20211112,1.035,,93,before
108530,20211112,1.1071,0.99,89,before
108531,20211112,1.115,0.8,87,before
108532,20211112,1.3092,0.95,92,before
108533,20211112,1.3028,0.97,85,before
108534,20211112,1.2663,0.93,89,before
108535,20211112,1.2702,0.96,89,before
108536,20211112,1.1108,0.91,79,before
108537,20211112,1.1188,0.87,95,before
108538,20211112,1.2067,0.98,90,before
108539,20211112,1.3091,0.99,93,before
108540,20211112,1.3205,0.96,92,before
108541,20211112,1.3554,0.91,83,before
108542,20211112,1.3492,1.01,90,before
108543,20211112,1.4321,0.96,92,before
108544,20211112,1.3178,0.91,85,before
108545,20211112,1.3657,0.94,91,before
108546,20211112,1.3066,0.91,88,before
108547,20211112,1.3393,0.95,70,before
108548,20211112,1.2905,0.97,74,before
108627,20211113,1.2945,0.89,70,before
108628,20211113,1.3155,0.9,91,before
108629,20211113,1.357,,89,before
108630,20211113,1.4126,,89,before
108631,20211113,1.5302,1.02,95,before
108632,20211113,1.5703,1.0,86,before
108633,20211113,1.6598,,86,before
108634,20211113,1.0883,0.96,88,before
108635,20211113,1.0582,,88,before
108636,20211113,1.0472,0.91,88,before
108637,20211113,1.0276,,88,before
108638,20211113,1.0255,0.86,87,before
108639,20211113,1.0136,,85,before
108640,20211113,1.0056,0.76,91,before
108641,20211113,1.0031,,91,before
108642,20211113,1.0237,0.97,59,before
108643,20211113,1.0271,0.88,74,before
108644,20211113,1.0314,0.87,64,before
108645,20211113,1.2244,0.86,90,before
108646,20211113,1.3177,0.97,84,before
108647,20211113,1.3103,,83,before
108648,20211113,1.3175,,83,before
108649,20211113,1.1732,0.9,91,before
108651,20211113,1.1548,0.9,88,before
108652,20211113,1.1326,0.87,88,before
108653,20211113,1.1914,0.94,95,before
108654,20211113,1.2798,0.94,92,before
108655,20211113,1.3065,0.9,91,before
108656,20211113,1.3129,1.07,93,before
108657,20211113,1.2777,1.02,91,before
108658,20211113,1.3343,1.0,89,before
108659,20211113,1.2473,0.93,85,before
108660,20211113,1.3051,0.82,78,before
108661,20211113,1.2359,0.82,75,before
108744,20211114,1.0204,1.25,111,before
108746,20211114,1.0002,0.94,118,before
108747,20211114,1.0291,1.13,115,before
108748,20211114,1.0301,0.99,107,before
108749,20211114,1.0628,1.03,101,before
108750,20211114,1.5865,1.39,111,before
108751,20211114,1.7097,,108,before
108752,20211114,1.6489,1.08,78,before
108753,20211114,1.8039,,70,before
108754,20211114,1.3828,1.04,69,before
108755,20211114,1.3006,1.12,76,before
108756,20211114,1.3432,1.03,73,before
108757,20211114,1.4832,1.0,78,before
108758,20211114,1.3963,1.12,78,before
108759,20211114,1.3353,1.04,72,before
108760,20211114,1.5538,1.0,67,before
108761,20211114,1.2632,1.04,79,before
108762,20211114,1.199,0.86,75,before
108763,20211114,1.2784,0.9,77,before
108764,20211114,1.2351,0.88,75,before
108765,20211114,1.3578,0.94,80,before
108766,20211114,1.4179,1.0,79,before
108767,20211114,1.2624,0.87,88,before
108768,20211114,1.2013,,88,before
108769,20211114,1.1856,0.89,88,before
108770,20211114,1.1928,0.82,84,before
108771,20211114,1.2563,0.86,89,before
108772,20211114,1.2648,0.83,94,before
108773,20211114,1.207,0.85,88,before
108774,20211114,1.2559,0.93,86,before
108775,20211114,1.1971,0.9,93,before
108776,20211114,1.2543,1.08,94,before
108777,20211114,1.2283,,94,before
108878,20211115,1.0708,1.01,100,before
108879,20211115,1.174,1.09,75,before
108880,20211115,1.185,1.06,137,before
108885,20211115,1.5421,1.24,79,before
108888,20211115,1.4349,2.26,67,before
108889,20211115,1.4016,,67,before
108890,20211115,1.4816,1.08,81,before
108891,20211115,1.4384,1.16,85,before
108892,20211115,1.5173,1.04,75,before
108893,20211115,1.2099,0.93,76,before
108894,20211115,1.1341,0.97,79,before
108895,20211115,1.0954,0.97,69,before
108896,20211115,1.0817,0.97,70,before
109084,20211116,1.1219,1.51,77,before
109086,20211116,1.2053,,77,before
109087,20211116,1.1739,1.07,83,before
109088,20211116,1.2457,0.95,62,before
109089,20211116,1.315,,61,before
109090,20211116,1.6126,1.18,70,before
109091,20211116,1.5211,,69,before
109092,20211116,1.4527,,70,before
109093,20211116,1.5105,1.36,70,before
109094,20211116,1.4653,,75,before
109095,20211116,1.4053,1.33,80,before
109096,20211116,1.1884,0.93,87,before
109097,20211116,1.1542,0.91,72,before
109098,20211116,1.1317,0.88,87,before
109099,20211116,1.1117,0.86,73,before
109100,20211116,1.0912,1.14,87,before
109101,20211116,1.0749,0.95,70,before
109102,20211116,1.0942,0.95,57,before
109103,20211116,1.1285,0.97,75,before
109104,20211116,1.1326,1.0,73,before
109105,20211116,1.1938,1.09,75,before
109106,20211116,1.1616,1.01,65,before
109107,20211116,1.2378,0.9,73,before
109108,20211116,1.2053,1.08,94,before
109109,20211116,1.1786,0.91,73,before
109110,20211116,1.2194,0.95,72,before
109111,20211116,1.2743,1.04,95,before
109223,20211117,1.1094,1.2,80,before
109224,20211117,1.1028,,80,before
109225,20211117,1.1063,1.28,81,before
109226,20211117,1.1108,1.08,92,before
109227,20211117,1.254,0.99,82,before
109228,20211117,1.1363,0.85,77,before
109229,20211117,1.1482,1.08,81,before
109230,20211117,1.2406,0.94,71,before
109236,20211117,1.4218,0.92,72,before
109237,20211117,1.3511,0.89,63,before
109238,20211117,1.356,0.99,68,before
109239,20211117,1.2156,0.9,79,before
109240,20211117,1.189,0.88,62,before
109241,20211117,1.1461,0.84,78,before
109242,20211117,1.1133,0.89,78,before
109243,20211117,1.1137,0.84,61,before
109244,20211117,1.127,0.82,82,before
109245,20211117,1.1282,0.88,62,before
109246,20211117,1.1348,0.86,67,before
109247,20211117,1.1642,0.85,74,before
109248,20211117,1.2201,0.87,75,before
109249,20211117,1.216,0.85,64,before
109252,20211117,1.2753,0.94,65,before
109253,20211117,1.3044,0.91,77,before
109254,20211117,1.3421,0.87,94,before
109255,20211117,1.2908,0.88,75,before
109256,20211117,1.2982,1.0,86,before
109257,20211117,1.377,0.9,97,before
109340,20211118,1.3485,,108,before
109341,20211118,1.1428,0.95,82,before
109342,20211118,1.1529,,83,before
109344,20211118,1.1459,0.93,72,before
109345,20211118,1.1601,,71,before
109373,20211118,1.1486,0.84,60,before
109374,20211118,1.1145,0.76,57,before
109375,20211118,1.0797,,57,before
109378,20211118,1.0531,,69,before
109381,20211118,1.0915,0.75,65,before
109382,20211118,1.0648,,66,before
109509,20211119,1.1179,1.01,94,before
109510,20211119,1.0837,0.99,75,before
109513,20211119,1.2353,0.96,80,before
109514,20211119,1.307,0.93,79,before
109522,20211119,1.2884,,71,before
109523,20211119,1.3185,,72,before
109524,20211119,1.445,1.28,70,before
109525,20211119,1.4909,,70,before
109526,20211119,1.5575,,69,before
109527,20211119,1.6603,1.61,52,before
109528,20211119,1.7553,,54,before
109530,20211119,1.3033,0.91,65,before
109531,20211119,1.2565,,65,before
109532,20211119,1.3056,0.95,70,before
109533,20211119,1.2267,1.27,64,before
109534,20211119,1.1555,1.07,59,before
109535,20211119,1.1331,,59,before
109536,20211119,1.1359,0.93,62,before
109537,20211119,1.1,1.07,83,before
109538,20211119,1.0784,0.89,73,before
109539,20211119,1.0686,1.04,71,before
109540,20211119,1.0487,0.96,64,before
109542,20211119,1.0464,1.13,66,before
109543,20211119,1.0345,1.24,67,before
109544,20211119,1.0359,1.15,69,before
109545,20211119,1.1876,0.99,84,before
109654,20211120,1.2536,1.19,76,before
109655,20211120,1.3034,1.05,115,before
109656,20211120,1.2565,1.04,110,before
109657,20211120,1.3231,1.24,101,before
109658,20211120,1.1067,0.94,81,before
109668,20211120,1.1934,,55,before
109669,20211120,1.2693,,50,before
109849,20211121,1.0335,1.11,79,before
109850,20211121,1.0816,1.2,82,before
109851,20211121,1.0588,1.23,81,before
110201,20211122,1.3668,0.96,121,before
110202,20211122,1.339,0.93,87,before
110866,20211125,1.1374,2.5,81,before
110867,20211125,1.1558,,82,before
110869,20211125,1.1444,1.93,84,before
110870,20211125,1.1664,1.84,70,before
110874,20211125,1.3535,1.53,65,before
110875,20211125,1.4062,1.68,81,before
110877,20211125,1.4359,2.27,72,before
110880,20211125,1.2797,1.82,70,before
110881,20211125,1.2686,,69,before
110882,20211125,1.2674,1.54,63,before
110964,20211126,1.0544,1.44,108,before
110965,20211126,1.0844,1.52,80,before
110966,20211126,1.135,1.31,87,before
110967,20211126,1.1107,1.16,88,before
110968,20211126,1.1171,1.35,83,before
110969,20211126,1.1224,,88,before
110970,20211126,1.1274,1.06,94,before
110971,20211126,1.1031,1.13,93,before
110972,20211126,1.1177,1.03,86,before
110973,20211126,1.1272,1.13,90,before
110974,20211126,1.1151,1.12,92,before
110975,20211126,1.1009,1.25,86,before
110977,20211126,1.1339,1.08,88,before
110978,20211126,1.1479,1.22,87,before
110979,20211126,1.1734,,87,before
110980,20211126,1.2655,1.19,85,before
110981,20211126,1.2719,,86,before
110982,20211126,1.3381,1.17,87,before
110983,20211126,1.362,,87,before
110984,20211126,1.1898,1.0,78,before
110986,20211126,1.2574,0.85,80,before
110987,20211126,1.2938,0.84,85,before
110988,20211126,1.2106,0.84,79,before
110989,20211126,1.2564,0.86,76,before
110990,20211126,1.2407,,77,before
111083,20211127,1.0011,0.75,120,before
111084,20211127,1.0067,0.75,165,before
111085,20211127,1.0279,0.87,92,before
111086,20211127,1.0473,0.85,92,before
111087,20211127,1.0688,0.84,94,before
111088,20211127,1.0927,0.84,88,before
111089,20211127,1.1177,0.82,88,before
111090,20211127,1.098,0.84,92,before
111091,20211127,1.1051,0.8,91,before
111092,20211127,1.0866,0.83,91,before
111093,20211127,1.0991,0.87,89,before
111094,20211127,1.1048,0.91,93,before
111095,20211127,1.1402,0.98,89,before
111096,20211127,1.1228,0.88,88,before
111097,20211127,1.0935,0.9,87,before
111098,20211127,1.0824,0.95,83,before
111099,20211127,1.1225,0.9,91,before
111100,20211127,1.1253,1.02,82,before
111101,20211127,1.117,0.85,79,before
111102,20211127,1.3098,1.02,83,before
111103,20211127,1.28,1.05,86,before
111104,20211127,1.2907,1.0,86,before
111106,20211127,1.1224,0.99,93,before
111107,20211127,1.0835,0.99,90,before
111108,20211127,1.1181,0.85,89,before
111109,20211127,1.1167,0.82,93,before
111110,20211127,1.123,0.76,84,before
111111,20211127,1.1537,0.83,87,before
111112,20211127,1.119,0.91,90,before
111113,20211127,1.1357,1.01,84,before
111257,20211128,1.0423,1.35,73,before
111258,20211128,1.0992,1.11,89,before
111259,20211128,1.1001,,88,before
111260,20211128,1.1114,1.42,86,before
111261,20211128,1.1217,,85,before
111262,20211128,1.1552,1.33,77,before
111263,20211128,1.1203,1.48,87,before
111264,20211128,1.1321,,90,before
111265,20211128,1.1013,1.52,85,before
111266,20211128,1.1179,,85,before
111267,20211128,1.1159,1.25,86,before
111268,20211128,1.1541,1.26,90,before
111269,20211128,1.1904,,89,before
111271,20211128,1.1457,0.93,96,before
111272,20211128,1.1339,1.11,85,before
111273,20211128,1.1097,1.02,90,before
111274,20211128,1.1436,1.17,90,before
111275,20211128,1.1484,1.11,89,before
111276,20211128,1.1412,1.12,87,before
111290,20211128,1.032,1.04,86,before
111291,20211128,1.0566,0.91,88,before
111292,20211128,1.065,0.94,89,before
111293,20211128,1.0697,0.89,93,before
111294,20211128,1.0785,0.88,84,before
111295,20211128,1.0758,0.91,86,before
111296,20211128,1.0758,0.94,68,before
111297,20211128,1.1059,1.01,69,before
111435,20211129,1.0928,1.33,96,before
111436,20211129,1.0965,0.93,94,before
111437,20211129,1.1076,0.95,92,before
111438,20211129,1.0743,0.92,94,before
111439,20211129,1.0894,0.82,87,before
111440,20211129,1.079,0.87,87,before
111441,20211129,1.0747,0.84,83,before
111442,20211129,1.0716,0.83,92,before
111443,20211129,1.0757,0.84,86,before
111444,20211129,1.0965,0.75,96,before
111445,20211129,1.1027,0.76,88,before
111446,20211129,1.0872,0.82,88,before
111447,20211129,1.0771,0.78,83,before
111448,20211129,1.0827,0.8,84,before
111449,20211129,1.089,0.84,88,before
111450,20211129,1.0864,0.8,85,before
111451,20211129,1.0771,0.78,91,before
111452,20211129,1.2842,0.92,92,before
111453,20211129,1.2916,0.82,94,before
111454,20211129,1.2997,1.18,92,before
111457,20211129,1.1888,0.93,92,before
111458,20211129,1.2093,0.91,91,before
111459,20211129,1.2533,0.94,90,before
111460,20211129,1.345,1.05,95,before
111461,20211129,1.446,0.96,92,before
111462,20211129,1.3792,0.91,91,before
111463,20211129,1.1727,0.97,94,before
111464,20211129,1.3756,1.02,93,before
111465,20211129,1.1662,0.97,97,before
111466,20211129,1.0412,0.91,87,before
111467,20211129,1.0241,0.82,85,before
111468,20211129,1.0139,0.82,89,before
111469,20211129,1.0165,0.85,67,before
111470,20211129,1.1072,0.83,78,before
111471,20211129,1.0514,0.84,74,before
111565,20211130,1.0725,1.24,94,before
111566,20211130,1.0448,1.22,92,before
111567,20211130,1.0782,1.22,86,before
111568,20211130,1.0616,0.92,94,before
111569,20211130,1.0534,0.93,90,before
111570,20211130,1.0578,0.96,91,before
111571,20211130,1.0581,1.03,93,before
111572,20211130,1.0553,1.0,91,before
111573,20211130,1.0596,0.89,85,before
111574,20211130,1.0788,0.98,88,before
111575,20211130,1.0662,0.95,86,before
111576,20211130,1.0596,1.01,87,before
111577,20211130,1.0652,0.83,87,before
111578,20211130,1.0687,0.87,81,before
111579,20211130,1.079,0.91,79,before
111580,20211130,1.0584,0.85,85,before
111581,20211130,1.0472,0.83,85,before
111582,20211130,1.3636,0.97,82,before
111583,20211130,1.3359,1.05,91,before
111584,20211130,1.3292,0.99,89,before
111585,20211130,1.1233,1.1,88,before
111586,20211130,1.1244,0.97,89,before
111587,20211130,1.2742,1.04,90,before
111588,20211130,1.3484,1.13,91,before
111589,20211130,1.2884,0.98,94,before
111590,20211130,1.3786,1.09,94,before
111591,20211130,1.3324,1.07,91,before
111592,20211130,1.4405,1.02,88,before
111593,20211130,1.3354,0.92,85,before
111594,20211130,1.3198,0.91,83,before
111595,20211130,1.3654,1.09,90,before
111596,20211130,1.2637,0.97,88,before
111597,20211130,1.2329,,88,before
111598,20211130,1.2144,,88,before
111599,20211130,1.1582,0.97,71,before
111600,20211130,1.0897,0.9,68,before
111601,20211130,1.0472,0.82,79,before
111697,20211201,1.0529,1.09,81,before
111698,20211201,1.0384,0.94,84,before
111703,20211201,1.0207,1.0,87,before
111704,20211201,1.0219,,87,before
111705,20211201,1.0339,1.0,87,before
111706,20211201,1.0343,0.95,89,before
111707,20211201,1.0419,1.03,91,before
111719,20211201,1.0989,0.9,96,before
111720,20211201,1.2579,0.96,86,before
111721,20211201,1.302,0.98,96,before
111722,20211201,1.3008,0.98,87,before
111723,20211201,1.3135,0.9,87,before
111724,20211201,1.277,0.85,83,before
111725,20211201,1.3086,0.86,90,before
111726,20211201,1.3465,0.87,92,before
111727,20211201,1.3642,0.89,87,before
111728,20211201,1.3744,0.87,88,before
111729,20211201,1.4402,0.81,90,before
111730,20211201,1.3271,0.84,86,before
111731,20211201,1.377,0.91,85,before
111732,20211201,1.151,0.86,87,before
111733,20211201,1.1396,0.8,96,before
111734,20211201,1.1252,0.78,96,before
111735,20211201,1.2167,0.96,90,before
111736,20211201,1.2207,0.88,92,before
111737,20211201,1.2568,0.93,96,before
111738,20211201,1.2805,0.93,87,before
111742,20211201,1.2389,1.3,89,before
111743,20211201,1.2554,0.98,91,before
111744,20211201,1.2417,1.02,82,before
111745,20211201,1.1935,0.98,87,before
111746,20211201,1.2089,1.05,92,before
111747,20211201,1.2567,1.07,92,before
111748,20211201,1.2981,0.98,93,before
111749,20211201,1.322,1.16,89,before
111750,20211201,1.2746,0.92,80,before
111874,20211202,1.0145,1.19,124,before
111876,20211202,1.057,1.17,90,before
111877,20211202,1.3348,1.68,86,before
111878,20211202,1.2731,1.12,90,before
111879,20211202,1.0446,1.05,90,before
111880,20211202,1.0426,1.2,87,before
111881,20211202,1.0402,0.85,86,before
111882,20211202,1.0317,0.94,89,before
111883,20211202,1.0525,0.93,84,before
111884,20211202,1.0384,1.17,93,before
111885,20211202,1.0451,1.01,92,before
111886,20211202,1.0516,1.27,90,before
111887,20211202,1.0413,0.84,90,before
111888,20211202,1.0428,0.9,90,before
111889,20211202,1.0769,0.87,88,before
111890,20211202,1.4228,1.0,82,before
111891,20211202,1.4037,1.0,87,before
111892,20211202,1.1164,0.92,96,before
111893,20211202,1.1411,0.85,84,before
111894,20211202,1.119,0.8,84,before
111895,20211202,1.1173,0.84,88,before
111896,20211202,1.168,0.82,90,before
111897,20211202,1.1616,1.15,92,before
111898,20211202,1.23,0.98,86,before
111899,20211202,1.269,1.07,91,before
111900,20211202,1.2278,0.9,82,before
111901,20211202,1.158,1.12,98,before
111902,20211202,1.1593,1.05,94,before
111903,20211202,1.3085,1.09,93,before
111904,20211202,1.3732,1.45,90,before
111905,20211202,1.3454,,90,before
111906,20211202,1.3393,1.24,90,before
111907,20211202,1.3347,1.07,99,before
112047,20211203,1.0896,1.69,79,before
112048,20211203,1.2715,1.19,87,before
112049,20211203,1.2845,,88,before
112050,20211203,1.3567,1.17,78,before
112051,20211203,1.3661,1.21,84,before
112052,20211203,1.3715,1.07,87,before
112053,20211203,1.4202,1.48,84,before
112054,20211203,1.462,,84,before
112055,20211203,1.4334,1.34,86,before
112056,20211203,1.4477,,85,before
112057,20211203,1.191,0.98,89,before
112068,20211203,1.0755,1.04,67,before
112112,20211203,1.1642,0.93,93,before
112113,20211203,1.1298,,94,before
112114,20211203,1.1164,,93,before
112115,20211203,1.202,1.14,91,before
112116,20211203,1.3588,1.4,89,before
112298,20211204,1.0104,1.62,88,before
112299,20211204,1.014,1.29,86,before
112300,20211204,1.0187,,88,before
112301,20211204,1.0278,1.35,88,before
112302,20211204,1.0377,,88,before
112303,20211204,1.0253,1.15,89,before
112304,20211204,1.036,,89,before
112305,20211204,1.0323,1.14,88,before
112306,20211204,1.02,1.26,84,before
112307,20211204,1.0284,,84,before
112308,20211204,1.0301,1.23,82,before
112309,20211204,1.0342,1.38,89,before
112310,20211204,1.0371,1.04,85,before
112311,20211204,1.4434,1.48,93,before
112312,20211204,1.4971,,93,before
112313,20211204,1.5364,1.53,92,before
112314,20211204,1.5644,,91,before
112315,20211204,1.1787,1.09,87,before
112316,20211204,1.1454,1.02,85,before
112317,20211204,1.1244,1.0,93,before
112318,20211204,1.2155,1.2,92,before
112319,20211204,1.1874,1.01,93,before
112320,20211204,1.2148,1.0,87,before
112321,20211204,1.3001,1.36,88,before
112322,20211204,1.2595,,89,before
112323,20211204,1.1384,1.06,85,before
112324,20211204,1.1267,1.11,93,before
112325,20211204,1.1617,1.2,95,before
112326,20211204,1.1957,1.6,93,before
112327,20211204,1.1739,,90,before
112509,20211205,1.0024,1.09,132,before
112510,20211205,1.0102,1.05,96,before
112511,20211205,1.0388,1.04,91,before
112512,20211205,1.0136,0.98,90,before
112513,20211205,1.0071,1.09,88,before
112514,20211205,1.0152,1.2,91,before
112515,20211205,1.0275,0.96,88,before
112516,20211205,1.0202,1.2,90,before
112517,20211205,1.0241,1.04,89,before
112518,20211205,1.0265,1.03,93,before
112519,20211205,1.0249,0.88,87,before
112520,20211205,1.0232,0.9,88,before
112521,20211205,1.0219,0.89,78,before
112522,20211205,1.0259,0.84,87,before
112523,20211205,1.0411,1.0,87,before
112524,20211205,1.501,1.2,90,before
112525,20211205,1.4833,1.13,84,before
112526,20211205,1.5162,1.2,91,before
112527,20211205,1.1424,1.16,79,before
112528,20211205,1.1425,0.97,83,before
112529,20211205,1.1292,1.04,85,before
112530,20211205,1.1153,0.94,86,before
112531,20211205,1.1105,0.89,88,before
112532,20211205,1.1543,1.04,92,before
112533,20211205,1.1686,1.13,85,before
112534,20211205,1.1382,0.98,89,before
112535,20211205,1.1289,1.05,89,before
112536,20211205,1.1022,1.06,90,before
112537,20211205,1.0935,1.05,89,before
112538,20211205,1.1057,1.04,88,before
112539,20211205,1.119,1.03,86,before
112540,20211205,1.139,1.05,86,before
112541,20211205,1.3392,1.01,90,before
112542,20211205,1.259,1.05,92,before
112543,20211205,1.2798,0.87,96,before
112648,20211206,1.0637,2.06,70,before
112649,20211206,1.0808,1.72,78,before
112657,20211206,1.1,1.34,78,before
112659,20211206,1.0944,1.65,81,before
112660,20211206,1.1117,,81,before
112661,20211206,1.4376,1.45,65,before
112662,20211206,1.4649,1.13,76,before
112675,20211206,1.432,3.1,87,before
112677,20211206,1.3523,1.24,69,before
112678,20211206,1.1371,1.84,93,before
112788,20211207,1.0296,,70,before
112789,20211207,1.0534,2.12,70,before
112790,20211207,1.0954,1.36,76,before
112791,20211207,1.1283,1.42,94,before
112792,20211207,1.3025,1.38,94,before
112793,20211207,1.3069,,94,before
112794,20211207,1.3277,1.28,89,before
112795,20211207,1.3376,,90,before
112796,20211207,1.4235,1.22,84,before
112797,20211207,1.363,1.22,84,before
112798,20211207,1.4542,1.04,85,before
112799,20211207,1.499,,84,before
112800,20211207,1.5582,,85,before
112801,20211207,1.6226,,85,before
112802,20211207,1.2141,1.11,80,before
112803,20211207,1.2015,1.0,90,before
112804,20211207,1.1743,,88,before
112805,20211207,1.1831,1.28,81,before
112807,20211207,1.1725,1.18,79,before
112808,20211207,1.1437,1.29,90,before
112809,20211207,1.1149,,91,before
112810,20211207,1.1086,1.32,89,before
112811,20211207,1.1584,1.44,93,before
112812,20211207,1.1223,,90,before
112813,20211207,1.1232,1.56,88,before
112814,20211207,1.0896,,88,before
112815,20211207,1.0853,0.95,92,before
112816,20211207,1.0884,0.92,85,before
112817,20211207,1.0654,,86,before
112818,20211207,1.1182,1.04,90,before
112819,20211207,1.0925,,93,before
112935,20211208,1.0032,1.16,136,before
112937,20211208,1.0016,1.32,70,before
112938,20211208,1.0086,1.24,91,before
112939,20211208,1.0205,1.21,81,before
112940,20211208,1.0032,1.04,81,before
112941,20211208,1.0037,1.0,92,before
112942,20211208,1.0069,1.43,87,before
112943,20211208,1.0126,1.36,82,before
112944,20211208,1.0091,1.06,88,before
112945,20211208,1.0134,1.02,80,before
112946,20211208,1.0463,1.1,87,before
112948,20211208,1.0578,2.01,81,before
112949,20211208,1.0903,,81,before
112950,20211208,1.1631,1.44,84,before
112951,20211208,1.1205,,85,before
112952,20211208,1.1233,1.21,80,before
112953,20211208,1.1228,0.97,83,before
112954,20211208,1.1163,1.02,84,before
112955,20211208,1.1028,1.33,84,before
112956,20211208,1.0889,0.93,81,before
112957,20211208,1.0639,,82,before
112958,20211208,1.0755,1.48,86,before
112959,20211208,1.0588,1.01,87,before
112960,20211208,1.0398,,85,before
112961,20211208,1.0472,1.31,88,before
112962,20211208,1.0363,1.17,84,before
112963,20211208,1.0766,1.05,85,before
112964,20211208,1.0436,1.29,81,before
112965,20211208,1.0285,1.16,88,before
112966,20211208,1.0121,1.09,65,before
112967,20211208,1.0166,1.15,74,before
112968,20211208,1.0098,1.35,70,before
113297,20211210,1.1722,1.42,105,before
113298,20211210,1.495,2.11,98,before
113299,20211210,1.4239,,97,before
113300,20211210,1.4081,1.41,95,before
113301,20211210,1.345,,94,before
113302,20211210,1.3594,1.71,95,before
113303,20211210,1.3208,,95,before
113304,20211210,1.3393,1.46,97,before
113305,20211210,1.2968,,98,before
113306,20211210,1.275,,98,before
113308,20211210,1.2652,1.81,100,before
113309,20211210,1.2549,1.44,97,before
113310,20211210,1.3177,2.42,97,before
113396,20211211,1.2574,1.28,103,before
113397,20211211,1.4113,1.14,117,before
113398,20211211,1.1922,0.95,99,before
113399,20211211,1.1741,1.14,92,before
113400,20211211,1.2724,,96,before
113401,20211211,1.3634,,96,before
113402,20211211,1.3444,1.17,95,before
113403,20211211,1.3729,1.27,93,before
113404,20211211,1.3242,,94,before
113405,20211211,1.4859,1.09,95,before
113406,20211211,1.4628,,95,before
113407,20211211,1.5434,1.07,94,before
113408,20211211,1.5613,,93,before
113409,20211211,1.2966,0.94,96,before
113410,20211211,1.3057,,96,before
113411,20211211,1.1314,0.98,96,before
113412,20211211,1.0991,,96,before
113413,20211211,1.1474,0.92,97,before
113414,20211211,1.2359,1.08,93,before
113415,20211211,1.3708,1.11,95,before
113416,20211211,1.3546,1.2,95,before
113417,20211211,1.3356,1.18,94,before
113418,20211211,1.419,0.86,98,before
113419,20211211,1.3206,0.87,97,before
113420,20211211,1.2588,0.85,96,before
113421,20211211,1.2909,0.81,93,before
113422,20211211,1.3236,0.82,99,before
113423,20211211,1.253,0.88,96,before
113424,20211211,1.3183,0.86,95,before
113425,20211211,1.3509,0.93,95,before
113426,20211211,1.2819,0.88,91,before
113427,20211211,1.3334,0.9,85,before
113428,20211211,1.3234,0.85,99,before
113429,20211211,1.2317,0.89,94,before
113430,20211211,1.3234,0.86,98,before
113431,20211211,1.258,0.81,97,before
113564,20211212,1.306,1.9,97,before
113565,20211212,1.3089,,97,before
113569,20211212,1.2562,1.39,99,before
113570,20211212,1.1241,1.28,98,before
113571,20211212,1.0897,1.12,65,before
113572,20211212,1.094,1.33,96,before
113573,20211212,1.2214,1.23,95,before
113574,20211212,1.148,,94,before
113575,20211212,1.1843,1.29,99,before
113576,20211212,1.3276,1.16,94,before
113577,20211212,1.2641,,94,before
113578,20211212,1.2205,,95,before
113579,20211212,1.227,0.85,94,before
113580,20211212,1.1417,0.82,99,before
113581,20211212,1.1922,0.83,94,before
113582,20211212,1.269,0.91,99,before
113583,20211212,1.2701,1.03,95,before
113584,20211212,1.2535,,96,before
113585,20211212,1.242,0.85,95,before
113586,20211212,1.1698,0.89,96,before
113587,20211212,1.26,0.87,101,before
113588,20211212,1.2212,0.97,94,before
114193,20211215,1.2933,1.49,69,before
114194,20211215,1.3258,,70,before
114195,20211215,1.2593,1.46,100,before
114196,20211215,1.3145,,98,before
114197,20211215,1.7033,1.04,93,before
114198,20211215,1.7919,,92,before
114199,20211215,1.7734,1.19,92,before
114201,20211215,1.4413,1.03,93,before
114202,20211215,1.3277,1.06,90,before
114203,20211215,1.2705,,90,before
114204,20211215,1.2271,,90,before
114205,20211215,1.1339,0.87,97,before
114209,20211215,1.0632,0.96,95,before
114210,20211215,1.0531,1.01,95,before
114211,20211215,1.0902,0.99,67,before
114212,20211215,1.1177,1.03,97,before
114213,20211215,1.3223,1.13,100,before
114214,20211215,1.3952,1.89,72,before
114215,20211215,1.3925,1.08,99,before
114216,20211215,1.3158,1.05,96,before
114217,20211215,1.3608,1.11,87,before
114218,20211215,1.1416,1.03,95,before
114219,20211215,1.1067,,93,before
114220,20211215,1.1717,0.94,97,before
114221,20211215,1.1467,,97,before
114222,20211215,1.2181,1.0,99,before
114223,20211215,1.1955,1.18,98,before
114224,20211215,1.2028,1.11,99,before
114225,20211215,1.1437,0.92,96,before
114226,20211215,1.1966,0.95,94,before
114227,20211215,1.2662,1.02,136,before
114317,20211216,1.0904,1.3,101,before
114319,20211216,1.0998,1.01,97,before
114320,20211216,1.1081,0.99,96,before
114335,20211216,1.3729,0.87,93,before
114336,20211216,1.4793,1.06,92,before
114337,20211216,1.5943,0.87,70,before
114344,20211216,1.291,1.13,83,before
114348,20211216,1.2867,1.67,94,before
114349,20211216,1.2294,,95,before
114355,20211216,1.3027,1.89,97,before
114356,20211216,1.2552,,98,before
114357,20211216,1.2612,1.63,90,before
114358,20211216,1.2338,,90,before
114359,20211216,1.3147,2.51,87,before
114360,20211216,1.2813,,87,before
114483,20211217,1.2509,,106,before
114508,20211217,1.2721,1.7,94,before
114509,20211217,1.3658,1.4,68,before
114510,20211217,1.3267,,68,before
114637,20211218,1.2216,1.17,88,before
114638,20211218,1.191,,86,before
114639,20211218,1.3179,1.06,96,before
114640,20211218,1.3651,1.11,93,before
114642,20211218,1.0859,0.89,97,before
114643,20211218,1.1657,1.09,93,before
114644,20211218,1.2801,1.01,94,before
114723,20211219,1.1924,1.23,114,before
114737,20211219,1.0334,0.83,103,before
114738,20211219,1.179,0.9,96,before
114739,20211219,1.1845,0.91,97,before
114740,20211219,1.1895,0.78,103,before
114741,20211219,1.241,0.76,96,before
114742,20211219,1.2123,0.81,97,before
114743,20211219,1.1961,0.83,97,before
114744,20211219,1.2071,1.09,90,before
114745,20211219,1.2175,0.91,94,before
114746,20211219,1.2326,0.96,93,before
114747,20211219,1.245,1.0,94,before
114748,20211219,1.221,0.87,93,before
114749,20211219,1.2443,1.09,100,before
114751,20211219,1.441,1.56,88,before
114753,20211219,1.6806,0.91,102,before
114754,20211219,1.776,,103,before
114760,20211219,1.4796,0.99,96,before
114761,20211219,1.3881,,94,before
114762,20211219,1.2559,0.85,89,before
114763,20211219,1.2124,,90,before
114764,20211219,1.2984,1.25,88,before
114765,20211219,1.127,0.93,92,before
114766,20211219,1.1713,0.97,95,before
114767,20211219,1.2946,1.36,102,before
114768,20211219,1.2184,1.25,100,before
114769,20211219,1.3296,1.14,109,before
114770,20211219,1.1971,1.16,103,before
114771,20211219,1.2395,1.04,100,before
114772,20211219,1.2203,,100,before
114851,20211220,1.1856,1.1,102,before
114852,20211220,1.1907,1.25,95,before
114864,20211220,1.2171,0.93,96,before
114865,20211220,1.2387,0.99,95,before
114866,20211220,1.2047,0.97,92,before
114867,20211220,1.2108,0.98,95,before
114869,20211220,1.2353,1.0,97,before
114870,20211220,1.2794,,96,before
114871,20211220,1.2436,1.05,94,before
114872,20211220,1.2729,,93,before
114873,20211220,1.1925,0.95,101,before
114874,20211220,1.2399,0.96,96,before
115150,20211222,1.1539,1.05,99,before
115151,20211222,1.1752,,98,before
115152,20211222,1.1914,0.81,98,before
115153,20211222,1.202,0.81,98,before
115154,20211222,1.1475,0.8,93,before
115155,20211222,1.1788,0.84,97,before
115156,20211222,1.1534,0.84,99,before
115157,20211222,1.1618,0.81,97,before
115159,20211222,1.1762,0.86,98,before
115362,20211223,1.128,2.7,98,before
116296,20220101,1.415,1.68,68,before
116297,20220101,1.0202,1.18,90,before
116298,20220101,1.117,1.24,96,before
116299,20220101,1.1745,1.28,97,before
116300,20220101,1.1997,,97,before
116301,20220101,1.22,1.3,98,before
116302,20220101,1.2589,,98,before
116303,20220101,1.3012,,98,before
116306,20220101,1.2782,1.33,96,before
116307,20220101,1.1974,,95,before
116308,20220101,1.3155,2.19,97,before
116309,20220101,1.241,,97,before
116323,20220101,1.1721,1.6,94,before
116324,20220101,1.1363,1.55,92,before
116325,20220101,1.2718,1.55,95,before
116326,20220101,1.2318,,96,before
116327,20220101,1.3222,1.11,97,before
116328,20220101,1.3024,,98,before
116329,20220101,1.2455,1.05,95,before
116330,20220101,1.231,,96,before
116331,20220101,1.2254,,97,before
116332,20220101,1.0038,1.48,81,before
116333,20220101,1.0104,1.36,93,before
116334,20220101,1.1899,1.61,95,before
116335,20220101,1.1939,,95,before
116336,20220101,1.2997,1.45,94,before
116337,20220101,1.2927,1.27,130,before
116416,20220102,1.1516,1.33,93,before
116417,20220102,1.1986,1.51,96,before
116418,20220102,1.1342,1.29,105,before
116419,20220102,1.1142,1.31,96,before
116420,20220102,1.1257,,96,before
116421,20220102,1.1721,1.53,97,before
116422,20220102,1.1913,,94,before
116424,20220102,1.1667,1.53,94,before
116425,20220102,1.1369,1.3,96,before
116426,20220102,1.197,1.11,99,before
116427,20220102,1.2277,0.98,97,before
116428,20220102,1.2034,1.04,96,before
116429,20220102,1.2347,1.06,95,before
116430,20220102,1.1286,1.2,95,before
116431,20220102,1.2839,1.26,94,before
116432,20220102,1.3973,1.34,94,before
116433,20220102,1.3519,1.28,95,before
116434,20220102,1.3947,1.16,96,before
116435,20220102,1.4125,1.22,98,before
116436,20220102,1.3095,1.09,99,before
116437,20220102,1.3711,1.09,98,before
116438,20220102,1.3894,1.24,97,before
116439,20220102,1.3635,1.15,99,before
116440,20220102,1.3523,1.06,98,before
116441,20220102,1.2831,1.06,100,before
116442,20220102,1.2526,1.01,96,before
116443,20220102,1.0402,0.96,88,before
116444,20220102,1.018,1.06,96,before
116445,20220102,1.0106,1.09,93,before
116446,20220102,1.0097,1.04,97,before
116447,20220102,1.0219,1.04,96,before
116448,20220102,1.0386,1.08,99,before
116449,20220102,1.3094,1.11,95,before
116450,20220102,1.2417,1.03,99,before
116451,20220102,1.2923,1.17,139,before
116533,20220103,1.1804,0.95,104,before
116534,20220103,1.1513,1.0,101,before
116535,20220103,1.0173,1.03,96,before
116536,20220103,1.0319,,96,before
116537,20220103,1.053,,96,before
116538,20220103,1.0245,0.84,94,before
116539,20220103,1.1098,0.86,96,before
116540,20220103,1.1666,0.84,97,before
116541,20220103,1.2283,0.83,98,before
116542,20220103,1.2817,0.89,100,before
116543,20220103,1.2038,0.82,96,before
116544,20220103,1.2655,0.89,95,before
116545,20220103,1.2844,0.88,94,before
116546,20220103,1.2677,0.91,93,before
116547,20220103,1.1632,0.94,97,before
116548,20220103,1.1127,0.91,100,before
116549,20220103,1.1312,0.9,97,before
116550,20220103,1.1279,0.83,97,before
116551,20220103,1.3119,1.14,98,before
116552,20220103,1.2514,0.99,89,before
116553,20220103,1.3196,0.93,98,before
116554,20220103,1.2982,0.95,96,before
116555,20220103,1.241,0.87,98,before
116556,20220103,1.2764,0.97,94,before
116557,20220103,1.3098,0.89,96,before
116558,20220103,1.3101,0.96,99,before
116559,20220103,1.3092,0.91,95,before
116560,20220103,1.2015,0.88,98,before
116563,20220103,1.1009,0.88,100,before
116564,20220103,1.1015,0.87,78,before
116565,20220103,1.3537,0.91,98,before
116566,20220103,1.1609,1.02,97,before
116567,20220103,1.1722,0.97,93,before
116568,20220103,1.278,1.03,98,before
116569,20220103,1.3089,1.04,98,before
116570,20220103,1.3125,0.99,95,before
116571,20220103,1.2656,1.36,97,before
116572,20220103,1.3067,1.23,97,before
116573,20220103,1.305,,98,before
116574,20220103,1.3047,1.29,135,before
116669,20220104,1.1719,1.03,83,before
116670,20220104,1.1505,1.02,88,before
116671,20220104,1.1971,0.99,87,before
116672,20220104,1.253,1.18,90,before
116673,20220104,1.1118,1.18,87,before
116674,20220104,1.1571,0.94,88,before
116675,20220104,1.2766,0.99,80,before
116676,20220104,1.3154,0.95,88,before
116677,20220104,1.2874,1.29,87,before
116678,20220104,1.1751,1.16,88,before
116679,20220104,1.1614,1.05,89,before
116680,20220104,1.2335,1.21,87,before
116681,20220104,1.237,1.48,88,before
116682,20220104,1.2303,1.6,89,before
116683,20220104,1.2432,1.36,88,before
116684,20220104,1.2738,1.43,88,before
116685,20220104,1.2474,1.26,87,before
116686,20220104,1.2826,1.51,89,before
116687,20220104,1.2606,,87,before
116688,20220104,1.1258,1.38,84,before
116689,20220104,1.1431,1.43,89,before
116690,20220104,1.1282,,87,before
116691,20220104,1.2828,0.99,83,before
116692,20220104,1.2268,0.99,86,before
116693,20220104,1.2662,1.45,89,before
116694,20220104,1.3155,1.05,88,before
116695,20220104,1.2287,1.16,85,before
116696,20220104,1.195,0.96,83,before
116697,20220104,1.3044,1.14,116,before
116853,20220105,1.3134,1.22,94,before
116854,20220105,1.2853,1.06,98,before
116855,20220105,1.3212,1.31,94,before
116857,20220105,1.1738,0.95,92,before
116858,20220105,1.195,1.05,97,before
116859,20220105,1.2475,1.16,90,before
116860,20220105,1.158,0.99,96,before
116861,20220105,1.1961,0.99,96,before
116862,20220105,1.1422,0.98,97,before
116863,20220105,1.1931,1.1,95,before
116864,20220105,1.2006,0.98,97,before
116865,20220105,1.1532,1.0,95,before
116866,20220105,1.1945,0.99,96,before
116867,20220105,1.2117,1.2,97,before
116868,20220105,1.1691,1.25,96,before
116869,20220105,1.1983,1.37,96,before
116870,20220105,1.1011,1.04,98,before
116871,20220105,1.0979,1.12,99,before
116872,20220105,1.0971,1.11,95,before
116873,20220105,1.1353,1.12,97,before
116874,20220105,1.1049,1.17,93,before
116875,20220105,1.1442,0.99,96,before
116876,20220105,1.1785,1.07,98,before
116938,20220106,1.0013,0.98,95,before
116939,20220106,1.0001,0.84,101,before
116940,20220106,1.0042,0.81,100,before
116941,20220106,1.0071,0.94,99,before
116942,20220106,1.0073,0.83,98,before
116943,20220106,1.0168,0.86,100,before
116944,20220106,1.0785,0.83,97,before
116945,20220106,1.0678,1.03,95,before
116946,20220106,1.0813,0.92,97,before
116947,20220106,1.3347,0.92,97,before
116948,20220106,1.3439,0.87,96,before
116949,20220106,1.3423,1.17,94,before
116950,20220106,1.3745,0.86,98,before
116951,20220106,1.5013,1.08,99,before
116952,20220106,1.0821,1.07,99,before
116953,20220106,1.1243,1.03,100,before
116954,20220106,1.1226,1.16,97,before
116955,20220106,1.1055,1.05,96,before
116956,20220106,1.1326,0.94,98,before
116957,20220106,1.174,0.84,96,before
116958,20220106,1.1339,0.84,95,before
116959,20220106,1.1439,0.84,97,before
116960,20220106,1.1261,0.88,98,before
116961,20220106,1.1241,0.86,100,before
116962,20220106,1.1309,0.84,99,before
116963,20220106,1.1573,0.92,99,before
116964,20220106,1.1039,0.92,98,before
116965,20220106,1.1392,0.97,96,before
116966,20220106,1.1023,0.92,99,before
116967,20220106,1.0808,0.93,97,before
116968,20220106,1.059,0.83,96,before
116969,20220106,1.0791,0.87,100,before
116970,20220106,1.0806,0.89,96,before
116971,20220106,1.1003,0.94,100,before
116972,20220106,1.0797,0.85,98,before
116973,20220106,1.0819,0.82,100,before
116974,20220106,1.1054,0.95,98,before
116975,20220106,1.2178,0.89,96,before
116976,20220106,1.2944,0.91,97,before
116977,20220106,1.2048,0.97,99,before
116978,20220106,1.2734,0.94,98,before
116979,20220106,1.2574,0.85,172,before
116980,20220106,1.3126,0.92,177,before
117237,20220107,1.735,1.23,87,before
117261,20220107,1.2314,1.67,95,before
117262,20220107,1.1968,,97,before
117263,20220107,1.3235,1.03,98,before
117273,20220107,1.5283,1.34,69,before
117287,20220107,1.0595,1.46,99,before
117288,20220107,1.0702,1.35,99,before
117289,20220107,1.0596,1.29,97,before
117292,20220107,1.0487,1.61,96,before
117293,20220107,1.0462,1.69,99,before
117294,20220107,1.0362,1.46,98,before
117295,20220107,1.0218,,98,before
117296,20220107,1.0274,1.65,99,before
117297,20220107,1.0289,1.15,99,before
117298,20220107,1.0156,1.23,97,before
117299,20220107,1.0112,1.32,97,before
117300,20220107,1.0069,1.61,95,before
117301,20220107,1.0074,1.2,94,before
117302,20220107,1.0042,1.08,99,before
117303,20220107,1.0066,0.91,97,before
117304,20220107,1.0005,1.7,97,before
117305,20220107,1.0011,1.11,99,before
117306,20220107,1.0039,1.05,97,before
117457,20220108,1.2331,1.65,98,before
117458,20220108,1.1849,1.24,98,before
117459,20220108,1.2896,1.46,102,before
117460,20220108,1.1799,1.08,97,before
117461,20220108,1.1446,1.1,98,before
117462,20220108,1.1381,1.04,95,before
117463,20220108,1.1402,1.05,99,before
117489,20220108,1.2264,0.97,76,before
117637,20220109,1.5133,1.22,95,before
117638,20220109,1.4626,,97,before
117639,20220109,1.3974,1.53,90,before
117641,20220109,1.3598,1.38,97,before
117642,20220109,1.3183,,98,before
117659,20220109,1.077,1.97,94,before
117661,20220109,1.3136,2.48,98,before
117662,20220109,1.2519,,97,before
117663,20220109,1.1062,1.62,80,before
117664,20220109,1.287,2.17,84,before
117665,20220109,1.3167,1.38,100,before
117666,20220109,1.0941,1.03,95,before
117667,20220109,1.0552,0.97,98,before
117668,20220109,1.0978,1.33,93,before
117669,20220109,1.0898,1.09,94,before
117670,20220109,1.0861,1.16,99,before
117671,20220109,1.066,0.94,96,before
117672,20220109,1.0449,0.88,98,before
117673,20220109,1.0458,0.92,94,before
117674,20220109,1.0604,0.96,100,before
117675,20220109,1.0619,0.98,97,before
117676,20220109,1.0544,1.06,96,before
117677,20220109,1.0534,1.2,99,before
117678,20220109,1.0859,1.07,97,before
117679,20220109,1.1704,1.22,100,before
117680,20220109,1.1667,,100,before
117681,20220109,1.2789,1.48,98,before
117682,20220109,1.3067,1.29,96,before
117683,20220109,1.3117,1.21,172,before
118181,20220111,1.2925,1.42,111,before
118198,20220111,1.2925,1.26,130,before
118199,20220111,1.2557,1.16,137,before
118318,20220112,1.734,1.27,89,before
118330,20220112,1.2057,,97,before
118331,20220112,1.31,1.32,101,before
118332,20220112,1.2547,1.0,99,before
118333,20220112,1.2403,1.06,103,before
118334,20220112,1.2382,0.97,96,before
118335,20220112,1.33,1.05,112,before
118336,20220112,1.2417,1.07,99,before
118337,20220112,1.0933,0.95,99,before
118338,20220112,1.07,,99,before
118339,20220112,1.2542,1.07,107,before
118340,20220112,1.3027,1.07,118,before
118341,20220112,1.2981,1.02,115,before
118342,20220112,1.2503,0.93,106,before
118343,20220112,1.0482,0.94,97,before
118344,20220112,1.0466,0.86,97,before
118345,20220112,1.0332,0.93,94,before
118346,20220112,1.0164,0.92,94,before
118347,20220112,1.0071,1.11,100,before
118348,20220112,1.0217,0.87,96,before
118349,20220112,1.0498,1.0,98,before
118350,20220112,1.1428,0.99,94,before
118351,20220112,1.3188,0.98,95,before
118352,20220112,1.229,0.95,97,before
118353,20220112,1.0033,0.89,97,before
118497,20220113,1.2292,0.93,102,before
118498,20220113,1.2326,0.89,95,before
118499,20220113,1.265,0.84,91,before
118500,20220113,1.3252,,92,before
118508,20220113,1.3342,0.83,90,before
118509,20220113,1.2856,0.82,98,before
118510,20220113,1.2666,0.75,92,before
118511,20220113,1.3605,0.89,96,before
118512,20220113,1.2641,,96,before
118513,20220113,1.2007,,96,before
118514,20220113,1.4629,0.97,98,before
118517,20220113,1.1179,0.84,97,before
118522,20220113,1.31,0.96,129,before
118523,20220113,1.258,0.99,143,before
118524,20220113,1.3286,1.24,95,before
118525,20220113,1.3012,,96,before
118634,20220113,1.0927,1.11,146,before
118635,20220113,1.1654,1.07,151,before
118780,20220114,1.4459,1.37,71,before
118781,20220114,1.3709,1.66,97,before
118782,20220114,1.3262,,95,before
118784,20220114,1.2027,1.48,94,before
118785,20220114,1.1327,1.2,101,before
118786,20220114,1.162,1.26,95,before
118787,20220114,1.2381,1.52,104,before
118788,20220114,1.2141,,103,before
118789,20220114,1.2309,1.22,94,before
118790,20220114,1.2042,,93,before
118795,20220114,1.2842,1.26,132,before
118796,20220114,1.2499,1.36,151,before
118797,20220114,1.2047,1.78,115,before
118798,20220114,1.1834,1.76,155,before
118799,20220114,1.2652,1.58,204,before
119449,20220119,1.2278,1.1,90,before
119450,20220119,1.1777,1.27,92,before
119451,20220119,1.1384,1.07,91,before
119452,20220119,1.1152,1.16,94,before
119453,20220119,1.0744,0.95,97,before
119535,20220120,1.2421,1.46,98,before
119536,20220120,1.2402,1.5,89,before
119537,20220120,1.2453,,89,before
119538,20220120,1.2375,1.27,98,before
119539,20220120,1.2702,,96,before
119540,20220120,1.3115,,96,before
119543,20220120,1.0794,1.45,99,before
119544,20220120,1.0898,0.94,97,before
119545,20220120,1.0933,1.02,95,before
119546,20220120,1.1308,1.19,96,before
119547,20220120,1.1454,1.04,95,before
119548,20220120,1.1766,1.12,65,before
119550,20220120,1.1823,1.0,93,before
119551,20220120,1.2371,0.99,77,before
119552,20220120,1.1985,0.99,93,before
119553,20220120,1.1769,,91,before
119554,20220120,1.1643,,91,before
119555,20220120,1.2077,1.13,88,before
119556,20220120,1.2905,1.14,89,before
119557,20220120,1.1928,0.97,95,before
119558,20220120,1.2743,1.27,86,before
119559,20220120,1.2177,1.11,97,before
119560,20220120,1.1703,0.94,95,before
119561,20220120,1.2994,1.32,97,before
119562,20220120,1.4356,1.09,93,before
119563,20220120,1.3496,1.08,90,before
119564,20220120,1.1624,1.0,96,before
119565,20220120,1.2009,0.98,94,before
119566,20220120,1.2483,0.97,95,before
119567,20220120,1.173,0.98,94,before
119568,20220120,1.2146,1.28,95,before
119569,20220120,1.1555,1.17,94,before
119570,20220120,1.1171,1.03,92,before
119572,20220120,1.0444,1.09,95,before
119573,20220120,1.0604,0.97,96,before
119574,20220120,1.028,0.98,108,before
119575,20220120,1.0119,1.02,101,before
119576,20220120,1.0025,0.84,89,before
119661,20220121,1.1471,1.39,94,before
119662,20220121,1.2303,1.3,99,before
119663,20220121,1.2534,1.43,95,before
119664,20220121,1.2766,1.22,93,before
119665,20220121,1.2557,1.03,97,before
119666,20220121,1.3656,,95,before
119667,20220121,1.2198,1.69,99,before
119672,20220121,1.0996,1.56,98,before
119673,20220121,1.0999,1.21,99,before
119674,20220121,1.159,1.41,96,before
119675,20220121,1.2357,1.35,103,before
119676,20220121,1.1556,1.49,94,before
119677,20220121,1.0517,1.24,97,before
119678,20220121,1.0721,1.76,103,before
119679,20220121,1.0832,1.43,94,before
119680,20220121,1.1022,1.49,95,before
119681,20220121,1.1112,1.17,98,before
119682,20220121,1.1391,1.03,93,before
119683,20220121,1.1116,1.14,96,before
119684,20220121,1.1576,1.18,95,before
119685,20220121,1.1055,1.16,92,before
119686,20220121,1.1307,1.05,89,before
119687,20220121,1.1473,1.25,97,before
119688,20220121,1.1428,1.3,94,before
119689,20220121,1.131,1.18,94,before
119690,20220121,1.1197,,93,before
119691,20220121,1.1593,1.23,97,before
119692,20220121,1.1263,1.03,93,before
119693,20220121,1.1463,1.09,94,before
119694,20220121,1.1336,1.04,95,before
119695,20220121,1.3209,1.18,95,before
119783,20220122,1.1095,1.67,101,before
119784,20220122,1.1761,2.17,96,before
119785,20220122,1.3149,2.06,101,before
119876,20220123,1.2651,2.66,96,before
119877,20220123,1.393,2.44,95,before
119878,20220123,1.4579,,95,before
119881,20220123,1.2737,,96,before
119883,20220123,1.1004,2.04,96,before
119884,20220123,1.4656,2.37,102,before
119885,20220123,1.4157,1.84,98,before
119886,20220123,1.3322,,95,before
119887,20220123,1.3232,1.33,97,before
119888,20220123,1.3013,1.25,96,before
119889,20220123,1.4331,1.23,98,before
119890,20220123,1.2645,1.54,97,before
119891,20220123,1.2176,,99,before
119892,20220123,1.1923,,99,before
119893,20220123,1.0334,1.09,98,before
119894,20220123,1.0166,,98,before
119895,20220123,1.0116,,98,before
119896,20220123,1.0104,1.02,96,before
119897,20220123,1.017,1.06,98,before
119898,20220123,1.0192,0.9,99,before
119899,20220123,1.0179,1.08,100,before
119900,20220123,1.024,0.88,95,before
119901,20220123,1.0269,0.86,97,before
119902,20220123,1.0302,0.81,97,before
119903,20220123,1.0282,1.0,96,before
119904,20220123,1.0274,0.81,97,before
119905,20220123,1.0413,0.87,97,before
119906,20220123,1.0201,0.83,93,before
120019,20220124,1.212,2.12,92,before
120020,20220124,1.3101,1.18,94,before
120021,20220124,1.3223,1.57,93,before
120029,20220124,1.2563,1.25,96,before
120030,20220124,1.2246,1.13,97,before
120031,20220124,1.22,1.14,94,before
120032,20220124,1.2543,1.0,92,before
120033,20220124,1.2851,0.99,95,before
120034,20220124,1.2075,0.98,96,before
120035,20220124,1.276,1.09,93,before
120036,20220124,1.316,0.98,97,before
120037,20220124,1.3232,1.06,94,before
120038,20220124,1.4232,1.0,93,before
120039,20220124,1.2505,1.53,98,before
120040,20220124,1.206,,98,before
120041,20220124,1.3094,1.0,96,before
120042,20220124,1.3567,1.08,97,before
120043,20220124,1.2724,1.03,95,before
120044,20220124,1.2309,1.28,91,before
120045,20220124,1.2071,,90,before
120046,20220124,1.2103,1.27,92,before
120047,20220124,1.1884,,94,before
120048,20220124,1.0454,1.19,99,before
120049,20220124,1.0134,1.06,92,before
120051,20220124,1.0046,0.81,91,before
120052,20220124,1.0035,0.96,92,before
120053,20220124,1.0027,0.92,95,before
120054,20220124,1.0033,1.0,91,before
120055,20220124,1.0436,0.94,93,before
120056,20220124,1.0055,0.97,94,before
120057,20220124,1.0057,0.96,87,before
120058,20220124,1.0075,1.09,93,before
120059,20220124,1.0371,0.88,107,before
120173,20220125,1.2185,1.82,96,before
120174,20220125,1.2285,1.91,102,before
120175,20220125,1.3036,1.74,96,before
120176,20220125,1.2293,1.65,99,before
120177,20220125,1.2264,1.54,101,before
120179,20220125,1.2756,1.91,105,before
120180,20220125,1.2308,1.63,99,before
120181,20220125,1.2367,1.68,103,before
120182,20220125,1.2176,2.1,98,before
120183,20220125,1.1433,,98,before
120184,20220125,1.0912,,98,before
120185,20220125,1.0676,,98,before
120186,20220125,1.2629,2.08,97,before
120187,20220125,1.2709,1.93,98,before
120188,20220125,1.2637,2.53,103,before
120189,20220125,1.2551,2.0,104,before
120190,20220125,1.2495,2.14,100,before
120191,20220125,1.2719,2.2,115,before
120192,20220125,1.2211,2.28,109,before
120193,20220125,1.2469,2.59,129,before
120194,20220125,1.2327,1.96,111,before
120195,20220125,1.1984,1.57,99,before
120196,20220125,1.184,,99,before
120197,20220125,1.2083,1.71,135,before
120198,20220125,1.1942,,135,before
120199,20220125,1.1355,1.77,98,before
120201,20220125,1.0463,1.96,99,before
120202,20220125,1.0237,2.08,106,before
120203,20220125,1.0088,2.07,99,before
120204,20220125,1.0073,1.8,98,before
120205,20220125,1.02,1.58,100,before
120206,20220125,1.0029,1.85,137,before
120207,20220125,1.0409,1.99,108,before
120208,20220125,1.0005,1.97,112,before
120310,20220126,1.2043,0.95,96,before
120311,20220126,1.2312,0.98,95,before
120312,20220126,1.2737,0.89,94,before
120313,20220126,1.3167,1.28,98,before
120314,20220126,1.1718,0.92,97,before
120315,20220126,1.2614,1.07,93,before
120316,20220126,1.2297,1.02,97,before
120317,20220126,1.3764,1.19,98,before
120318,20220126,1.3808,1.03,100,before
120319,20220126,1.3291,1.01,99,before
120320,20220126,1.3216,1.03,99,before
120321,20220126,1.2505,1.05,99,before
120322,20220126,1.2418,0.9,97,before
120323,20220126,1.2332,0.98,93,before
120324,20220126,1.2383,1.03,96,before
120325,20220126,1.1782,0.88,98,before
120326,20220126,1.2054,0.91,97,before
120327,20220126,1.2615,1.17,97,before
120328,20220126,1.2409,,98,before
120329,20220126,1.2306,,97,before
120330,20220126,1.2068,1.31,97,before
120331,20220126,1.1933,,98,before
120332,20220126,1.1893,1.3,95,before
120333,20220126,1.1804,,97,before
120334,20220126,1.1819,1.36,123,before
120335,20220126,1.2227,1.04,175,before
120336,20220126,1.1378,1.38,111,before
120337,20220126,1.0981,1.07,108,before
120338,20220126,1.0845,1.24,97,before
120339,20220126,1.0056,0.87,96,before
120340,20220126,1.0476,0.89,99,before
120341,20220126,1.0001,0.8,122,before
120342,20220126,1.0151,0.84,94,before
120425,20220127,1.245,0.96,99,before
120427,20220127,1.1794,1.02,95,before
120428,20220127,1.2445,,95,before
120429,20220127,1.3142,,96,before
120430,20220127,1.3821,,97,before
120431,20220127,1.4005,1.57,97,before
120436,20220127,1.2947,2.4,100,before
120437,20220127,1.2387,,100,before
120445,20220127,1.2953,1.79,125,before
120446,20220127,1.2364,1.66,106,before
120447,20220127,1.2705,2.01,99,before
120448,20220127,1.2475,,99,before
120449,20220127,1.2191,2.6,106,before
120450,20220127,1.1972,,106,before
120457,20220127,1.2017,1.93,160,before
120458,20220127,1.2837,1.84,196,before
120459,20220127,1.2036,1.67,137,before
120460,20220127,1.1665,1.37,207,before
120461,20220127,1.1733,1.75,193,before
120462,20220127,1.1765,1.72,178,before
120463,20220127,1.1441,1.27,144,before
120464,20220127,1.1144,1.27,163,before
120566,20220128,1.1621,1.17,97,before
120679,20220129,1.2183,1.16,94,before
120680,20220129,1.3248,1.29,95,before
120681,20220129,1.2608,1.65,98,before
120682,20220129,1.2511,,98,before
120802,20220130,1.2194,1.16,104,before
120803,20220130,1.3073,1.1,97,before
120804,20220130,1.2518,1.27,95,before
120805,20220130,1.3855,1.4,96,before
120806,20220130,1.2097,1.28,96,before
120807,20220130,1.2471,1.34,96,before
120808,20220130,1.2048,1.28,96,before
120809,20220130,1.2847,1.22,99,before
120810,20220130,1.3483,1.35,101,before
120811,20220130,1.2991,,101,before
120812,20220130,1.303,1.26,98,before
120813,20220130,1.2879,1.06,98,before
120814,20220130,1.0928,1.03,161,before
120815,20220130,1.0769,0.94,159,before
120816,20220130,1.0698,1.01,163,before
120817,20220130,1.0689,0.97,162,before
120818,20220130,1.0731,1.1,163,before
120819,20220130,1.0837,1.01,162,before
120820,20220130,1.0984,0.99,162,before
120821,20220130,1.118,1.04,160,before
120823,20220130,1.2,1.22,94,before
120824,20220130,1.19,,93,before
120825,20220130,1.1791,1.32,93,before
120826,20220130,1.1972,1.28,94,before
120827,20220130,1.1898,1.34,91,before
120828,20220130,1.1855,,90,before
120829,20220130,1.2356,1.39,98,before
120830,20220130,1.2289,,98,before
120831,20220130,1.2321,,97,before
120832,20220130,1.1321,1.33,162,before
120833,20220130,1.1409,1.4,180,before
120834,20220130,1.1828,1.53,147,before
120835,20220130,1.2261,1.44,175,before
120836,20220130,1.1858,1.2,142,before
120928,20220131,1.2429,1.09,94,before
120929,20220131,1.379,1.08,99,before
120930,20220131,1.2445,1.05,98,before
120931,20220131,1.3334,1.05,97,before
120932,20220131,1.2467,1.09,90,before
120933,20220131,1.2715,1.09,97,before
120934,20220131,1.234,,98,before
120935,20220131,1.2422,0.96,99,before
120936,20220131,1.2111,1.0,96,before
120937,20220131,1.1925,0.97,99,before
120938,20220131,1.207,0.9,96,before
120939,20220131,1.2355,0.98,96,before
120940,20220131,1.2514,0.96,98,before
120941,20220131,1.19,1.04,99,before
120942,20220131,1.1795,,98,before
120943,20220131,1.1511,0.97,97,before
120944,20220131,1.173,1.0,93,before
120947,20220131,1.2708,1.36,174,before
120948,20220131,1.2058,1.13,123,before
120953,20220131,1.2086,0.96,160,before
121041,20220201,1.2073,,123,before
121043,20220201,1.233,,121,before
121127,20220202,1.2685,2.46,110,before
121128,20220202,1.289,,110,before
121129,20220202,1.2214,2.0,97,before
121130,20220202,1.1044,1.68,96,before
121131,20220202,1.2145,1.62,104,before
121132,20220202,1.2406,1.52,105,before
121133,20220202,1.3778,2.03,95,before
121134,20220202,1.2903,,93,before
121135,20220202,1.2527,,94,before
121136,20220202,1.3255,1.74,96,before
121137,20220202,1.2642,,97,before
121138,20220202,1.2316,,96,before
121139,20220202,1.2111,,97,before
121141,20220202,1.2996,2.13,138,before
121142,20220202,1.2029,1.98,118,before
121143,20220202,1.2138,1.84,108,before
121144,20220202,1.2592,1.68,142,before
121145,20220202,1.1916,2.33,128,before
121146,20220202,1.1951,1.93,98,before
121147,20220202,1.1884,1.6,95,before
121148,20220202,1.1694,,96,before
121149,20220202,1.1662,,96,before
121150,20220202,1.1983,1.35,121,before
121151,20220202,1.236,1.56,117,before
121152,20220202,1.2142,1.61,120,before
121153,20220202,1.1904,1.44,99,before
121154,20220202,1.1849,,98,before
121155,20220202,1.1854,1.4,187,before
121156,20220202,1.178,1.62,261,before
121157,20220202,1.1841,2.03,225,before
121158,20220202,1.1892,1.99,192,before
121237,20220203,1.0532,1.57,99,before
121238,20220203,1.1747,1.99,98,before
121239,20220203,1.2722,2.23,74,before
121240,20220203,1.237,1.6,101,before
121241,20220203,1.2711,1.74,97,before
121242,20220203,1.3138,,99,before
121243,20220203,1.284,1.48,92,before
121244,20220203,1.224,,92,before
121245,20220203,1.3131,1.95,97,before
121246,20220203,1.2412,,97,before
121247,20220203,1.2053,,97,before
121249,20220203,1.2801,3.38,98,before
121250,20220203,1.2402,,98,before
121251,20220203,1.2916,2.58,117,before
121252,20220203,1.3103,2.26,100,before
121253,20220203,1.2722,2.04,137,before
121254,20220203,1.3015,2.01,137,before
121255,20220203,1.2182,1.7,98,before
121256,20220203,1.1891,,95,before
121257,20220203,1.1738,,95,before
121263,20220203,1.2894,2.55,207,before
121268,20220203,1.2236,1.66,219,before
121269,20220203,1.2187,,221,before
121353,20220204,1.2597,1.97,99,before
121354,20220204,1.5434,1.66,100,before
121355,20220204,1.3772,1.72,100,before
121356,20220204,1.268,1.61,96,before
121357,20220204,1.2176,1.83,101,before
121358,20220204,1.1928,1.78,98,before
121359,20220204,1.2652,1.62,97,before
121360,20220204,1.1817,,96,before
121361,20220204,1.3595,1.63,97,before
121362,20220204,1.2918,,96,before
121363,20220204,1.2983,1.51,99,before
121364,20220204,1.2524,,98,before
121365,20220204,1.3016,1.51,100,before
121366,20220204,1.2558,,100,before
121367,20220204,1.2357,1.68,98,before
121370,20220204,1.2632,1.29,98,before
121371,20220204,1.2391,,97,before
121372,20220204,1.2109,1.07,97,before
121373,20220204,1.1858,1.25,97,before
121374,20220204,1.173,,97,before
121375,20220204,1.1981,1.32,95,before
121376,20220204,1.1823,1.3,97,before
121377,20220204,1.1693,1.25,94,before
121378,20220204,1.1736,1.29,98,before
121379,20220204,1.1787,1.19,98,before
121380,20220204,1.188,1.07,95,before
121381,20220204,1.1901,,95,before
121382,20220204,1.1787,1.22,97,before
121383,20220204,1.1843,0.99,97,before
121384,20220204,1.1771,1.0,95,before
121385,20220204,1.2084,0.97,172,before
121386,20220204,1.173,0.98,218,before
121465,20220205,1.2625,1.18,91,before
121466,20220205,1.3005,1.14,95,before
121467,20220205,1.3322,1.08,95,before
121468,20220205,1.2233,1.04,95,before
121469,20220205,1.2622,1.08,96,before
121470,20220205,1.3081,0.96,96,before
121471,20220205,1.1837,1.15,98,before
121472,20220205,1.2296,1.14,95,before
121478,20220205,1.3131,1.22,122,before
121479,20220205,1.2934,1.34,99,before
121480,20220205,1.3638,1.26,100,before
121481,20220205,1.3288,1.07,98,before
121482,20220205,1.2622,1.21,94,before
121483,20220205,1.2625,1.1,99,before
121484,20220205,1.2112,1.08,96,before
121485,20220205,1.2091,1.24,95,before
121486,20220205,1.2532,1.04,97,before
121487,20220205,1.3025,0.98,95,before
121488,20220205,1.1872,0.97,95,before
121489,20220205,1.1549,1.04,99,before
121490,20220205,1.1474,1.03,98,before
121491,20220205,1.2205,0.97,91,before
121492,20220205,1.2264,0.89,97,before
121493,20220205,1.2315,0.93,100,before
121494,20220205,1.2227,1.06,92,before
121495,20220205,1.15,0.95,98,before
121496,20220205,1.1936,1.19,95,before
121497,20220205,1.2211,1.01,99,before
121498,20220205,1.2243,0.92,95,before
121499,20220205,1.1808,0.91,97,before
121501,20220205,1.2148,1.07,164,before
121586,20220206,1.2275,1.16,99,before
121587,20220206,1.1768,1.42,95,before
121588,20220206,1.1241,,95,before
121589,20220206,1.3864,1.84,98,before
121590,20220206,1.3581,2.22,99,before
121591,20220206,1.2771,,96,before
121592,20220206,1.3921,1.34,98,before
121593,20220206,1.3241,,96,before
121594,20220206,1.3886,1.83,97,before
121595,20220206,1.3218,,96,before
121596,20220206,1.2743,,96,before
121597,20220206,1.3565,1.66,97,before
121598,20220206,1.3125,,96,before
121610,20220206,1.1902,3.07,97,before
121611,20220206,1.3014,2.15,211,before
121612,20220206,1.263,2.2,210,before
121613,20220206,1.2595,,210,before
121614,20220206,1.2149,2.25,171,before
121615,20220206,1.1937,2.33,241,before
121699,20220207,1.3631,1.16,93,before
121700,20220207,1.3234,1.15,94,before
121701,20220207,1.2738,1.27,95,before
121702,20220207,1.2475,,97,before
121704,20220207,1.0757,1.85,99,before
121705,20220207,1.1175,2.21,109,before
121706,20220207,1.3449,1.94,105,before
121707,20220207,1.3763,1.38,116,before
121708,20220207,1.3809,1.23,97,before
121709,20220207,1.3175,,95,before
121711,20220207,1.2485,2.96,106,before
121713,20220207,1.1899,,106,before
121715,20220207,1.2689,1.96,172,before
121716,20220207,1.219,1.48,139,before
121717,20220207,1.2169,1.39,97,before
121718,20220207,1.1923,1.43,95,before
121719,20220207,1.2296,1.05,96,before
121720,20220207,1.2316,1.05,97,before
121721,20220207,1.2028,1.35,97,before
121722,20220207,1.1933,,98,before
121723,20220207,1.1767,1.41,98,before
121724,20220207,1.1787,0.96,97,before
121726,20220207,1.1535,1.21,97,before
121727,20220207,1.1542,,97,before
121728,20220207,1.1844,1.49,93,before
121729,20220207,1.2125,1.71,277,before
121730,20220207,1.1419,1.92,166,before
121731,20220207,1.1475,1.68,161,before
121814,20220208,1.2591,1.14,96,before
121815,20220208,1.2703,1.29,96,before
121816,20220208,1.256,1.23,82,before
121817,20220208,1.1374,1.11,91,before
121818,20220208,1.1095,1.59,97,before
121819,20220208,1.1149,1.22,107,before
121820,20220208,1.119,1.08,100,before
121821,20220208,1.4252,1.18,95,before
121822,20220208,1.34,,94,before
121823,20220208,1.4497,1.31,100,before
121824,20220208,1.3671,,100,before
121825,20220208,1.3534,1.45,98,before
121826,20220208,1.2968,,98,before
121827,20220208,1.2498,,97,before
121828,20220208,1.227,,96,before
121829,20220208,1.1682,1.94,99,before
121830,20220208,1.2545,1.48,133,before
121831,20220208,1.219,1.48,130,before
121832,20220208,1.2815,1.81,163,before
121833,20220208,1.1654,1.07,99,before
121834,20220208,1.2018,1.13,97,before
121835,20220208,1.1615,0.96,97,before
121836,20220208,1.1678,1.17,95,before
121837,20220208,1.2025,1.18,97,before
121838,20220208,1.1993,,98,before
121839,20220208,1.1847,1.24,97,before
121840,20220208,1.2012,1.46,93,before
121841,20220208,1.1874,,94,before
121842,20220208,1.1422,1.49,98,before
121843,20220208,1.1476,,99,before
121845,20220208,1.2018,2.05,263,before
121846,20220208,1.2294,1.76,204,before
121927,20220209,1.4131,1.26,94,before
121928,20220209,1.35,1.01,90,before
121929,20220209,1.3804,1.32,91,before
121930,20220209,1.3981,1.39,98,before
121931,20220209,1.239,1.29,98,before
121932,20220209,1.2621,1.05,100,before
121933,20220209,1.193,,100,before
121934,20220209,1.326,0.95,96,before
121935,20220209,1.272,,95,before
121936,20220209,1.3232,0.86,98,before
121937,20220209,1.2737,,98,before
121938,20220209,1.3416,1.0,98,before
121939,20220209,1.2944,,98,before
121940,20220209,1.3144,1.04,97,before
121941,20220209,1.2761,,96,before
121942,20220209,1.2509,1.15,97,before
121943,20220209,1.2233,,98,before
121944,20220209,1.243,1.19,98,before
121945,20220209,1.2155,,97,before
121946,20220209,1.2363,1.09,99,before
121947,20220209,1.218,,100,before
121948,20220209,1.2315,1.14,95,before
121949,20220209,1.2226,1.13,96,before
121950,20220209,1.1854,1.07,97,before
121951,20220209,1.1893,1.11,99,before
121952,20220209,1.1923,1.1,99,before
121953,20220209,1.1612,1.08,99,before
121954,20220209,1.1858,1.15,98,before
121955,20220209,1.1724,1.2,99,before
121956,20220209,1.1749,1.3,95,before
121957,20220209,1.1825,1.19,100,before
121958,20220209,1.1752,1.04,96,before
121959,20220209,1.1885,1.12,98,before
121960,20220209,1.1789,1.22,219,before
122041,20220210,1.4106,1.61,99,before
122042,20220210,1.4709,,97,before
122043,20220210,1.5977,1.76,97,before
122044,20220210,1.6855,,97,before
122045,20220210,1.483,1.34,94,before
122046,20220210,1.3423,1.08,97,before
122047,20220210,1.3926,1.33,100,before
122048,20220210,1.3278,,98,before
122049,20220210,1.3868,1.11,145,before
122050,20220210,1.3965,1.4,108,before
122051,20220210,1.2937,1.11,127,before
122052,20220210,1.3108,1.54,120,before
122053,20220210,1.274,,120,before
122054,20220210,1.2889,1.24,114,before
122055,20220210,1.215,1.21,108,before
122056,20220210,1.2193,1.03,94,before
122064,20220210,1.1983,1.28,103,before
122065,20220210,1.1522,0.99,96,before
122066,20220210,1.1518,0.99,95,before
122067,20220210,1.1544,0.98,99,before
122068,20220210,1.22,1.02,96,before
122069,20220210,1.2477,0.92,98,before
122070,20220210,1.2156,0.89,97,before
122072,20220210,1.1422,0.92,98,before
122073,20220210,1.1821,1.1,97,before
122074,20220210,1.1863,1.13,98,before
122075,20220210,1.2203,1.18,91,before
122076,20220210,1.1434,0.95,190,before
122156,20220211,1.3443,1.39,89,before
122158,20220211,1.3906,1.14,93,before
122159,20220211,1.611,1.15,101,before
122160,20220211,1.562,0.97,102,before
122161,20220211,1.4609,0.81,95,before
122167,20220211,1.3507,0.92,133,before
122169,20220211,1.283,1.0,115,before
122171,20220211,1.205,1.03,100,before
122173,20220211,1.3765,0.89,119,before
122175,20220211,1.2375,0.85,96,before
122176,20220211,1.1964,,96,before
122177,20220211,1.2649,1.05,177,before
122178,20220211,1.228,0.94,99,before
122179,20220211,1.199,,98,before
122180,20220211,1.2306,0.93,96,before
122181,20220211,1.2148,,96,before
122182,20220211,1.1814,0.97,98,before
122183,20220211,1.1719,,96,before
122184,20220211,1.1878,0.9,96,before
122185,20220211,1.1811,,96,before
122186,20220211,1.1867,1.2,96,before
122187,20220211,1.1823,,96,before
122188,20220211,1.1783,1.5,219,before
122189,20220211,1.1842,1.19,97,before
122190,20220211,1.177,1.55,96,before
122191,20220211,1.1841,,98,before
122192,20220211,1.1946,1.41,97,before
122193,20220211,1.1697,1.14,220,before
122278,20220212,1.2304,1.1,99,before
122279,20220212,1.2556,0.97,100,before
122280,20220212,1.3526,0.97,101,before
122281,20220212,1.3002,1.09,101,before
122282,20220212,1.4594,1.2,93,before
122283,20220212,1.5059,1.0,95,before
122284,20220212,1.4414,1.28,90,before
122285,20220212,1.492,1.69,92,before
122286,20220212,1.4887,1.21,110,before
122287,20220212,1.4263,,108,before
122288,20220212,1.376,0.98,108,before
122289,20220212,1.3833,1.15,133,before
122290,20220212,1.3806,0.99,110,before
122291,20220212,1.1882,0.96,118,before
122292,20220212,1.2817,0.9,173,before
122293,20220212,1.1943,0.85,117,before
122294,20220212,1.2265,0.89,138,before
122295,20220212,1.2318,0.98,131,before
122296,20220212,1.2373,1.0,104,before
122297,20220212,1.1818,0.94,106,before
122298,20220212,1.2223,0.98,133,before
122299,20220212,1.1836,0.89,141,before
122300,20220212,1.2132,0.87,99,before
122301,20220212,1.202,,99,before
122302,20220212,1.2208,0.98,166,before
122303,20220212,1.3117,1.02,134,before
122304,20220212,1.2357,0.95,94,before
122305,20220212,1.2262,,95,before
122306,20220212,1.1997,0.83,99,before
122307,20220212,1.2277,0.93,99,before
122308,20220212,1.2326,0.88,99,before
122309,20220212,1.1552,0.88,99,before
122310,20220212,1.1952,0.89,100,before
122311,20220212,1.2224,0.87,164,before
122392,20220213,1.2673,0.91,95,before
122393,20220213,1.2823,1.01,92,before
122394,20220213,1.3479,0.96,102,before
122395,20220213,1.2266,0.86,105,before
122396,20220213,1.2499,0.84,98,before
122398,20220213,1.5655,0.88,105,before
122399,20220213,1.6036,0.92,98,before
122400,20220213,1.4989,0.9,94,before
122401,20220213,1.4733,0.91,92,before
122402,20220213,1.5521,0.91,95,before
122403,20220213,1.6856,1.06,94,before
122404,20220213,1.5943,,92,before
122405,20220213,1.4835,1.01,130,before
122406,20220213,1.484,0.99,146,before
122407,20220213,1.2587,0.89,107,before
122408,20220213,1.1716,0.86,100,before
122409,20220213,1.1742,0.88,99,before
122410,20220213,1.322,0.91,127,before
122411,20220213,1.2648,0.86,111,before
122412,20220213,1.3096,0.86,112,before
122413,20220213,1.2961,0.87,149,before
122414,20220213,1.2471,0.94,136,before
122415,20220213,1.2165,0.91,107,before
122416,20220213,1.1787,0.9,140,before
122417,20220213,1.1496,0.94,108,before
122418,20220213,1.1554,0.91,119,before
122419,20220213,1.1961,0.92,161,before
122420,20220213,1.2365,0.93,196,before
122421,20220213,1.2433,0.84,197,before
122422,20220213,1.2501,0.93,193,before
122423,20220213,1.1724,0.92,254,before
122424,20220213,1.2122,0.98,264,before
122425,20220213,1.1977,0.95,264,before
122426,20220213,1.1626,0.98,226,before
122427,20220213,1.1683,0.93,223,before
122428,20220213,1.1918,0.87,98,before
122429,20220213,1.1457,0.92,99,before
122430,20220213,1.176,0.91,161,before
122622,20220217,1.2726,2.04,100,before
122626,20220217,1.1037,1.38,105,before
122627,20220217,1.0749,,109,before
122628,20220217,1.0717,1.07,95,before
122629,20220217,1.09,1.39,93,before
122630,20220217,1.1179,1.47,89,before
122632,20220217,1.1238,1.19,91,before
122633,20220217,1.1417,1.17,89,before
122634,20220217,1.1292,1.54,91,before
122635,20220217,1.1719,1.39,86,before
122641,20220217,1.1357,1.1,80,before
122653,20220217,1.0621,1.27,96,before
122654,20220217,1.0547,1.06,99,before
122655,20220217,1.0291,1.09,103,before
122656,20220217,1.0156,1.03,95,before
122657,20220217,1.0025,1.17,103,before
122658,20220217,1.2095,1.73,139,before
122659,20220217,1.196,,138,before
122745,20220218,1.2475,1.2,96,before
122746,20220218,1.3082,1.13,92,before
122747,20220218,1.2264,1.17,97,before
122748,20220218,1.241,1.04,96,before
122749,20220218,1.1921,1.79,97,before
122750,20220218,1.2178,1.08,97,before
122751,20220218,1.1668,,98,before
122752,20220218,1.3163,1.01,95,before
122753,20220218,1.2464,,95,before
122754,20220218,1.1892,,95,before
122755,20220218,1.0739,0.98,99,before
122756,20220218,1.0351,1.01,98,before
122757,20220218,1.0402,0.86,97,before
122758,20220218,1.0448,0.91,95,before
122759,20220218,1.0517,1.07,98,before
122760,20220218,1.0644,0.91,97,before
122761,20220218,1.0791,0.88,98,before
122762,20220218,1.0575,0.98,97,before
122763,20220218,1.0729,1.01,97,before
122764,20220218,1.0865,1.04,97,before
122766,20220218,1.0801,1.12,95,before
122767,20220218,1.0965,1.02,97,before
122768,20220218,1.0657,1.11,97,before
122769,20220218,1.0787,1.24,96,before
122770,20220218,1.0998,1.04,92,before
122771,20220218,1.085,1.1,97,before
122772,20220218,1.1237,1.09,94,before
122773,20220218,1.0895,1.15,89,before
122774,20220218,1.0711,1.06,95,before
122775,20220218,1.0649,1.23,94,before
122776,20220218,1.0845,1.4,93,before
122777,20220218,1.085,1.35,96,before
122778,20220218,1.0724,1.17,98,before
122779,20220218,1.0291,1.17,100,before
122780,20220218,1.0173,1.05,100,before
122781,20220218,1.0347,0.96,98,before
122782,20220218,1.0219,0.97,96,before
122783,20220218,1.004,0.93,99,before
122784,20220218,1.0007,1.03,118,before
122785,20220218,1.0001,0.93,102,before
122786,20220218,1.1719,0.91,225,before
122866,20220219,1.2857,1.04,102,before
122867,20220219,1.3104,1.0,102,before
122868,20220219,1.1997,0.96,98,before
122869,20220219,1.1193,0.95,96,before
122870,20220219,1.141,0.87,98,before
122871,20220219,1.2696,1.06,98,before
122872,20220219,1.292,0.85,99,before
122873,20220219,1.2374,0.89,97,before
122874,20220219,1.2886,0.94,100,before
122875,20220219,1.3092,0.84,99,before
122876,20220219,1.2798,0.85,94,before
122877,20220219,1.2395,,97,before
122878,20220219,1.3392,0.89,98,before
122879,20220219,1.2876,,99,before
122880,20220219,1.0427,0.85,98,before
122881,20220219,1.0253,,98,before
122882,20220219,1.0161,0.81,98,before
122883,20220219,1.0251,0.84,95,before
122884,20220219,1.0221,0.88,96,before
122885,20220219,1.0236,0.9,96,before
122886,20220219,1.0248,0.88,97,before
122887,20220219,1.0314,0.81,98,before
122888,20220219,1.0298,0.8,95,before
122889,20220219,1.022,,95,before
122890,20220219,1.0284,0.81,98,before
122891,20220219,1.0284,0.82,96,before
122892,20220219,1.0263,,96,before
122893,20220219,1.0361,0.79,98,before
122894,20220219,1.0337,,97,before
122895,20220219,1.0335,0.78,97,before
122896,20220219,1.0332,,98,before
122897,20220219,1.0291,0.73,99,before
122898,20220219,1.0305,,100,before
122899,20220219,1.0234,0.76,95,before
122900,20220219,1.0273,,96,before
122901,20220219,1.0112,0.76,109,before
123073,20220220,1.2248,1.6,103,before
123074,20220220,1.1466,1.4,99,before
123075,20220220,1.1157,,99,before
123076,20220220,1.1265,1.75,97,before
123077,20220220,1.0986,,97,before
123078,20220220,1.1015,1.35,99,before
123079,20220220,1.1703,1.39,94,before
123080,20220220,1.17,1.69,96,before
123081,20220220,1.1128,1.63,97,before
123082,20220220,1.0966,,95,before
123163,20220220,1.0044,1.5,115,before
123244,20220221,1.2644,,97,before
123245,20220221,1.1441,1.91,96,before
123246,20220221,1.0867,2.09,98,before
123247,20220221,1.1071,2.19,98,before
123248,20220221,1.1089,2.43,98,before
123249,20220221,1.0882,2.32,97,before
123250,20220221,1.0534,,97,before
123251,20220221,1.0808,1.95,97,before
123255,20220221,1.0407,2.83,94,before
123256,20220221,1.0437,1.7,98,before
123257,20220221,1.0354,1.4,98,before
123258,20220221,1.0187,1.88,99,before
123259,20220221,1.0238,1.39,102,before
123260,20220221,1.0183,1.58,98,before
123261,20220221,1.0202,1.28,100,before
123262,20220221,1.0138,1.11,96,before
123263,20220221,1.0143,1.46,96,before
123281,20220221,1.0048,1.11,94,before
123282,20220221,1.0017,0.92,96,before
123283,20220221,1.0043,1.55,103,before
123284,20220221,1.0013,1.39,102,before
123285,20220221,1.0016,1.13,100,before
123286,20220221,1.0019,1.39,99,before
123287,20220221,1.0014,1.36,115,before
123288,20220221,1.0055,1.22,107,before
123290,20220221,1.0531,1.0,97,before
123291,20220221,1.0017,1.22,98,before
123292,20220221,1.0072,,99,before
123293,20220221,1.0035,1.14,96,before
123294,20220221,1.0063,1.07,97,before
123295,20220221,1.0009,1.13,98,before
124002,20220225,1.2661,1.19,101,before
124003,20220225,1.2904,1.06,97,before
124004,20220225,1.177,1.4,99,before
124005,20220225,1.2134,1.19,97,before
124006,20220225,1.2253,1.03,99,before
124007,20220225,1.2653,0.95,97,before
124008,20220225,1.3757,1.06,92,before
124009,20220225,1.3882,1.02,98,before
124010,20220225,1.3646,1.11,100,before
124011,20220225,1.2828,1.14,96,before
124012,20220225,1.2547,1.04,97,before
124013,20220225,1.2486,1.04,97,before
124014,20220225,1.239,1.16,99,before
124015,20220225,1.2373,1.06,97,before
124018,20220225,1.2221,1.19,98,before
124019,20220225,1.2028,1.05,100,before
124020,20220225,1.1506,0.91,98,before
124021,20220225,1.2159,1.07,96,before
124022,20220225,1.1622,1.35,95,before
124023,20220225,1.2132,1.04,100,before
124024,20220225,1.1845,1.41,98,before
124025,20220225,1.1732,0.99,99,before
124026,20220225,1.1769,0.98,96,before
124027,20220225,1.2007,1.11,92,before
124028,20220225,1.1912,1.14,99,before
124029,20220225,1.1784,1.09,97,before
124030,20220225,1.1706,1.22,96,before
124031,20220225,1.1453,1.24,98,before
124032,20220225,1.1769,1.38,99,before
124033,20220225,1.1833,,99,before
124034,20220225,1.179,1.19,100,before
124035,20220225,1.1815,1.19,95,before
124036,20220225,1.1725,1.22,234,before
124037,20220225,1.1481,1.15,155,before
124117,20220226,1.3337,1.4,101,before
124118,20220226,1.2405,1.47,97,before
124119,20220226,1.2937,1.45,99,before
124120,20220226,1.2576,1.41,94,before
124121,20220226,1.2866,1.22,96,before
124122,20220226,1.1853,1.03,98,before
124123,20220226,1.2603,1.46,96,before
124124,20220226,1.1904,1.38,96,before
124125,20220226,1.3269,1.11,96,before
124126,20220226,1.202,1.13,97,before
124127,20220226,1.1941,1.18,95,before
124128,20220226,1.1846,1.32,95,before
124129,20220226,1.2642,1.13,97,before
124130,20220226,1.2444,,98,before
124131,20220226,1.1606,1.11,98,before
124132,20220226,1.1276,1.25,100,before
124133,20220226,1.1533,1.26,99,before
124134,20220226,1.1415,1.14,91,before
124135,20220226,1.2134,1.25,93,before
124136,20220226,1.1626,1.23,97,before
124137,20220226,1.1634,,95,before
124138,20220226,1.1412,1.13,99,before
124139,20220226,1.2053,1.27,98,before
124140,20220226,1.1959,1.12,96,before
124141,20220226,1.207,,97,before
124142,20220226,1.1698,1.06,98,before
124143,20220226,1.2188,1.14,98,before
124144,20220226,1.22,0.92,96,before
124145,20220226,1.1477,0.95,162,before
124231,20220227,1.2555,1.4,99,before
124232,20220227,1.2881,1.43,119,before
124233,20220227,1.2386,,120,before
124234,20220227,1.3346,1.28,123,before
124235,20220227,1.4823,1.51,99,before
124242,20220227,1.1779,,100,before
124243,20220227,1.319,1.43,148,before
124245,20220227,1.2617,1.4,145,before
124253,20220227,1.2017,1.18,147,before
124344,20220228,1.2791,1.12,100,before
124345,20220228,1.2686,1.09,95,before
124346,20220228,1.2579,0.95,99,before
124347,20220228,1.2602,0.95,99,before
124348,20220228,1.4256,1.09,101,before
124349,20220228,1.3942,1.08,99,before
124350,20220228,1.4984,0.99,97,before
124351,20220228,1.3399,1.05,99,before
124352,20220228,1.2959,1.01,98,before
124353,20220228,1.2413,0.99,97,before
124354,20220228,1.2539,1.07,97,before
124355,20220228,1.286,1.06,96,before
124356,20220228,1.2048,0.95,97,before
124357,20220228,1.2028,1.27,93,before
124358,20220228,1.1898,0.99,95,before
124359,20220228,1.2133,1.18,93,before
124360,20220228,1.2535,1.0,96,before
124361,20220228,1.1793,1.1,98,before
124362,20220228,1.2107,0.98,99,before
124363,20220228,1.1782,0.91,99,before
124364,20220228,1.2086,1.16,99,before
124365,20220228,1.2143,1.02,98,before
124366,20220228,1.1954,0.93,96,before
124367,20220228,1.1676,0.96,99,before
124368,20220228,1.1727,0.93,100,before
124369,20220228,1.1784,0.95,98,before
124370,20220228,1.1612,0.86,100,before
124371,20220228,1.2026,0.82,96,before
124372,20220228,1.1919,0.93,100,before
124373,20220228,1.1871,1.16,98,before
124374,20220228,1.1735,1.01,97,before
124375,20220228,1.2108,0.88,98,before
124376,20220228,1.2003,0.89,94,before
124377,20220228,1.1904,0.94,97,before
124378,20220228,1.1883,0.91,277,before
124379,20220228,1.1873,0.92,203,before
124460,20220301,1.324,1.4,113,before
124461,20220301,1.0952,1.16,97,before
124462,20220301,1.2077,1.11,99,before
124463,20220301,1.1937,1.35,94,before
124464,20220301,1.2026,1.78,98,before
124465,20220301,1.1607,,98,before
124466,20220301,1.2312,1.32,94,before
124467,20220301,1.2622,1.16,98,before
124468,20220301,1.22,,95,before
124469,20220301,1.3342,1.31,98,before
124470,20220301,1.2962,,98,before
124471,20220301,1.3018,1.61,98,before
124472,20220301,1.2951,1.46,98,before
124473,20220301,1.2709,,96,before
124474,20220301,1.2822,1.39,93,before
124475,20220301,1.2669,1.53,97,before
124476,20220301,1.1443,1.2,98,before
124477,20220301,1.1509,1.29,95,before
124478,20220301,1.1529,1.17,100,before
124479,20220301,1.1553,1.27,98,before
124480,20220301,1.2247,1.14,99,before
124481,20220301,1.2148,1.26,97,before
124482,20220301,1.2216,0.98,97,before
124483,20220301,1.1523,1.21,96,before
124484,20220301,1.1515,1.19,97,before
124485,20220301,1.1454,1.34,96,before
124486,20220301,1.1492,1.03,99,before
124487,20220301,1.1775,1.16,96,before
124488,20220301,1.1627,1.0,97,before
124489,20220301,1.1854,1.25,206,before
124490,20220301,1.1519,1.06,212,before
124571,20220302,1.3723,1.6,101,before
124572,20220302,1.4079,,102,before
124573,20220302,1.1785,1.55,104,before
124574,20220302,1.2571,1.23,95,before
124580,20220302,1.2336,1.23,110,before
124581,20220302,1.204,,112,before
124582,20220302,1.2128,1.84,113,before
124583,20220302,1.1762,,115,before
124584,20220302,1.3206,1.25,131,before
124718,20220303,1.2416,2.51,103,before
124914,20220304,1.1787,3.2,147,before
124915,20220304,1.0233,2.53,100,before
124917,20220304,1.1766,2.15,147,before
124918,20220304,1.2157,2.47,218,before
124919,20220304,1.2052,2.51,189,before
124920,20220304,1.2317,2.14,229,before
124921,20220304,1.2276,,231,before
124922,20220304,1.1568,1.89,253,before
124923,20220304,1.1508,1.93,206,before
124924,20220304,1.1364,2.37,198,before
124925,20220304,1.1969,1.87,236,before
124926,20220304,1.1506,1.82,206,before
124927,20220304,1.1707,2.13,211,before
125013,20220305,1.0983,2.55,101,before
125014,20220305,1.0683,,102,before
125018,20220305,1.2545,2.33,143,before
125019,20220305,1.1993,2.7,97,before
125020,20220305,1.2941,2.5,121,before
125199,20220306,1.1364,1.99,98,before
125201,20220306,1.249,2.05,99,before
125202,20220306,1.2432,2.08,104,before
125203,20220306,1.1991,,103,before
125204,20220306,1.2261,1.86,98,before
125205,20220306,1.3174,2.53,127,before
125206,20220306,1.3825,1.96,144,before
125207,20220306,1.3728,1.77,97,before
125208,20220306,1.3187,,94,before
125209,20220306,1.2261,1.38,97,before
125211,20220306,1.2356,1.38,97,before
125212,20220306,1.2339,1.22,98,before
125213,20220306,1.2518,1.4,91,before
125214,20220306,1.1724,1.11,97,before
125215,20220306,1.1779,0.97,96,before
125216,20220306,1.1651,1.03,98,before
125217,20220306,1.1934,1.03,95,before
125218,20220306,1.1966,0.95,97,before
125219,20220306,1.1635,1.03,97,before
125220,20220306,1.2009,1.21,95,before
125221,20220306,1.1906,0.95,96,before
125222,20220306,1.1963,1.04,95,before
125223,20220306,1.1712,1.11,95,before
125224,20220306,1.1906,1.01,94,before
125225,20220306,1.193,1.27,97,before
125226,20220306,1.2035,,97,before
125227,20220306,1.1486,1.18,96,before
125228,20220306,1.1885,1.13,96,before
125229,20220306,1.1916,1.23,97,before
125230,20220306,1.1513,1.05,145,before
125315,20220307,1.061,1.47,98,before
125316,20220307,1.0861,1.33,99,before
125317,20220307,1.199,1.62,97,before
125318,20220307,1.2085,1.8,97,before
125319,20220307,1.2524,1.87,102,before
125320,20220307,1.3368,1.58,120,before
125321,20220307,1.2247,2.03,102,before
125322,20220307,1.2223,1.68,99,before
125323,20220307,1.2825,1.67,121,before
125324,20220307,1.2759,1.87,135,before
125325,20220307,1.3322,1.95,131,before
125326,20220307,1.338,1.93,116,before
125327,20220307,1.3484,1.99,123,before
125328,20220307,1.1913,1.93,140,before
125329,20220307,1.1925,1.57,135,before
125330,20220307,1.1953,1.72,144,before
125331,20220307,1.2278,1.68,141,before
125332,20220307,1.2327,1.87,136,before
125333,20220307,1.1898,1.81,109,before
125334,20220307,1.2209,1.77,114,before
125335,20220307,1.1824,1.72,126,before
125336,20220307,1.1651,1.4,98,before
125337,20220307,1.1532,,98,before
125338,20220307,1.2189,1.5,191,before
125339,20220307,1.1778,1.78,161,before
125340,20220307,1.2192,1.54,209,before
125341,20220307,1.1751,1.65,97,before
125342,20220307,1.1761,,99,before
125344,20220307,1.2136,,99,before
125345,20220307,1.2362,1.49,181,before
125346,20220307,1.1844,2.12,171,before
125347,20220307,1.191,1.43,217,before
125348,20220307,1.1478,1.57,202,before
125349,20220307,1.1583,1.37,179,before
125350,20220307,1.1197,1.22,194,before
125351,20220307,1.1704,1.5,174,before
125432,20220308,1.1564,1.0,112,before
125433,20220308,1.2358,1.05,94,before
125434,20220308,1.4432,1.07,100,before
125435,20220308,1.4757,1.04,97,before
125436,20220308,1.4382,1.05,97,before
125437,20220308,1.303,1.25,98,before
125438,20220308,1.3349,1.56,98,before
125439,20220308,1.2447,1.13,98,before
125440,20220308,1.2377,1.03,100,before
125441,20220308,1.2305,1.03,96,before
125442,20220308,1.1687,1.0,97,before
125443,20220308,1.1891,0.96,98,before
125444,20220308,1.191,0.92,97,before
125445,20220308,1.154,0.98,98,before
125446,20220308,1.1634,0.96,95,before
125447,20220308,1.2006,1.01,98,before
125448,20220308,1.208,1.23,99,before
125449,20220308,1.1567,1.09,97,before
125450,20220308,1.1969,1.04,96,before
125451,20220308,1.164,0.99,99,before
125452,20220308,1.169,1.08,98,before
125453,20220308,1.2155,0.96,98,before
125454,20220308,1.1661,0.99,97,before
125455,20220308,1.2078,1.04,93,before
125456,20220308,1.1887,0.99,98,before
125457,20220308,1.165,1.13,94,before
125458,20220308,1.1893,1.04,100,before
125459,20220308,1.1794,1.05,97,before
125460,20220308,1.201,1.09,97,before
125461,20220308,1.1561,1.02,99,before
125462,20220308,1.1704,1.12,175,before
125463,20220308,1.1287,1.03,166,before
125543,20220309,1.2375,1.06,93,before
125544,20220309,1.2775,1.23,96,before
125545,20220309,1.5994,1.16,97,before
125546,20220309,1.4978,,91,before
125547,20220309,1.471,1.18,97,before
125548,20220309,1.4058,,94,before
125549,20220309,1.4377,1.01,97,before
125550,20220309,1.3738,,95,before
125551,20220309,1.3309,,93,before
125552,20220309,1.2243,1.12,99,before
125553,20220309,1.1961,,98,before
125554,20220309,1.1957,1.15,98,before
125555,20220309,1.2336,1.04,97,before
125556,20220309,1.2173,1.93,99,before
125557,20220309,1.2171,1.54,100,before
125558,20220309,1.1598,0.88,97,before
125559,20220309,1.2171,1.31,98,before
125560,20220309,1.1528,1.18,94,before
125561,20220309,1.1885,1.12,96,before
125562,20220309,1.1615,0.87,98,before
125563,20220309,1.2047,0.84,99,before
125564,20220309,1.1549,1.06,96,before
125565,20220309,1.16,0.89,98,before
125566,20220309,1.206,0.92,100,before
125567,20220309,1.1695,0.98,97,before
125568,20220309,1.1942,1.04,98,before
125569,20220309,1.1563,0.9,96,before
125570,20220309,1.2075,0.83,99,before
125571,20220309,1.2007,0.86,100,before
125572,20220309,1.1803,1.02,99,before
125573,20220309,1.1889,0.89,96,before
125574,20220309,1.1836,0.94,99,before
125575,20220309,1.1271,0.91,171,before
125576,20220309,1.1798,1.16,167,before
125734,20220310,1.163,2.65,200,before
125736,20220310,1.2101,2.47,172,before
125737,20220310,1.135,2.5,269,before
125817,20220311,1.4252,1.33,95,before
125818,20220311,1.4613,1.24,94,before
125819,20220311,1.4,1.14,90,before
125820,20220311,1.493,1.46,125,before
125821,20220311,1.4276,1.3,125,before
125822,20220311,1.3196,1.19,112,before
125823,20220311,1.4008,1.33,105,before
125824,20220311,1.3229,1.34,138,before
125825,20220311,1.1408,1.26,94,before
125826,20220311,1.1828,1.27,99,before
125827,20220311,1.2299,1.29,97,before
125828,20220311,1.1907,,97,before
125829,20220311,1.1729,,97,before
125830,20220311,1.223,1.35,96,before
125831,20220311,1.2013,,96,before
125832,20220311,1.2409,1.18,97,before
125833,20220311,1.2281,,97,before
125834,20220311,1.2268,,97,before
125835,20220311,1.1949,1.41,154,before
125836,20220311,1.1652,1.32,99,before
125837,20220311,1.1571,,99,before
125838,20220311,1.169,1.05,96,before
125839,20220311,1.1697,1.07,98,before
125840,20220311,1.1655,0.98,98,before
125841,20220311,1.2117,1.01,98,before
125842,20220311,1.1615,1.09,98,before
125843,20220311,1.1689,0.99,97,before
125844,20220311,1.1687,1.07,97,before
125845,20220311,1.204,1.13,98,before
125846,20220311,1.1717,1.04,98,before
125847,20220311,1.1769,1.14,97,before
125848,20220311,1.0052,1.14,123,before
125849,20220311,1.1367,1.19,173,before
125928,20220312,1.4692,1.17,98,before
125932,20220312,1.4488,1.02,96,before
125933,20220312,1.3906,1.17,89,before
125934,20220312,1.5878,1.23,149,before
125935,20220312,1.3303,1.16,101,before
125936,20220312,1.3926,1.65,136,before
125937,20220312,1.4121,1.32,126,before
125938,20220312,1.2337,1.12,141,before
125939,20220312,1.1511,1.05,99,before
125940,20220312,1.1737,1.15,100,before
125941,20220312,1.2378,1.02,152,before
125942,20220312,1.2799,1.09,135,before
125943,20220312,1.2171,1.01,97,before
125944,20220312,1.2014,,97,before
125945,20220312,1.2198,0.93,97,before
125946,20220312,1.2124,,97,before
125947,20220312,1.209,0.95,98,before
125948,20220312,1.2054,,96,before
125949,20220312,1.2142,1.13,100,before
125950,20220312,1.2082,,100,before
125951,20220312,1.2175,0.99,97,before
125952,20220312,1.2156,,98,before
125953,20220312,1.2589,1.03,95,before
125954,20220312,1.2641,,95,before
125955,20220312,1.2061,0.95,95,before
125956,20220312,1.2174,,96,before
125957,20220312,1.1612,1.08,98,before
125958,20220312,1.1559,1.13,98,before
125959,20220312,1.2153,1.09,98,before
125960,20220312,1.2341,,98,before
125961,20220312,1.2056,1.07,96,before
125962,20220312,1.1351,1.08,184,before
125963,20220312,1.1054,1.09,132,before
126058,20220313,1.3794,1.74,156,before
126061,20220313,1.1809,1.45,137,before
126062,20220313,1.2082,1.33,119,before
126063,20220313,1.2096,1.26,129,before
126067,20220313,1.1753,1.36,152,before
126068,20220313,1.1659,1.47,166,before
126069,20220313,1.1572,1.45,261,before
126070,20220313,1.1472,1.31,227,before
126071,20220313,1.1339,1.44,208,before
126072,20220313,1.1329,,208,before
126073,20220313,1.1685,1.65,200,before
126074,20220313,1.2054,1.28,173,before
126075,20220313,1.155,1.19,248,before
126076,20220313,1.1355,1.3,216,before
126077,20220313,1.1072,1.59,196,before
126078,20220313,1.1917,1.17,95,before
126079,20220313,1.1038,1.38,138,before
126158,20220314,1.342,0.98,95,before
126159,20220314,1.3889,1.02,85,before
126160,20220314,1.2564,0.86,95,before
126161,20220314,1.2467,0.81,95,before
126162,20220314,1.2207,0.88,94,before
126163,20220314,1.4242,0.99,92,before
126164,20220314,1.4474,0.96,58,before
126165,20220314,1.3616,0.9,97,before
126166,20220314,1.4165,0.89,93,before
126167,20220314,1.4691,0.92,90,before
126168,20220314,1.2954,1.04,96,before
126169,20220314,1.3562,1.08,95,before
126170,20220314,1.3993,1.06,97,before
126171,20220314,1.2147,1.14,98,before
126172,20220314,1.2611,0.99,93,before
126173,20220314,1.15,1.05,101,before
126174,20220314,1.3131,1.15,129,before
126175,20220314,1.2405,0.98,146,before
126176,20220314,1.1317,0.95,96,before
126177,20220314,1.134,1.06,120,before
126178,20220314,1.2348,1.02,218,before
126179,20220314,1.1986,0.91,202,before
126180,20220314,1.2258,0.97,187,before
126181,20220314,1.2575,0.96,178,before
126182,20220314,1.2622,1.02,157,before
126183,20220314,1.2181,0.89,233,before
126184,20220314,1.2237,1.07,238,before
126185,20220314,1.2421,1.15,233,before
126186,20220314,1.2417,1.17,192,before
126187,20220314,1.1206,0.97,123,before
126188,20220314,1.1058,1.27,147,before
126189,20220314,1.0824,0.97,150,before
126190,20220314,1.1149,1.11,227,before
126191,20220314,1.0963,1.19,156,before
126192,20220314,1.0755,1.09,188,before
126193,20220314,1.0793,1.17,141,before
126277,20220315,1.2476,0.94,82,before
126279,20220315,1.2606,0.92,77,before
126280,20220315,1.2595,0.89,91,before
126281,20220315,1.1816,0.8,62,before
126282,20220315,1.5304,0.94,94,before
126283,20220315,1.5094,,94,before
126284,20220315,1.2065,0.86,93,before
126285,20220315,1.2688,0.84,91,before
126286,20220315,1.3259,0.86,91,before
126287,20220315,1.171,0.95,90,before
126288,20220315,1.1317,0.9,97,before
126312,20220315,1.0759,1.01,140,before
126313,20220315,1.055,0.88,156,before
126314,20220315,1.1169,0.98,141,before
126433,20220316,1.1338,1.15,185,before
126434,20220316,1.135,,186,before
126435,20220316,1.0546,1.16,161,before
126436,20220316,1.0863,1.07,182,before
126437,20220316,1.1641,1.24,137,before
126562,20220317,1.1607,,109,before
126563,20220317,1.3102,0.94,113,before
126564,20220317,1.2813,,113,before
126565,20220317,1.0552,0.82,84,before
126566,20220317,1.0747,0.85,88,before
126567,20220317,1.0743,0.98,93,before
126568,20220317,1.0779,0.91,90,before
126569,20220317,1.0671,0.92,97,before
126570,20220317,1.0781,0.8,89,before
126571,20220317,1.0854,0.81,93,before
126572,20220317,1.0697,0.8,86,before
126573,20220317,1.0642,0.83,90,before
126574,20220317,1.1162,0.82,97,before
126575,20220317,1.062,0.83,92,before
126576,20220317,1.0409,0.95,85,before
126577,20220317,1.036,,84,before
126580,20220317,1.0195,0.98,89,before
126581,20220317,1.0042,0.9,113,before
126582,20220317,1.0007,0.84,97,before
126723,20220318,1.03,0.77,93,before
126724,20220318,1.0446,0.74,98,before
126725,20220318,1.0521,0.72,95,before
126726,20220318,1.0605,0.84,91,before
126727,20220318,1.0503,1.05,88,before
126728,20220318,1.0553,0.91,92,before
126729,20220318,1.0596,0.81,93,before
126730,20220318,1.0742,0.79,93,before
126731,20220318,1.0506,0.82,89,before
126732,20220318,1.0637,0.79,98,before
126733,20220318,1.0432,0.93,94,before
126734,20220318,1.0375,0.81,96,before
126735,20220318,1.0578,1.44,97,before
126736,20220318,1.0551,,97,before
126866,20220319,1.1834,1.04,125,before
126867,20220319,1.3445,1.01,149,before
127001,20220321,1.1877,1.65,96,before
127002,20220321,1.4042,1.57,99,before
127003,20220321,1.335,,98,before
127004,20220321,1.3037,,93,before
127005,20220321,1.2249,1.1,92,before
127006,20220321,1.1897,,93,before
127007,20220321,1.265,1.14,95,before
127008,20220321,1.1989,0.96,97,before
127009,20220321,1.1535,1.14,97,before
127010,20220321,1.1401,,96,before
127011,20220321,1.3178,1.06,164,before
127012,20220321,1.2386,0.99,110,before
127013,20220321,1.2292,0.98,132,before
127014,20220321,1.1741,1.0,110,before
127015,20220321,1.1403,0.96,105,before
127016,20220321,1.092,0.99,93,before
127017,20220321,1.0613,1.07,113,before
127018,20220321,1.0438,1.01,105,before
127019,20220321,1.0276,0.97,96,before
127020,20220321,1.0186,0.88,110,before
127021,20220321,1.0104,0.94,100,before
127022,20220321,1.0039,0.99,99,before
127023,20220321,1.0049,0.91,100,before
127024,20220321,1.0006,0.88,123,before
127025,20220321,1.0013,0.99,132,before
127026,20220321,1.0002,0.96,130,before
127027,20220321,1.0016,0.98,98,before
127028,20220321,1.0001,0.9,110,before
127029,20220321,1.0004,1.09,120,before
127030,20220321,1.0001,1.13,122,before
127031,20220321,1.0,0.95,114,before
127032,20220321,1.0027,1.09,113,before
127033,20220321,1.001,1.06,115,before
127034,20220321,1.0013,1.26,99,before
127035,20220321,1.0057,1.03,140,before
127122,20220322,1.106,1.09,99,before
127123,20220322,1.2085,1.06,97,before
127124,20220322,1.2277,1.12,98,before
127125,20220322,1.2492,1.04,98,before
127126,20220322,1.2376,1.18,98,before
127127,20220322,1.2445,1.33,100,before
127128,20220322,1.2155,1.23,97,before
127129,20220322,1.1989,,99,before
127130,20220322,1.2169,1.22,97,before
127131,20220322,1.1524,1.1,100,before
127132,20220322,1.1454,,99,before
127133,20220322,1.1626,1.13,95,before
127134,20220322,1.1571,,95,before
127135,20220322,1.1602,,100,before
127136,20220322,1.1306,1.35,139,before
127137,20220322,1.105,1.78,177,before
127138,20220322,1.0819,1.19,129,before
127139,20220322,1.039,1.14,111,before
127140,20220322,1.0266,1.24,100,before
127141,20220322,1.0193,1.81,100,before
127142,20220322,1.0153,1.26,113,before
127143,20220322,1.007,1.42,127,before
127144,20220322,1.0018,1.88,116,before
127145,20220322,1.006,1.93,101,before
127146,20220322,1.0056,2.23,123,before
127225,20220323,1.3679,1.35,139,before
127226,20220323,1.3929,0.98,101,before
127227,20220323,1.3812,1.51,95,before
127228,20220323,1.2571,0.91,97,before
127229,20220323,1.2197,0.94,100,before
127230,20220323,1.2865,0.96,98,before
127231,20220323,1.3088,1.12,97,before
127232,20220323,1.3061,0.98,95,before
127233,20220323,1.1831,0.95,99,before
127234,20220323,1.1599,0.87,95,before
127235,20220323,1.1617,0.91,99,before
127236,20220323,1.1727,0.92,97,before
127237,20220323,1.1411,0.95,99,before
127238,20220323,1.1425,0.92,96,before
127239,20220323,1.1218,0.96,96,before
127240,20220323,1.2251,0.89,97,before
127241,20220323,1.1429,0.86,95,before
127242,20220323,1.2322,1.83,98,before
127243,20220323,1.1989,1.0,96,before
127244,20220323,1.1657,0.99,95,before
127245,20220323,1.1679,,98,before
127246,20220323,1.2127,1.43,98,before
127248,20220323,1.1597,1.12,276,before
127249,20220323,1.1222,1.5,202,before
127250,20220323,1.1279,1.19,230,before
127251,20220323,1.16,0.97,98,before
127252,20220323,1.1432,0.96,99,before
127255,20220323,1.0452,1.16,172,before
127256,20220323,1.0345,1.16,141,before
127257,20220323,1.0251,1.13,153,before
127258,20220323,1.0201,1.56,112,before
127259,20220323,1.0167,1.4,149,before
127339,20220324,1.3154,0.94,146,before
127340,20220324,1.371,0.95,125,before
127341,20220324,1.1998,0.98,98,before
127342,20220324,1.2203,0.93,84,before
127343,20220324,1.2634,0.97,91,before
127344,20220324,1.2268,0.93,91,before
127345,20220324,1.1879,,91,before
127346,20220324,1.1642,,101,before
127347,20220324,1.1562,0.97,99,before
127348,20220324,1.1506,,99,before
127349,20220324,1.158,0.97,100,before
127350,20220324,1.1743,,100,before
127351,20220324,1.2359,1.22,98,before
127352,20220324,1.2423,1.15,99,before
127353,20220324,1.2272,1.23,100,before
127354,20220324,1.2143,1.26,99,before
127360,20220324,1.1967,0.98,270,before
127361,20220324,1.133,0.92,97,before
127362,20220324,1.156,0.93,98,before
127363,20220324,1.173,1.07,98,before
127364,20220324,1.1914,,98,before
127365,20220324,1.2008,1.26,98,before
127366,20220324,1.2254,,97,before
127367,20220324,1.2587,,97,before
127368,20220324,1.0605,1.32,154,before
127448,20220325,1.3569,1.14,130,before
127449,20220325,1.2649,1.17,94,before
127450,20220325,1.21,,94,before
127451,20220325,1.2443,1.18,97,before
127452,20220325,1.2123,,97,before
127453,20220325,1.2912,1.17,98,before
127454,20220325,1.2929,0.98,99,before
127455,20220325,1.2925,1.01,98,before
127456,20220325,1.192,1.01,96,before
127457,20220325,1.212,1.21,99,before
127458,20220325,1.2418,0.96,99,before
127459,20220325,1.2486,1.15,98,before
127460,20220325,1.242,,98,before
127461,20220325,1.2433,,99,before
127462,20220325,1.153,1.07,95,before
127463,20220325,1.2062,1.2,98,before
127464,20220325,1.2072,,98,before
127465,20220325,1.2127,1.03,97,before
127466,20220325,1.1693,1.03,99,before
127467,20220325,1.1759,,100,before
127479,20220325,1.0613,0.87,161,before
127559,20220326,1.1978,1.49,124,before
127560,20220326,1.2303,1.27,105,before
127561,20220326,1.2996,1.39,96,before
127562,20220326,1.2405,,95,before
127563,20220326,1.3122,1.3,98,before
127564,20220326,1.2751,,98,before
127565,20220326,1.1975,1.15,98,before
127566,20220326,1.1724,,98,before
127567,20220326,1.1634,1.09,98,before
127568,20220326,1.1535,1.21,98,before
127569,20220326,1.1687,1.13,97,before
127570,20220326,1.1328,0.98,95,before
127571,20220326,1.1405,0.92,99,before
127572,20220326,1.1416,1.47,97,before
127573,20220326,1.0022,0.96,88,before
127574,20220326,1.0019,1.06,98,before
127575,20220326,1.0037,0.79,100,before
127576,20220326,1.0005,0.94,97,before
127577,20220326,1.0001,0.98,97,before
127578,20220326,1.0002,0.9,97,before
127579,20220326,1.0003,0.87,97,before
127580,20220326,1.0029,0.8,96,before
127581,20220326,1.0037,0.85,99,before
127582,20220326,1.004,1.0,97,before
127583,20220326,1.0005,0.89,98,before
127584,20220326,1.006,0.86,99,before
127585,20220326,1.0067,0.82,97,before
127586,20220326,1.008,1.15,98,before
127587,20220326,1.0144,0.8,98,before
127588,20220326,1.0199,0.77,99,before
127589,20220326,1.0184,0.8,96,before
127671,20220327,1.3911,1.01,156,before
127672,20220327,1.4137,1.07,147,before
127673,20220327,1.1865,0.99,99,before
127674,20220327,1.1504,,99,before
127675,20220327,1.0473,1.41,97,before
127676,20220327,1.0401,1.17,97,before
127677,20220327,1.0339,1.21,94,before
127678,20220327,1.0251,1.34,98,before
127679,20220327,1.0273,1.18,98,before
127680,20220327,1.0292,1.24,102,before
127681,20220327,1.0263,1.23,96,before
127682,20220327,1.0228,0.99,96,before
127683,20220327,1.0128,,98,before
127684,20220327,1.0136,0.97,98,before
127685,20220327,1.0057,,99,before
127686,20220327,1.0078,1.21,95,before
127687,20220327,1.0108,1.61,103,before
127688,20220327,1.0061,1.41,99,before
127689,20220327,1.0062,1.15,97,before
127690,20220327,1.013,1.08,96,before
127691,20220327,1.0041,0.94,98,before
127692,20220327,1.0035,0.87,96,before
127693,20220327,1.0092,1.44,100,before
127995,20220329,1.2314,1.75,93,before
127996,20220329,1.3488,1.61,98,before
127997,20220329,1.2934,,99,before
127998,20220329,1.3002,1.7,99,before
127999,20220329,1.26,,98,before
128000,20220329,1.2484,1.59,97,before
128002,20220329,1.2111,1.91,163,before
128003,20220329,1.1716,1.76,141,before
128004,20220329,1.2391,1.57,142,before
128005,20220329,1.2433,1.85,98,before
128006,20220329,1.2276,,98,before
128007,20220329,1.2253,1.58,99,before
128008,20220329,1.2168,,99,before
128009,20220329,1.2211,,99,before
128010,20220329,1.2459,1.5,228,before
128011,20220329,1.1994,1.7,98,before
128012,20220329,1.237,2.03,285,before
128013,20220329,1.1233,1.67,180,before
128014,20220329,1.118,1.44,179,before
128016,20220329,1.1641,1.59,275,before
128017,20220329,1.1534,1.55,100,before
128018,20220329,1.1602,,98,before
128019,20220329,1.1892,1.26,94,before
128020,20220329,1.2053,,93,before
128021,20220329,1.2012,1.19,94,before
128022,20220329,1.1665,1.37,96,before
128023,20220329,1.19,,98,before
128024,20220329,1.1593,1.13,157,before
128105,20220330,1.1912,1.34,113,before
128106,20220330,1.2232,1.24,107,before
128107,20220330,1.2273,1.35,96,before
128108,20220330,1.1911,,95,before
128109,20220330,1.2274,1.22,94,before
128110,20220330,1.2802,1.07,99,before
128111,20220330,1.263,1.39,98,before
128112,20220330,1.2316,,99,before
128113,20220330,1.2326,1.33,98,before
128114,20220330,1.2628,1.73,99,before
128116,20220330,1.2455,1.23,97,before
128117,20220330,1.1258,1.03,96,before
128118,20220330,1.1456,1.07,97,before
128119,20220330,1.1478,1.05,97,before
128120,20220330,1.1332,1.1,95,before
128121,20220330,1.2059,1.05,98,before
128122,20220330,1.1574,1.03,94,before
128123,20220330,1.147,1.0,96,before
128124,20220330,1.2108,1.29,96,before
128125,20220330,1.2184,,97,before
128126,20220330,1.1525,1.0,98,before
128127,20220330,1.2067,0.89,99,before
128128,20220330,1.1697,0.92,97,before
128129,20220330,1.1982,1.51,97,before
128130,20220330,1.2129,,99,before
128131,20220330,1.1887,0.86,94,before
128132,20220330,1.1989,0.96,97,before
128133,20220330,1.1282,1.13,122,before
128134,20220330,1.1033,1.1,137,before
128218,20220331,1.3379,1.32,129,before
128219,20220331,1.4017,1.3,99,before
128220,20220331,1.3565,,99,before
128221,20220331,1.357,1.22,99,before
128222,20220331,1.3299,1.16,100,before
128223,20220331,1.2741,1.4,98,before
128224,20220331,1.2788,1.31,98,before
128225,20220331,1.144,1.08,99,before
128226,20220331,1.1015,1.08,97,before
128227,20220331,1.1382,0.97,99,before
128228,20220331,1.2567,1.16,98,before
128229,20220331,1.2533,,94,before
128230,20220331,1.2342,1.01,96,before
128231,20220331,1.2336,,97,before
128232,20220331,1.1465,1.19,182,before
128233,20220331,1.2469,1.31,234,before
128234,20220331,1.151,1.2,96,before
128235,20220331,1.1578,1.12,98,before
128236,20220331,1.2304,1.01,98,before
128237,20220331,1.2093,1.32,97,before
128238,20220331,1.2541,0.98,99,before
128239,20220331,1.1679,1.04,98,before
128240,20220331,1.1371,1.07,93,before
128241,20220331,1.1363,0.94,97,before
128242,20220331,1.1533,0.83,98,before
128243,20220331,1.0981,0.95,151,before
128244,20220331,1.1107,0.97,127,before
128324,20220401,1.3421,1.07,137,before
128325,20220401,1.1701,0.98,101,before
128326,20220401,1.2371,1.03,100,before
128327,20220401,1.3308,1.2,98,before
128328,20220401,1.2963,,98,before
128329,20220401,1.292,1.17,99,before
128330,20220401,1.2856,1.09,96,before
128331,20220401,1.2874,0.92,100,before
128332,20220401,1.1629,0.97,98,before
128333,20220401,1.164,0.92,97,before
128334,20220401,1.0092,0.83,94,before
128335,20220401,1.0111,0.94,91,before
128336,20220401,1.0154,1.18,96,before
128337,20220401,1.0068,1.06,97,before
128338,20220401,1.0086,1.29,97,before
128340,20220401,1.0103,1.21,97,before
128341,20220401,1.0062,1.11,100,before
128342,20220401,1.0004,1.51,96,before
128343,20220401,1.0118,1.21,98,before
128344,20220401,1.0008,1.06,96,before
128345,20220401,1.0009,1.29,100,before
128346,20220401,1.0014,1.01,97,before
128347,20220401,1.0074,1.07,97,before
128348,20220401,1.0095,1.28,98,before
128349,20220401,1.0096,1.11,99,before
128350,20220401,1.018,1.02,99,before
128351,20220401,1.0216,0.95,98,before
128352,20220401,1.0385,1.02,98,before
128353,20220401,1.0573,1.05,99,before
128354,20220401,1.0588,0.99,98,before
128355,20220401,1.0824,1.01,97,before
128356,20220401,1.0174,0.99,160,before
128357,20220401,1.0114,0.91,116,before
128358,20220401,1.0373,0.97,172,before
128438,20220402,1.1365,1.27,98,before
128439,20220402,1.181,0.9,99,before
128440,20220402,1.1977,0.99,98,before
128441,20220402,1.1665,0.92,97,before
128442,20220402,1.182,1.2,97,before
128443,20220402,1.1596,,97,before
128444,20220402,1.1654,1.37,95,before
128446,20220402,1.2589,1.57,144,before
128447,20220402,1.2832,1.85,174,before
128448,20220402,1.279,,173,before
128449,20220402,1.2498,2.12,118,before
128450,20220402,1.0069,1.41,98,before
128451,20220402,1.0103,1.27,98,before
128452,20220402,1.0036,1.23,96,before
128453,20220402,1.0029,1.07,99,before
128454,20220402,1.0028,,99,before
128455,20220402,1.0045,2.07,102,before
128456,20220402,1.0024,1.11,102,before
128457,20220402,1.004,1.39,100,before
128458,20220402,1.0021,0.95,99,before
128460,20220402,1.005,0.85,99,before
128461,20220402,1.0079,,98,before
128462,20220402,1.0006,0.88,109,before
128463,20220402,1.0032,1.09,98,before
128464,20220402,1.0041,0.83,94,before
128465,20220402,1.0126,0.88,96,before
128466,20220402,1.0094,0.89,98,before
128467,20220402,1.0096,0.86,97,before
128468,20220402,1.0172,1.06,94,before
128469,20220402,1.0157,0.92,99,before
128470,20220402,1.0197,0.78,99,before
128471,20220402,1.0221,0.91,100,before
128472,20220402,1.0396,,100,before
128552,20220403,1.3488,1.49,123,before
128553,20220403,1.1445,1.55,100,before
128554,20220403,1.1606,1.28,95,before
128555,20220403,1.2353,1.18,95,before
128556,20220403,1.1383,1.01,98,before
128557,20220403,1.1394,1.0,99,before
128558,20220403,1.1392,0.94,99,before
128559,20220403,1.1419,0.87,97,before
128560,20220403,1.1807,0.99,93,before
128561,20220403,1.2589,0.88,97,before
128562,20220403,1.2882,0.84,99,before
128563,20220403,1.2399,0.9,100,before
128564,20220403,1.2658,0.97,98,before
128565,20220403,1.2533,1.2,96,before
128566,20220403,1.2369,1.05,97,before
128567,20220403,1.2301,1.02,97,before
128568,20220403,1.2105,1.26,96,before
128569,20220403,1.1473,1.23,97,before
128570,20220403,1.2189,1.09,97,before
128571,20220403,1.2266,,98,before
128573,20220403,1.1402,1.06,99,before
128574,20220403,1.1699,1.1,96,before
128575,20220403,1.208,1.05,100,before
128576,20220403,1.1823,1.14,98,before
128577,20220403,1.208,1.05,97,before
128578,20220403,1.232,,95,before
128660,20220404,1.3411,1.2,167,before
128661,20220404,1.1672,1.11,94,before
128662,20220404,1.2158,1.35,96,before
128663,20220404,1.1914,1.27,96,before
128664,20220404,1.1655,1.18,97,before
128665,20220404,1.155,1.12,97,before
128666,20220404,1.1666,1.18,96,before
128667,20220404,1.18,1.33,97,before
128668,20220404,1.137,1.07,98,before
128669,20220404,1.1427,1.14,96,before
128670,20220404,1.2475,1.16,100,before
128671,20220404,1.233,1.08,96,before
128672,20220404,1.2406,1.09,90,before
128673,20220404,1.2106,1.27,99,before
128674,20220404,1.2207,1.07,94,before
128675,20220404,1.2208,1.37,97,before
128676,20220404,1.2188,1.03,98,before
128677,20220404,1.2206,0.94,100,before
128678,20220404,1.1618,0.9,95,before
128679,20220404,1.2082,0.86,100,before
128680,20220404,1.1768,1.0,93,before
128681,20220404,1.1943,1.01,99,before
128682,20220404,1.2124,0.87,97,before
128683,20220404,1.2025,0.91,100,before
128684,20220404,1.1252,0.9,151,before
128685,20220404,1.1646,0.96,149,before
128785,20220405,1.148,1.0,103,before
128786,20220405,1.1974,0.92,98,before
128787,20220405,1.3389,1.04,100,before
128788,20220405,1.3176,1.12,96,before
128789,20220405,1.2831,,96,before
128790,20220405,1.2654,,99,before
128791,20220405,1.2467,1.25,100,before
128792,20220405,1.2288,,100,before
128793,20220405,1.2588,1.24,99,before
128794,20220405,1.2613,1.13,98,before
128795,20220405,1.302,1.26,98,before
128796,20220405,1.2967,,98,before
128797,20220405,1.2841,1.31,96,before
128798,20220405,1.2856,,97,before
128799,20220405,1.1583,1.56,96,before
128800,20220405,1.1629,,96,before
128801,20220405,1.1742,,94,before
128802,20220405,1.1459,1.23,98,before
128803,20220405,1.1289,0.95,99,before
128804,20220405,1.1326,0.86,99,before
128805,20220405,1.1368,0.84,96,before
128806,20220405,1.2186,0.93,99,before
128807,20220405,1.1591,0.87,98,before
128808,20220405,1.1611,0.94,94,before
128809,20220405,1.1785,0.87,99,before
128810,20220405,1.1869,0.91,99,before
128811,20220405,1.1536,0.9,99,before
128812,20220405,1.1593,0.99,149,before
128813,20220405,1.1006,0.89,136,before
128897,20220406,1.167,0.92,121,before
128898,20220406,1.2024,0.91,95,before
128899,20220406,1.1887,1.01,97,before
128900,20220406,1.1795,1.0,97,before
128901,20220406,1.163,0.98,97,before
128902,20220406,1.1387,0.94,99,before
128903,20220406,1.1748,1.0,97,before
128904,20220406,1.1423,0.99,99,before
128905,20220406,1.1173,1.26,94,before
128906,20220406,1.1182,1.16,96,before
128907,20220406,1.1291,1.02,99,before
128908,20220406,1.1466,0.97,97,before
128909,20220406,1.1477,1.13,97,before
128910,20220406,1.1527,1.14,98,before
128911,20220406,1.1471,1.41,98,before
128912,20220406,1.2281,1.51,99,before
128913,20220406,1.2377,,99,before
128916,20220406,1.2089,1.3,104,before
128917,20220406,1.2173,,105,before
128918,20220406,1.1962,1.07,99,before
128919,20220406,1.1991,1.54,100,before
128920,20220406,1.2,1.0,99,before
128921,20220406,1.2139,0.96,100,before
128922,20220406,1.1313,1.3,189,before
129063,20220407,1.1051,1.22,95,before
129064,20220407,1.3329,1.09,135,before
129065,20220407,1.3479,1.19,98,before
129066,20220407,1.3038,,99,before
129067,20220407,1.2827,,98,before
129069,20220407,1.1753,1.71,113,before
129070,20220407,1.1775,1.37,127,before
129071,20220407,1.2183,1.38,196,before
129072,20220407,1.2531,1.6,165,before
129073,20220407,1.206,1.39,165,before
129074,20220407,1.1754,1.45,155,before
129075,20220407,1.2112,1.3,199,before
129076,20220407,1.2413,1.24,98,before
129077,20220407,1.235,,96,before
129078,20220407,1.244,1.12,99,before
129079,20220407,1.2449,,98,before
129080,20220407,1.2461,1.65,97,before
129081,20220407,1.2486,,97,before
129082,20220407,1.1439,1.12,99,before
129083,20220407,1.2338,1.51,100,before
129085,20220407,1.2108,2.59,218,before
129086,20220407,1.1537,1.8,284,before
129087,20220407,1.1302,1.78,245,before
129088,20220407,1.1094,1.54,266,before
129089,20220407,1.1486,1.32,275,before
129090,20220407,1.1824,1.51,99,before
129091,20220407,1.175,1.38,225,before
129092,20220407,1.2011,1.31,98,before
129093,20220407,1.11,1.49,184,before
129175,20220408,1.3526,1.4,91,before
129176,20220408,1.2537,1.21,105,before
129177,20220408,1.2089,1.09,98,before
129178,20220408,1.3347,1.22,97,before
129179,20220408,1.2937,,97,before
129180,20220408,1.2693,,97,before
129181,20220408,1.1481,1.19,99,before
129182,20220408,1.1293,,99,before
129183,20220408,1.2794,1.32,98,before
129184,20220408,1.2597,,97,before
129185,20220408,1.257,1.27,99,before
129186,20220408,1.251,,99,before
129187,20220408,1.26,1.08,96,before
129188,20220408,1.2514,,96,before
129189,20220408,1.2388,1.12,100,before
129190,20220408,1.2425,,100,before
129192,20220408,1.1396,1.06,94,before
129193,20220408,1.1162,0.94,99,before
129194,20220408,1.1405,0.96,100,before
129195,20220408,1.1495,0.95,98,before
129196,20220408,1.1735,0.9,100,before
129197,20220408,1.1473,0.91,101,before
129198,20220408,1.1539,0.96,96,before
129199,20220408,1.1505,0.97,97,before
129200,20220408,1.189,0.79,98,before
129201,20220408,1.211,0.81,98,before
129202,20220408,1.1816,0.86,98,before
129203,20220408,1.0839,0.81,145,before
129204,20220408,1.0968,0.82,100,before
129286,20220409,1.0702,1.22,95,before
129291,20220409,1.0026,0.93,98,before
129292,20220409,1.0043,0.97,102,before
129293,20220409,1.0007,1.09,97,before
129294,20220409,1.0005,,96,before
129295,20220409,1.0002,0.83,96,before
129296,20220409,1.0001,0.85,98,before
129297,20220409,1.0006,0.85,94,before
129298,20220409,1.0024,1.23,95,before
129299,20220409,1.0064,0.88,99,before
129300,20220409,1.0073,1.1,96,before
129301,20220409,1.0087,0.84,97,before
129302,20220409,1.0128,1.23,98,before
129303,20220409,1.0216,0.98,98,before
129304,20220409,1.018,1.33,100,before
129305,20220409,1.0253,0.97,99,before
129306,20220409,1.0409,0.88,96,before
129307,20220409,1.0131,0.96,105,before
129308,20220409,1.0096,0.87,115,before
130000,20220412,1.134,2.18,203,before
130091,20220413,1.1245,0.9,96,before
130094,20220413,1.1357,1.2,93,before
130100,20220413,1.1292,0.97,98,before
130101,20220413,1.0823,0.93,96,before
130148,20220413,1.149,1.35,192,before
130149,20220413,1.134,1.16,215,before
130150,20220413,1.115,0.97,207,before
130151,20220413,1.089,1.02,211,before
130152,20220413,1.0939,1.02,253,before
130153,20220413,1.1028,1.05,165,before
130155,20220413,1.1491,1.28,313,before
130156,20220413,1.1014,1.06,191,before
130157,20220413,1.1807,0.98,256,before
130159,20220413,1.0922,1.04,208,before
130160,20220413,1.0744,1.08,95,before
130264,20220414,1.0477,0.92,106,before
130265,20220414,1.0648,0.91,96,before
130266,20220414,1.1327,0.96,90,before
130267,20220414,1.0878,1.19,92,before
130268,20220414,1.0738,0.97,96,before
130269,20220414,1.0906,0.92,96,before
130270,20220414,1.0653,1.0,93,before
130271,20220414,1.0933,1.08,98,before
130272,20220414,1.056,1.11,97,before
130273,20220414,1.0546,0.9,94,before
130274,20220414,1.0713,0.88,96,before
130275,20220414,1.0421,0.91,102,before
130276,20220414,1.0396,,100,before
130277,20220414,1.028,0.87,108,before
130278,20220414,1.0373,0.85,94,before
130279,20220414,1.0105,1.05,113,before
130280,20220414,1.0037,0.99,102,before
130281,20220414,1.0,0.95,123,before
130282,20220414,1.0021,1.08,119,before
130283,20220414,1.0712,0.88,201,before
130284,20220414,1.0768,0.95,200,before
130285,20220414,1.109,0.96,220,before
130286,20220414,1.0895,0.99,152,before
130288,20220414,1.0738,1.02,191,before
130289,20220414,1.0657,0.94,174,before
130290,20220414,1.0528,0.89,127,before
130291,20220414,1.0652,0.84,94,before
130564,20220416,1.0764,0.88,89,before
130565,20220416,1.0283,0.87,97,before
130570,20220416,1.005,0.94,88,before
130571,20220416,1.0065,0.87,86,before
130572,20220416,1.0102,0.92,99,before
130575,20220416,1.0214,0.84,95,before
130576,20220416,1.0114,0.79,107,before
130577,20220416,1.0099,0.89,97,before
130578,20220416,1.0099,0.89,97,before
130579,20220416,1.0182,0.86,101,before
130580,20220416,1.0074,0.9,103,before
130581,20220416,1.0075,,102,before
130583,20220416,1.0002,0.9,111,before
130584,20220416,1.0035,0.83,121,before
130585,20220416,1.0087,,124,before
130587,20220416,1.0545,0.87,95,before
130588,20220416,1.039,0.93,131,before
130589,20220416,1.0542,,133,before
130590,20220416,1.0471,0.88,115,before
130670,20220417,1.1604,0.99,108,before
130676,20220417,1.3109,1.12,161,before
130677,20220417,1.2675,1.13,148,before
130678,20220417,1.2495,,151,before
130679,20220417,1.0917,1.02,91,before
130685,20220417,1.0147,0.94,108,before
130688,20220417,1.0036,0.95,116,before
130689,20220417,1.0024,1.03,137,before
130692,20220417,1.0018,1.02,92,before
130771,20220418,1.1191,0.99,105,before
130775,20220418,1.3122,1.07,186,before
130776,20220418,1.286,0.96,96,before
130777,20220418,1.155,1.02,97,before
130778,20220418,1.1267,0.96,96,before
130779,20220418,1.1196,,96,before
130781,20220418,1.2355,1.06,138,before
130782,20220418,1.2055,1.01,195,before
130783,20220418,1.2083,1.11,173,before
130784,20220418,1.1523,1.34,166,before
130957,20220419,1.1346,1.06,92,before
130958,20220419,1.1919,1.13,124,before
130965,20220419,1.2738,1.12,100,before
130966,20220419,1.2733,,99,before
130967,20220419,1.1393,0.92,97,before
130968,20220419,1.1369,,97,before
130969,20220419,1.137,1.03,184,before
130970,20220419,1.1153,1.02,160,before
130971,20220419,1.0906,1.2,128,before
130972,20220419,1.0929,1.43,161,before
130973,20220419,1.0689,1.06,120,before
130974,20220419,1.0586,0.99,100,before
130975,20220419,1.0445,1.03,107,before
130976,20220419,1.0335,0.91,111,before
130977,20220419,1.0281,1.48,108,before
130978,20220419,1.02,0.92,114,before
130979,20220419,1.0135,1.11,132,before
130980,20220419,1.009,0.95,106,before
130981,20220419,1.013,1.04,148,before
130982,20220419,1.0089,0.98,108,before
130983,20220419,1.0095,0.86,156,before
130984,20220419,1.0207,0.84,113,before
130985,20220419,1.0272,0.92,95,before
130986,20220419,1.0381,0.84,93,before
130987,20220419,1.021,0.87,103,before
130988,20220419,1.0354,0.87,96,before
131085,20220420,1.1973,1.08,159,before
131086,20220420,1.1643,1.03,110,before
131089,20220420,1.0226,0.91,96,before
131090,20220420,1.0234,1.05,95,before
131091,20220420,1.0175,1.22,97,before
131094,20220420,1.2453,1.49,100,before
131095,20220420,1.0014,0.88,95,before
131096,20220420,1.0019,0.79,96,before
131097,20220420,1.0007,0.92,95,before
131098,20220420,1.0007,0.98,98,before
131099,20220420,1.0,1.85,95,before
131100,20220420,1.0004,0.83,97,before
131101,20220420,1.0008,0.79,97,before
131102,20220420,1.0009,0.85,99,before
131103,20220420,1.0024,1.33,97,before
131104,20220420,1.0054,0.85,97,before
131105,20220420,1.0085,0.85,97,before
131106,20220420,1.01,0.8,95,before
131107,20220420,1.0193,0.76,100,before
131108,20220420,1.0266,0.82,99,before
131109,20220420,1.0212,0.77,95,before
131110,20220420,1.0395,0.79,97,before
131111,20220420,1.0168,0.85,115,before
131112,20220420,1.0238,0.79,97,before
131216,20220421,1.1493,1.27,131,before
131217,20220421,1.0555,1.05,100,before
131218,20220421,1.076,1.04,98,before
131219,20220421,1.0547,0.94,98,before
131220,20220421,1.0322,1.97,99,before
131221,20220421,1.0301,0.96,97,before
131222,20220421,1.1176,1.29,96,before
131223,20220421,1.0719,1.15,100,before
131224,20220421,1.0487,0.84,95,before
131225,20220421,1.0249,1.16,96,before
131226,20220421,1.0123,0.95,98,before
131227,20220421,1.0022,0.88,98,before
131228,20220421,1.0102,1.16,97,before
131229,20220421,1.0035,1.02,96,before
131230,20220421,1.0058,0.97,93,before
131231,20220421,1.0037,1.41,96,before
131232,20220421,1.0128,0.89,97,before
131233,20220421,1.0043,1.23,97,before
131234,20220421,1.0046,1.09,99,before
131235,20220421,1.0054,1.03,95,before
131236,20220421,1.0065,1.06,100,before
131237,20220421,1.0085,1.02,93,before
131238,20220421,1.0218,,95,before
131239,20220421,1.013,1.06,98,before
131240,20220421,1.0241,,97,before
131448,20220422,1.1251,2.08,306,before
131449,20220422,1.1248,1.47,186,before
131450,20220422,1.1002,1.46,300,before
131451,20220422,1.0827,1.56,321,before
131454,20220422,1.1437,1.82,282,before
131455,20220422,1.1294,1.8,226,before
131456,20220422,1.1467,,223,before
131457,20220422,1.0381,1.58,118,before
131459,20220422,1.0355,1.69,122,before
131558,20220423,1.1305,1.44,130,before
131559,20220423,1.1804,1.4,140,before
131560,20220423,1.1439,1.87,114,before
131561,20220423,1.1695,1.41,115,before
131577,20220423,1.1845,1.56,207,before
131578,20220423,1.1793,1.52,188,before
131579,20220423,1.1437,1.28,98,before
131580,20220423,1.1418,,99,before
131581,20220423,1.1344,1.29,93,before
131582,20220423,1.1409,,96,before
131583,20220423,1.2308,1.8,96,before
131584,20220423,1.246,,97,before
131585,20220423,1.1544,1.29,99,before
131586,20220423,1.1639,,100,before
131587,20220423,1.1792,,100,before
131588,20220423,1.1133,1.38,242,before
131589,20220423,1.1539,1.41,101,before
131590,20220423,1.1708,,101,before
131591,20220423,1.1919,,101,before
131592,20220423,1.174,1.39,97,before
131593,20220423,1.2073,,97,before
131594,20220423,1.0295,1.2,129,before
131595,20220423,1.0774,1.3,106,before
131694,20220424,1.1092,1.02,98,before
131695,20220424,1.1403,1.06,104,before
131702,20220424,1.1483,1.15,99,before
131703,20220424,1.1452,,98,before
131704,20220424,1.2354,1.23,94,before
131705,20220424,1.2376,,93,before
131706,20220424,1.1401,1.05,99,before
131707,20220424,1.1452,,99,before
131708,20220424,1.2085,1.14,98,before
131709,20220424,1.2163,,97,before
131710,20220424,1.2277,1.0,99,before
131711,20220424,1.246,,98,before
131712,20220424,1.2715,,100,before
131713,20220424,1.1861,1.2,101,before
131714,20220424,1.2089,,102,before
131715,20220424,1.1975,1.08,95,before
131716,20220424,1.2249,,95,before
131717,20220424,1.2234,1.12,92,before
131718,20220424,1.042,1.32,110,before
131816,20220425,1.0909,1.31,97,before
131817,20220425,1.1176,1.27,102,before
131820,20220425,1.1294,1.43,97,before
131821,20220425,1.1471,1.19,98,before
131822,20220425,1.1322,,99,before
131823,20220425,1.1268,1.37,96,before
131824,20220425,1.1207,,96,before
131825,20220425,1.1394,1.56,95,before
131826,20220425,1.256,1.26,99,before
131827,20220425,1.2406,1.6,97,before
131828,20220425,1.2438,,95,before
131829,20220425,1.138,1.14,97,before
131830,20220425,1.111,1.12,94,before
131831,20220425,1.1298,1.11,97,before
131832,20220425,1.13,1.0,96,before
131833,20220425,1.1169,0.88,97,before
131834,20220425,1.1683,1.02,98,before
131835,20220425,1.1515,0.95,97,before
131836,20220425,1.161,1.01,97,before
131837,20220425,1.1577,0.91,98,before
131838,20220425,1.1925,0.98,95,before
131839,20220425,1.1639,1.04,99,before
131840,20220425,1.1943,1.0,100,before
131841,20220425,1.0293,1.2,97,before
131842,20220425,1.0393,0.96,101,before
131947,20220426,1.02,1.72,96,before
131948,20220426,1.0201,1.93,93,before
131963,20220426,1.0021,1.28,131,before
131964,20220426,1.0052,1.44,102,before
131965,20220426,1.0013,1.53,124,before
131966,20220426,1.0001,1.46,142,before
131967,20220426,1.0014,1.29,122,before
131968,20220426,1.0043,1.84,115,before
131970,20220426,1.0021,1.37,178,before
131971,20220426,1.0083,,178,before
131972,20220426,1.0011,1.38,124,before
131973,20220426,1.0023,1.62,134,before
131974,20220426,1.0069,1.66,155,before
131975,20220426,1.0111,1.51,118,before
131976,20220426,1.0074,1.45,106,before
131977,20220426,1.0459,1.32,97,before
131978,20220426,1.0826,1.15,97,before
131980,20220426,1.0268,1.1,107,before
131981,20220426,1.0288,1.1,107,before
132132,20220427,1.0223,0.89,95,before
132133,20220427,1.0286,1.0,93,before
132134,20220427,1.0473,0.94,99,before
132135,20220427,1.0157,0.87,93,before
132136,20220427,1.0171,0.92,100,before
132137,20220427,1.007,0.89,98,before
132138,20220427,1.0068,0.86,98,before
132139,20220427,1.0055,0.98,94,before
132140,20220427,1.005,0.99,97,before
132141,20220427,1.005,0.93,98,before
132142,20220427,1.0065,0.85,93,before
132143,20220427,1.0053,0.77,97,before
132144,20220427,1.0011,1.07,98,before
132145,20220427,1.0008,0.87,98,before
132146,20220427,1.0017,1.16,98,before
132147,20220427,1.0052,0.86,97,before
132148,20220427,1.0016,1.13,94,before
132149,20220427,1.0009,0.86,97,before
132150,20220427,1.0019,1.06,97,before
132151,20220427,1.006,1.09,97,before
132152,20220427,1.0043,0.89,98,before
132153,20220427,1.004,0.99,95,before
132154,20220427,1.0085,0.9,97,before
132155,20220427,1.0074,1.0,99,before
132156,20220427,1.0118,1.3,99,before
132157,20220427,1.0192,1.47,93,before
132158,20220427,1.024,1.02,98,before
132159,20220427,1.0235,1.35,96,before
132160,20220427,1.0288,0.95,99,before
132161,20220427,1.0419,1.05,98,before
132162,20220427,1.0403,0.86,99,before
132163,20220427,1.0576,0.79,97,before
132164,20220427,1.0577,0.9,95,before
132165,20220427,1.0279,0.78,130,before
132166,20220427,1.0214,0.94,115,before
132264,20220428,1.1571,1.98,120,before
132265,20220428,1.1724,1.77,137,before
132266,20220428,1.1771,1.47,125,before
132267,20220428,1.2371,1.93,209,before
132268,20220428,1.2867,2.05,141,before
132269,20220428,1.0092,1.4,91,before
132270,20220428,1.0054,1.19,95,before
132271,20220428,1.0079,0.97,99,before
132272,20220428,1.0038,1.18,98,before
132273,20220428,1.0026,1.33,98,before
132274,20220428,1.0012,1.5,93,before
132275,20220428,1.0005,1.73,97,before
132276,20220428,1.0004,1.14,97,before
132277,20220428,1.0004,1.25,98,before
132278,20220428,1.0014,1.04,96,before
132279,20220428,1.011,0.95,99,before
132280,20220428,1.0031,1.09,98,before
132281,20220428,1.0061,1.0,98,before
132282,20220428,1.0056,1.03,94,before
132283,20220428,1.01,1.06,98,before
132284,20220428,1.18,1.39,95,before
132285,20220428,1.1999,,96,before
132286,20220428,1.2359,,95,before
132287,20220428,1.2032,1.2,100,before
132288,20220428,1.225,,99,before
132289,20220428,1.1644,1.15,99,before
132290,20220428,1.1944,,98,before
132291,20220428,1.0251,1.22,104,before
132391,20220429,1.1731,0.91,158,before
132392,20220429,1.1443,0.83,104,before
132393,20220429,1.1449,0.91,96,before
132394,20220429,1.1357,0.82,97,before
132395,20220429,1.1229,0.78,96,before
132396,20220429,1.1266,0.88,99,before
132397,20220429,1.1288,0.9,96,before
132398,20220429,1.1316,0.86,96,before
132399,20220429,1.135,0.83,96,before
132400,20220429,1.1378,0.84,96,before
132401,20220429,1.239,1.01,98,before
132402,20220429,1.2462,1.22,97,before
132403,20220429,1.244,1.01,99,before
132404,20220429,1.2464,1.01,95,before
132405,20220429,1.2364,0.98,98,before
132406,20220429,1.2307,0.83,98,before
132407,20220429,1.206,0.87,98,before
132408,20220429,1.2344,1.12,97,before
132409,20220429,1.2534,,97,before
132410,20220429,1.2039,1.15,98,before
132411,20220429,1.2332,,98,before
132412,20220429,1.1852,0.91,99,before
132413,20220429,1.2126,1.09,98,before
132414,20220429,1.2429,,100,before
132415,20220429,1.2181,1.34,98,before
132416,20220429,1.0765,1.17,97,before
132417,20220429,1.0572,0.76,158,before
132517,20220430,1.0931,1.27,93,before
132518,20220430,1.1606,1.58,112,before
132519,20220430,1.1504,,112,before
132520,20220430,1.1988,1.37,167,before
132521,20220430,1.1655,1.32,124,before
132522,20220430,1.1668,1.39,145,before
132523,20220430,1.1707,1.4,195,before
132524,20220430,1.1621,1.15,207,before
132525,20220430,1.1703,1.21,174,before
132526,20220430,1.139,1.19,98,before
132528,20220430,1.1359,1.5,166,before
132529,20220430,1.1353,,168,before
132530,20220430,1.2384,0.93,222,before
132531,20220430,1.193,0.94,271,before
132532,20220430,1.2719,0.88,155,before
132534,20220430,1.1552,,221,before
132536,20220430,1.0854,0.82,251,before
132537,20220430,1.0899,0.88,202,before
132538,20220430,1.1641,0.96,100,before
132539,20220430,1.1835,,100,before
132540,20220430,1.1668,0.84,96,before
132541,20220430,1.1808,0.87,101,before
132542,20220430,1.218,,101,before
132543,20220430,1.175,0.92,101,before
132544,20220430,1.0746,1.15,153,before
132545,20220430,1.042,0.82,102,before
132765,20220501,1.1131,1.81,216,before
132766,20220501,1.123,0.95,99,before
132767,20220501,1.1846,0.95,100,before
132768,20220501,1.1479,0.83,99,before
132769,20220501,1.1302,0.86,97,before
132770,20220501,1.144,0.84,97,before
132771,20220501,1.1245,0.85,95,before
132772,20220501,1.1676,0.93,93,before
132773,20220501,1.2054,,93,before
132774,20220501,1.1548,1.23,96,before
132775,20220501,1.0253,1.05,122,before
132776,20220501,1.042,1.19,133,before
132877,20220502,1.1524,1.16,128,before
132878,20220502,1.1498,1.38,130,before
132879,20220502,1.1541,1.16,98,before
132880,20220502,1.1439,,98,before
132881,20220502,1.2715,1.21,97,before
132882,20220502,1.2638,,96,before
132884,20220502,1.0012,1.49,95,before
132885,20220502,1.0001,,96,before
132886,20220502,1.0014,1.13,97,before
132887,20220502,1.0006,1.14,99,before
133126,20220503,1.2865,1.62,150,before
133127,20220503,1.1889,1.22,125,before
133128,20220503,1.1326,1.06,99,before
133129,20220503,1.1202,0.92,99,before
133130,20220503,1.135,0.9,96,before
133131,20220503,1.1541,0.94,96,before
133132,20220503,1.1309,1.63,100,before
133133,20220503,1.132,,100,before
133134,20220503,1.0052,0.97,98,before
133135,20220503,1.0032,1.06,97,before
133136,20220503,1.0005,0.93,98,before
133137,20220503,1.0023,0.93,97,before
133138,20220503,1.0003,0.89,99,before
133139,20220503,1.0061,0.93,98,before
133143,20220503,1.0038,0.94,99,before
133144,20220503,1.0156,0.96,98,before
133145,20220503,1.0095,0.92,92,before
133146,20220503,1.0127,1.0,96,before
133147,20220503,1.0223,1.24,98,before
133148,20220503,1.0412,,96,before
133149,20220503,1.0395,1.32,89,before
133150,20220503,1.2037,1.18,96,before
133151,20220503,1.2608,,96,before
133154,20220503,1.0237,1.37,122,before
133258,20220504,1.2954,1.18,184,before
133259,20220504,1.3055,1.14,189,before
133260,20220504,1.2942,1.04,98,before
133261,20220504,1.292,1.04,96,before
133262,20220504,1.2757,1.2,97,before
133263,20220504,1.2673,,97,before
133264,20220504,1.2546,1.52,98,before
133265,20220504,1.2485,,98,before
133280,20220504,1.0824,0.98,184,before
133281,20220504,1.1654,0.92,97,before
133282,20220504,1.1712,0.87,105,before
133283,20220504,1.1646,0.86,103,before
133284,20220504,1.18,0.94,104,before
133285,20220504,1.2115,0.89,100,before
133286,20220504,1.2026,0.82,99,before
133287,20220504,1.1219,0.93,95,before
133288,20220504,1.0675,0.9,95,before
133290,20220504,1.0777,0.73,124,before
133291,20220504,1.0628,0.77,142,before
133292,20220504,1.0428,0.77,137,before
133393,20220505,1.1569,1.04,135,before
133394,20220505,1.1687,1.0,121,before
133395,20220505,1.1237,1.04,101,before
133396,20220505,1.0962,0.91,100,before
133397,20220505,1.1255,1.07,99,before
133398,20220505,1.1342,1.27,97,before
133399,20220505,1.1288,,96,before
133400,20220505,1.1348,1.14,96,before
133401,20220505,1.1348,,96,before
133402,20220505,1.2528,1.27,97,before
133403,20220505,1.2548,,96,before
133404,20220505,1.2379,1.84,94,before
133405,20220505,1.2032,1.98,280,before
133406,20220505,1.2579,1.92,217,before
133407,20220505,1.2593,1.55,98,before
133408,20220505,1.2708,,98,before
133409,20220505,1.289,,97,before
133410,20220505,1.0809,1.89,200,before
133411,20220505,1.123,1.42,97,before
133412,20220505,1.1166,1.16,95,before
133413,20220505,1.1622,1.07,100,before
133414,20220505,1.156,1.08,101,before
133415,20220505,1.1801,0.94,100,before
133416,20220505,1.1319,1.11,95,before
133417,20220505,1.1113,1.0,153,before
133418,20220505,1.0307,1.08,141,before
133517,20220506,1.3409,1.48,139,before
133518,20220506,1.1492,1.04,123,before
133519,20220506,1.1263,1.14,96,before
133520,20220506,1.1112,1.03,96,before
133521,20220506,1.1108,0.95,97,before
133522,20220506,1.1265,1.03,92,before
133525,20220506,1.0984,1.41,99,before
133526,20220506,1.0956,,96,before
133527,20220506,1.1304,1.78,97,before
133528,20220506,1.2425,1.13,97,before
133640,20220507,1.2509,0.97,93,before
133742,20220507,1.0147,0.99,109,before
133743,20220507,1.0572,1.25,98,before
133744,20220507,1.0574,0.9,98,before
133745,20220507,1.0624,0.99,97,before
133746,20220507,1.0645,0.95,98,before
133747,20220507,1.0332,1.11,149,before
133748,20220507,1.0344,0.95,103,before
133848,20220508,1.2828,1.59,98,before
133849,20220508,1.2329,2.0,97,before
133850,20220508,1.1627,1.93,97,before
133851,20220508,1.2077,1.99,163,before
133852,20220508,1.1766,2.06,233,before
133853,20220508,1.1629,1.84,212,before
133854,20220508,1.139,1.44,187,before
133855,20220508,1.1172,1.18,169,before
133856,20220508,1.0793,1.28,163,before
133857,20220508,1.1353,1.15,99,before
133859,20220508,1.0003,1.23,168,before
133860,20220508,1.001,1.23,111,before
133861,20220508,1.0016,1.03,96,before
133862,20220508,1.0049,,96,before
133863,20220508,1.0017,1.42,131,before
133864,20220508,1.0037,1.23,120,before
133865,20220508,1.003,1.28,97,before
133866,20220508,1.006,1.34,97,before
133867,20220508,1.0119,1.38,99,before
133868,20220508,1.0155,0.93,96,before
133869,20220508,1.0339,1.08,97,before
133870,20220508,1.0282,1.02,94,before
133871,20220508,1.0316,0.96,98,before
133872,20220508,1.0512,0.93,94,before
133873,20220508,1.0442,0.91,94,before
133874,20220508,1.0293,0.9,96,before
133875,20220508,1.0561,0.85,92,before
133876,20220508,1.0561,0.84,98,before
133877,20220508,1.0338,0.98,100,before
133878,20220508,1.0288,0.97,98,before
133997,20220509,1.2488,1.02,93,before
133998,20220509,1.2106,0.94,91,before
133999,20220509,1.1916,1.28,101,before
134000,20220509,1.3183,1.29,89,before
134001,20220509,1.2084,1.04,92,before
134002,20220509,1.1556,1.01,97,before
134003,20220509,1.2482,1.28,95,before
134004,20220509,1.1097,1.35,100,before
134005,20220509,1.0833,1.76,94,before
134006,20220509,1.0366,1.41,99,before
134007,20220509,1.1304,1.55,222,before
134008,20220509,1.1013,1.29,174,before
134009,20220509,1.1364,1.36,245,before
134010,20220509,1.0989,1.4,172,before
134011,20220509,1.1032,1.09,201,before
134012,20220509,1.0039,0.94,144,before
134013,20220509,1.004,0.9,121,before
134014,20220509,1.0028,0.87,99,before
134015,20220509,1.0095,,97,before
134016,20220509,1.0053,0.85,98,before
134017,20220509,1.0135,,96,before
134018,20220509,1.0096,1.21,94,before
134019,20220509,1.0192,0.85,94,before
134020,20220509,1.0181,0.91,96,before
134021,20220509,1.0186,0.88,97,before
134022,20220509,1.0206,1.19,99,before
134023,20220509,1.0352,0.87,99,before
134024,20220509,1.0337,0.76,98,before
134025,20220509,1.0544,0.98,97,before
134026,20220509,1.0422,0.79,96,before
134027,20220509,1.0642,0.92,97,before
134029,20220509,1.0645,0.72,100,before
134030,20220509,1.0262,1.1,176,before
134031,20220509,1.0325,1.07,121,before
134032,20220509,1.0298,0.85,109,before
134133,20220510,1.1508,1.24,96,before
134134,20220510,1.1313,1.15,96,before
134141,20220510,1.0555,1.74,100,before
134142,20220510,1.0486,0.97,122,before
134143,20220510,1.0306,1.69,131,before
134144,20220510,1.0174,1.15,107,before
134145,20220510,1.2502,1.43,244,before
134146,20220510,1.2567,1.12,272,before
134147,20220510,1.2506,1.19,241,before
134148,20220510,1.1592,1.0,304,before
134149,20220510,1.1403,1.04,94,before
134150,20220510,1.0972,0.92,202,before
134151,20220510,1.0611,1.1,177,before
134152,20220510,1.0478,1.06,125,before
134154,20220510,1.129,0.88,95,before
134156,20220510,1.0293,0.83,98,before
134157,20220510,1.0248,0.89,98,before
134158,20220510,1.0323,0.81,96,before
134159,20220510,1.0576,0.96,98,before
134160,20220510,1.0508,0.89,99,before
134161,20220510,1.0498,0.87,91,before
134162,20220510,1.0809,0.81,96,before
134163,20220510,1.0607,0.75,97,before
134164,20220510,1.0793,0.76,100,before
134165,20220510,1.0469,0.8,159,before
134166,20220510,1.0531,0.8,130,before
134167,20220510,1.0404,0.82,99,before
134269,20220511,1.1284,,88,before
134275,20220511,1.257,1.29,91,before
134283,20220511,1.0063,1.18,108,before
134284,20220511,1.0035,1.4,128,before
134285,20220511,1.0005,0.87,140,before
134286,20220511,1.0029,1.36,98,before
134287,20220511,1.0056,,98,before
134288,20220511,1.0257,0.95,172,before
134292,20220511,1.1294,0.93,270,before
134293,20220511,1.1067,0.93,199,before
134294,20220511,1.175,0.89,95,before
134295,20220511,1.0974,1.31,203,before
134296,20220511,1.0786,1.08,126,before
134297,20220511,1.0673,0.99,139,before
134298,20220511,1.0988,0.88,98,before
134299,20220511,1.2049,1.05,102,before
134300,20220511,1.0544,1.08,175,before
134301,20220511,1.0314,0.91,121,before
134434,20220512,1.0847,1.04,99,before
134435,20220512,1.0667,0.99,97,before
134436,20220512,1.0475,0.93,95,before
134437,20220512,1.0634,0.95,113,before
134438,20220512,1.0442,0.99,104,before
134439,20220512,1.0364,0.91,136,before
134440,20220512,1.0361,0.92,128,before
134441,20220512,1.021,1.04,118,before
134442,20220512,1.0294,1.26,134,before
134443,20220512,1.0163,0.97,102,before
134444,20220512,1.0091,1.0,104,before
134445,20220512,1.0032,0.94,121,before
134446,20220512,1.0063,1.0,108,before
134447,20220512,1.0006,0.94,109,before
134448,20220512,1.0031,0.93,198,before
134449,20220512,1.0101,0.96,140,before
134450,20220512,1.0175,0.88,115,before
134451,20220512,1.0299,0.95,163,before
134452,20220512,1.0863,0.9,222,before
134453,20220512,1.0756,0.9,203,before
134454,20220512,1.0661,0.85,231,before
134455,20220512,1.0531,0.87,150,before
134456,20220512,1.0376,0.95,144,before
134457,20220512,1.0308,0.87,154,before
134458,20220512,1.0402,0.95,121,before
134459,20220512,1.1275,0.99,93,before
134460,20220512,1.1635,,95,before
134461,20220512,1.1312,0.86,98,before
134462,20220512,1.1983,0.89,124,before
134463,20220512,1.2292,0.95,125,before
134580,20220513,1.0124,0.96,93,before
134581,20220513,1.0164,0.96,98,before
134582,20220513,1.0167,1.07,101,before
134583,20220513,1.0319,0.94,102,before
134584,20220513,1.0316,0.86,108,before
134585,20220513,1.0197,0.97,108,before
134591,20220513,1.0266,1.12,110,before
134592,20220513,1.0156,0.99,102,before
134593,20220513,1.0053,1.15,116,before
134594,20220513,1.0002,0.98,172,before
134595,20220513,1.0019,0.95,121,before
134596,20220513,1.0071,0.83,131,before
134597,20220513,1.0107,0.99,190,before
134598,20220513,1.0241,1.01,172,before
134599,20220513,1.0202,0.86,169,before
134600,20220513,1.0275,0.93,151,before
134601,20220513,1.0289,0.94,150,before
134602,20220513,1.0258,1.05,123,before
134603,20220513,1.0375,1.19,129,before
134604,20220513,1.3025,1.16,129,before
134605,20220513,1.3927,1.28,148,before
134606,20220513,1.3067,1.32,149,before
134773,20220514,1.0054,1.14,112,before
134781,20220514,1.0106,1.11,116,before
134782,20220514,1.0421,1.02,97,before
134783,20220514,1.0557,0.94,106,before
134784,20220514,1.0356,0.99,102,before
134785,20220514,1.0125,1.05,112,before
134791,20220514,1.0099,1.04,140,before
134792,20220514,1.0174,,140,before
134796,20220514,1.0242,1.02,133,before
134797,20220514,1.0402,,131,before
134907,20220515,1.1685,1.33,134,before
134908,20220515,1.1651,2.09,190,before
134909,20220515,1.1705,1.29,158,before
134910,20220515,1.1321,0.94,98,before
134911,20220515,1.136,0.91,99,before
134912,20220515,1.1257,0.96,99,before
134913,20220515,1.1276,1.05,97,before
134915,20220515,1.0207,1.47,119,before
135098,20220516,1.1517,0.98,116,before
135099,20220516,1.2317,1.03,135,before
135103,20220516,1.2601,1.28,179,before
135104,20220516,1.224,1.08,223,before
135105,20220516,1.2288,0.95,216,before
135106,20220516,1.2402,1.04,214,before
135108,20220516,1.0842,0.98,221,before
135109,20220516,1.0871,0.92,170,before
135110,20220516,1.064,0.98,112,before
135111,20220516,1.0432,0.87,115,before
135112,20220516,1.0261,1.06,107,before
135113,20220516,1.0163,0.9,105,before
135114,20220516,1.0193,0.94,133,before
135116,20220516,1.0002,0.8,168,before
135117,20220516,1.0012,0.87,109,before
135118,20220516,1.0002,0.81,178,before
135119,20220516,1.0019,0.81,169,before
135120,20220516,1.0062,0.83,164,before
135121,20220516,1.0044,0.88,170,before
135122,20220516,1.0065,0.84,129,before
135123,20220516,1.0096,0.85,138,before
135124,20220516,1.0154,0.86,117,before
135125,20220516,1.0077,0.95,165,before
135126,20220516,1.0192,0.91,154,before
135127,20220516,1.021,0.91,152,before
135129,20220516,1.2232,0.94,162,before
135130,20220516,1.1557,0.93,121,before
135556,20220518,1.1376,1.54,172,before
135557,20220518,1.1158,1.46,105,before
135558,20220518,1.1362,1.35,94,before
135559,20220518,1.1382,1.28,98,before
135560,20220518,1.2523,1.2,98,before
135602,20220518,1.0815,1.09,218,before
135603,20220518,1.0574,0.92,237,before
135604,20220518,1.0495,0.92,176,before
135605,20220518,1.0444,0.92,228,before
135606,20220518,1.0388,0.85,207,before
135621,20220518,1.0547,0.95,96,before
135622,20220518,1.1195,1.13,113,before
136308,20220522,1.1404,1.45,132,before
136309,20220522,1.1461,1.29,135,before
136310,20220522,1.1233,1.22,96,before
136311,20220522,1.1171,,97,before
136312,20220522,1.1177,,97,before
136313,20220522,1.116,2.3,177,before
136314,20220522,1.1146,,178,before
136316,20220522,1.0004,1.41,160,before
136317,20220522,1.0077,2.21,139,before
136318,20220522,1.0103,1.76,121,before
136319,20220522,1.0017,1.55,140,before
136320,20220522,1.003,1.05,99,before
136322,20220522,1.0004,2.53,166,before
136323,20220522,1.004,,166,before
136324,20220522,1.0005,1.98,164,before
136325,20220522,1.0025,2.13,121,before
136326,20220522,1.001,1.16,127,before
136327,20220522,1.0132,1.04,97,before
136328,20220522,1.0283,0.97,96,before
136329,20220522,1.0283,0.92,95,before
136330,20220522,1.029,1.01,95,before
136331,20220522,1.0335,1.7,96,before
136332,20220522,1.0594,,95,before
136333,20220522,1.0506,1.61,97,before
136334,20220522,1.0255,1.52,131,before
136335,20220522,1.0278,1.15,124,before
136336,20220522,1.0265,1.15,99,before
136337,20220522,1.0681,1.05,96,before
136338,20220522,1.0755,0.9,96,before
136339,20220522,1.0804,0.86,104,before
136340,20220522,1.0934,0.85,101,before
136444,20220523,1.1131,1.42,109,before
136445,20220523,1.1036,,105,before
136446,20220523,1.1353,1.13,129,before
136447,20220523,1.098,1.18,122,before
136448,20220523,1.125,1.09,94,before
136449,20220523,1.257,1.14,98,before
136450,20220523,1.1453,1.15,94,before
136451,20220523,1.1479,,93,before
136452,20220523,1.2324,1.2,96,before
136453,20220523,1.1228,1.21,181,before
136454,20220523,1.1286,0.96,186,before
136455,20220523,1.1139,1.06,170,before
136456,20220523,1.0892,1.17,149,before
136457,20220523,1.026,1.25,173,before
136458,20220523,1.0667,1.1,249,before
136459,20220523,1.0578,2.31,250,before
136460,20220523,1.0659,1.47,185,before
136461,20220523,1.0978,1.3,256,before
136462,20220523,1.082,1.9,278,before
136463,20220523,1.0843,1.54,158,before
136464,20220523,1.0796,1.39,163,before
136465,20220523,1.053,1.11,222,before
136466,20220523,1.0814,1.06,99,before
136467,20220523,1.08,1.07,97,before
136468,20220523,1.1091,,98,before
136469,20220523,1.0639,1.01,102,before
136470,20220523,1.0852,0.98,107,before
136471,20220523,1.1518,1.02,98,before
136572,20220524,1.2727,1.17,218,before
136573,20220524,1.1276,1.37,163,before
136574,20220524,1.0937,1.41,106,before
136575,20220524,1.1077,1.62,100,before
136576,20220524,1.1079,,97,before
136577,20220524,1.1278,1.31,98,before
136578,20220524,1.1345,1.32,99,before
136579,20220524,1.2338,0.92,95,before
136580,20220524,1.2491,0.88,94,before
136581,20220524,1.2388,1.01,100,before
136582,20220524,1.1409,0.89,97,before
136583,20220524,1.1311,0.86,92,before
136584,20220524,1.1159,1.0,98,before
136585,20220524,1.141,0.88,99,before
136586,20220524,1.1653,1.0,101,before
136587,20220524,1.1564,0.97,100,before
136588,20220524,1.1664,1.13,100,before
136589,20220524,1.2007,0.96,103,before
136590,20220524,1.2136,1.02,97,before
136591,20220524,1.1854,0.91,108,before
136592,20220524,1.2268,,108,before
136593,20220524,1.1936,1.14,98,before
136594,20220524,1.067,0.79,95,before
136595,20220524,1.1436,0.84,98,before
136596,20220524,1.1297,1.04,124,before
136597,20220524,1.0986,0.86,120,before
136598,20220524,1.1748,0.94,155,before
136698,20220525,1.1277,1.38,136,before
136699,20220525,1.0927,1.74,118,before
136700,20220525,1.1229,1.37,96,before
136701,20220525,1.1195,,98,before
136702,20220525,1.1381,1.02,97,before
136703,20220525,1.1308,1.42,99,before
136704,20220525,1.1232,1.04,98,before
136705,20220525,1.1294,1.09,100,before
136706,20220525,1.1064,1.24,95,before
136707,20220525,1.1282,1.43,97,before
136708,20220525,1.1402,,96,before
136709,20220525,1.1452,1.18,98,before
136710,20220525,1.1271,0.99,98,before
136711,20220525,1.1445,0.85,99,before
136712,20220525,1.1402,0.89,104,before
136713,20220525,1.1648,0.99,116,before
136714,20220525,1.1833,0.97,110,before
136715,20220525,1.1735,0.94,102,before
136716,20220525,1.1985,0.85,100,before
136717,20220525,1.1602,0.81,107,before
136718,20220525,1.1417,0.77,102,before
136719,20220525,1.1306,0.88,99,before
136720,20220525,1.1033,0.94,96,before
136721,20220525,1.1546,0.8,97,before
136722,20220525,1.1313,0.76,96,before
136723,20220525,1.1861,0.82,166,before
136724,20220525,1.1405,0.87,165,before
136837,20220526,1.113,1.45,146,before
136838,20220526,1.1448,1.55,209,before
136839,20220526,1.1234,1.64,96,before
136840,20220526,1.1236,,96,before
136841,20220526,1.2529,1.23,99,before
136842,20220526,1.2522,,99,before
136843,20220526,1.258,1.07,98,before
136844,20220526,1.2374,1.1,98,before
136845,20220526,1.1223,1.07,96,before
136846,20220526,1.137,0.92,96,before
136847,20220526,1.1249,0.95,98,before
136848,20220526,1.1085,0.99,95,before
136849,20220526,1.139,0.98,100,before
136850,20220526,1.1464,0.91,103,before
136851,20220526,1.1342,0.9,99,before
136852,20220526,1.1426,0.84,101,before
136853,20220526,1.2003,0.89,114,before
136854,20220526,1.2044,1.01,101,before
136855,20220526,1.1646,0.92,102,before
136856,20220526,1.1684,0.9,108,before
136857,20220526,1.0724,0.97,96,before
136858,20220526,1.1636,0.93,98,before
136859,20220526,1.162,0.85,101,before
136860,20220526,1.1568,0.89,155,before
136861,20220526,1.168,0.95,120,before
136978,20220527,1.2305,1.06,87,before
136979,20220527,1.247,,86,before
136980,20220527,1.1367,1.18,89,before
136981,20220527,1.1351,1.22,88,before
136982,20220527,1.1265,1.27,91,before
136983,20220527,1.1435,1.35,91,before
136984,20220527,1.173,,92,before
136985,20220527,1.2015,1.41,93,before
136986,20220527,1.2355,,91,before
136987,20220527,1.2836,,94,before
136988,20220527,1.0602,1.4,86,before
136989,20220527,1.1485,0.98,90,before
136990,20220527,1.0867,1.05,90,before
136991,20220527,1.0849,0.96,89,before
136992,20220527,1.2011,1.14,89,before
136993,20220527,1.2401,1.1,87,before
137099,20220528,1.1306,1.28,136,before
137100,20220528,1.0028,0.98,92,before
137101,20220528,1.0042,0.98,87,before
137102,20220528,1.0038,1.12,88,before
137103,20220528,1.0017,1.05,86,before
137104,20220528,1.0005,0.96,88,before
137105,20220528,1.0028,1.05,87,before
137106,20220528,1.0107,1.1,88,before
137107,20220528,1.0028,1.04,88,before
137108,20220528,1.0057,1.13,87,before
137109,20220528,1.0047,1.04,87,before
137110,20220528,1.0093,0.96,88,before
137111,20220528,1.0086,0.89,87,before
137112,20220528,1.0221,0.99,89,before
137113,20220528,1.0137,0.91,90,before
137114,20220528,1.0124,0.99,89,before
137115,20220528,1.0111,0.95,87,before
137116,20220528,1.0267,0.88,87,before
137117,20220528,1.0221,0.92,89,before
137118,20220528,1.0217,0.93,89,before
137119,20220528,1.0212,0.86,87,before
137120,20220528,1.0363,0.88,90,before
137121,20220528,1.034,0.79,88,before
137122,20220528,1.0538,0.96,90,before
137123,20220528,1.0455,1.04,90,before
137124,20220528,1.0487,1.03,89,before
137125,20220528,1.0657,0.92,86,before
137126,20220528,1.0699,0.92,89,before
137127,20220528,1.0707,0.86,88,before
137128,20220528,1.0669,1.07,85,before
137129,20220528,1.0779,0.91,90,before
137130,20220528,1.0997,1.04,117,before
137131,20220528,1.1284,1.15,95,before
137232,20220529,1.0122,1.35,88,before
137233,20220529,1.01,1.33,87,before
137235,20220529,1.017,1.15,87,before
137236,20220529,1.0,1.24,90,before
137237,20220529,1.0082,1.73,88,before
137238,20220529,1.0079,1.15,87,before
137239,20220529,1.0106,1.03,88,before
137240,20220529,1.0264,1.02,87,before
137241,20220529,1.0407,1.16,88,before
137242,20220529,1.0239,1.22,88,before
137243,20220529,1.0355,0.97,88,before
137244,20220529,1.0258,1.21,89,before
137245,20220529,1.0192,0.89,85,before
137246,20220529,1.0355,1.01,91,before
137247,20220529,1.0491,0.91,88,before
137248,20220529,1.0429,0.98,86,before
137249,20220529,1.0481,0.92,89,before
137250,20220529,1.0741,0.95,87,before
137251,20220529,1.0455,1.22,89,before
137252,20220529,1.07,0.92,88,before
137253,20220529,1.0677,1.04,87,before
137254,20220529,1.0601,0.91,89,before
137255,20220529,1.0264,0.91,87,before
137256,20220529,1.0771,0.9,87,before
137257,20220529,1.075,0.99,89,before
137258,20220529,1.0781,0.87,88,before
137259,20220529,1.1033,0.93,114,before
137260,20220529,1.1709,0.98,96,before
137354,20220530,1.2931,0.94,206,before
137355,20220530,1.1093,0.89,163,before
137356,20220530,1.1128,0.95,88,before
137357,20220530,1.0818,0.88,89,before
137358,20220530,1.1191,1.83,89,before
137359,20220530,1.1245,0.88,90,before
137360,20220530,1.1229,0.89,89,before
137361,20220530,1.1037,0.87,87,before
137362,20220530,1.0969,1.13,87,before
137363,20220530,1.1149,1.0,89,before
137364,20220530,1.1209,0.89,88,before
137365,20220530,1.0951,0.97,89,before
137366,20220530,1.1147,0.92,88,before
137367,20220530,1.1049,0.91,88,before
137370,20220530,1.1006,0.87,89,before
137371,20220530,1.1103,0.82,88,before
137372,20220530,1.0993,0.75,89,before
137373,20220530,1.1128,0.88,90,before
137374,20220530,1.1723,0.8,97,before
137375,20220530,1.1896,0.76,90,before
137376,20220530,1.1858,0.86,94,before
137377,20220530,1.1721,0.77,98,before
137378,20220530,1.1758,0.86,88,before
137379,20220530,1.1339,0.82,89,before
137380,20220530,1.1548,0.93,90,before
137381,20220530,1.154,0.91,88,before
137382,20220530,1.0684,0.82,88,before
137383,20220530,1.1688,0.94,83,before
137384,20220530,1.1619,1.34,103,before
137385,20220530,1.1239,1.36,90,before
137534,20220531,1.1508,1.58,171,before
137535,20220531,1.1112,1.52,136,before
137536,20220531,1.1388,1.25,96,before
137537,20220531,1.2584,1.06,98,before
137538,20220531,1.2713,1.0,99,before
137539,20220531,1.2692,0.98,99,before
137540,20220531,1.2493,1.04,98,before
137541,20220531,1.2827,0.99,100,before
137542,20220531,1.2935,0.98,97,before
137543,20220531,1.1056,0.91,99,before
137544,20220531,1.0801,1.04,98,before
137545,20220531,1.0828,0.8,97,before
137546,20220531,1.0899,0.88,99,before
137547,20220531,1.1302,0.98,100,before
137548,20220531,1.0864,0.98,98,before
137549,20220531,1.0719,0.87,99,before
137550,20220531,1.0842,0.9,99,before
137551,20220531,1.0998,0.79,98,before
137552,20220531,1.0916,0.76,95,before
137553,20220531,1.0934,0.78,96,before
137554,20220531,1.107,0.79,100,before
137555,20220531,1.1015,0.73,96,before
137556,20220531,1.0954,0.73,98,before
137557,20220531,1.0892,0.77,96,before
137558,20220531,1.1078,0.75,99,before
137559,20220531,1.1116,0.82,99,before
137560,20220531,1.3259,0.94,97,before
137562,20220531,1.2167,0.98,105,before
137563,20220531,1.1616,0.96,128,before
137677,20220601,1.1362,1.09,174,before
137678,20220601,1.084,1.11,121,before
137679,20220601,1.1046,0.98,97,before
137680,20220601,1.1293,1.12,98,before
137681,20220601,1.119,0.97,98,before
137682,20220601,1.1175,0.97,98,before
137683,20220601,1.1212,1.0,99,before
137684,20220601,1.0936,0.87,97,before
137685,20220601,1.097,0.92,96,before
137686,20220601,1.1051,1.14,93,before
137687,20220601,1.1023,0.92,97,before
137688,20220601,1.1172,1.06,97,before
137689,20220601,1.123,0.88,96,before
137690,20220601,1.1105,0.87,100,before
137691,20220601,1.0942,0.83,99,before
137692,20220601,1.1268,0.81,106,before
137693,20220601,1.1317,0.98,104,before
137694,20220601,1.1661,0.89,106,before
137695,20220601,1.1622,1.09,101,before
137696,20220601,1.1607,0.85,111,before
137697,20220601,1.1567,1.09,101,before
137698,20220601,1.1342,0.87,98,before
137699,20220601,1.1392,0.81,99,before
137700,20220601,1.1394,0.88,102,before
137701,20220601,1.2568,0.8,96,before
137702,20220601,1.1741,0.82,136,before
137703,20220601,1.1512,0.85,150,before
137704,20220601,1.1081,0.82,122,before
137794,20220602,1.1031,0.82,172,before
137795,20220602,1.0923,0.91,150,before
137796,20220602,1.1147,0.85,226,before
137797,20220602,1.2368,0.79,99,before
137798,20220602,1.2643,0.9,98,before
137799,20220602,1.3075,1.04,97,before
137800,20220602,1.3178,,97,before
137801,20220602,1.2668,1.36,99,before
137802,20220602,1.2745,,100,before
137803,20220602,1.2375,1.24,98,before
137804,20220602,1.2476,,98,before
137805,20220602,1.1498,1.05,97,before
137806,20220602,1.0874,1.2,97,before
137807,20220602,1.1048,1.49,96,before
137808,20220602,1.1008,0.98,99,before
137809,20220602,1.0933,1.03,99,before
137810,20220602,1.0871,0.99,95,before
137811,20220602,1.1276,1.29,100,before
137812,20220602,1.1653,,98,before
137813,20220602,1.11,1.05,98,before
137814,20220602,1.1397,,97,before
137815,20220602,1.1466,1.06,100,before
137816,20220602,1.2157,,100,before
137817,20220602,1.271,,99,before
137818,20220602,1.0775,1.7,111,before
137819,20220602,1.0565,0.92,95,before
138016,20220603,1.1089,1.43,217,before
138017,20220603,1.0648,1.21,95,before
138018,20220603,1.0653,1.22,96,before
138019,20220603,1.0645,1.17,96,before
138020,20220603,1.0749,2.12,99,before
138021,20220603,1.0855,1.29,97,before
138022,20220603,1.1217,1.15,93,before
138023,20220603,1.132,1.12,99,before
138024,20220603,1.085,1.0,97,before
138025,20220603,1.085,1.37,97,before
138026,20220603,1.284,1.09,95,before
138027,20220603,1.2419,0.96,97,before
138028,20220603,1.1701,1.05,96,before
138029,20220603,1.1891,1.04,187,before
138030,20220603,1.2398,0.98,211,before
138130,20220604,1.3251,1.08,138,before
138131,20220604,1.2945,1.06,240,before
138132,20220604,1.3129,0.94,98,before
138133,20220604,1.2606,1.01,99,before
138134,20220604,1.0926,1.05,98,before
138135,20220604,1.1202,1.19,99,before
138136,20220604,1.0044,1.09,99,before
138137,20220604,1.0051,0.9,99,before
138138,20220604,1.0113,1.0,99,before
138139,20220604,1.0129,0.88,97,before
138140,20220604,1.0167,0.92,96,before
138141,20220604,1.0303,,95,before
138142,20220604,1.0067,0.87,183,before
138143,20220604,1.0035,0.92,109,before
138144,20220604,1.0031,0.88,134,before
138145,20220604,1.0446,1.08,98,before
138146,20220604,1.0572,1.16,97,before
138147,20220604,1.0799,,98,before
138148,20220604,1.0953,0.9,98,before
138149,20220604,1.0982,1.44,97,before
138150,20220604,1.0843,0.94,97,before
138151,20220604,1.0878,0.8,95,before
138152,20220604,1.0952,0.78,97,before
138153,20220604,1.1028,0.89,97,before
138154,20220604,1.1232,0.85,96,before
138155,20220604,1.0501,1.19,104,before
138156,20220604,1.0593,0.87,101,before
138259,20220605,1.1216,1.03,216,before
138260,20220605,1.0923,1.03,98,before
138261,20220605,1.066,1.02,98,before
138262,20220605,1.12,1.14,98,before
138263,20220605,1.1279,1.18,100,before
138264,20220605,1.1308,,99,before
138265,20220605,1.1383,1.14,99,before
138266,20220605,1.1474,,99,before
138267,20220605,1.0091,1.13,95,before
138268,20220605,1.0075,0.97,97,before
138269,20220605,1.0244,1.15,98,before
138270,20220605,1.0288,1.08,97,before
138271,20220605,1.0243,1.28,97,before
138272,20220605,1.0276,1.33,98,before
138273,20220605,1.0441,1.09,99,before
138274,20220605,1.0514,0.98,97,before
138275,20220605,1.0898,0.86,96,before
138276,20220605,1.0767,0.9,96,before
138277,20220605,1.0806,1.17,97,before
138279,20220605,1.3857,2.21,132,before
138280,20220605,1.3251,1.64,121,before
138281,20220605,1.2575,2.31,133,before
138282,20220605,1.3344,1.75,123,before
138283,20220605,1.2914,2.39,163,before
138386,20220606,1.3057,1.68,229,before
138387,20220606,1.3045,1.98,148,before
138388,20220606,1.0918,1.16,160,before
138389,20220606,1.1194,1.13,96,before
138390,20220606,1.119,,95,before
138391,20220606,1.0991,1.16,96,before
138392,20220606,1.1087,1.06,97,before
138393,20220606,1.122,,97,before
138394,20220606,1.1081,0.91,99,before
138395,20220606,1.1246,,98,before
138396,20220606,1.1226,1.25,98,before
138397,20220606,1.1411,,96,before
138398,20220606,1.123,1.91,109,before
138399,20220606,1.1404,,109,before
138400,20220606,1.1719,1.74,120,before
138401,20220606,1.2091,,119,before
138402,20220606,1.0747,1.25,98,before
138403,20220606,1.075,1.07,102,before
138404,20220606,1.1018,0.98,101,before
138405,20220606,1.1382,,101,before
138406,20220606,1.1877,1.08,98,before
138407,20220606,1.2118,1.01,100,before
138408,20220606,1.1353,1.21,100,before
138409,20220606,1.158,0.91,199,before
138410,20220606,1.1167,0.86,139,before
138510,20220607,1.097,1.21,95,before
138511,20220607,1.0646,1.2,105,before
138512,20220607,1.0839,1.02,100,before
138513,20220607,1.0614,1.28,116,before
138514,20220607,1.0416,1.14,125,before
138515,20220607,1.0156,1.08,110,before
138516,20220607,1.024,1.26,113,before
138517,20220607,1.0035,1.14,139,before
138518,20220607,1.1129,1.23,123,before
138519,20220607,1.0798,1.19,166,before
138520,20220607,1.0546,1.09,112,before
138521,20220607,1.0717,0.98,157,before
138522,20220607,1.134,1.01,99,before
138523,20220607,1.147,,96,before
138524,20220607,1.0551,1.09,206,before
138525,20220607,1.063,1.14,235,before
138526,20220607,1.1046,0.99,108,before
138527,20220607,1.1198,,108,before
138528,20220607,1.1026,1.05,98,before
138529,20220607,1.1272,1.07,107,before
138530,20220607,1.1557,,104,before
138531,20220607,1.1475,0.98,110,before
138532,20220607,1.1781,,110,before
138533,20220607,1.1256,1.16,100,before
138534,20220607,1.1801,,101,before
138535,20220607,1.2717,2.11,185,before
138537,20220607,1.1636,1.42,133,before
138538,20220607,1.2642,1.14,183,before
139001,20220609,1.0586,0.88,251,before
139002,20220609,1.0601,0.88,146,before
139003,20220609,1.0915,0.87,245,before
139004,20220609,1.0459,0.92,171,before
139005,20220609,1.0385,0.9,178,before
139006,20220609,1.0773,0.88,100,before
139007,20220609,1.1313,0.94,98,before
139008,20220609,1.1709,,98,before
139009,20220609,1.1623,1.1,100,before
139010,20220609,1.172,0.97,97,before
139011,20220609,1.1157,0.95,100,before
139012,20220609,1.1122,1.02,99,before
139013,20220609,1.2466,0.85,194,before
139014,20220609,1.2107,0.88,202,before
139015,20220609,1.1531,0.84,153,before
139164,20220610,1.0418,1.13,196,before
139165,20220610,1.0298,1.28,161,before
139166,20220610,1.0265,0.97,172,before
139167,20220610,1.0278,0.97,153,before
139168,20220610,1.0428,0.95,131,before
139169,20220610,1.0615,1.06,109,before
139170,20220610,1.2166,1.36,129,before
139171,20220610,1.1804,1.13,96,before
139172,20220610,1.1732,1.07,99,before
139173,20220610,1.1514,1.08,100,before
139174,20220610,1.1473,0.97,100,before
139175,20220610,1.1459,1.1,154,before
139176,20220610,1.1058,1.03,142,before
139337,20220611,1.008,1.03,130,before
139338,20220611,1.0113,1.04,105,before
139339,20220611,1.0029,1.02,126,before
139340,20220611,1.0023,0.92,118,before
139341,20220611,1.0051,0.97,108,before
139342,20220611,1.0018,1.03,131,before
139343,20220611,1.0036,0.98,151,before
139345,20220611,1.0238,0.99,202,before
139346,20220611,1.0221,0.92,192,before
139347,20220611,1.0281,0.95,119,before
139348,20220611,1.0423,0.9,98,before
139349,20220611,1.067,0.92,105,before
139350,20220611,1.096,0.9,101,before
139351,20220611,1.1153,1.03,97,before
139352,20220611,1.102,0.96,104,before
139353,20220611,1.1215,0.97,135,before
139354,20220611,1.2508,1.05,174,before
139355,20220611,1.1598,0.96,97,before
139356,20220611,1.1566,1.04,98,before
139357,20220611,1.1659,1.12,216,before
139358,20220611,1.1167,1.12,109,before
139462,20220612,1.0027,1.02,114,before
139463,20220612,1.0017,1.0,103,before
139471,20220612,1.0043,1.12,120,before
139473,20220612,1.0004,0.9,160,before
139474,20220612,1.0081,0.91,132,before
139475,20220612,1.0079,0.86,141,before
139476,20220612,1.0274,0.92,115,before
139477,20220612,1.0326,0.93,101,before
139478,20220612,1.0576,0.84,107,before
139479,20220612,1.0894,0.9,94,before
139480,20220612,1.1676,0.99,96,before
139481,20220612,1.2004,0.94,94,before
139482,20220612,1.2268,0.92,93,before
139483,20220612,1.0878,0.96,129,before
139484,20220612,1.2213,0.96,235,before
139485,20220612,1.2311,1.01,231,before
139486,20220612,1.1766,1.01,167,before
139651,20220613,1.1957,1.15,109,before
139652,20220613,1.2214,,109,before
142217,20220913,1.4194,1.56,126,before
142231,20220913,1.1123,1.1,157,before
142233,20220913,1.1576,1.12,128,before
142234,20220913,1.2278,0.96,193,before
142235,20220913,1.0751,0.91,93,before
142236,20220913,1.1768,1.06,130,before
142237,20220913,1.1826,1.25,99,before
142238,20220913,1.1548,1.08,99,before
142239,20220913,1.2018,1.18,127,before
142253,20220913,1.1252,1.01,99,before
142254,20220913,1.1568,0.92,103,before
142364,20220914,1.6243,2.35,120,before
142365,20220914,1.5358,,119,before
142366,20220914,1.3281,1.68,162,before
142367,20220914,1.2497,1.62,100,before
142368,20220914,1.2234,,100,before
142369,20220914,1.2194,,99,before
142370,20220914,1.1103,1.31,142,before
142433,20220914,1.2458,0.8,95,before
142540,20220915,1.0299,0.85,142,before
142541,20220915,1.0337,0.89,130,before
142542,20220915,1.1004,0.9,104,before
142543,20220915,1.1477,0.82,99,before
142544,20220915,1.1298,0.88,105,before
142545,20220915,1.127,0.9,98,before
142546,20220915,1.1397,1.0,99,before
142547,20220915,1.1268,,99,before
142548,20220915,1.1551,1.16,99,before
142549,20220915,1.1199,0.93,96,before
142550,20220915,1.1449,1.16,97,before
142551,20220915,1.2228,1.06,97,before
142552,20220915,1.1957,0.84,97,before
142553,20220915,1.1471,0.9,96,before
142554,20220915,1.182,0.91,99,before
142555,20220915,1.1893,0.89,95,before
142556,20220915,1.1451,0.99,96,before
142558,20220915,1.1995,0.97,97,before
142559,20220915,1.2055,,97,before
142560,20220915,1.1755,1.01,97,before
142561,20220915,1.1855,,98,before
142562,20220915,1.2039,0.92,95,before
142563,20220915,1.2143,,94,before
142564,20220915,1.222,1.07,99,before
142565,20220915,1.2312,,99,before
142566,20220915,1.2713,1.07,95,before
142671,20220916,1.0591,0.83,175,before
142672,20220916,1.0456,0.8,130,before
142673,20220916,1.0944,0.78,97,before
142674,20220916,1.1849,0.76,106,before
142675,20220916,1.1127,0.78,96,before
142676,20220916,1.1125,0.8,97,before
142677,20220916,1.2813,0.93,100,before
142678,20220916,1.1948,0.83,96,before
142679,20220916,1.1317,1.05,98,before
142680,20220916,1.1109,0.86,95,before
142681,20220916,1.1812,0.97,97,before
142682,20220916,1.1779,1.0,96,before
142683,20220916,1.1583,0.93,96,before
142684,20220916,1.1104,1.22,97,before
142685,20220916,1.117,,96,before
142686,20220916,1.0,0.97,97,before
142687,20220916,1.0014,0.83,96,before
142688,20220916,1.0062,0.78,99,before
142689,20220916,1.0069,0.73,100,before
142690,20220916,1.076,0.82,97,before
142691,20220916,1.1418,0.93,97,before
142692,20220916,1.0289,0.8,97,before
142693,20220916,1.0986,0.8,98,before
142694,20220916,1.1794,0.82,100,before
142695,20220916,1.0205,0.75,96,before
142696,20220916,1.0607,0.93,99,before
142697,20220916,1.1381,0.84,100,before
142698,20220916,1.1553,0.74,99,before
142699,20220916,1.5179,1.63,95,before
142700,20220916,1.4834,,94,before
142801,20220917,1.049,0.87,121,before
142802,20220917,1.0411,0.88,140,before
142803,20220917,1.0728,0.83,114,before
142804,20220917,1.0786,0.92,99,before
142805,20220917,1.0859,0.87,97,before
142806,20220917,1.0809,0.99,98,before
142807,20220917,1.1806,1.48,98,before
142808,20220917,1.1674,,98,before
142809,20220917,1.1638,,98,before
142810,20220917,1.2395,1.13,96,before
142811,20220917,1.2828,1.52,100,before
142812,20220917,1.236,1.11,97,before
142813,20220917,1.2356,,97,before
142814,20220917,1.0026,0.99,99,before
142815,20220917,1.0129,0.99,97,before
142816,20220917,1.1007,1.0,95,before
142817,20220917,1.0883,1.2,95,before
142818,20220917,1.1586,1.17,95,before
142819,20220917,1.233,1.25,95,before
142820,20220917,1.2243,1.21,98,before
142821,20220917,1.2814,,99,before
142822,20220917,1.1486,0.83,100,before
142823,20220917,1.1455,0.94,98,before
142825,20220917,1.7381,1.14,96,before
142826,20220917,1.6887,,97,before
142827,20220917,1.0716,1.14,96,before
142828,20220917,1.2192,1.0,98,before
142829,20220917,1.1363,1.06,97,before
142916,20220918,1.0739,2.02,111,before
142917,20220918,1.1052,1.46,95,before
142918,20220918,1.0532,1.37,97,before
142919,20220918,1.0815,,97,before
142920,20220918,1.1244,1.87,99,before
142921,20220918,1.1048,,97,before
142922,20220918,1.1679,1.05,100,before
142924,20220918,1.1192,1.08,98,before
142925,20220918,1.11,,96,before
142926,20220918,1.1319,1.31,99,before
142927,20220918,1.1428,0.96,99,before
142928,20220918,1.1989,0.89,99,before
142929,20220918,1.2193,0.94,99,before
142930,20220918,1.2251,1.06,95,before
142931,20220918,1.2028,1.03,103,before
142932,20220918,1.2179,1.04,97,before
142934,20220918,1.1978,0.92,88,before
142935,20220918,1.1749,0.94,99,before
142936,20220918,1.1361,0.93,98,before
142937,20220918,1.0167,0.86,99,before
142938,20220918,1.2923,1.08,97,before
142939,20220918,1.214,1.06,98,before
142940,20220918,1.1973,0.98,98,before
142941,20220918,1.2584,1.0,98,before
142942,20220918,1.2991,0.98,99,before
142943,20220918,1.2839,0.91,103,before
143948,20220922,1.2156,0.93,107,before
143949,20220922,1.1517,0.87,99,before
143950,20220922,1.139,0.84,98,before
143951,20220922,1.1465,0.86,98,before
143952,20220922,1.1654,0.91,96,before
143955,20220922,1.2977,1.05,98,before
143956,20220922,1.2344,0.9,97,before
143957,20220922,1.2947,0.96,98,before
143958,20220922,1.3317,0.95,99,before
144016,20220923,1.4167,1.06,180,before
144069,20220923,1.0709,1.09,112,before
144070,20220923,1.0009,1.01,147,before
144071,20220923,1.0168,1.04,98,before
144075,20220923,1.186,1.17,97,before
144076,20220923,1.2001,,97,before
144077,20220923,1.1401,1.04,94,before
144085,20220923,1.2352,1.24,99,before
144086,20220923,1.0923,1.02,98,before
144087,20220923,1.1013,,98,before
144089,20220923,1.3388,1.1,99,before
144091,20220923,1.2763,0.95,94,before
144092,20220923,1.2797,0.96,98,before
144093,20220923,1.2579,1.12,100,before
144094,20220923,1.3509,1.0,98,before
144204,20220924,1.4267,1.28,124,before
144205,20220924,1.1664,1.0,132,before
144206,20220924,1.1827,0.98,100,before
144207,20220924,1.2264,0.93,97,before
144209,20220924,1.1157,0.96,89,before
144211,20220924,1.3131,1.03,87,before
144212,20220924,1.3366,1.0,97,before
144213,20220924,1.2875,0.89,97,before
144214,20220924,1.2359,0.87,99,before
144215,20220924,1.0644,0.88,96,before
144216,20220924,1.1444,0.87,96,before
144217,20220924,1.1706,0.89,95,before
144218,20220924,1.177,0.88,98,before
144219,20220924,1.1965,0.82,98,before
144220,20220924,1.128,0.83,98,before
144221,20220924,1.1713,0.93,98,before
144222,20220924,1.1718,0.87,97,before
144223,20220924,1.153,0.86,97,before
144224,20220924,1.1306,0.83,93,before
144225,20220924,1.1258,0.85,97,before
144226,20220924,1.1066,0.85,98,before
144227,20220924,1.0877,0.92,96,before
144228,20220924,1.0852,0.94,97,before
144229,20220924,1.0922,1.06,99,before
144230,20220924,1.1157,1.02,100,before
144231,20220924,1.1604,1.03,94,before
144232,20220924,1.2064,1.05,99,before
144233,20220924,1.2674,1.0,98,before
144234,20220924,1.2857,1.01,97,before
144235,20220924,1.3535,1.07,98,before
144334,20220925,1.1231,0.85,98,before
144335,20220925,1.1217,0.87,101,before
144336,20220925,1.1457,0.97,97,before
144339,20220925,1.2612,1.0,98,before
144340,20220925,1.2544,,99,before
144347,20220925,1.1984,1.37,124,before
144352,20220925,1.17,0.96,97,before
144353,20220925,1.1855,0.94,94,before
144354,20220925,1.2542,0.95,98,before
144356,20220925,1.2043,1.19,101,before
144357,20220925,1.258,0.94,100,before
144358,20220925,1.2013,1.1,95,before
144359,20220925,1.2404,0.9,96,before
144360,20220925,1.3168,0.89,98,before
144361,20220925,1.3504,0.95,98,before
144364,20220925,1.333,0.94,96,before
144365,20220925,1.2639,0.84,97,before
144366,20220925,1.29,0.86,100,before
144367,20220925,1.2629,0.84,96,before
144368,20220925,1.3411,0.88,99,before
144369,20220925,1.4045,0.91,109,before
144370,20220925,1.4511,0.9,104,before
144515,20220926,1.1636,0.87,95,before
144516,20220926,1.0805,0.83,95,before
144517,20220926,1.0735,0.96,97,before
144518,20220926,1.16,0.98,100,before
144519,20220926,1.1877,,98,before
144520,20220926,1.3277,1.62,97,before
144620,20220927,1.2405,1.04,101,before
144621,20220927,1.2127,0.95,96,before
144622,20220927,1.2656,0.93,98,before
144624,20220927,1.2306,0.93,98,before
144625,20220927,1.1885,0.97,98,before
144626,20220927,1.248,0.91,100,before
144627,20220927,1.2218,1.0,98,before
144628,20220927,1.2355,0.98,96,before
144629,20220927,1.3382,1.14,96,before
144630,20220927,1.4229,0.98,98,before
144631,20220927,1.4347,1.15,100,before
144632,20220927,1.3323,1.17,97,before
144633,20220927,1.2896,1.07,97,before
144634,20220927,1.3709,1.03,100,before
144635,20220927,1.4261,1.22,98,before
145078,20220930,1.1901,0.85,101,before
145079,20220930,1.2103,0.84,98,before
145080,20220930,1.1917,0.96,98,before
145081,20220930,1.2659,0.86,100,before
145082,20220930,1.2523,0.86,97,before
145083,20220930,1.268,0.84,98,before
145084,20220930,1.2407,0.85,98,before
145085,20220930,1.1796,0.85,98,before
145086,20220930,1.1818,0.89,100,before
145088,20220930,1.4159,0.88,99,before
145089,20220930,1.3174,0.9,100,before
145090,20220930,1.2498,0.88,98,before
145091,20220930,1.1574,0.99,96,before
145092,20220930,1.5989,1.0,109,before
145195,20221001,1.1622,1.09,108,before
145196,20221001,1.177,1.01,95,before
145197,20221001,1.1762,1.04,99,before
145198,20221001,1.2049,1.01,98,before
145199,20221001,1.2034,1.03,100,before
145200,20221001,1.1949,0.99,99,before
145201,20221001,1.1284,0.99,97,before
145202,20221001,1.2566,0.95,99,before
145203,20221001,1.2021,0.93,89,before
145204,20221001,1.1838,0.99,99,before
145205,20221001,1.1583,0.93,88,before
145206,20221001,1.1344,0.95,87,before
145207,20221001,1.1146,0.92,98,before
145208,20221001,1.0875,0.98,98,before
145209,20221001,1.103,0.92,93,before
145210,20221001,1.1279,0.87,98,before
145211,20221001,1.1355,0.87,98,before
145212,20221001,1.2175,0.83,89,before
145213,20221001,1.3015,0.84,88,before
145214,20221001,1.2046,0.82,97,before
145215,20221001,1.2652,0.86,98,before
145216,20221001,1.2262,0.83,96,before
145217,20221001,1.298,0.86,99,before
145218,20221001,1.3618,0.9,99,before
145219,20221001,1.1559,0.97,96,before
145220,20221001,1.1619,1.02,97,before
145222,20221001,1.093,0.97,97,before
145319,20221002,1.0853,1.21,124,before
145320,20221002,1.1481,0.95,96,before
145321,20221002,1.1193,,96,before
145322,20221002,1.1398,0.83,100,before
145323,20221002,1.1215,,100,before
145324,20221002,1.1292,0.88,98,before
145325,20221002,1.1252,,97,before
145326,20221002,1.1936,0.93,100,before
145327,20221002,1.196,0.92,117,before
145328,20221002,1.2334,0.9,113,before
145329,20221002,1.2142,0.87,99,before
145330,20221002,1.2636,0.97,97,before
145331,20221002,1.2435,0.97,98,before
145332,20221002,1.2517,0.98,97,before
145333,20221002,1.2939,0.97,100,before
145334,20221002,1.2421,0.9,99,before
145335,20221002,1.3457,0.91,97,before
145336,20221002,1.2283,0.87,95,before
145337,20221002,1.2425,1.06,97,before
145338,20221002,1.1933,0.91,98,before
145339,20221002,1.2453,1.04,98,before
145342,20221002,1.41,0.89,97,before
145343,20221002,1.5112,0.95,97,before
145344,20221002,1.3916,1.06,97,before
145345,20221002,1.3664,1.06,99,before
145346,20221002,1.2628,0.93,99,before
145347,20221002,1.2377,0.87,100,before
145348,20221002,1.2696,0.89,100,before
145349,20221002,1.3401,0.99,97,before
145350,20221002,1.2039,0.95,98,before
145351,20221002,1.1868,0.89,97,before
145352,20221002,1.0992,0.84,98,before
145353,20221002,1.1146,0.82,95,before
145918,20221004,1.2911,1.18,97,before
145919,20221004,1.0405,1.11,99,before
145920,20221004,1.0203,,98,before
145921,20221004,1.0101,,99,before
145922,20221004,1.0093,0.86,108,before
145923,20221004,1.0111,0.84,160,before
145924,20221004,1.013,0.87,118,before
145925,20221004,1.003,0.86,133,before
145926,20221004,1.0264,0.83,100,before
145927,20221004,1.0186,,100,before
145928,20221004,1.0182,,100,before
145929,20221004,1.0538,0.86,97,before
145930,20221004,1.059,,98,before
145931,20221004,1.0951,0.84,100,before
145932,20221004,1.1001,,100,before
145933,20221004,1.1212,0.83,99,before
145934,20221004,1.0961,0.8,98,before
145935,20221004,1.0838,0.82,98,before
145936,20221004,1.0669,0.79,97,before
145937,20221004,1.0778,0.75,98,before
145942,20221004,1.2203,0.89,105,before
145943,20221004,1.1482,0.79,98,before
145944,20221004,1.175,0.8,93,before
145945,20221004,1.1814,0.89,94,before
145947,20221004,1.3676,0.82,100,before
145948,20221004,1.2764,0.83,98,before
145949,20221004,1.1473,0.77,99,before
145950,20221004,1.1407,0.79,100,before
145951,20221004,1.0834,0.77,97,before
145952,20221004,1.0917,0.76,93,before
146744,20221008,1.0173,1.17,132,before
146745,20221008,1.0202,,132,before
146746,20221008,1.0011,1.1,111,before
146747,20221008,1.0061,,111,before
146748,20221008,1.0787,0.84,103,before
146749,20221008,1.1518,0.85,115,before
146751,20221008,1.2929,0.84,134,before
146752,20221008,1.3747,,134,before
146753,20221008,1.4791,0.81,135,before
146756,20221008,1.3633,0.92,97,before
146757,20221008,1.3153,,97,before
146758,20221008,1.4597,0.96,98,before
146764,20221008,1.525,0.83,98,before
146765,20221008,1.5587,,96,before
146766,20221008,1.3261,0.84,98,before
146768,20221008,1.1406,0.84,99,before
146769,20221008,1.1367,0.8,98,before
146770,20221008,1.1337,0.8,97,before
146771,20221008,1.1542,0.82,98,before
147182,20221009,1.1568,0.9,145,before
147183,20221009,1.1596,,141,before
147184,20221009,1.0483,0.85,110,before
147185,20221009,1.0313,0.88,109,before
147186,20221009,1.1086,0.83,100,before
147187,20221009,1.1762,0.98,112,before
147188,20221009,1.4165,0.88,123,before
147189,20221009,1.4827,,122,before
147196,20221009,1.7291,0.98,89,before
147197,20221009,1.638,,97,before
147198,20221009,1.6184,0.94,95,before
147199,20221009,1.4732,0.85,98,before
147200,20221009,1.4017,0.79,97,before
147201,20221009,1.5135,0.9,108,before
147202,20221009,1.4217,0.78,112,before
147203,20221009,1.1784,0.77,97,before
147204,20221009,1.1626,0.71,99,before
147205,20221009,1.168,0.72,95,before
147206,20221009,1.1515,0.74,86,before
147207,20221009,1.1454,0.71,95,before
147208,20221009,1.229,0.72,97,before
147209,20221009,1.1872,0.76,102,before
147210,20221009,1.1526,0.74,99,before
147211,20221009,1.2088,0.8,104,before
147627,20221011,1.2951,1.28,120,before
147628,20221011,1.2967,1.35,169,before
147629,20221011,1.2792,,167,before
147630,20221011,1.1899,1.3,162,before
147631,20221011,1.1139,0.96,136,before
147635,20221011,1.1061,1.66,99,before
147636,20221011,1.1407,0.97,100,before
147637,20221011,1.172,1.0,104,before
147638,20221011,1.201,0.9,109,before
147639,20221011,1.2739,1.08,98,before
147640,20221011,1.2839,0.94,112,before
147641,20221011,1.36,1.13,99,before
147642,20221011,1.4686,1.21,98,before
147645,20221011,1.5338,1.19,104,before
147646,20221011,1.6122,,104,before
147647,20221011,1.4851,1.02,98,before
147648,20221011,1.4748,1.21,89,before
147649,20221011,1.462,0.93,95,before
147652,20221011,1.3808,0.91,97,before
147653,20221011,1.3097,0.97,99,before
147654,20221011,1.2925,0.93,95,before
147655,20221011,1.4567,0.89,95,before
147658,20221011,1.2358,0.92,96,before
147759,20221012,1.1354,1.11,141,before
147760,20221012,1.1366,1.12,98,before
147761,20221012,1.2825,1.19,100,before
147762,20221012,1.3515,1.27,99,before
148107,20221013,1.3961,1.62,153,before
148108,20221013,1.1478,1.89,99,before
148109,20221013,1.1343,,99,before
148110,20221013,1.1407,1.12,99,before
148111,20221013,1.2062,0.95,99,before
148112,20221013,1.1919,,99,before
148134,20221013,1.2198,0.9,114,before
148135,20221013,1.2493,0.96,96,before
148136,20221013,1.2854,1.2,98,before
148137,20221013,1.357,0.98,96,before
148138,20221013,1.447,0.98,97,before
148139,20221013,1.4743,1.04,98,before
148140,20221013,1.5506,0.94,99,before
148760,20221016,1.0604,1.5,101,before
148790,20221016,1.1671,1.23,98,before
148791,20221016,1.1677,1.22,97,before
148792,20221016,1.1777,,97,before
148793,20221016,1.1864,1.22,99,before
148794,20221016,1.3778,1.24,95,before
148795,20221016,1.2347,1.24,100,before
148796,20221016,1.2005,0.98,97,before
148797,20221016,1.2684,0.95,93,before
148798,20221016,1.1508,1.0,97,before
148799,20221016,1.1815,0.96,97,before
148800,20221016,1.1797,1.01,93,before
148801,20221016,1.1961,,95,before
148802,20221016,1.3057,0.98,99,before
148803,20221016,1.3069,,99,before
148804,20221016,1.2985,0.92,99,before
148805,20221016,1.4918,0.98,92,before
148806,20221016,1.4373,0.87,100,before
148807,20221016,1.4301,,99,before
148808,20221016,1.4629,0.86,96,before
148906,20221017,1.312,2.0,159,before
148908,20221017,1.3707,1.71,106,before
148909,20221017,1.1466,1.58,98,before
148910,20221017,1.1348,,98,before
148911,20221017,1.2872,1.26,98,before
148912,20221017,1.2071,1.12,99,before
148913,20221017,1.2013,,99,before
148914,20221017,1.2049,,99,before
148915,20221017,1.1633,1.38,98,before
148917,20221017,1.1808,1.11,97,before
148918,20221017,1.1852,1.08,96,before
148919,20221017,1.1936,1.0,100,before
148920,20221017,1.2029,0.95,97,before
148921,20221017,1.1641,0.97,99,before
148922,20221017,1.2098,0.88,98,before
148923,20221017,1.1452,0.9,99,before
148924,20221017,1.23,0.93,99,before
148925,20221017,1.272,0.91,96,before
148926,20221017,1.3047,0.96,96,before
148927,20221017,1.2431,0.93,94,before
148928,20221017,1.2939,0.88,99,before
148929,20221017,1.3674,0.89,97,before
148930,20221017,1.3876,0.85,91,before
148931,20221017,1.3144,0.91,96,before
148932,20221017,1.2184,0.83,97,before
148933,20221017,1.3435,1.09,100,before
148934,20221017,1.4365,0.88,99,before
148935,20221017,1.3861,0.81,94,before
148936,20221017,1.4456,0.86,99,before
148938,20221017,1.5143,0.85,86,before
148939,20221017,1.3979,0.89,95,before
149040,20221018,1.089,1.42,167,before
149041,20221018,1.146,1.33,99,before
149042,20221018,1.1332,2.41,149,before
149046,20221018,1.1879,1.79,120,before
149047,20221018,1.1492,1.29,120,before
149048,20221018,1.2164,1.27,99,before
149049,20221018,1.2137,,99,before
149050,20221018,1.2228,,99,before
149051,20221018,1.158,1.38,94,before
149052,20221018,1.1614,,95,before
149053,20221018,1.2002,1.75,97,before
149055,20221018,1.2103,2.11,99,before
149056,20221018,1.2223,1.27,97,before
149057,20221018,1.23,1.68,100,before
149058,20221018,1.2074,1.46,96,before
149059,20221018,1.2485,1.31,105,before
149060,20221018,1.2173,1.81,95,before
149061,20221018,1.2523,,96,before
149062,20221018,1.2855,,97,before
149063,20221018,1.2526,1.73,106,before
149064,20221018,1.2915,1.93,96,before
149065,20221018,1.4855,1.94,96,before
149066,20221018,1.3392,1.84,104,before
149067,20221018,1.405,2.12,111,before
149068,20221018,1.5398,1.5,103,before
149070,20221018,1.5552,2.3,106,before
149071,20221018,1.6985,1.82,99,before
149072,20221018,1.8253,,99,before
149170,20221019,1.3013,1.47,205,before
149171,20221019,1.1844,1.37,98,before
149172,20221019,1.1522,,99,before
149173,20221019,1.1071,1.31,96,before
149179,20221019,1.1207,1.1,101,before
149180,20221019,1.1204,1.36,96,before
149181,20221019,1.1203,,97,before
149182,20221019,1.1388,1.23,97,before
149183,20221019,1.1455,,96,before
149184,20221019,1.2026,1.37,97,before
149185,20221019,1.133,1.22,98,before
149186,20221019,1.1378,,97,before
149187,20221019,1.2192,1.28,96,before
149188,20221019,1.2075,1.16,94,before
149189,20221019,1.1199,1.16,97,before
149190,20221019,1.0829,1.19,97,before
149191,20221019,1.1142,1.15,96,before
149192,20221019,1.168,1.12,94,before
149193,20221019,1.2073,1.23,95,before
149194,20221019,1.3357,1.17,95,before
149195,20221019,1.3509,1.08,96,before
149196,20221019,1.507,1.17,96,before
149197,20221019,1.5589,,96,before
149198,20221019,1.2649,1.02,98,before
149199,20221019,1.2864,0.89,91,before
149200,20221019,1.2611,1.16,90,before
149297,20221020,1.3591,1.04,152,before
149298,20221020,1.1489,0.98,97,before
149299,20221020,1.1195,0.89,102,before
149300,20221020,1.0981,0.99,98,before
149301,20221020,1.222,1.07,100,before
149302,20221020,1.1524,1.01,99,before
149303,20221020,1.1922,1.2,97,before
149304,20221020,1.2215,0.91,100,before
149305,20221020,1.2471,0.87,100,before
149306,20221020,1.2551,0.88,96,before
149307,20221020,1.2814,0.88,98,before
149308,20221020,1.2587,0.96,97,before
149309,20221020,1.2476,0.97,97,before
149310,20221020,1.2602,1.07,98,before
149311,20221020,1.2746,0.94,97,before
149312,20221020,1.2764,0.99,96,before
149313,20221020,1.3523,0.94,97,before
149314,20221020,1.3676,1.05,97,before
149315,20221020,1.3313,0.98,99,before
149316,20221020,1.3791,0.88,99,before
149317,20221020,1.4584,0.91,96,before
149318,20221020,1.2042,0.82,98,before
149319,20221020,1.159,0.9,97,before
149320,20221020,1.1682,0.9,98,before
149321,20221020,1.2879,0.94,95,before
149322,20221020,1.5014,0.98,99,before
149323,20221020,1.4952,0.94,99,before
149324,20221020,1.1162,0.85,99,before
149325,20221020,1.0881,0.92,98,before
149326,20221020,1.0779,0.85,98,before
149327,20221020,1.1188,0.89,98,before
149328,20221020,1.1611,0.87,100,before
149329,20221020,1.1462,0.98,99,before
149330,20221020,1.1626,0.96,55,before
149426,20221021,1.3038,1.19,220,before
149427,20221021,1.3264,1.02,164,before
149428,20221021,1.1564,1.04,102,before
149429,20221021,1.1545,0.95,97,before
149430,20221021,1.1963,0.86,98,before
149431,20221021,1.2314,0.85,98,before
149432,20221021,1.1552,0.92,98,before
149434,20221021,1.1255,0.96,97,before
149435,20221021,1.2212,0.94,128,before
149436,20221021,1.2281,1.06,133,before
149437,20221021,1.1793,1.19,94,before
149438,20221021,1.0024,0.82,97,before
149439,20221021,1.0122,0.74,98,before
149440,20221021,1.0004,0.79,98,before
149441,20221021,1.0027,0.8,99,before
149443,20221021,1.0672,0.81,96,before
149444,20221021,1.0202,0.79,98,before
149445,20221021,1.0541,0.82,98,before
149446,20221021,1.0052,0.87,97,before
149447,20221021,1.0213,0.87,97,before
149448,20221021,1.018,0.9,100,before
149449,20221021,1.0202,0.88,99,before
150016,20221024,1.0994,1.09,138,before
150017,20221024,1.1341,1.06,97,before
150018,20221024,1.1353,1.12,99,before
150019,20221024,1.1732,1.32,96,before
150020,20221024,1.1513,1.03,98,before
150021,20221024,1.1602,1.17,98,before
150022,20221024,1.183,1.17,95,before
150023,20221024,1.2151,1.07,98,before
150024,20221024,1.1639,1.07,95,before
150025,20221024,1.1733,1.15,99,before
150026,20221024,1.159,1.17,99,before
150027,20221024,1.1651,0.98,94,before
150028,20221024,1.1918,0.97,99,before
150029,20221024,1.2322,1.11,97,before
150030,20221024,1.2549,,97,before
150031,20221024,1.2182,1.14,98,before
150032,20221024,1.2268,1.11,99,before
150033,20221024,1.171,1.13,94,before
150034,20221024,1.1532,0.97,100,before
150035,20221024,1.1764,0.97,98,before
150036,20221024,1.2343,0.91,99,before
150037,20221024,1.2491,,100,before
150038,20221024,1.3552,1.14,99,before
150039,20221024,1.383,,99,before
150040,20221024,1.134,1.1,99,before
150041,20221024,1.162,1.08,96,before
150042,20221024,1.1171,,98,before
150043,20221024,1.1974,1.88,116,before
150044,20221024,1.1594,,116,before
150146,20221025,1.1277,1.04,169,before
150147,20221025,1.1075,1.24,96,before
150148,20221025,1.1075,,99,before
150149,20221025,1.1063,0.98,98,before
150150,20221025,1.1211,1.04,99,before
150151,20221025,1.1292,1.08,98,before
150152,20221025,1.152,1.11,98,before
150153,20221025,1.2141,1.14,97,before
150154,20221025,1.2214,0.88,98,before
150155,20221025,1.2275,0.86,98,before
150156,20221025,1.2367,0.97,98,before
150157,20221025,1.2055,0.92,97,before
150158,20221025,1.2601,1.01,98,before
150159,20221025,1.2933,1.12,91,before
150160,20221025,1.0016,0.99,98,before
150161,20221025,1.5433,0.89,96,before
150162,20221025,1.4921,0.93,97,before
150163,20221025,1.4137,0.97,87,before
150164,20221025,1.3133,1.05,98,before
150165,20221025,1.2591,1.33,99,before
150166,20221025,1.1824,0.84,99,before
150167,20221025,1.1862,0.88,97,before
150168,20221025,1.1281,0.83,98,before
150170,20221025,1.123,0.84,98,before
150171,20221025,1.1292,0.81,96,before
150172,20221025,1.1997,0.9,97,before
150173,20221025,1.214,0.94,99,before
150174,20221025,1.2588,1.06,99,before
150175,20221025,1.24,1.18,94,before
150176,20221025,1.1849,0.96,98,before
150277,20221026,1.1106,0.92,209,before
150278,20221026,1.0723,0.98,154,before
150279,20221026,1.1851,0.96,98,before
150280,20221026,1.1863,0.95,98,before
150281,20221026,1.2223,1.14,100,before
150282,20221026,1.2107,0.91,98,before
150283,20221026,1.2023,1.11,100,before
150284,20221026,1.2082,0.85,99,before
150285,20221026,1.2673,0.8,100,before
150286,20221026,1.2747,0.82,95,before
150287,20221026,1.2641,0.86,98,before
150288,20221026,1.2715,0.95,99,before
150289,20221026,1.2835,0.97,99,before
150290,20221026,1.2924,1.0,97,before
150291,20221026,1.3231,0.85,99,before
150292,20221026,1.3426,0.9,95,before
150293,20221026,1.233,1.07,95,before
150294,20221026,1.2426,0.88,91,before
150295,20221026,1.2599,0.94,99,before
150296,20221026,1.2777,1.31,95,before
150297,20221026,1.3016,,94,before
150300,20221026,1.5219,,107,before
150301,20221026,1.2917,1.23,103,before
150302,20221026,1.2196,1.18,97,before
150303,20221026,1.2454,,97,before
150304,20221026,1.3499,1.12,97,before
150305,20221026,1.1856,1.06,98,before
150306,20221026,1.2416,1.62,98,before
150307,20221026,1.1958,1.51,99,before
150308,20221026,1.1526,,97,before
150309,20221026,1.2922,1.47,98,before
150310,20221026,1.222,,100,before
150311,20221026,1.2601,1.47,97,before
150312,20221026,1.1796,1.54,99,before
150409,20221027,1.2798,1.22,174,before
150410,20221027,1.3291,1.11,180,before
150411,20221027,1.3044,1.13,99,before
150412,20221027,1.2931,1.15,97,before
150413,20221027,1.2788,1.09,98,before
150414,20221027,1.2491,1.09,100,before
150415,20221027,1.2897,1.11,96,before
150416,20221027,1.3246,1.11,97,before
150417,20221027,1.3179,1.36,98,before
150418,20221027,1.3536,1.16,98,before
150419,20221027,1.3636,,98,before
150420,20221027,1.3853,1.35,99,before
150421,20221027,1.4135,1.19,99,before
150422,20221027,1.2896,1.41,99,before
150423,20221027,1.2658,1.26,96,before
150424,20221027,1.3388,1.33,97,before
150425,20221027,1.3685,,97,before
150426,20221027,1.3629,1.36,99,before
150427,20221027,1.3951,,97,before
150428,20221027,1.2208,1.19,98,before
150429,20221027,1.2435,2.0,104,before
150430,20221027,1.3185,2.38,107,before
150431,20221027,1.3768,1.56,102,before
150432,20221027,1.5059,1.66,106,before
150434,20221027,1.2168,1.44,103,before
150435,20221027,1.2354,1.67,99,before
150436,20221027,1.3598,1.19,95,before
150437,20221027,1.3467,1.25,99,before
150438,20221027,1.2909,0.95,97,before
150439,20221027,1.1368,1.03,99,before
150525,20221028,1.127,0.98,152,before
150526,20221028,1.1309,1.12,95,before
150527,20221028,1.1642,0.84,96,before
150528,20221028,1.1526,0.89,97,before
150529,20221028,1.1552,0.97,91,before
150530,20221028,1.1408,0.98,97,before
150531,20221028,1.1669,0.97,98,before
150532,20221028,1.1722,1.13,96,before
150533,20221028,1.2091,1.25,100,before
150534,20221028,1.2461,1.12,100,before
150535,20221028,1.2413,1.01,97,before
150536,20221028,1.185,0.97,96,before
150537,20221028,1.2239,1.18,96,before
150538,20221028,1.2058,1.02,91,before
150539,20221028,1.2491,1.07,98,before
150540,20221028,1.2133,1.03,99,before
150541,20221028,1.3477,0.98,95,before
150542,20221028,1.3185,0.96,98,before
150543,20221028,1.1576,1.01,98,before
150544,20221028,1.202,0.9,98,before
150545,20221028,1.1676,0.9,100,before
150546,20221028,1.1966,0.89,99,before
150547,20221028,1.2608,0.96,97,before
150548,20221028,1.3617,1.0,96,before
150549,20221028,1.1462,1.02,99,before
150550,20221028,1.1556,1.03,100,before
150551,20221028,1.1574,0.93,99,before
150552,20221028,1.1919,0.9,98,before
150553,20221028,1.2272,0.92,98,before
150554,20221028,1.2662,1.05,98,before
150555,20221028,1.2811,1.03,98,before
150556,20221028,1.2959,0.98,96,before
150558,20221028,1.1477,0.96,100,before
150872,20221030,1.0924,1.1,136,before
150873,20221030,1.0555,0.96,105,before
150880,20221030,1.1234,0.95,113,before
150881,20221030,1.1494,0.92,116,before
150882,20221030,1.2303,1.03,99,before
150883,20221030,1.2283,,99,before
150884,20221030,1.2073,0.94,97,before
150885,20221030,1.1548,1.1,99,before
150886,20221030,1.164,1.16,97,before
150887,20221030,1.1395,0.92,99,before
150888,20221030,1.1364,0.91,98,before
150889,20221030,1.1437,0.9,98,before
150890,20221030,1.1046,0.95,100,before
150891,20221030,1.1099,0.89,97,before
150892,20221030,1.1006,0.89,100,before
150893,20221030,1.0158,0.97,99,before
150894,20221030,1.0156,0.96,98,before
150895,20221030,1.0258,0.96,99,before
150896,20221030,1.1156,0.93,98,before
150897,20221030,1.1142,0.91,98,before
150898,20221030,1.1279,0.94,98,before
150899,20221030,1.2573,0.95,97,before
150900,20221030,1.3337,1.04,95,before
150901,20221030,1.4528,1.0,94,before
150902,20221030,1.1803,1.0,98,before
150903,20221030,1.1832,1.13,97,before
150904,20221030,1.1946,1.15,98,before
150905,20221030,1.2286,1.23,98,before
150906,20221030,1.2085,1.19,96,before
150907,20221030,1.2159,1.23,98,before
151007,20221031,1.0353,0.88,116,before
151008,20221031,1.055,1.01,153,before
151009,20221031,1.0315,1.01,99,before
151011,20221031,1.0266,1.04,98,before
151012,20221031,1.0289,1.0,99,before
151013,20221031,1.0456,1.02,96,before
151014,20221031,1.0455,,95,before
151015,20221031,1.1109,1.14,98,before
151017,20221031,1.1278,1.25,96,before
151021,20221031,1.2663,0.9,100,before
151023,20221031,1.3457,1.01,91,before
151025,20221031,1.2304,0.87,105,before
151026,20221031,1.081,0.87,99,before
151028,20221031,1.0229,0.81,97,before
151029,20221031,1.1627,0.87,106,before
151132,20221101,1.2986,0.97,95,before
151133,20221101,1.0304,0.97,93,before
151134,20221101,1.0144,,95,before
151136,20221101,1.0154,1.03,112,before
151137,20221101,1.0129,0.96,105,before
151138,20221101,1.0034,0.95,99,before
151139,20221101,1.003,,99,before
151140,20221101,1.0067,0.96,99,before
151141,20221101,1.0048,0.87,97,before
151142,20221101,1.0037,0.87,97,before
151143,20221101,1.0094,1.53,98,before
151144,20221101,1.0146,,98,before
151145,20221101,1.0276,0.96,98,before
151146,20221101,1.0653,1.24,98,before
151150,20221101,1.0051,1.64,100,before
151151,20221101,1.0539,1.61,98,before
151909,20221104,1.0745,1.21,104,before
151910,20221104,1.0467,0.96,105,before
151912,20221104,1.0218,0.94,100,before
151920,20221104,1.0688,1.06,78,before
151921,20221104,1.0662,0.95,81,before
151922,20221104,1.0534,1.0,78,before
151927,20221104,1.1562,1.14,82,before
151928,20221104,1.1927,1.14,88,before
151929,20221104,1.2369,0.96,81,before
151933,20221104,1.4115,1.01,84,before
151937,20221104,1.2108,1.05,80,before
151938,20221104,1.1491,1.38,75,before
151939,20221104,1.2038,1.84,88,before
151940,20221104,1.2054,1.66,74,before
151941,20221104,1.1322,1.83,77,before
151942,20221104,1.221,1.28,85,before
151947,20221104,1.1562,1.31,81,before
152050,20221105,1.0866,0.89,105,before
152060,20221105,1.05,0.79,96,before
152062,20221105,1.1063,0.83,80,before
152063,20221105,1.2351,0.89,78,before
152072,20221105,1.3792,0.77,78,before
152073,20221105,1.279,0.81,78,before
152077,20221105,1.1387,0.85,79,before
152078,20221105,1.1339,0.83,80,before
152079,20221105,1.1056,0.86,77,before
152080,20221105,1.1052,0.83,76,before
152081,20221105,1.1071,0.87,79,before
152082,20221105,1.1096,0.86,84,before
152083,20221105,1.0857,0.86,78,before
152084,20221105,1.1038,0.87,79,before
152085,20221105,1.127,0.85,77,before
152086,20221105,1.1513,0.79,78,before
152087,20221105,1.1117,,78,before
152088,20221105,1.1714,0.8,78,before
152089,20221105,1.1542,0.84,78,before
152090,20221105,1.1457,0.78,78,before
152091,20221105,1.1548,0.81,79,before
152092,20221105,1.1393,0.83,79,before
152192,20221106,1.3233,1.56,88,before
152194,20221106,1.2271,1.18,85,before
152195,20221106,1.2308,0.98,115,before
152196,20221106,1.2842,1.3,114,before
152246,20221106,1.1038,1.19,81,before
152247,20221106,1.1346,0.92,75,before
152248,20221106,1.143,0.92,80,before
152839,20221110,1.1811,1.41,98,before
152840,20221110,1.1988,,98,before
152841,20221110,1.2203,1.45,100,before
152842,20221110,1.2014,1.4,116,before
152844,20221110,1.1005,1.47,99,before
152846,20221110,1.1453,,96,before
152847,20221110,1.1535,1.49,96,before
152848,20221110,1.2888,1.24,99,before
152849,20221110,1.3572,1.3,101,before
152868,20221110,1.2212,1.04,100,before
152869,20221110,1.1779,0.88,102,before
152870,20221110,1.0986,0.82,98,before
152871,20221110,1.101,0.94,101,before
152872,20221110,1.1959,1.03,99,before
152972,20221111,1.0503,0.99,123,before
152974,20221111,1.0999,0.94,99,before
152977,20221111,1.1562,1.02,100,before
152978,20221111,1.2006,0.98,94,before
152980,20221111,1.2115,1.31,117,before
152981,20221111,1.1563,1.26,123,before
152982,20221111,1.1624,1.15,108,before
152983,20221111,1.176,,109,before
152984,20221111,1.1739,1.54,98,before
152985,20221111,1.1632,1.29,97,before
152986,20221111,1.1472,1.36,95,before
152988,20221111,1.1295,1.33,98,before
152989,20221111,1.1402,1.69,104,before
152991,20221111,1.2801,1.06,101,before
152993,20221111,1.3856,1.08,103,before
153003,20221111,1.4941,1.07,96,before
153004,20221111,1.4513,1.09,89,before
153005,20221111,1.3493,1.15,99,before
153009,20221111,1.1612,1.15,98,before
153107,20221112,1.0817,1.6,116,before
153109,20221112,1.1385,,177,before
153110,20221112,1.144,1.61,149,before
153111,20221112,1.1333,1.19,111,before
153112,20221112,1.1373,1.46,122,before
153113,20221112,1.2093,1.44,111,before
153114,20221112,1.2017,1.21,97,before
153115,20221112,1.2098,,98,before
153116,20221112,1.2212,1.17,97,before
153118,20221112,1.068,1.04,100,before
153119,20221112,1.118,1.66,100,before
153121,20221112,1.1252,1.62,98,before
153122,20221112,1.1294,1.07,99,before
153124,20221112,1.0241,0.85,98,before
153125,20221112,1.0371,,97,before
153127,20221112,1.068,1.06,97,before
153128,20221112,1.0965,1.18,98,before
153131,20221112,1.1355,0.98,95,before
153140,20221112,1.5711,0.99,94,before
153142,20221112,1.4516,1.07,98,before
153144,20221112,1.4071,0.98,101,before
153145,20221112,1.4699,1.03,97,before
153146,20221112,1.437,,99,before
153147,20221112,1.4904,0.97,90,before
153148,20221112,1.343,1.23,99,before
153149,20221112,1.1688,1.02,99,before
153308,20221113,1.4827,,99,before
153310,20221113,1.5405,2.05,95,before
153311,20221113,1.525,1.03,93,before
153312,20221113,1.4333,1.16,91,before
153313,20221113,1.4052,,89,before
153316,20221113,1.3588,0.94,99,before
153317,20221113,1.3746,1.03,98,before
153416,20221114,1.3335,1.19,101,before
153417,20221114,1.2421,1.0,97,before
153418,20221114,1.224,0.92,96,before
153419,20221114,1.1908,1.11,97,before
153422,20221114,1.1271,1.16,95,before
153424,20221114,1.0663,1.12,98,before
153425,20221114,1.1187,1.1,99,before
153426,20221114,1.1274,0.94,96,before
153427,20221114,1.106,0.93,97,before
153428,20221114,1.0687,0.94,99,before
153429,20221114,1.3723,0.92,96,before
153430,20221114,1.2607,0.95,96,before
153432,20221114,1.1628,1.1,96,before
153433,20221114,1.2136,0.97,114,before
153434,20221114,1.1801,1.01,101,before
153435,20221114,1.4661,1.27,98,before
153436,20221114,1.313,1.22,98,before
153437,20221114,1.39,1.08,99,before
153438,20221114,1.5053,1.16,100,before
153439,20221114,1.5744,,96,before
153440,20221114,1.39,1.18,92,before
153452,20221114,1.5468,1.11,95,before
153453,20221114,1.388,1.0,98,before
153454,20221114,1.3666,,96,before
153455,20221114,1.5227,1.06,95,before
153562,20221115,1.1899,0.96,149,before
153592,20221115,1.1376,0.87,99,before
153595,20221115,1.2083,0.97,98,before
153596,20221115,1.2159,0.84,97,before
153597,20221115,1.2564,0.81,99,before
153598,20221115,1.2359,0.94,98,before
153599,20221115,1.2167,0.86,98,before
153600,20221115,1.3015,1.07,98,before
153601,20221115,1.2646,0.86,99,before
153602,20221115,1.328,0.93,97,before
153603,20221115,1.3616,1.0,99,before
153604,20221115,1.232,1.19,97,before
153605,20221115,1.2682,0.94,95,before
153606,20221115,1.432,0.92,98,before
153607,20221115,1.4518,1.02,95,before
153608,20221115,1.2801,0.8,98,before
153609,20221115,1.3207,0.84,99,before
153610,20221115,1.2961,,99,before
153611,20221115,1.3519,0.99,97,before
153612,20221115,1.4479,0.81,99,before
153613,20221115,1.3395,0.9,90,before
153614,20221115,1.2761,1.73,89,before
153615,20221115,1.2549,1.41,97,before
153616,20221115,1.3319,1.34,97,before
153715,20221116,1.1786,1.8,149,before
153716,20221116,1.279,2.11,112,before
153717,20221116,1.346,1.74,100,before
153718,20221116,1.3523,1.98,149,before
153719,20221116,1.2978,1.64,103,before
153720,20221116,1.2553,2.13,111,before
153721,20221116,1.2197,2.19,103,before
153722,20221116,1.217,1.7,112,before
153723,20221116,1.2847,1.7,108,before
153724,20221116,1.1678,1.66,99,before
153725,20221116,1.2584,2.48,113,before
153726,20221116,1.288,,113,before
153727,20221116,1.036,2.05,99,before
154153,20221121,1.2133,1.02,69,before
154160,20221121,1.2658,1.52,75,before
154161,20221121,1.289,1.29,69,before
154162,20221121,1.3452,1.25,78,before
154163,20221121,1.2579,1.27,75,before
154166,20221121,1.4271,1.25,84,before
154167,20221121,1.5097,1.15,80,before
154168,20221121,1.1044,1.07,73,before
154169,20221121,1.1088,0.94,73,before
154171,20221121,1.0965,0.89,69,before
154172,20221121,1.1113,1.17,76,before
154173,20221121,1.0807,,74,before
154180,20221121,1.1862,1.19,74,before
154181,20221121,1.1546,1.24,74,before
154182,20221121,1.12,,74,before
154183,20221121,1.1529,1.02,67,before
154184,20221121,1.1591,0.9,72,before
154369,20221122,1.0334,0.88,72,before
154370,20221122,1.216,0.86,72,before
154373,20221122,1.1273,1.07,74,before
154374,20221122,1.1081,0.86,74,before
154384,20221122,1.5357,0.95,73,before
154385,20221122,1.1767,0.87,71,before
154386,20221122,1.1406,0.86,71,before
154387,20221122,1.142,0.89,72,before
154388,20221122,1.1563,0.86,73,before
154389,20221122,1.1661,0.9,74,before
154390,20221122,1.1295,0.83,75,before
154391,20221122,1.301,0.98,71,before
154392,20221122,1.2655,0.93,75,before
154393,20221122,1.1887,1.0,72,before
154394,20221122,1.1416,1.16,73,before
154395,20221122,1.1511,1.04,76,before
154396,20221122,1.1866,0.92,74,before
154397,20221122,1.2317,0.96,71,before
154398,20221122,1.2042,0.96,71,before
154399,20221122,1.3262,1.04,71,before
154400,20221122,1.3431,0.94,75,before
154401,20221122,1.1421,0.91,94,before
154402,20221122,1.1303,0.94,78,before
154506,20221123,1.139,2.01,172,before
154507,20221123,1.2416,2.2,127,before
154508,20221123,1.2165,2.09,103,before
154509,20221123,1.2213,1.91,127,before
154510,20221123,1.1615,1.49,115,before
154515,20221123,1.2303,1.46,98,before
154516,20221123,1.2516,1.99,99,before
154517,20221123,1.2628,1.49,93,before
154518,20221123,1.2587,1.77,108,before
154519,20221123,1.3007,1.81,94,before
154520,20221123,1.229,1.89,93,before
154521,20221123,1.1453,2.08,87,before
154522,20221123,1.1738,2.0,104,before
154524,20221123,1.1466,1.95,93,before
154525,20221123,1.2062,2.09,95,before
154526,20221123,1.3369,1.88,93,before
154527,20221123,1.397,,93,before
154528,20221123,1.4756,2.27,94,before
154529,20221123,1.575,,92,before
154530,20221123,1.1037,1.94,93,before
154531,20221123,1.0981,1.56,92,before
154532,20221123,1.1468,1.69,95,before
154534,20221123,1.1416,2.18,91,before
154535,20221123,1.0995,1.87,93,before
154650,20221124,1.1607,2.15,116,before
154651,20221124,1.1629,,116,before
154652,20221124,1.1848,2.19,122,before
154653,20221124,1.1939,2.18,108,before
154654,20221124,1.1553,2.0,106,before
154655,20221124,1.1349,1.99,98,before
154656,20221124,1.139,1.9,124,before
154657,20221124,1.1796,1.69,109,before
154658,20221124,1.1351,1.82,98,before
154659,20221124,1.1252,1.79,104,before
154660,20221124,1.1325,2.01,108,before
154661,20221124,1.1524,2.01,100,before
154662,20221124,1.1383,1.99,100,before
154663,20221124,1.103,2.21,98,before
154664,20221124,1.1283,,98,before
154665,20221124,1.136,2.57,100,before
154666,20221124,1.1817,,100,before
154672,20221124,1.2177,2.48,113,before
154673,20221124,1.1669,,113,before
154674,20221124,1.1682,2.09,101,before
154675,20221124,1.1828,2.42,104,before
154676,20221124,1.1292,2.03,105,before
154677,20221124,1.2188,1.93,98,before
154678,20221124,1.1917,2.09,115,before
154679,20221124,1.1566,,116,before
154680,20221124,1.1985,2.45,98,before
154681,20221124,1.1498,,98,before
154682,20221124,1.1599,2.14,121,before
154683,20221124,1.1914,2.52,110,before
154711,20221125,1.1288,0.98,123,before
154712,20221125,1.2238,1.13,77,before
154713,20221125,1.1905,0.92,77,before
154714,20221125,1.1449,0.99,75,before
154715,20221125,1.1326,0.89,79,before
154716,20221125,1.1317,1.07,78,before
154717,20221125,1.138,,77,before
154718,20221125,1.132,1.04,74,before
154719,20221125,1.2262,1.0,79,before
154720,20221125,1.2844,1.07,77,before
154721,20221125,1.2714,0.95,72,before
154722,20221125,1.3142,1.03,77,before
154723,20221125,1.1436,1.07,80,before
154724,20221125,1.1994,1.07,76,before
154725,20221125,1.1805,1.07,77,before
154726,20221125,1.3744,1.2,80,before
154727,20221125,1.4092,0.95,79,before
154728,20221125,1.1345,1.08,77,before
154729,20221125,1.2076,1.15,80,before
154730,20221125,1.1216,1.06,77,before
154731,20221125,1.123,1.1,79,before
154732,20221125,1.1205,0.88,78,before
154733,20221125,1.1176,0.92,74,before
154734,20221125,1.1163,0.89,78,before
154735,20221125,1.123,0.97,76,before
154736,20221125,1.1255,1.02,78,before
154737,20221125,1.1123,0.95,79,before
154738,20221125,1.1191,1.0,80,before
154739,20221125,1.1223,1.01,72,before
154740,20221125,1.1554,1.16,77,before
154914,20221126,1.0975,1.0,93,before
154915,20221126,1.1022,0.95,87,before
154916,20221126,1.1169,1.0,90,before
154917,20221126,1.124,,89,before
154918,20221126,1.2712,1.43,89,before
154919,20221126,1.2772,,87,before
154920,20221126,1.2926,1.05,88,before
154921,20221126,1.3101,1.01,89,before
154922,20221126,1.3278,0.89,87,before
154923,20221126,1.3696,0.88,87,before
154924,20221126,1.3144,0.94,86,before
154925,20221126,1.3662,0.96,90,before
154926,20221126,1.4069,0.93,89,before
154927,20221126,1.3773,1.05,90,before
154928,20221126,1.3944,1.13,88,before
154929,20221126,1.2847,1.21,88,before
154930,20221126,1.3135,1.01,86,before
154931,20221126,1.5026,1.26,86,before
154932,20221126,1.5184,,86,before
154933,20221126,1.1571,1.21,89,before
154934,20221126,1.1105,1.39,83,before
154935,20221126,1.1256,1.17,87,before
154936,20221126,1.1095,1.12,89,before
154937,20221126,1.1026,1.07,88,before
154938,20221126,1.0984,1.13,90,before
154939,20221126,1.0684,,89,before
154940,20221126,1.0956,1.15,87,before
154941,20221126,1.0708,,87,before
154942,20221126,1.0891,1.12,84,before
154944,20221126,1.1992,1.14,86,before
154945,20221126,1.1386,1.2,89,before
154946,20221126,1.1521,1.12,98,before
154947,20221126,1.1287,1.05,93,before
155009,20221127,1.1018,1.66,107,before
155010,20221127,1.1147,1.9,102,before
155012,20221127,1.0857,1.15,92,before
155013,20221127,1.0903,1.46,87,before
155014,20221127,1.0954,,87,before
155015,20221127,1.1159,,86,before
155016,20221127,1.0924,0.85,90,before
155017,20221127,1.0979,0.87,89,before
155018,20221127,1.0881,0.91,89,before
155019,20221127,1.0874,1.06,87,before
155020,20221127,1.0756,0.86,89,before
155021,20221127,1.0982,,89,before
155022,20221127,1.0893,0.84,88,before
155023,20221127,1.102,,88,before
155024,20221127,1.1199,,88,before
155025,20221127,1.1193,0.85,90,before
155026,20221127,1.1084,0.88,88,before
155027,20221127,1.1199,0.74,88,before
155028,20221127,1.1482,0.8,89,before
155029,20221127,1.1518,0.81,89,before
155030,20221127,1.1551,0.79,89,before
155031,20221127,1.1744,0.84,86,before
155687,20221129,1.0311,1.14,96,before
155688,20221129,1.039,0.95,98,before
155689,20221129,1.0065,1.03,99,before
155690,20221129,1.0012,,99,before
155691,20221129,1.0009,1.13,98,before
155692,20221129,1.0027,,96,before
155705,20221129,1.4095,1.04,99,before
155706,20221129,1.1988,1.04,97,before
155707,20221129,1.1213,0.88,97,before
155708,20221129,1.1389,0.87,99,before
155709,20221129,1.1387,0.79,98,before
155710,20221129,1.1342,0.85,98,before
155711,20221129,1.1252,0.86,99,before
155712,20221129,1.1217,0.94,98,before
155713,20221129,1.0929,0.76,99,before
155714,20221129,1.1021,0.81,98,before
155715,20221129,1.101,0.86,99,before
155716,20221129,1.0895,0.92,98,before
155717,20221129,1.0877,0.76,99,before
155718,20221129,1.0982,0.78,99,before
155719,20221129,1.1244,0.89,98,before
155720,20221129,1.1008,,100,before
155721,20221129,1.167,0.87,99,before
155722,20221129,1.1251,0.85,99,before
155723,20221129,1.1017,0.83,96,before
155724,20221129,1.1218,0.82,101,before
155822,20221130,1.2299,1.06,99,before
155833,20221130,1.0151,1.13,100,before
155834,20221130,1.0318,,100,before
155835,20221130,1.0633,0.93,99,before
155836,20221130,1.0778,,99,before
155837,20221130,1.0975,,99,before
155839,20221130,1.3495,1.18,99,before
155840,20221130,1.3897,,99,before
155841,20221130,1.4343,,96,before
155842,20221130,1.1203,0.86,98,before
155843,20221130,1.1196,0.83,99,before
155844,20221130,1.1473,0.96,99,before
155845,20221130,1.1431,1.08,96,before
155846,20221130,1.1357,1.36,97,before
155847,20221130,1.1192,0.91,100,before
155848,20221130,1.1105,1.12,97,before
155849,20221130,1.0774,1.06,92,before
155850,20221130,1.0723,0.87,97,before
155851,20221130,1.0735,0.95,99,before
155852,20221130,1.0769,1.15,98,before
155853,20221130,1.0727,0.96,98,before
155854,20221130,1.0449,1.1,98,before
155855,20221130,1.0476,0.94,98,before
155856,20221130,1.0476,0.84,99,before
155857,20221130,1.0393,0.89,98,before
155858,20221130,1.0296,0.83,97,before
155859,20221130,1.152,1.43,120,before
156199,20221202,1.1516,0.89,98,before
156200,20221202,1.1875,0.87,101,before
156201,20221202,1.0926,1.01,99,before
156202,20221202,1.0718,,99,before
156203,20221202,1.0802,0.8,100,before
156204,20221202,1.0815,0.99,99,before
156205,20221202,1.2208,0.95,113,before
156206,20221202,1.1701,0.98,98,before
156207,20221202,1.114,0.83,98,before
156627,20221205,1.2636,1.97,108,before
156628,20221205,1.3431,1.0,100,before
156629,20221205,1.3878,,102,before
156630,20221205,1.5006,1.33,97,before
156631,20221205,1.5874,,95,before
156632,20221205,1.5853,1.18,99,before
156633,20221205,1.5456,,99,before
156634,20221205,1.4639,0.94,93,before
156635,20221205,1.3111,1.03,99,before
156636,20221205,1.2679,1.03,94,before
156637,20221205,1.2506,1.04,98,before
156638,20221205,1.233,0.95,96,before
156639,20221205,1.2584,1.02,95,before
156640,20221205,1.1329,1.02,96,before
156641,20221205,1.1149,0.93,97,before
156642,20221205,1.2245,1.02,56,before
156643,20221205,1.135,1.06,99,before
156644,20221205,1.1191,0.89,98,before
156741,20221206,1.2856,1.78,131,before
156742,20221206,1.2989,,130,before
156743,20221206,1.2039,1.52,122,before
156764,20221206,1.3444,1.72,100,before
156765,20221206,1.3248,,99,before
156766,20221206,1.2346,1.29,67,before
156767,20221206,1.2035,,67,before
156768,20221206,1.0979,1.01,99,before
156769,20221206,1.0827,1.12,97,before
156770,20221206,1.0694,1.61,95,before
156771,20221206,1.0474,,96,before
156869,20221207,1.1794,1.08,109,before
156870,20221207,1.1531,1.03,106,before
156873,20221207,1.4219,1.02,102,before
156874,20221207,1.4406,,102,before
156877,20221207,1.4963,1.49,99,before
156878,20221207,1.5439,,97,before
156883,20221207,1.3929,0.95,94,before
156887,20221207,1.424,1.04,96,before
156888,20221207,1.3482,0.88,97,before
156889,20221207,1.2406,0.8,56,before
156890,20221207,1.1988,0.87,97,before
156892,20221207,1.1079,0.84,99,before
156893,20221207,1.0914,0.85,92,before
156894,20221207,1.0624,0.98,98,before
156896,20221207,1.0673,0.93,98,before
156898,20221207,1.0408,0.94,100,before
156900,20221207,1.0499,0.87,99,before
156901,20221207,1.0273,0.87,90,before
156902,20221207,1.0291,0.87,99,before
156903,20221207,1.1658,1.04,115,before
156904,20221207,1.098,0.91,113,before
156906,20221207,1.1517,1.02,103,before
157003,20221208,1.4237,1.19,103,before
157004,20221208,1.3676,1.22,94,before
157005,20221208,1.2795,1.32,115,before
157010,20221208,1.3002,1.1,99,before
157015,20221208,1.3331,,107,before
157017,20221208,1.5692,,84,before
157125,20221209,1.0006,0.9,122,before
157126,20221209,1.0013,1.06,98,before
157127,20221209,1.3681,1.05,105,before
157128,20221209,1.2789,0.92,99,before
157129,20221209,1.2842,,99,before
157150,20221209,1.3101,1.03,135,before
157151,20221209,1.1816,1.02,96,before
157152,20221209,1.2039,0.92,103,before
157153,20221209,1.2253,0.95,139,before
157154,20221209,1.0933,1.02,97,before
157155,20221209,1.1133,1.01,106,before
157156,20221209,1.0976,0.93,107,before
157157,20221209,1.189,1.25,103,before
157158,20221209,1.1978,1.06,104,before
157159,20221209,1.315,1.07,201,before
157160,20221209,1.1037,0.96,105,before
157161,20221209,1.1082,0.97,96,before
157261,20221210,1.0288,0.79,97,before
157262,20221210,1.0453,0.79,98,before
157263,20221210,1.0701,0.85,99,before
157265,20221210,1.1564,0.87,98,before
157266,20221210,1.1043,0.82,97,before
157278,20221210,1.2855,0.87,99,before
157279,20221210,1.4334,0.98,100,before
157280,20221210,1.4827,,97,before
157281,20221210,1.4461,0.81,97,before
157282,20221210,1.4257,,97,before
157283,20221210,1.4133,,98,before
158191,20221214,1.4636,1.99,100,before
158192,20221214,1.5061,,99,before
158193,20221214,1.5704,,97,before
158194,20221214,1.0957,1.06,98,before
158196,20221214,1.1336,0.91,94,before
158197,20221214,1.1368,0.86,98,before
158198,20221214,1.1775,0.84,95,before
158199,20221214,1.3269,0.85,90,before
158200,20221214,1.2676,0.75,90,before
158201,20221214,1.1969,0.78,95,before
158202,20221214,1.2259,0.75,96,before
158203,20221214,1.1725,0.75,99,before
158204,20221214,1.1974,0.87,97,before
158205,20221214,1.1832,,97,before
158206,20221214,1.154,1.04,100,before
158207,20221214,1.1466,,99,before
158208,20221214,1.2312,0.97,96,before
158209,20221214,1.1412,0.99,90,before
158315,20221215,1.29,1.32,94,before
158318,20221215,1.2469,0.96,97,before
158485,20221216,1.1248,1.48,96,before
158487,20221216,1.149,1.31,98,before
158488,20221216,1.1491,1.14,99,before
158489,20221216,1.1299,0.98,97,before
158490,20221216,1.2366,1.35,96,before
158491,20221216,1.2133,1.4,97,before
158492,20221216,1.2826,1.29,97,before
158493,20221216,1.3299,1.22,100,before
158494,20221216,1.442,1.39,97,before
158495,20221216,1.3367,1.14,97,before
158496,20221216,1.2785,1.15,100,before
158497,20221216,1.2407,1.05,97,before
158498,20221216,1.3451,1.0,93,before
158499,20221216,1.442,1.71,95,before
158501,20221216,1.1828,0.96,98,before
158502,20221216,1.1493,0.99,96,before
158503,20221216,1.154,1.08,97,before
158504,20221216,1.16,1.14,97,before
158505,20221216,1.3226,1.28,100,before
158506,20221216,1.2711,,97,before
158507,20221216,1.1878,1.11,99,before
158508,20221216,1.1517,,97,before
158509,20221216,1.1308,1.21,96,before
158510,20221216,1.1081,,95,before
158511,20221216,1.029,1.12,98,before
158512,20221216,1.0642,1.36,99,before
158513,20221216,1.0555,1.16,98,before
158514,20221216,1.0548,0.99,99,before
158515,20221216,1.0592,1.02,96,before
158516,20221216,1.0648,0.92,99,before
158517,20221216,1.07,0.91,99,before
158518,20221216,1.1425,0.9,95,before
158519,20221216,1.1113,1.03,100,before
158520,20221216,1.0849,0.98,95,before
158899,20221218,1.1209,1.4,92,before
158920,20221218,1.1394,1.46,112,before
158921,20221218,1.168,1.28,100,before
158922,20221218,1.1897,1.09,97,before
158923,20221218,1.3452,1.32,90,before
158924,20221218,1.1967,1.24,99,before
158925,20221218,1.2132,1.24,95,before
158926,20221218,1.2175,1.23,97,before
158927,20221218,1.2443,1.33,98,before
158928,20221218,1.1922,1.19,98,before
158929,20221218,1.0626,0.99,99,before
158930,20221218,1.0779,0.95,99,before
158931,20221218,1.1576,1.07,93,before
158932,20221218,1.1443,1.11,97,before
158933,20221218,1.1382,1.04,93,before
158934,20221218,1.1346,1.0,99,before
158935,20221218,1.1066,0.93,99,before
158936,20221218,1.0677,0.9,98,before
158937,20221218,1.0468,1.05,97,before
158938,20221218,1.0229,0.97,97,before
158939,20221218,1.013,0.98,99,before
158940,20221218,1.0087,0.99,97,before
159038,20221219,1.2343,0.91,125,before
159039,20221219,1.1531,0.92,117,before
159040,20221219,1.1322,0.94,97,before
159041,20221219,1.111,0.78,96,before
159042,20221219,1.0895,0.84,99,before
159043,20221219,1.0954,0.91,95,before
159044,20221219,1.0769,0.81,98,before
159045,20221219,1.0818,0.84,96,before
159046,20221219,1.0869,0.81,100,before
159047,20221219,1.0765,1.02,100,before
159048,20221219,1.0652,0.95,97,before
159049,20221219,1.0692,0.87,97,before
159050,20221219,1.0721,0.81,98,before
159051,20221219,1.0795,0.99,94,before
159052,20221219,1.0948,0.85,99,before
159053,20221219,1.1518,0.77,99,before
159054,20221219,1.2738,0.84,100,before
159055,20221219,1.3035,0.84,95,before
159056,20221219,1.401,0.92,98,before
159057,20221219,1.4779,0.89,96,before
159058,20221219,1.1898,0.89,104,before
159059,20221219,1.1492,0.94,98,before
159060,20221219,1.1384,0.79,97,before
159061,20221219,1.1515,0.81,97,before
159062,20221219,1.1494,0.81,96,before
159063,20221219,1.1568,0.76,94,before
159064,20221219,1.1404,0.8,99,before
159065,20221219,1.1671,0.77,98,before
159066,20221219,1.1791,0.85,95,before
159067,20221219,1.2075,0.84,100,before
159068,20221219,1.2051,0.82,99,before
159069,20221219,1.2153,0.78,98,before
159070,20221219,1.1957,0.85,98,before
159071,20221219,1.1273,0.84,96,before
159072,20221219,1.103,,97,before
159073,20221219,1.0925,1.01,100,before
159074,20221219,1.1471,1.31,110,before
159075,20221219,1.1261,,111,before
159076,20221219,1.1421,1.2,134,before
159077,20221219,1.158,1.21,134,before
159078,20221219,1.1435,,139,before
159079,20221219,1.1251,0.97,113,before
159287,20221220,1.2355,0.93,107,before
159288,20221220,1.2783,0.96,98,before
159289,20221220,1.2879,,98,before
159290,20221220,1.3105,,98,before
159291,20221220,1.251,0.95,100,before
159292,20221220,1.3195,0.91,99,before
159293,20221220,1.2519,0.98,100,before
159294,20221220,1.1538,0.97,98,before
159295,20221220,1.2192,0.99,98,before
159296,20221220,1.2985,1.05,97,before
159297,20221220,1.3734,0.93,98,before
159298,20221220,1.3517,0.92,94,before
159299,20221220,1.5354,1.09,97,before
159300,20221220,1.5926,1.01,99,before
159301,20221220,1.1507,1.08,100,before
159302,20221220,1.1599,0.98,96,before
159303,20221220,1.149,1.04,100,before
159304,20221220,1.1373,1.06,99,before
159305,20221220,1.1293,0.99,94,before
159306,20221220,1.0995,1.01,99,before
159307,20221220,1.1289,1.09,98,before
159308,20221220,1.0915,0.92,96,before
159309,20221220,1.103,0.96,98,before
159310,20221220,1.0884,0.86,99,before
159311,20221220,1.0963,1.06,95,before
159312,20221220,1.1065,0.92,99,before
159313,20221220,1.12,1.05,96,before
159314,20221220,1.1088,1.03,99,before
159315,20221220,1.1048,1.03,99,before
159316,20221220,1.1272,0.91,99,before
159317,20221220,1.1457,0.96,97,before
159318,20221220,1.1447,0.98,98,before
159319,20221220,1.1442,1.0,98,before
159320,20221220,1.1444,0.9,97,before
159321,20221220,1.1163,0.97,99,before
159322,20221220,1.0245,0.95,96,before
159323,20221220,1.0362,1.02,98,before
159324,20221220,1.1239,1.03,113,before
159420,20221221,1.1243,0.89,101,before
159421,20221221,1.1255,0.97,100,before
159422,20221221,1.1698,1.0,99,before
159423,20221221,1.2558,0.82,95,before
159424,20221221,1.2532,1.22,97,before
159425,20221221,1.2098,0.98,93,before
159426,20221221,1.3402,1.02,99,before
159427,20221221,1.2979,0.88,99,before
159428,20221221,1.2256,0.9,97,before
159429,20221221,1.3558,1.01,96,before
159430,20221221,1.4367,1.04,93,before
159431,20221221,1.4022,0.83,100,before
159432,20221221,1.2232,1.13,99,before
159433,20221221,1.2766,1.04,99,before
159434,20221221,1.3758,1.35,97,before
159435,20221221,1.4993,1.06,98,before
159436,20221221,1.1553,0.9,98,before
159437,20221221,1.1564,0.83,97,before
159438,20221221,1.2429,0.92,99,before
159439,20221221,1.2375,0.97,99,before
159440,20221221,1.2458,1.01,98,before
159441,20221221,1.285,1.27,95,before
159442,20221221,1.1936,0.91,98,before
159443,20221221,1.2155,1.06,98,before
159444,20221221,1.2006,1.11,97,before
159445,20221221,1.1753,1.07,94,before
159446,20221221,1.1034,1.17,99,before
159447,20221221,1.3508,1.29,94,before
159448,20221221,1.3197,1.12,100,before
159449,20221221,1.3153,1.11,95,before
159450,20221221,1.3095,1.16,100,before
159451,20221221,1.2898,1.19,97,before
159452,20221221,1.2576,1.21,97,before
159453,20221221,1.2667,1.04,99,before
159454,20221221,1.2956,1.07,97,before
159455,20221221,1.2491,1.12,177,before
159456,20221221,1.2609,1.04,194,before
159554,20221222,1.2296,0.96,111,before
159555,20221222,1.2827,0.99,118,before
159556,20221222,1.2534,0.94,97,before
159557,20221222,1.3168,0.92,99,before
159558,20221222,1.3151,0.84,100,before
159559,20221222,1.3919,1.04,96,before
159560,20221222,1.3889,0.99,97,before
159561,20221222,1.3701,0.88,97,before
159562,20221222,1.4154,0.85,98,before
159563,20221222,1.5052,0.89,95,before
159564,20221222,1.5301,0.98,97,before
159565,20221222,1.5822,,93,before
159566,20221222,1.4041,0.93,98,before
159567,20221222,1.4439,,98,before
159571,20221222,1.5403,0.89,118,before
159572,20221222,1.1496,0.83,99,before
159573,20221222,1.1109,0.88,98,before
159574,20221222,1.1316,0.87,92,before
159575,20221222,1.1399,0.8,95,before
159576,20221222,1.1758,0.84,99,before
159577,20221222,1.2592,0.9,99,before
159578,20221222,1.1959,1.1,100,before
159579,20221222,1.1803,0.97,98,before
159580,20221222,1.1142,1.01,99,before
159581,20221222,1.1239,0.88,96,before
159582,20221222,1.115,0.88,97,before
159583,20221222,1.1113,1.02,98,before
159591,20221222,1.1316,0.91,122,before
159592,20221222,1.121,0.96,99,before
159594,20221222,1.1133,1.03,98,before
159595,20221222,1.0888,0.97,97,before
159596,20221222,1.111,1.05,99,before
159597,20221222,1.115,1.2,98,before
159598,20221222,1.2597,1.02,192,before
159599,20221222,1.132,0.86,113,before
159728,20221223,1.1313,1.21,125,before
159729,20221223,1.1253,1.08,97,before
159738,20221223,1.4368,1.07,97,before
159739,20221223,1.2402,1.02,96,before
159740,20221223,1.2922,1.12,99,before
159741,20221223,1.4296,1.08,99,before
159742,20221223,1.158,1.04,99,before
159743,20221223,1.158,0.97,98,before
159744,20221223,1.1242,0.94,99,before
159745,20221223,1.1328,0.98,97,before
159746,20221223,1.1895,0.94,98,before
159747,20221223,1.2176,1.14,99,before
159748,20221223,1.2239,0.96,97,before
159749,20221223,1.2465,0.94,97,before
159750,20221223,1.2043,0.98,96,before
159751,20221223,1.2446,1.17,99,before
159752,20221223,1.2024,1.19,96,before
159753,20221223,1.1957,1.09,100,before
159754,20221223,1.1752,1.03,100,before
159755,20221223,1.1756,0.95,98,before
159756,20221223,1.1702,1.13,99,before
159757,20221223,1.1335,1.05,100,before
159758,20221223,1.2658,1.05,95,before
159759,20221223,1.2934,1.03,98,before
159760,20221223,1.2591,1.03,98,before
159761,20221223,1.1427,0.97,99,before
159762,20221223,1.1078,0.98,97,before
159763,20221223,1.0831,1.07,97,before
159764,20221223,1.0062,0.94,88,before
159765,20221223,1.018,0.97,102,before
159766,20221223,1.1107,0.98,151,before
159873,20221224,1.0845,1.74,96,before
159874,20221224,1.1682,1.47,104,before
159875,20221224,1.1621,1.16,100,before
159880,20221224,1.0976,0.99,99,before
159881,20221224,1.1156,,99,before
159882,20221224,1.2178,1.26,100,before
159883,20221224,1.2831,1.12,96,before
159884,20221224,1.3624,1.05,96,before
159885,20221224,1.4675,1.23,99,before
159886,20221224,1.4969,,98,before
159887,20221224,1.2819,1.01,98,before
159888,20221224,1.1742,1.06,99,before
159889,20221224,1.3274,1.06,98,before
159890,20221224,1.4934,1.17,96,before
159891,20221224,1.2167,0.97,97,before
159892,20221224,1.1088,1.29,98,before
159893,20221224,1.3301,0.98,96,before
159894,20221224,1.1625,1.07,100,before
159895,20221224,1.1395,0.99,96,before
159896,20221224,1.1235,1.04,95,before
159897,20221224,1.1799,1.39,97,before
159899,20221224,1.2082,1.33,100,before
159900,20221224,1.1669,,99,before
159901,20221224,1.0029,1.79,97,before
159902,20221224,1.0078,,95,before
159903,20221224,1.0026,2.13,96,before
159904,20221224,1.0008,1.88,99,before
159905,20221224,1.1353,1.91,118,before
159906,20221224,1.0082,1.76,98,before
159907,20221224,1.0118,1.25,98,before
159908,20221224,1.0287,0.99,99,before
159909,20221224,1.091,1.1,99,before
159910,20221224,1.1438,0.94,98,before
159911,20221224,1.1072,1.07,98,before
159912,20221224,1.1383,1.03,97,before
159913,20221224,1.2685,1.11,98,before
159914,20221224,1.2721,1.05,99,before
159916,20221224,1.1086,1.04,150,before
160014,20221225,1.1081,1.2,102,before
160015,20221225,1.1169,1.48,100,before
160016,20221225,1.1202,1.45,103,before
160017,20221225,1.1428,1.16,97,before
160018,20221225,1.154,,97,before
160019,20221225,1.3037,1.4,97,before
160020,20221225,1.3204,,97,before
160025,20221225,1.2568,1.42,96,before
160026,20221225,1.2834,,96,before
160028,20221225,1.4444,1.52,97,before
160029,20221225,1.5072,,96,before
160030,20221225,1.5671,,98,before
160031,20221225,1.1156,1.34,107,before
160032,20221225,1.1743,1.27,96,before
160033,20221225,1.1181,1.47,96,before
160034,20221225,1.285,1.39,99,before
160035,20221225,1.2293,1.17,96,before
160036,20221225,1.1976,1.36,95,before
160037,20221225,1.1863,1.0,94,before
160038,20221225,1.1512,0.99,99,before
160039,20221225,1.146,1.19,97,before
160040,20221225,1.1416,1.19,100,before
160041,20221225,1.1336,1.07,96,before
160042,20221225,1.1287,1.19,97,before
160043,20221225,1.1168,,97,before
160044,20221225,1.3053,1.24,98,before
160045,20221225,1.3149,1.16,99,before
160046,20221225,1.2859,1.1,99,before
160047,20221225,1.1875,0.96,203,before
160048,20221225,1.1209,0.92,139,before
160147,20221226,1.0005,1.14,99,before
160148,20221226,1.0192,1.23,98,before
160149,20221226,1.0398,0.97,100,before
160150,20221226,1.0821,1.0,100,before
160176,20221226,1.147,0.84,104,before
160177,20221226,1.2414,0.9,98,before
160179,20221226,1.1655,0.86,97,before
160180,20221226,1.1985,0.84,98,before
160181,20221226,1.2365,1.02,102,before
160182,20221226,1.1311,0.99,100,before
160183,20221226,1.1075,0.9,100,before
160184,20221226,1.108,0.87,98,before
160185,20221226,1.1057,0.92,98,before
160186,20221226,1.1147,0.93,98,before
160187,20221226,1.097,,97,before
160188,20221226,1.0984,0.96,99,before
160189,20221226,1.3098,0.95,97,before
160190,20221226,1.1186,0.83,99,before
160191,20221226,1.123,0.81,138,before
160192,20221226,1.111,1.03,115,before
160928,20221228,1.1142,1.16,95,before
160929,20221228,1.1406,1.52,97,before
160930,20221228,1.1111,,97,before
160932,20221228,1.1265,1.36,110,before
160933,20221228,1.1341,1.42,125,before
160937,20221228,1.1271,1.63,130,before
161363,20221230,1.158,1.24,98,before
161364,20221230,1.2408,1.54,96,before
161365,20221230,1.2235,1.33,96,before
161366,20221230,1.1589,1.14,99,before
161367,20221230,1.1324,1.27,97,before
161368,20221230,1.1029,1.25,96,before
161369,20221230,1.0822,,93,before
161370,20221230,1.088,1.52,100,before
161371,20221230,1.0678,,100,before
161372,20221230,1.0882,1.05,96,before
161373,20221230,1.0843,0.99,99,before
161374,20221230,1.0874,1.05,94,before
161375,20221230,1.1627,1.1,99,before
161376,20221230,1.1283,1.3,99,before
161377,20221230,1.1194,,97,before
161378,20221230,1.1229,1.06,99,before
161380,20221230,1.0967,1.25,158,before
161991,20230104,1.2801,0.81,99,before
161992,20230104,1.1681,0.82,104,before
161993,20230104,1.1984,0.84,95,before
161994,20230104,1.2386,0.9,109,before
161995,20230104,1.1246,0.81,98,before
161996,20230104,1.1552,0.82,102,before
161997,20230104,1.2308,0.9,109,before
161998,20230104,1.2632,0.85,116,before
161999,20230104,1.1575,0.91,97,before
162000,20230104,1.1322,0.8,100,before
162001,20230104,1.0801,0.8,98,before
162002,20230104,1.1173,0.8,112,before
162003,20230104,1.0775,0.82,106,before
162004,20230104,1.186,0.84,126,before
162005,20230104,1.1351,0.83,104,before
162006,20230104,1.111,0.89,106,before
162007,20230104,1.111,1.28,103,before
162010,20230104,1.1118,0.97,158,before
162011,20230104,1.0035,0.85,97,before
162012,20230104,1.0081,0.84,110,before
162013,20230104,1.0047,1.09,99,before
162014,20230104,1.0098,0.83,105,before
162015,20230104,1.0108,0.92,101,before
162016,20230104,1.0071,0.92,124,before
162334,20230107,1.2349,1.1,99,before
162335,20230107,1.2404,0.96,102,before
162336,20230107,1.1994,0.93,100,before
162337,20230107,1.1838,1.14,99,before
162338,20230107,1.2473,0.93,98,before
162342,20230107,1.5002,1.24,98,before
162343,20230107,1.4838,1.43,96,before
162344,20230107,1.2709,1.03,105,before
162345,20230107,1.3037,1.55,101,before
162346,20230107,1.4002,1.09,96,before
162347,20230107,1.6276,1.35,96,before
162348,20230107,1.6934,1.44,97,before
162349,20230107,1.8356,,96,before
162350,20230107,1.5702,1.24,87,before
162351,20230107,1.5204,,89,before
162352,20230107,1.5708,0.98,99,before
162353,20230107,1.5399,,97,before
162354,20230107,1.4783,1.18,94,before
162355,20230107,1.4403,,96,before
162356,20230107,1.5128,1.15,87,before
162357,20230107,1.4844,,89,before
162358,20230107,1.3466,1.04,95,before
162363,20230107,1.1829,1.07,144,before
162364,20230107,1.1129,0.91,100,before
162365,20230107,1.1057,0.95,102,before
162366,20230107,1.1484,1.07,98,before
162367,20230107,1.0195,1.13,96,before
162368,20230107,1.0138,0.96,100,before
162369,20230107,1.0216,0.85,98,before
162370,20230107,1.0079,0.87,101,before
162371,20230107,1.1117,0.96,156,before
162372,20230107,1.0821,1.07,137,before
162373,20230107,1.1036,1.3,173,before
162471,20230108,1.1588,1.72,111,before
162472,20230108,1.3158,1.11,96,before
162473,20230108,1.1659,1.08,93,before
162477,20230108,1.3619,1.35,95,before
162478,20230108,1.2244,1.55,105,before
162479,20230108,1.1647,1.27,95,before
162480,20230108,1.1749,1.16,100,before
162481,20230108,1.1759,1.26,101,before
162482,20230108,1.3864,1.23,96,before
162488,20230108,1.2123,1.14,94,before
162489,20230108,1.2422,0.9,91,before
162490,20230108,1.264,1.1,95,before
162491,20230108,1.2203,1.06,68,before
162492,20230108,1.2016,,67,before
162493,20230108,1.2313,1.02,91,before
162494,20230108,1.2664,0.95,97,before
162495,20230108,1.3244,1.02,94,before
162498,20230108,1.1965,0.98,98,before
162499,20230108,1.138,0.95,97,before
162500,20230108,1.1848,0.88,97,before
162502,20230108,1.1494,1.1,99,before
162503,20230108,1.1073,0.96,93,before
162504,20230108,1.0751,0.9,103,before
162505,20230108,1.0659,0.89,97,before
162506,20230108,1.1651,1.24,141,before
162507,20230108,1.1579,1.12,154,before
162508,20230108,1.1835,1.23,197,before
162509,20230108,1.0952,1.05,149,before
162510,20230108,1.0731,1.16,101,before
162511,20230108,1.0751,1.07,107,before
162512,20230108,1.0063,1.2,124,before
162513,20230108,1.0718,1.05,147,before
162609,20230109,1.1619,1.03,94,before
162610,20230109,1.1843,1.08,95,before
162611,20230109,1.1336,0.81,96,before
162615,20230109,1.3271,1.11,102,before
162617,20230109,1.4806,0.88,90,before
162619,20230109,1.2024,0.89,97,before
162620,20230109,1.2174,,96,before
162622,20230109,1.303,0.85,98,before
162954,20230111,1.1643,1.07,104,before
162964,20230111,1.2742,1.06,98,before
162965,20230111,1.2908,0.93,112,before
162966,20230111,1.2364,0.95,98,before
162967,20230111,1.1834,0.84,99,before
162968,20230111,1.1956,0.81,99,before
162969,20230111,1.2161,,99,before
162970,20230111,1.1765,0.87,78,before
162971,20230111,1.0904,0.87,97,before
162972,20230111,1.0867,0.85,99,before
162973,20230111,1.0612,,99,before
162974,20230111,1.078,0.91,97,before
162975,20230111,1.0778,0.9,97,before
162976,20230111,1.0836,0.8,100,before
162977,20230111,1.1076,0.83,99,before
162978,20230111,1.1147,0.75,100,before
162979,20230111,1.1129,0.9,98,before
162980,20230111,1.0958,,99,before
162981,20230111,1.141,0.93,97,before
162982,20230111,1.1107,0.9,97,before
162983,20230111,1.1228,0.92,95,before
162984,20230111,1.1352,0.92,97,before
162990,20230111,1.123,1.44,97,before
162991,20230111,1.1133,,97,before
162992,20230111,1.2117,1.39,99,before
162993,20230111,1.1125,1.47,98,before
162994,20230111,1.0866,1.32,110,before
162995,20230111,1.1114,1.23,112,before
162996,20230111,1.0755,1.55,102,before
162997,20230111,1.0962,1.22,98,before
162998,20230111,1.1376,1.17,99,before
162999,20230111,1.1111,1.44,99,before
163095,20230112,1.1463,0.93,101,before
163096,20230112,1.0692,0.94,96,before
163097,20230112,1.1724,0.86,97,before
163098,20230112,1.1993,0.94,98,before
163099,20230112,1.215,0.89,97,before
163100,20230112,1.1286,0.89,97,before
163101,20230112,1.185,0.98,97,before
163103,20230112,1.225,1.12,96,before
163104,20230112,1.1778,0.98,100,before
163105,20230112,1.2285,0.99,100,before
163106,20230112,1.4613,1.1,98,before
163107,20230112,1.3225,1.21,90,before
163108,20230112,1.1708,1.08,99,before
163109,20230112,1.1568,1.14,97,before
163110,20230112,1.1246,1.03,98,before
163112,20230112,1.0315,1.12,95,before
163113,20230112,1.087,1.17,103,before
163114,20230112,1.1976,1.18,99,before
163125,20230112,1.0451,1.35,99,before
163127,20230112,1.0556,1.15,103,before
163128,20230112,1.0698,1.07,99,before
163129,20230112,1.083,0.98,99,before
163130,20230112,1.0711,0.89,98,before
163131,20230112,1.081,0.91,99,before
163132,20230112,1.0594,0.88,98,before
163133,20230112,1.0697,0.93,99,before
163134,20230112,1.0647,,96,before
163135,20230112,1.0617,0.91,100,before
163136,20230112,1.0586,,100,before
163137,20230112,1.0498,0.93,96,before
163138,20230112,1.1124,0.95,98,before
163139,20230112,1.0357,0.86,113,before
163238,20230113,1.1814,0.94,99,before
163239,20230113,1.2401,1.04,99,before
163240,20230113,1.2636,,99,before
163241,20230113,1.2207,1.1,95,before
163242,20230113,1.2528,,95,before
163243,20230113,1.2061,1.06,100,before
163244,20230113,1.2402,,97,before
163245,20230113,1.2919,,96,before
163246,20230113,1.3767,1.17,96,before
163249,20230113,1.1488,1.18,97,before
163250,20230113,1.1533,1.26,99,before
163251,20230113,1.1113,,99,before
163252,20230113,1.2025,1.13,98,before
163253,20230113,1.1627,,97,before
163254,20230113,1.2016,0.93,98,before
163255,20230113,1.2152,0.94,100,before
163256,20230113,1.1691,,100,before
163257,20230113,1.1185,0.89,98,before
163258,20230113,1.0958,,94,before
163259,20230113,1.0337,0.81,96,before
163260,20230113,1.014,,95,before
163261,20230113,1.0057,,95,before
163262,20230113,1.0156,0.79,102,before
163263,20230113,1.0223,0.93,100,before
163264,20230113,1.0262,0.86,99,before
163265,20230113,1.0243,0.83,99,before
163266,20230113,1.0279,0.9,100,before
163267,20230113,1.0235,0.83,99,before
163268,20230113,1.0273,0.76,99,before
163269,20230113,1.0274,0.91,94,before
163270,20230113,1.0577,0.77,97,before
163271,20230113,1.0273,0.82,100,before
163272,20230113,1.0288,0.83,99,before
163273,20230113,1.037,0.81,110,before
163274,20230113,1.0225,0.84,101,before
163275,20230113,1.0234,1.07,121,before
163700,20230118,1.215,1.3,118,before
163820,20230119,1.1732,0.99,109,before
163821,20230119,1.1544,1.25,110,before
163822,20230119,1.2081,0.94,96,before
163823,20230119,1.1886,1.01,95,before
163824,20230119,1.2265,,95,before
163825,20230119,1.1904,1.55,95,before
163826,20230119,1.2208,,94,before
163827,20230119,1.2217,1.76,98,before
163828,20230119,1.235,,97,before
163829,20230119,1.2387,1.54,99,before
163830,20230119,1.1726,,99,before
163831,20230119,1.124,,99,before
163832,20230119,1.0892,,99,before
163833,20230119,1.2469,2.1,96,before
163834,20230119,1.2034,2.19,112,before
163835,20230119,1.1141,2.34,107,before
163836,20230119,1.0926,,107,before
163837,20230119,1.2227,2.43,119,before
163839,20230119,1.151,,119,before
163842,20230119,1.1693,1.91,148,before
163843,20230119,1.1199,2.32,134,before
163844,20230119,1.105,,134,before
163846,20230119,1.1342,2.02,124,before
163847,20230119,1.0844,2.28,126,before
163848,20230119,1.136,2.12,138,before
163849,20230119,1.1204,,138,before
164005,20230120,1.3019,2.33,95,before
164007,20230120,1.3969,,94,before
164009,20230120,1.1049,2.3,97,before
164010,20230120,1.1401,,97,before
164011,20230120,1.1854,,97,before
164012,20230120,1.3769,2.28,97,before
164013,20230120,1.5441,1.82,109,before
164014,20230120,1.1797,1.32,100,before
164015,20230120,1.1948,1.36,97,before
164016,20230120,1.1425,,95,before
164017,20230120,1.1842,1.52,98,before
164018,20230120,1.1259,,97,before
164019,20230120,1.0956,,96,before
164020,20230120,1.1228,1.52,97,before
164022,20230120,1.1904,1.9,100,before
164045,20230120,1.0989,1.6,108,before
164046,20230120,1.0709,1.71,112,before
164047,20230120,1.0743,1.69,101,before
164048,20230120,1.1144,2.01,101,before
164049,20230120,1.1652,1.9,161,before
164050,20230120,1.1341,1.67,139,before
164051,20230120,1.161,2.08,186,before
164052,20230120,1.1624,1.81,232,before
164053,20230120,1.0881,1.49,160,before
164054,20230120,1.1016,1.65,146,before
164055,20230120,1.0922,1.74,179,before
164056,20230120,1.1163,1.54,96,before
164057,20230120,1.2571,1.58,213,before
164058,20230120,1.2636,1.73,226,before
164059,20230120,1.3079,1.53,144,before
164158,20230121,1.0246,1.4,101,before
164159,20230121,1.1066,1.25,98,before
164160,20230121,1.2624,1.51,98,before
164161,20230121,1.3322,1.3,118,before
164162,20230121,1.1986,1.22,96,before
164163,20230121,1.274,1.37,97,before
164164,20230121,1.3069,,97,before
164165,20230121,1.2026,0.98,99,before
164166,20230121,1.2015,1.07,93,before
164167,20230121,1.118,0.87,99,before
164168,20230121,1.1207,0.89,98,before
164169,20230121,1.1487,0.96,97,before
164170,20230121,1.1701,0.92,96,before
164171,20230121,1.1904,1.05,98,before
164172,20230121,1.2403,1.06,97,before
164173,20230121,1.2637,1.07,99,before
164174,20230121,1.2038,1.22,100,before
164175,20230121,1.1875,1.11,96,before
164176,20230121,1.2026,1.11,94,before
164177,20230121,1.1778,1.06,98,before
164178,20230121,1.1629,1.04,97,before
164179,20230121,1.1306,1.1,99,before
164180,20230121,1.1304,1.0,97,before
164181,20230121,1.1271,0.98,93,before
164182,20230121,1.1036,1.01,98,before
164183,20230121,1.1084,1.01,100,before
164184,20230121,1.107,0.93,98,before
164185,20230121,1.2617,1.0,98,before
164186,20230121,1.121,0.95,98,before
164187,20230121,1.0971,0.96,97,before
164188,20230121,1.1155,0.99,96,before
164189,20230121,1.1147,1.15,96,before
164190,20230121,1.3084,1.07,163,before
164191,20230121,1.2982,1.09,203,before
164545,20230124,1.0229,1.27,97,before
164546,20230124,1.0204,1.19,99,before
164547,20230124,1.0222,1.37,98,before
164548,20230124,1.0375,,96,before
164549,20230124,1.3144,1.34,99,before
164550,20230124,1.3311,,99,before
164551,20230124,1.4542,1.25,95,before
164552,20230124,1.499,,95,before
164553,20230124,1.5569,,94,before
164554,20230124,1.1954,1.31,100,before
164555,20230124,1.2867,1.11,99,before
164556,20230124,1.2713,1.35,99,before
164557,20230124,1.2069,1.11,96,before
164558,20230124,1.2238,1.19,98,before
164559,20230124,1.1846,1.08,93,before
164560,20230124,1.1531,1.14,97,before
164563,20230124,1.1677,1.15,98,before
164564,20230124,1.158,1.13,95,before
164565,20230124,1.1246,1.33,98,before
164566,20230124,1.0988,,98,before
164567,20230124,1.1306,1.67,96,before
164568,20230124,1.1055,,95,before
164569,20230124,1.1001,1.2,98,before
164570,20230124,1.0718,1.0,99,before
164571,20230124,1.135,1.19,100,before
164572,20230124,1.1233,1.1,97,before
164573,20230124,1.1538,1.09,99,before
164574,20230124,1.2735,1.09,98,before
164575,20230124,1.2932,1.04,98,before
164576,20230124,1.2784,1.01,98,before
164577,20230124,1.1203,0.97,96,before
164578,20230124,1.2573,1.05,95,before
164579,20230124,1.2622,,95,before
164581,20230124,1.2969,1.62,205,before
164679,20230125,1.4111,1.24,100,before
164682,20230125,1.2134,1.54,98,before
164687,20230125,1.1998,1.52,100,before
164688,20230125,1.3006,1.62,99,before
164689,20230125,1.2221,,100,before
164690,20230125,1.1749,,98,before
164691,20230125,1.1636,1.59,102,before
164692,20230125,1.2147,1.48,98,before
164693,20230125,1.1736,,97,before
164696,20230125,1.2168,1.35,97,before
164697,20230125,1.1681,,96,before
164698,20230125,1.1944,1.39,96,before
164699,20230125,1.1714,1.59,95,before
164700,20230125,1.1484,,95,before
164701,20230125,1.1415,1.37,98,before
164702,20230125,1.1167,1.16,97,before
164703,20230125,1.1555,1.17,96,before
164704,20230125,1.1284,1.19,100,before
164705,20230125,1.1008,1.04,98,before
164706,20230125,1.0891,1.13,99,before
164707,20230125,1.0976,1.17,99,before
164708,20230125,1.1248,1.14,95,before
164709,20230125,1.1239,1.33,99,before
164710,20230125,1.1123,1.01,96,before
164711,20230125,1.0807,1.11,98,before
164712,20230125,1.1259,1.33,95,before
164713,20230125,1.1138,1.17,99,before
164714,20230125,1.2959,1.4,163,before
164811,20230126,1.4421,2.34,98,before
164812,20230126,1.4582,2.09,98,before
164813,20230126,1.4029,,98,before
164814,20230126,1.3359,1.85,99,before
164815,20230126,1.2894,,92,before
164816,20230126,1.2284,1.65,95,before
164817,20230126,1.2119,1.66,93,before
164818,20230126,1.2165,1.38,96,before
164819,20230126,1.3125,1.73,98,before
164820,20230126,1.2827,,97,before
164822,20230126,1.1093,2.01,100,before
164823,20230126,1.1015,1.68,101,before
164824,20230126,1.1244,1.76,119,before
164825,20230126,1.2083,1.52,101,before
164826,20230126,1.1608,1.74,95,before
164827,20230126,1.1213,,95,before
164828,20230126,1.1477,1.55,98,before
164829,20230126,1.1223,,98,before
164830,20230126,1.1523,1.6,100,before
164831,20230126,1.1204,,100,before
164833,20230126,1.1069,1.93,115,before
164834,20230126,1.1075,2.25,106,before
164835,20230126,1.1229,2.17,121,before
164946,20230127,1.6485,1.31,92,before
164947,20230127,1.4104,1.13,99,before
164948,20230127,1.3663,,98,before
164949,20230127,1.3029,1.0,98,before
164950,20230127,1.2463,0.97,87,before
164951,20230127,1.1941,0.95,99,before
164952,20230127,1.1707,0.93,97,before
164953,20230127,1.1376,1.01,99,before
164954,20230127,1.1513,1.11,100,before
164955,20230127,1.1754,1.02,97,before
164956,20230127,1.1826,1.36,97,before
164957,20230127,1.1583,1.37,98,before
164958,20230127,1.2239,1.07,99,before
164959,20230127,1.1652,1.08,99,before
164960,20230127,1.1492,0.97,93,before
164961,20230127,1.1566,0.99,97,before
164962,20230127,1.1244,,97,before
164963,20230127,1.1043,1.2,98,before
164964,20230127,1.0855,,97,before
164966,20230127,1.117,1.28,100,before
164967,20230127,1.0846,1.48,98,before
164968,20230127,1.0692,1.31,98,before
164969,20230127,1.0749,1.22,98,before
164970,20230127,1.1018,1.24,99,before
164971,20230127,1.0969,1.11,100,before
164972,20230127,1.2688,1.04,98,before
164973,20230127,1.2708,,97,before
164975,20230127,1.0916,0.91,178,before
164976,20230127,1.1173,0.9,223,before
164977,20230127,1.1136,0.89,97,before
165075,20230128,1.7593,1.43,98,before
165076,20230128,1.3335,1.01,98,before
165077,20230128,1.2871,,98,before
165078,20230128,1.2234,1.12,98,before
165079,20230128,1.1779,,98,before
165080,20230128,1.165,1.06,96,before
165081,20230128,1.128,,96,before
165082,20230128,1.1501,1.0,97,before
165083,20230128,1.1328,0.89,95,before
165084,20230128,1.1156,0.92,95,before
165085,20230128,1.1372,0.9,100,before
165086,20230128,1.1889,1.02,98,before
165087,20230128,1.1508,0.93,97,before
165088,20230128,1.1164,0.95,98,before
165089,20230128,1.1345,0.92,97,before
165090,20230128,1.1745,1.1,96,before
165091,20230128,1.1117,1.05,98,before
165092,20230128,1.0991,0.94,96,before
165093,20230128,1.0983,0.94,99,before
165094,20230128,1.0913,1.03,98,before
165095,20230128,1.0942,1.01,98,before
165096,20230128,1.3019,1.77,99,before
165097,20230128,1.0083,0.8,99,before
165098,20230128,1.0095,1.09,98,before
165099,20230128,1.0103,0.94,98,before
165100,20230128,1.0112,0.87,96,before
165101,20230128,1.0054,0.81,97,before
165102,20230128,1.0054,0.78,98,before
165103,20230128,1.0068,0.82,98,before
165104,20230128,1.0053,0.81,99,before
165105,20230128,1.0043,0.82,97,before
165106,20230128,1.0016,0.84,100,before
165107,20230128,1.0026,0.8,99,before
165108,20230128,1.0064,0.9,98,before
165109,20230128,1.0019,0.88,99,before
165110,20230128,1.002,0.93,97,before
165111,20230128,1.0008,1.04,98,before
165112,20230128,1.0014,0.85,97,before
165113,20230128,1.0013,0.99,100,before
165114,20230128,1.0238,1.04,112,before
165115,20230128,1.0016,1.31,120,before
165213,20230129,1.7313,1.7,96,before
165215,20230129,1.4801,1.5,95,before
165216,20230129,1.4158,1.38,99,before
165217,20230129,1.3125,1.8,98,before
165465,20230129,1.08,2.19,100,before
165466,20230129,1.0808,1.29,98,before
165467,20230129,1.0434,2.56,99,before
165468,20230129,1.0681,1.38,101,before
165469,20230129,1.0707,2.18,98,before
165470,20230129,1.058,1.46,98,before
165471,20230129,1.0802,1.4,105,before
165472,20230129,1.0538,1.83,98,before
165473,20230129,1.0298,1.55,102,before
165475,20230129,1.0333,1.65,99,before
165476,20230129,1.0231,1.72,97,before
165477,20230129,1.0281,1.49,100,before
165478,20230129,1.007,1.2,99,before
165479,20230129,1.0115,1.41,95,before
165480,20230129,1.0214,1.19,100,before
165481,20230129,1.01,1.97,104,before
165482,20230129,1.0017,1.64,107,before
165484,20230129,1.0203,2.12,98,before
165485,20230129,1.0143,1.63,114,before
165486,20230129,1.0111,1.31,99,before
165487,20230129,1.0088,,98,before
165488,20230129,1.0101,,97,before
165489,20230129,1.0061,1.92,99,before
165490,20230129,1.0085,,99,before
165491,20230129,1.0443,2.37,126,before
165590,20230130,1.5566,1.48,95,before
165591,20230130,1.5086,,97,before
165592,20230130,1.3449,1.83,100,before
165593,20230130,1.2883,,97,before
165597,20230130,1.2703,1.69,98,before
165598,20230130,1.1721,2.7,102,before
165841,20230201,1.6147,,95,before
165844,20230201,1.5395,1.1,109,before
165845,20230201,1.4252,1.11,99,before
165846,20230201,1.4373,1.12,106,before
165847,20230201,1.1711,1.14,118,before
165848,20230201,1.2355,1.33,118,before
165849,20230201,1.1848,1.19,132,before
165850,20230201,1.1231,1.45,117,before
165851,20230201,1.1012,1.25,99,before
165852,20230201,1.1249,1.16,120,before
165853,20230201,1.1231,1.19,137,before
165854,20230201,1.1408,1.19,135,before
165855,20230201,1.1455,1.07,114,before
165856,20230201,1.0999,1.02,109,before
165857,20230201,1.0997,1.05,103,before
165858,20230201,1.1212,1.19,106,before
165859,20230201,1.1453,1.09,133,before
165860,20230201,1.1423,1.17,170,before
165861,20230201,1.25,1.06,186,before
165862,20230201,1.3119,1.18,147,before
165863,20230201,1.0852,1.08,139,before
165864,20230201,1.0832,0.96,119,before
165865,20230201,1.1104,1.08,100,before
165866,20230201,1.1061,,99,before
165867,20230201,1.1011,1.16,196,before
165868,20230201,1.1161,1.11,99,before
165869,20230201,1.1112,0.99,97,before
165870,20230201,1.0989,0.87,96,before
165871,20230201,1.0023,0.9,100,before
165872,20230201,1.0018,0.94,98,before
165874,20230201,1.0921,1.0,150,before
166006,20230202,1.3989,1.0,107,before
166007,20230202,1.3449,0.87,94,before
166008,20230202,1.5315,0.89,101,before
166009,20230202,1.6592,1.45,96,before
166010,20230202,1.7467,,101,before
166022,20230202,1.305,1.38,102,before
166023,20230202,1.3852,1.02,87,before
166024,20230202,1.1557,1.23,114,before
166025,20230202,1.0802,1.24,100,before
166026,20230202,1.0761,1.0,99,before
166027,20230202,1.0892,1.03,102,before
166028,20230202,1.0883,1.18,98,before
166029,20230202,1.0783,1.38,97,before
166030,20230202,1.0739,1.16,95,before
166031,20230202,1.07,1.48,96,before
166032,20230202,1.0923,1.38,109,before
166033,20230202,1.0674,1.2,126,before
166034,20230202,1.0615,1.29,121,before
166035,20230202,1.0833,1.27,148,before
166285,20230205,1.2742,1.54,113,before
166288,20230205,1.2003,0.99,93,before
166289,20230205,1.2865,1.02,98,before
166290,20230205,1.2821,1.14,95,before
166291,20230205,1.2875,,95,before
166292,20230205,1.394,1.11,85,before
166293,20230205,1.3879,,84,before
166294,20230205,1.3682,0.96,87,before
166295,20230205,1.3609,,92,before
166296,20230205,1.4031,1.05,94,before
166297,20230205,1.3905,,93,before
166298,20230205,1.2802,1.07,98,before
166299,20230205,1.111,1.15,126,before
166300,20230205,1.3168,1.12,255,before
166301,20230205,1.2944,,254,before
166302,20230205,1.2829,1.41,264,before
166303,20230205,1.2715,,267,before
166441,20230206,1.2232,1.62,77,before
166442,20230206,1.2088,,78,before
166443,20230206,1.2708,1.32,88,before
166448,20230206,1.228,1.23,97,before
166449,20230206,1.2153,1.29,96,before
166450,20230206,1.1765,1.06,97,before
166451,20230206,1.1751,1.16,98,before
166452,20230206,1.1958,1.21,97,before
166454,20230206,1.221,1.14,98,before
166455,20230206,1.144,1.21,99,before
166456,20230206,1.1128,1.48,103,before
166457,20230206,1.084,1.2,99,before
166458,20230206,1.0051,1.34,100,before
166459,20230206,1.0915,1.58,123,before
166460,20230206,1.0832,,117,before
166609,20230207,1.165,1.4,98,before
166610,20230207,1.3141,1.37,93,before
166611,20230207,1.2127,1.5,94,before
166612,20230207,1.2271,,94,before
166613,20230207,1.2529,,95,before
166614,20230207,1.0919,1.24,100,before
166616,20230207,1.1191,1.07,89,before
166617,20230207,1.124,1.02,107,before
166618,20230207,1.0764,1.14,91,before
166619,20230207,1.0623,1.2,100,before
166620,20230207,1.1075,1.02,99,before
166621,20230207,1.1142,0.91,98,before
166622,20230207,1.1271,0.93,99,before
166623,20230207,1.1304,0.94,97,before
166624,20230207,1.1684,1.0,99,before
166625,20230207,1.1821,0.97,98,before
166626,20230207,1.1062,1.1,99,before
166627,20230207,1.2608,1.02,81,before
166628,20230207,1.1715,1.03,96,before
166629,20230207,1.1735,1.11,99,before
166630,20230207,1.2064,0.84,101,before
166631,20230207,1.236,1.14,99,before
166632,20230207,1.1535,0.95,79,before
166633,20230207,1.27,1.04,107,before
166635,20230207,1.4372,1.11,95,before
166636,20230207,1.4969,0.97,99,before
166637,20230207,1.14,0.95,99,before
166638,20230207,1.1294,,96,before
166639,20230207,1.1253,,98,before
166640,20230207,1.0985,1.19,105,before
166642,20230207,1.181,0.92,99,before
166643,20230207,1.2596,0.92,99,before
166644,20230207,1.2157,0.91,99,before
166645,20230207,1.1436,0.9,97,before
166646,20230207,1.1105,0.97,96,before
166647,20230207,1.0845,1.14,89,before
166650,20230207,1.0514,1.27,111,before
166651,20230207,1.0674,1.12,103,before
166652,20230207,1.0947,1.19,109,before
166753,20230208,1.3565,0.98,93,before
166754,20230208,1.2095,1.03,99,before
166755,20230208,1.1951,1.03,95,before
166756,20230208,1.122,0.9,97,before
166757,20230208,1.1596,0.98,98,before
166758,20230208,1.1381,1.06,99,before
166759,20230208,1.0945,,99,before
166760,20230208,1.1327,0.91,99,before
166761,20230208,1.0832,,98,before
166762,20230208,1.0548,0.88,99,before
166763,20230208,1.0389,0.93,99,before
166764,20230208,1.0412,1.63,100,before
166765,20230208,1.044,1.21,98,before
166766,20230208,1.0613,1.25,95,before
166767,20230208,1.0771,1.06,100,before
166768,20230208,1.0934,0.92,100,before
166769,20230208,1.1123,0.96,97,before
166770,20230208,1.0686,0.94,98,before
166771,20230208,1.1266,1.0,99,before
166772,20230208,1.1259,1.12,100,before
166773,20230208,1.1514,1.0,102,before
166774,20230208,1.1406,1.14,109,before
166775,20230208,1.0506,1.05,99,before
166776,20230208,1.1939,1.1,91,before
166777,20230208,1.0615,1.05,99,before
166778,20230208,1.4137,1.54,97,before
166779,20230208,1.3007,1.31,98,before
166780,20230208,1.3549,1.15,100,before
166784,20230208,1.0646,1.39,96,before
166785,20230208,1.1248,1.12,97,before
166786,20230208,1.1747,1.37,99,before
166787,20230208,1.3824,1.05,96,before
166788,20230208,1.043,0.96,112,before
166789,20230208,1.1153,0.98,98,before
166790,20230208,1.2141,0.98,98,before
166791,20230208,1.3068,1.17,102,before
166792,20230208,1.1685,0.98,98,before
166793,20230208,1.1317,1.01,99,before
166794,20230208,1.0955,1.01,98,before
166795,20230208,1.0617,0.99,102,before
166796,20230208,1.0312,1.04,118,before
166797,20230208,1.0192,1.07,114,before
166897,20230209,1.3261,1.98,99,before
166901,20230209,1.2553,1.4,102,before
166902,20230209,1.2799,1.52,98,before
166903,20230209,1.2052,,98,before
166904,20230209,1.2012,1.93,99,before
166905,20230209,1.1514,,99,before
166906,20230209,1.1124,,99,before
166908,20230209,1.1423,2.24,110,before
166909,20230209,1.1337,1.37,110,before
166910,20230209,1.1308,1.46,93,before
166919,20230209,1.0241,1.91,99,before
166920,20230209,1.0152,,99,before
166923,20230209,1.0587,1.55,97,before
166924,20230209,1.0412,1.83,98,before
166925,20230209,1.0477,1.06,98,before
166926,20230209,1.0699,1.3,103,before
166927,20230209,1.0554,1.63,103,before
166928,20230209,1.0558,1.86,96,before
166933,20230209,1.0333,1.28,107,before
166934,20230209,1.0931,1.16,100,before
166936,20230209,1.0677,1.26,116,before
166937,20230209,1.0564,1.39,108,before
166938,20230209,1.0516,1.46,110,before
166939,20230209,1.0321,1.14,128,before
166940,20230209,1.0138,1.21,115,before
166997,20230210,1.1752,1.2,102,before
166998,20230210,1.2191,1.17,100,before
166999,20230210,1.2356,,96,before
167001,20230210,1.2052,0.98,97,before
167258,20230211,1.4194,1.44,100,before
167259,20230211,1.2223,1.4,95,before
167260,20230211,1.2161,1.3,100,before
167261,20230211,1.2502,1.23,98,before
167262,20230211,1.1945,,98,before
167263,20230211,1.1776,1.22,99,before
167264,20230211,1.1437,1.22,98,before
167265,20230211,1.1425,1.06,98,before
167266,20230211,1.1439,1.2,100,before
167267,20230211,1.1504,1.72,96,before
167268,20230211,1.1725,1.35,97,before
167269,20230211,1.1417,,99,before
167270,20230211,1.1656,1.49,99,before
167271,20230211,1.1374,,96,before
167273,20230211,1.1378,1.97,138,before
167274,20230211,1.096,1.43,107,before
167275,20230211,1.09,1.49,113,before
167276,20230211,1.1113,1.34,128,before
167277,20230211,1.1534,1.21,96,before
167278,20230211,1.1237,1.48,141,before
167279,20230211,1.0817,1.24,124,before
167280,20230211,1.0721,1.59,99,before
167281,20230211,1.0443,1.1,98,before
167282,20230211,1.0469,1.25,96,before
167283,20230211,1.0386,,97,before
167284,20230211,1.0151,1.48,98,before
167285,20230211,1.0106,,99,before
167286,20230211,1.0025,1.0,100,before
167287,20230211,1.0001,,100,before
167288,20230211,1.0027,1.4,115,before
167289,20230211,1.0045,1.53,102,before
167290,20230211,1.004,1.38,138,before
167291,20230211,1.0084,1.19,101,before
167292,20230211,1.0895,1.05,99,before
167293,20230211,1.0015,1.32,97,before
167294,20230211,1.0048,,97,before
167295,20230211,1.0093,1.06,98,before
167296,20230211,1.0137,0.88,111,before
167297,20230211,1.0059,0.97,130,before
167398,20230212,1.5958,,111,before
168073,20230218,1.0126,1.27,99,before
168075,20230218,1.0196,1.18,99,before
168076,20230218,1.0091,1.16,99,before
168077,20230218,1.0097,1.11,96,before
168930,20230225,1.149,1.81,98,before
168931,20230225,1.1272,2.27,98,before
168932,20230225,1.1041,2.27,98,before
168933,20230225,1.1052,1.8,99,before
168934,20230225,1.0901,1.84,99,before
168935,20230225,1.0793,1.79,97,before
168936,20230225,1.0718,2.31,99,before
168937,20230225,1.0589,1.9,106,before
168938,20230225,1.0616,2.2,99,before
168939,20230225,1.0541,2.32,98,before
168940,20230225,1.0357,,97,before
169039,20230226,1.1005,1.32,103,before
169040,20230226,1.1984,1.72,99,before
169041,20230226,1.1417,,99,before
169045,20230226,1.2093,1.59,121,before
169046,20230226,1.2207,1.92,134,before
169047,20230226,1.2009,,134,before
169048,20230226,1.1074,2.26,133,before
169050,20230226,1.0443,1.2,72,before
169051,20230226,1.0442,1.87,111,before
169052,20230226,1.1339,1.63,164,before
169053,20230226,1.1394,1.45,148,before
169054,20230226,1.1084,1.29,98,before
169055,20230226,1.1017,1.18,98,before
169056,20230226,1.0984,1.53,96,before
169057,20230226,1.1168,1.1,96,before
169058,20230226,1.0892,1.16,99,before
169059,20230226,1.1142,1.14,94,before
169060,20230226,1.1161,1.14,98,before
169061,20230226,1.0879,0.96,95,before
169062,20230226,1.1087,0.95,98,before
169063,20230226,1.1081,0.99,98,before
169064,20230226,1.004,0.89,99,before
169065,20230226,1.0089,0.83,95,before
169066,20230226,1.0881,1.18,91,before
169067,20230226,1.1079,1.2,96,before
169068,20230226,1.0883,1.17,99,before
169069,20230226,1.0832,1.0,226,before
169125,20230227,1.4099,1.02,97,before
169126,20230227,1.3949,0.98,99,before
169127,20230227,1.378,0.93,98,before
169128,20230227,1.3494,,96,before
169129,20230227,1.2109,1.05,100,before
169130,20230227,1.1658,,99,before
169131,20230227,1.2319,1.37,97,before
169132,20230227,1.2177,1.07,96,before
169133,20230227,1.1567,,97,before
169134,20230227,1.1674,1.12,96,before
169135,20230227,1.1335,,97,before
169136,20230227,1.1526,1.29,99,before
169137,20230227,1.1294,,99,before
169138,20230227,1.1362,1.21,98,before
169139,20230227,1.1078,,99,before
169140,20230227,1.3236,1.44,100,before
169141,20230227,1.2961,,100,before
169142,20230227,1.288,1.57,99,before
169143,20230227,1.271,,99,before
169144,20230227,1.1573,1.14,98,before
169145,20230227,1.0986,1.34,98,before
169146,20230227,1.0914,,97,before
169147,20230227,1.0715,1.55,144,before
169148,20230227,1.079,1.71,155,before
169149,20230227,1.0832,1.51,180,before
169150,20230227,1.1096,1.79,90,before
169151,20230227,1.1078,,89,before
169152,20230227,1.1183,1.52,99,before
169153,20230227,1.1247,,99,before
169154,20230227,1.1024,1.27,98,before
169155,20230227,1.0788,1.2,97,before
169156,20230227,1.1186,1.48,97,before
169283,20230228,1.1776,1.18,106,before
169284,20230228,1.1525,1.26,98,before
169285,20230228,1.1485,1.17,119,before
169286,20230228,1.185,1.64,104,before
169287,20230228,1.153,,104,before
169288,20230228,1.1206,1.4,108,before
169289,20230228,1.076,1.36,96,before
169290,20230228,1.0875,1.37,110,before
169291,20230228,1.1116,1.54,121,before
169292,20230228,1.0504,1.45,116,before
169293,20230228,1.1069,1.75,145,before
169294,20230228,1.1076,1.46,118,before
169295,20230228,1.1063,1.92,113,before
169296,20230228,1.1371,1.62,171,before
169297,20230228,1.1052,2.04,113,before
169298,20230228,1.071,1.4,121,before
169299,20230228,1.0627,1.53,154,before
169300,20230228,1.0623,2.15,145,before
169301,20230228,1.0807,1.76,137,before
169302,20230228,1.0711,,135,before
169303,20230228,1.0842,2.42,199,before
169304,20230228,1.0735,1.39,139,before
169305,20230228,1.1121,1.53,96,before
169306,20230228,1.0039,0.99,97,before
169307,20230228,1.0095,0.97,98,before
169308,20230228,1.0062,1.16,99,before
169309,20230228,1.0143,1.14,98,before
169310,20230228,1.006,1.18,157,before
169588,20230303,1.2425,0.9,81,before
169589,20230303,1.2177,,82,before
169590,20230303,1.2849,1.04,89,before
169591,20230303,1.2681,,88,before
169592,20230303,1.2362,0.84,67,before
169598,20230303,1.1258,1.2,91,before
169599,20230303,1.2032,0.94,89,before
169600,20230303,1.2423,0.97,84,before
169601,20230303,1.1196,1.11,89,before
169602,20230303,1.0742,0.95,88,before
169603,20230303,1.0609,1.37,86,before
169604,20230303,1.1215,1.36,130,before
169605,20230303,1.3054,1.16,136,before
169606,20230303,1.0544,1.12,116,before
169607,20230303,1.044,1.17,88,before
169608,20230303,1.0649,1.57,131,before
169609,20230303,1.0583,,131,before
169612,20230303,1.2736,1.15,202,before
169621,20230303,1.063,1.51,236,before
169622,20230303,1.0492,1.17,198,before
169623,20230303,1.0375,1.93,137,before
169718,20230304,1.1477,1.06,96,before
169719,20230304,1.198,0.96,73,before
169720,20230304,1.2048,1.12,70,before
169721,20230304,1.1847,,70,before
169722,20230304,1.2263,1.01,92,before
169726,20230304,1.3119,1.25,91,before
169727,20230304,1.3916,1.27,90,before
169728,20230304,1.2841,0.97,104,before
169729,20230304,1.2197,1.17,99,before
169730,20230304,1.1841,0.88,99,before
169731,20230304,1.1335,0.92,109,before
169732,20230304,1.3513,1.21,148,before
169733,20230304,1.3149,,149,before
169734,20230304,1.091,0.99,108,before
169736,20230304,1.0559,1.44,113,before
169737,20230304,1.0458,0.9,108,before
169738,20230304,1.0298,0.92,106,before
169907,20230305,1.3217,0.89,105,before
169908,20230305,1.387,0.96,98,before
170658,20230308,1.1247,1.06,97,before
170659,20230308,1.1733,1.19,116,before
170660,20230308,1.2744,1.15,99,before
170661,20230308,1.2002,,99,before
170663,20230308,1.2037,1.15,104,before
170664,20230308,1.1662,,103,before
170669,20230308,1.0465,1.17,99,before
170671,20230308,1.0378,0.8,98,before
170672,20230308,1.0432,0.88,99,before
170673,20230308,1.0604,0.92,99,before
170674,20230308,1.0479,,99,before
170676,20230308,1.071,0.97,101,before
170685,20230308,1.0563,0.8,108,before
170687,20230308,1.1107,0.81,100,before
170688,20230308,1.1555,0.78,103,before
170692,20230308,1.0467,0.74,103,before
170693,20230308,1.0093,0.8,122,before
170694,20230308,1.0009,0.76,104,before
170698,20230308,1.0441,0.79,184,before
170699,20230308,1.0452,,183,before
170847,20230309,1.0247,1.02,181,before
170848,20230309,1.0062,1.1,119,before
170849,20230309,1.0135,1.0,152,before
170988,20230310,1.2475,1.33,104,before
170989,20230310,1.1263,1.12,103,before
170990,20230310,1.2225,1.29,99,before
170994,20230310,1.231,1.25,115,before
170997,20230310,1.2267,1.34,129,before
170998,20230310,1.1716,1.16,117,before
170999,20230310,1.156,1.15,98,before
171000,20230310,1.1022,1.05,115,before
171001,20230310,1.0957,1.16,122,before
171002,20230310,1.0789,,124,before
171003,20230310,1.095,1.23,126,before
171012,20230310,1.0041,1.09,100,before
171013,20230310,1.0118,1.15,134,before
171014,20230310,1.0125,1.29,115,before
171427,20230312,1.1111,1.16,110,before
171428,20230312,1.1089,1.32,99,before
171429,20230312,1.1637,1.08,99,before
171430,20230312,1.1225,,96,before
171431,20230312,1.1463,1.32,100,before
171432,20230312,1.1087,,100,before
171433,20230312,1.1593,1.39,99,before
171434,20230312,1.129,,100,before
171435,20230312,1.1731,1.26,98,before
171436,20230312,1.0892,1.3,101,before
171437,20230312,1.1123,1.35,100,before
171438,20230312,1.0868,,99,before
171439,20230312,1.0623,1.55,118,before
171440,20230312,1.0883,1.43,137,before
171441,20230312,1.0165,1.16,99,before
171442,20230312,1.1071,1.09,99,before
171443,20230312,1.0992,,100,before
171444,20230312,1.073,1.31,98,before
171445,20230312,1.0643,,97,before
171446,20230312,1.0469,1.22,102,before
171447,20230312,1.0709,1.3,154,before
171449,20230312,1.0695,,141,before
171451,20230312,1.0573,1.18,163,before
171452,20230312,1.0416,1.46,125,before
171453,20230312,1.0309,1.15,97,before
171454,20230312,1.0192,1.17,98,before
171455,20230312,1.0127,1.24,106,before
171458,20230312,1.0026,0.89,144,before
171564,20230313,1.1733,1.56,110,before
171565,20230313,1.1395,1.4,102,before
171566,20230313,1.1521,1.4,101,before
171567,20230313,1.2474,1.29,95,before
171568,20230313,1.2032,,96,before
171569,20230313,1.0975,1.21,99,before
171570,20230313,1.0759,,99,before
171571,20230313,1.0958,1.36,98,before
171572,20230313,1.0774,,95,before
171573,20230313,1.1112,1.53,98,before
171574,20230313,1.0944,,98,before
171575,20230313,1.0922,1.19,100,before
171576,20230313,1.1177,1.32,99,before
171577,20230313,1.089,1.11,97,before
171578,20230313,1.0936,1.2,98,before
171579,20230313,1.097,1.01,98,before
171580,20230313,1.1036,1.13,96,before
171581,20230313,1.1044,1.12,96,before
171582,20230313,1.1046,0.95,91,before
171583,20230313,1.0819,0.87,98,before
171586,20230313,1.071,1.21,174,before
171587,20230313,1.0773,1.09,142,before
171588,20230313,1.0971,1.01,98,before
171589,20230313,1.0816,0.94,99,before
171590,20230313,1.073,0.95,98,before
171591,20230313,1.0604,1.0,99,before
171592,20230313,1.076,,99,before
171593,20230313,1.0338,0.96,97,before
171594,20230313,1.0121,0.94,138,before
171595,20230313,1.0031,0.9,209,before
172025,20230316,1.3743,1.64,99,before
172026,20230316,1.3317,,99,before
172027,20230316,1.3088,,99,before
172031,20230316,1.118,1.76,117,before
172032,20230316,1.1021,,117,before
172033,20230316,1.1256,1.28,120,before
172034,20230316,1.1138,,122,before
172035,20230316,1.0954,1.41,111,before
172036,20230316,1.0617,1.46,106,before
172038,20230316,1.0698,1.25,169,before
172039,20230316,1.0753,1.3,177,before
172040,20230316,1.095,1.25,97,before
172041,20230316,1.0748,1.15,97,before
172042,20230316,1.1041,1.14,92,before
172043,20230316,1.1085,1.26,99,before
172044,20230316,1.0937,1.26,94,before
172045,20230316,1.1151,1.12,93,before
172046,20230316,1.109,1.61,99,before
172047,20230316,1.0838,2.06,100,before
172048,20230316,1.0974,,100,before
172049,20230316,1.0376,1.21,99,before
172050,20230316,1.0597,1.58,173,before
172150,20230317,1.2574,1.98,128,before
172151,20230317,1.1752,2.11,116,before
172152,20230317,1.1565,2.31,117,before
172153,20230317,1.1283,,117,before
172159,20230317,1.1236,1.76,136,before
172160,20230317,1.0639,2.08,104,before
172161,20230317,1.1548,1.77,98,before
172162,20230317,1.052,2.13,144,before
172163,20230317,1.0913,1.62,110,before
172164,20230317,1.0912,1.52,99,before
172165,20230317,1.0779,,99,before
172168,20230317,1.1009,1.59,100,before
172169,20230317,1.1012,1.24,97,before
172171,20230317,1.2524,1.36,99,before
172172,20230317,1.2548,,99,before
172173,20230317,1.2638,1.32,99,before
172174,20230317,1.2836,1.64,97,before
172175,20230317,1.2921,,94,before
172176,20230317,1.2405,1.15,99,before
172177,20230317,1.249,,100,before
172178,20230317,1.2689,,98,before
172179,20230317,1.1401,1.69,99,before
172180,20230317,1.1607,,99,before
172181,20230317,1.061,1.63,168,before
172279,20230318,1.1559,1.54,100,before
172280,20230318,1.1684,2.25,106,before
172281,20230318,1.1215,1.97,95,before
172282,20230318,1.1407,1.95,98,before
172283,20230318,1.1105,1.41,103,before
172285,20230318,1.1106,1.9,119,before
172286,20230318,1.2021,1.22,151,before
172287,20230318,1.1066,1.16,101,before
172288,20230318,1.0632,1.19,100,before
172289,20230318,1.0568,1.26,96,before
172290,20230318,1.101,1.47,96,before
172492,20230319,1.0031,1.48,100,before
172493,20230319,1.0033,1.69,139,before
172494,20230319,1.0747,1.23,117,before
172495,20230319,1.0022,1.27,109,before
172496,20230319,1.0028,1.82,151,before
172497,20230319,1.003,1.63,146,before
172498,20230319,1.0044,1.44,122,before
172499,20230319,1.0067,1.56,152,before
172500,20230319,1.0159,1.53,123,before
172501,20230319,1.0088,1.47,120,before
172502,20230319,1.0031,1.57,145,before
172503,20230319,1.0015,1.67,155,before
172504,20230319,1.0092,1.98,162,before
172505,20230319,1.0149,1.31,100,before
173014,20230323,1.2737,2.15,169,before
173015,20230323,1.2787,,169,before
173016,20230323,1.2975,2.56,269,before
173017,20230323,1.2894,,269,before
173018,20230323,1.2811,2.01,225,before
173019,20230323,1.2786,,224,before
173020,20230323,1.2749,2.45,252,before
173021,20230323,1.2754,,254,before
173119,20230324,1.0856,1.6,105,before
173137,20230324,1.303,1.06,98,before
173138,20230324,1.3156,,98,before
173139,20230324,1.2782,1.64,95,before
173140,20230324,1.2792,,97,before
173141,20230324,1.2896,1.17,100,before
173142,20230324,1.2438,1.2,95,before
173143,20230324,1.1066,0.92,98,before
173144,20230324,1.1246,0.85,97,before
173145,20230324,1.0974,0.89,99,before
173146,20230324,1.1059,1.09,99,before
173147,20230324,1.1027,0.95,98,before
173148,20230324,1.0192,1.0,98,before
173149,20230324,1.1104,0.99,97,before
173150,20230324,1.0664,1.0,245,before
173151,20230324,1.0495,0.96,172,before
173247,20230325,1.0681,1.46,100,before
173248,20230325,1.0527,1.53,99,before
173249,20230325,1.1448,1.32,98,before
173250,20230325,1.1132,,98,before
173255,20230325,1.0901,1.89,100,before
173260,20230325,1.3135,2.03,98,before
173261,20230325,1.3142,,99,before
173262,20230325,1.3316,,95,before
173263,20230325,1.0786,1.64,99,before
173264,20230325,1.0784,,98,before
173265,20230325,1.0896,,95,before
173266,20230325,1.1053,1.48,148,before
173267,20230325,1.0699,1.68,100,before
173268,20230325,1.0803,,100,before
173269,20230325,1.0424,2.82,171,before
173270,20230325,1.0422,1.48,206,before
173271,20230325,1.0292,1.99,145,before
173369,20230326,1.0994,1.06,100,before
173371,20230326,1.1813,0.98,100,before
173372,20230326,1.1699,1.25,100,before
173373,20230326,1.1271,0.91,99,before
173374,20230326,1.1432,0.93,98,before
173375,20230326,1.1277,1.06,100,before
173376,20230326,1.1191,1.08,99,before
173377,20230326,1.1226,1.11,99,before
173378,20230326,1.1172,0.94,99,before
173379,20230326,1.0935,1.16,99,before
173380,20230326,1.106,1.42,99,before
173381,20230326,1.0958,,99,before
173382,20230326,1.0806,1.34,97,before
173383,20230326,1.0766,,99,before
173384,20230326,1.0909,1.99,219,before
173385,20230326,1.0637,1.75,142,before
173386,20230326,1.0642,1.8,121,before
173387,20230326,1.0616,1.71,155,before
173388,20230326,1.0812,1.94,183,before
173389,20230326,1.086,1.68,164,before
173390,20230326,1.1189,1.71,167,before
173391,20230326,1.2636,1.87,235,before
173392,20230326,1.301,1.36,97,before
173393,20230326,1.3224,,97,before
173394,20230326,1.0733,1.19,99,before
173395,20230326,1.085,1.0,99,before
173396,20230326,1.0883,1.04,98,before
173397,20230326,1.1195,1.02,101,before
173398,20230326,1.0352,1.06,175,before
173399,20230326,1.0238,1.05,206,before
173496,20230327,1.109,1.23,104,before
173497,20230327,1.1031,0.99,99,before
173498,20230327,1.1396,0.97,95,before
173499,20230327,1.1474,1.0,98,before
173500,20230327,1.0958,0.97,100,before
173501,20230327,1.111,0.99,96,before
173502,20230327,1.0742,0.87,99,before
173503,20230327,1.0589,0.96,98,before
173504,20230327,1.0991,0.84,99,before
173505,20230327,1.0722,1.03,97,before
173506,20230327,1.0681,1.0,97,before
173507,20230327,1.0759,1.05,95,before
173508,20230327,1.0689,,93,before
173509,20230327,1.0658,1.03,98,before
173510,20230327,1.0624,0.99,99,before
173511,20230327,1.0461,0.88,95,before
173512,20230327,1.0579,1.01,93,before
173513,20230327,1.0788,0.93,100,before
173514,20230327,1.059,0.93,94,before
173515,20230327,1.0665,0.9,97,before
173516,20230327,1.0808,0.94,99,before
173517,20230327,1.0593,0.96,96,before
173518,20230327,1.0576,0.84,100,before
173519,20230327,1.0468,0.97,100,before
173520,20230327,1.0505,0.88,98,before
173521,20230327,1.039,0.88,98,before
173522,20230327,1.0573,0.87,96,before
173523,20230327,1.0485,0.82,99,before
173524,20230327,1.1009,0.89,102,before
173525,20230327,1.0745,0.92,100,before
173526,20230327,1.0668,0.83,99,before
173527,20230327,1.0124,0.85,204,before
173528,20230327,1.0165,0.82,167,before
173647,20230328,1.3449,1.1,128,before
173648,20230328,1.2134,1.16,106,before
173649,20230328,1.1581,,106,before
173650,20230328,1.154,1.74,103,before
173651,20230328,1.0839,1.48,99,before
173652,20230328,1.1164,1.59,114,before
173653,20230328,1.0738,1.09,96,before
173654,20230328,1.0417,1.21,95,before
173655,20230328,1.0919,1.05,96,before
173656,20230328,1.1122,1.1,98,before
173657,20230328,1.1086,1.08,99,before
173658,20230328,1.0986,0.93,99,before
173659,20230328,1.0821,0.91,98,before
173660,20230328,1.086,1.02,99,before
173661,20230328,1.111,0.93,98,before
173662,20230328,1.1105,1.03,98,before
173663,20230328,1.0534,0.93,99,before
173664,20230328,1.0802,1.07,97,before
173665,20230328,1.0607,0.89,95,before
173666,20230328,1.0852,0.85,98,before
173667,20230328,1.0666,0.97,94,before
173668,20230328,1.0911,0.98,99,before
173669,20230328,1.0696,1.04,100,before
173671,20230328,1.274,0.94,98,before
173672,20230328,1.2716,0.81,97,before
173673,20230328,1.2774,0.91,96,before
173674,20230328,1.0594,0.88,99,before
173675,20230328,1.0563,0.88,100,before
173676,20230328,1.0398,0.87,100,before
173677,20230328,1.0865,0.95,97,before
173678,20230328,1.0902,1.16,98,before
173679,20230328,1.0793,0.98,98,before
173680,20230328,1.0378,0.99,98,before
173681,20230328,1.1154,1.05,100,before
173682,20230328,1.1036,0.85,97,before
173683,20230328,1.0456,0.82,98,before
173684,20230328,1.095,0.82,98,before
173685,20230328,1.096,1.03,99,before
173686,20230328,1.0725,1.05,239,before
173687,20230328,1.0591,1.12,244,before
173787,20230329,1.4867,1.11,120,before
173788,20230329,1.3294,1.34,98,before
173789,20230329,1.316,1.38,101,before
174253,20230331,1.6575,1.08,98,before
174254,20230331,1.6143,,99,before
174255,20230331,1.5495,1.04,102,before
174256,20230331,1.7927,1.14,174,before
174258,20230331,1.7626,1.21,149,before
174259,20230331,1.6454,,150,before
174260,20230331,1.335,1.15,106,before
174261,20230331,1.3153,1.05,180,before
174262,20230331,1.2169,1.05,119,before
174263,20230331,1.1292,0.92,97,before
174264,20230331,1.1316,1.05,106,before
174265,20230331,1.3365,1.11,96,before
174267,20230331,1.0974,0.93,126,before
174268,20230331,1.0434,0.92,103,before
174269,20230331,1.0256,0.88,99,before
174270,20230331,1.0365,0.92,121,before
174272,20230331,1.0683,1.19,160,before
174273,20230331,1.1,0.96,232,before
174274,20230331,1.0461,0.92,117,before
174275,20230331,1.07,1.02,155,before
174276,20230331,1.0446,0.94,146,before
174277,20230331,1.1026,0.94,95,before
174278,20230331,1.1017,,96,before
174279,20230331,1.0983,1.0,98,before
174280,20230331,1.1007,,98,before
174281,20230331,1.0986,0.95,97,before
174282,20230331,1.1093,,96,before
174283,20230331,1.1034,1.02,98,before
174284,20230331,1.0795,0.92,98,before
174285,20230331,1.1098,0.84,100,before
174286,20230331,1.0743,0.81,98,before
174287,20230331,1.1286,0.87,98,before
174288,20230331,1.0886,0.75,100,before
174289,20230331,1.1223,0.82,104,before
174290,20230331,1.0594,0.8,224,before
174291,20230331,1.0441,0.77,165,before
174292,20230331,1.034,0.76,215,before
174392,20230401,1.1939,1.38,83,before
174402,20230401,1.2295,1.42,98,before
174403,20230401,1.206,,96,before
174406,20230401,1.4282,1.65,203,before
174407,20230401,1.3869,,201,before
174408,20230401,1.0331,0.99,136,before
174409,20230401,1.0476,1.08,133,before
174410,20230401,1.057,1.11,133,before
174411,20230401,1.0698,1.27,182,before
174412,20230401,1.0716,1.11,164,before
174413,20230401,1.2876,1.3,212,before
174414,20230401,1.1251,0.93,225,before
174415,20230401,1.0976,0.95,183,before
174416,20230401,1.2297,0.94,99,before
174417,20230401,1.2358,,99,before
174419,20230401,1.0987,1.47,196,before
174420,20230401,1.0445,0.96,212,before
174421,20230401,1.0334,0.84,184,before
174422,20230401,1.1096,1.35,97,before
174423,20230401,1.042,1.08,214,before
174424,20230401,1.0349,1.4,237,before
174426,20230401,1.1078,1.41,104,before
174427,20230401,1.0764,1.07,97,before
174428,20230401,1.0184,1.11,184,before
174429,20230401,1.0161,0.96,159,before
174530,20230402,1.1211,1.05,98,before
174531,20230402,1.1433,0.92,98,before
174532,20230402,1.1468,0.91,100,before
174533,20230402,1.1546,0.87,97,before
174534,20230402,1.2044,1.04,104,before
174535,20230402,1.1643,1.15,96,before
174536,20230402,1.1921,0.87,97,before
174537,20230402,1.1671,0.88,106,before
174538,20230402,1.1577,0.87,100,before
174539,20230402,1.1598,0.9,97,before
174540,20230402,1.2759,0.9,102,before
174541,20230402,1.2051,0.82,98,before
174542,20230402,1.4002,1.0,97,before
174543,20230402,1.0775,0.8,98,before
174544,20230402,1.0676,0.81,97,before
174545,20230402,1.1975,0.84,96,before
174546,20230402,1.322,0.81,97,before
174547,20230402,1.0472,0.89,97,before
174548,20230402,1.0442,,97,before
174549,20230402,1.0231,0.89,104,before
174550,20230402,1.0017,0.85,104,before
174551,20230402,1.002,0.79,106,before
174552,20230402,1.0036,0.84,115,before
174553,20230402,1.0484,0.85,125,before
174554,20230402,1.0617,0.81,126,before
174555,20230402,1.1243,0.8,218,before
174556,20230402,1.2805,0.83,210,before
174557,20230402,1.2433,0.82,96,before
174558,20230402,1.2432,,97,before
174559,20230402,1.2581,,97,before
174561,20230402,1.0197,1.07,198,before
174562,20230402,1.0157,0.8,159,before
174563,20230402,1.048,0.96,99,before
174564,20230402,1.0747,0.99,99,before
174566,20230402,1.0077,0.97,181,before
174567,20230402,1.0052,0.87,179,before
175091,20230405,1.0289,1.09,89,before
175092,20230405,1.0328,0.98,99,before
175093,20230405,1.0302,0.84,100,before
175094,20230405,1.0327,0.83,101,before
175095,20230405,1.0339,0.95,98,before
175096,20230405,1.033,0.89,98,before
175097,20230405,1.1236,0.93,104,before
175098,20230405,1.0958,0.99,97,before
175099,20230405,1.1195,0.83,97,before
175100,20230405,1.0771,0.89,130,before
175101,20230405,1.0718,0.85,106,before
175102,20230405,1.0437,0.83,133,before
175103,20230405,1.0261,0.83,106,before
175111,20230405,1.0002,0.79,179,before
175112,20230405,1.0386,0.75,215,before
175224,20230406,1.0727,1.01,96,before
175225,20230406,1.045,1.04,108,before
175226,20230406,1.0358,0.93,102,before
175227,20230406,1.0167,0.97,101,before
175228,20230406,1.0096,0.91,98,before
175229,20230406,1.0085,0.84,100,before
175230,20230406,1.0133,0.84,98,before
175231,20230406,1.0195,0.85,102,before
175232,20230406,1.0225,0.85,98,before
175233,20230406,1.0028,0.95,110,before
175234,20230406,1.0224,0.84,99,before
175235,20230406,1.0247,0.78,102,before
175236,20230406,1.0227,0.83,104,before
175237,20230406,1.0418,0.82,98,before
175238,20230406,1.1563,0.85,97,before
175239,20230406,1.1904,0.92,100,before
175240,20230406,1.2297,0.86,99,before
175241,20230406,1.1842,0.92,97,before
175243,20230406,1.1103,0.83,99,before
175244,20230406,1.0349,0.86,104,before
175245,20230406,1.0923,0.8,98,before
175246,20230406,1.065,0.82,122,before
175247,20230406,1.039,0.82,110,before
175248,20230406,1.023,0.8,103,before
175249,20230406,1.0114,0.85,132,before
175250,20230406,1.0088,0.8,129,before
175251,20230406,1.0177,0.83,101,before
175252,20230406,1.0043,0.82,132,before
175253,20230406,1.0035,0.85,162,before
175254,20230406,1.0013,0.84,213,before
175255,20230406,1.0269,0.81,187,before
175256,20230406,1.0144,0.85,231,before
175257,20230406,1.0064,0.89,189,before
175258,20230406,1.0081,0.83,148,before
175365,20230407,1.1311,1.4,100,before
175366,20230407,1.1261,1.67,99,before
175368,20230407,1.0877,1.69,99,before
175384,20230407,1.005,1.05,96,before
175385,20230407,1.008,0.88,115,before
175386,20230407,1.0043,0.87,128,before
175387,20230407,1.0053,0.87,124,before
175388,20230407,1.0063,0.87,104,before
175389,20230407,1.1453,0.97,99,before
175390,20230407,1.1754,0.83,98,before
175391,20230407,1.2177,0.87,94,before
175392,20230407,1.0056,0.88,100,before
175393,20230407,1.0109,,100,before
175394,20230407,1.0569,0.86,98,before
175395,20230407,1.0423,0.83,106,before
175396,20230407,1.0725,0.89,101,before
175397,20230407,1.0537,0.84,99,before
175398,20230407,1.0137,0.83,101,before
175399,20230407,1.0233,0.85,98,before
175400,20230407,1.0004,0.79,184,before
175401,20230407,1.0048,0.82,142,before
175402,20230407,1.0062,0.8,166,before
175403,20230407,1.0186,0.81,118,before
175404,20230407,1.0201,0.81,143,before
175405,20230407,1.0134,0.79,102,before
175406,20230407,1.0081,0.81,114,before
175505,20230408,1.0934,1.11,100,before
175506,20230408,1.1497,1.35,95,before
175507,20230408,1.081,1.67,107,before
175508,20230408,1.0706,1.91,104,before
175509,20230408,1.057,1.61,95,before
175510,20230408,1.0681,1.2,101,before
175514,20230408,1.0648,1.29,118,before
175515,20230408,1.0933,1.28,107,before
175528,20230408,1.003,1.18,108,before
175529,20230408,1.0064,1.07,135,before
175530,20230408,1.0839,1.02,104,before
175531,20230408,1.0991,0.91,100,before
175532,20230408,1.0865,1.07,97,before
175533,20230408,1.0303,0.83,99,before
175534,20230408,1.0175,0.94,100,before
175535,20230408,1.0325,,100,before
175536,20230408,1.0345,0.82,101,before
175537,20230408,1.0186,0.82,96,before
175538,20230408,1.0385,0.88,100,before
175539,20230408,1.0136,0.89,190,before
175540,20230408,1.0071,0.89,155,before
175637,20230409,1.0842,1.24,96,before
175638,20230409,1.0512,1.26,99,before
175639,20230409,1.1028,1.47,96,before
175648,20230409,1.296,1.05,95,before
175649,20230409,1.2974,,96,before
175650,20230409,1.262,1.12,98,before
175651,20230409,1.2559,,99,before
175652,20230409,1.2632,,99,before
175653,20230409,1.0541,1.04,135,before
175654,20230409,1.0581,1.09,171,before
175655,20230409,1.0348,1.12,135,before
175656,20230409,1.0365,1.1,117,before
175657,20230409,1.0245,1.13,105,before
175658,20230409,1.0118,1.05,104,before
175659,20230409,1.0065,0.98,101,before
175660,20230409,1.0123,1.01,139,before
175661,20230409,1.0156,0.98,118,before
175662,20230409,1.0097,0.99,114,before
175663,20230409,1.1336,1.1,97,before
175664,20230409,1.1485,1.04,95,before
175665,20230409,1.0089,0.95,97,before
175666,20230409,1.0205,,96,before
175667,20230409,1.0023,0.92,147,before
175668,20230409,1.0546,0.96,96,before
175669,20230409,1.0273,0.95,97,before
175670,20230409,1.0165,0.92,116,before
175671,20230409,1.0118,0.98,113,before
175768,20230410,1.1158,1.16,99,before
175769,20230410,1.0918,1.23,108,before
175770,20230410,1.1025,2.01,99,before
175771,20230410,1.0807,,98,before
175781,20230410,1.1022,1.06,100,before
175782,20230410,1.0736,0.92,88,before
175783,20230410,1.1045,1.16,98,before
175784,20230410,1.1108,,98,before
175787,20230410,1.0937,1.04,97,before
175788,20230410,1.103,,96,before
175789,20230410,1.1074,1.53,184,before
175790,20230410,1.0696,1.15,207,before
175791,20230410,1.041,1.06,242,before
175792,20230410,1.0308,1.31,238,before
175793,20230410,1.0279,1.13,197,before
175794,20230410,1.0001,1.19,207,before
175795,20230410,1.0075,1.23,179,before
175796,20230410,1.0044,1.08,173,before
175797,20230410,1.013,1.22,165,before
175798,20230410,1.0082,1.0,124,before
175799,20230410,1.0142,1.01,220,before
175800,20230410,1.0103,1.0,154,before
175899,20230411,1.0882,1.25,110,before
175900,20230411,1.0757,1.28,98,before
175901,20230411,1.0839,1.17,105,before
175902,20230411,1.0723,1.17,97,before
175911,20230411,1.0999,0.94,99,before
175912,20230411,1.0695,0.9,100,before
175913,20230411,1.0535,0.9,96,before
175914,20230411,1.0762,0.89,100,before
175915,20230411,1.082,0.89,98,before
175916,20230411,1.0851,0.97,99,before
175917,20230411,1.0679,0.84,100,before
175931,20230411,1.0189,0.77,111,before
175932,20230411,1.087,0.82,96,before
175933,20230411,1.0903,0.86,99,before
175934,20230411,1.1011,0.86,99,before
175935,20230411,1.1165,,98,before
175936,20230411,1.0792,0.91,100,before
175937,20230411,1.0207,0.81,98,before
175938,20230411,1.0338,0.82,99,before
175939,20230411,1.0425,0.89,250,before
176040,20230412,1.1225,1.15,118,before
176041,20230412,1.095,1.33,101,before
176042,20230412,1.0512,1.43,103,before
176043,20230412,1.0326,,103,before
176044,20230412,1.1604,1.97,103,before
176045,20230412,1.0685,1.73,117,before
176204,20230413,1.0605,1.53,97,before
176205,20230413,1.059,1.56,99,before
176206,20230413,1.0301,1.69,96,before
176207,20230413,1.039,2.04,101,before
176208,20230413,1.1079,2.2,113,before
176209,20230413,1.0659,1.76,155,before
176210,20230413,1.0259,1.55,99,before
176211,20230413,1.012,1.65,100,before
176212,20230413,1.0151,1.49,99,before
176213,20230413,1.0157,1.63,97,before
176214,20230413,1.0163,1.69,99,before
176215,20230413,1.0205,2.08,111,before
176216,20230413,1.0211,2.74,102,before
176217,20230413,1.0076,2.03,104,before
176218,20230413,1.0139,2.28,116,before
176219,20230413,1.0084,2.0,118,before
176220,20230413,1.0187,2.0,121,before
176221,20230413,1.0271,1.64,107,before
176222,20230413,1.0065,1.84,119,before
176223,20230413,1.011,1.57,97,before
176224,20230413,1.1235,1.3,106,before
176225,20230413,1.1682,1.76,103,before
176226,20230413,1.1054,1.82,104,before
176227,20230413,1.0032,2.55,123,before
176228,20230413,1.0082,2.01,117,before
176229,20230413,1.0078,1.77,117,before
176230,20230413,1.0068,1.67,109,before
176231,20230413,1.0063,1.56,96,before
176232,20230413,1.0013,1.97,100,before
176233,20230413,1.011,,100,before
176234,20230413,1.0077,1.44,141,before
176235,20230413,1.0024,1.43,189,before
176236,20230413,1.0143,1.91,103,before
176237,20230413,1.019,1.73,98,before
176238,20230413,1.0353,1.92,100,before
176239,20230413,1.027,1.58,109,before
176240,20230413,1.0136,1.24,117,before
176241,20230413,1.0038,1.89,175,before
176242,20230413,1.0091,1.46,146,before
176243,20230413,1.0129,1.53,107,before
176341,20230414,1.1011,1.06,99,before
176342,20230414,1.0782,1.17,105,before
176343,20230414,1.1004,1.01,96,before
176350,20230414,1.307,1.31,96,before
176351,20230414,1.2931,,96,before
176354,20230414,1.091,1.41,98,before
176355,20230414,1.0831,0.94,99,before
176356,20230414,1.2637,1.05,96,before
176357,20230414,1.0836,0.92,98,before
176358,20230414,1.0894,0.87,98,before
176359,20230414,1.2947,1.03,99,before
176360,20230414,1.2837,1.02,98,before
176361,20230414,1.2631,0.96,95,before
176362,20230414,1.2512,1.48,94,before
176363,20230414,1.2647,1.12,99,before
176364,20230414,1.1245,1.02,100,before
176365,20230414,1.1057,0.92,101,before
176366,20230414,1.1028,0.99,101,before
176367,20230414,1.0985,0.99,98,before
176368,20230414,1.121,0.99,103,before
176369,20230414,1.0404,0.91,98,before
176370,20230414,1.0235,0.93,220,before
176371,20230414,1.0153,0.8,183,before
176372,20230414,1.0097,0.88,136,before
176469,20230415,1.0558,1.29,104,before
176470,20230415,1.0852,1.48,116,before
176471,20230415,1.0855,1.36,99,before
176479,20230415,1.0773,0.93,158,before
176480,20230415,1.0873,0.95,97,before
176481,20230415,1.0716,0.84,99,before
176482,20230415,1.0532,0.86,99,before
176483,20230415,1.0552,0.97,97,before
176484,20230415,1.057,0.91,97,before
176485,20230415,1.0433,0.82,93,before
176486,20230415,1.063,0.89,98,before
176487,20230415,1.0866,0.94,97,before
176488,20230415,1.0694,0.84,99,before
176489,20230415,1.0763,0.89,98,before
176490,20230415,1.1336,0.9,99,before
176491,20230415,1.0769,0.84,97,before
176493,20230415,1.0705,0.81,99,before
176494,20230415,1.0634,0.79,98,before
176495,20230415,1.0696,0.78,100,before
176496,20230415,1.0584,0.76,99,before
176497,20230415,1.0648,0.77,99,before
176498,20230415,1.0611,0.77,98,before
176499,20230415,1.067,0.76,98,before
176500,20230415,1.091,0.79,101,before
176501,20230415,1.1116,0.81,100,before
176502,20230415,1.1052,0.78,97,before
176504,20230415,1.0214,0.8,151,before
176505,20230415,1.0134,0.78,120,before
176602,20230416,1.0536,1.02,111,before
176603,20230416,1.0442,1.15,96,before
176606,20230416,1.1143,1.21,99,before
176607,20230416,1.1136,1.36,97,before
176608,20230416,1.1025,,98,before
176609,20230416,1.102,1.47,150,before
176610,20230416,1.0954,1.53,98,before
176612,20230416,1.0536,2.15,134,before
176613,20230416,1.0625,2.29,175,before
176614,20230416,1.0445,1.81,99,before
176615,20230416,1.0498,1.72,161,before
176616,20230416,1.0522,1.51,189,before
176617,20230416,1.0558,1.12,143,before
176618,20230416,1.0341,1.21,97,before
176619,20230416,1.0439,1.0,97,before
176620,20230416,1.0673,0.95,98,before
176621,20230416,1.0714,1.17,98,before
176622,20230416,1.0589,0.98,99,before
176623,20230416,1.0427,0.85,98,before
176624,20230416,1.0479,0.98,97,before
176625,20230416,1.0335,1.07,99,before
176626,20230416,1.0534,0.97,98,before
176627,20230416,1.0523,1.21,96,before
176628,20230416,1.0456,1.07,100,before
176629,20230416,1.0714,0.95,97,before
176630,20230416,1.0716,1.01,98,before
176631,20230416,1.0675,0.87,98,before
176632,20230416,1.0087,0.87,109,before
176633,20230416,1.0293,0.87,146,before
176634,20230416,1.0199,0.88,116,before
176731,20230417,1.0361,1.12,99,before
176732,20230417,1.1224,1.47,137,before
176733,20230417,1.054,1.37,104,before
176734,20230417,1.1062,1.34,95,before
176735,20230417,1.0814,,97,before
176736,20230417,1.0852,1.48,95,before
176737,20230417,1.0735,,95,before
176738,20230417,1.0529,1.21,94,before
176739,20230417,1.0397,,96,before
176740,20230417,1.0239,1.12,99,before
176741,20230417,1.0168,1.06,97,before
176742,20230417,1.0078,1.6,99,before
176743,20230417,1.0026,1.08,100,before
176744,20230417,1.0009,0.98,99,before
176745,20230417,1.0004,1.11,96,before
176746,20230417,1.0016,0.98,100,before
176747,20230417,1.0083,2.22,98,before
176748,20230417,1.0035,1.07,99,before
176749,20230417,1.0045,1.71,98,before
176750,20230417,1.0159,,98,before
176751,20230417,1.0227,1.52,110,before
176752,20230417,1.0054,1.96,97,before
176754,20230417,1.0097,2.03,141,before
176755,20230417,1.0227,1.38,110,before
176756,20230417,1.0153,2.05,99,before
176757,20230417,1.0195,1.77,99,before
176758,20230417,1.0254,1.36,99,before
176759,20230417,1.0342,1.16,98,before
176760,20230417,1.0419,1.92,98,before
176859,20230418,1.0418,1.31,103,before
176860,20230418,1.0542,1.23,100,before
176861,20230418,1.0519,1.27,99,before
176863,20230418,1.0748,1.2,99,before
176864,20230418,1.099,1.14,99,before
176865,20230418,1.1127,0.95,97,before
176866,20230418,1.0744,1.17,96,before
176867,20230418,1.0696,0.95,99,before
176868,20230418,1.0704,1.04,99,before
176869,20230418,1.0522,0.94,97,before
176870,20230418,1.0326,1.13,99,before
176871,20230418,1.0195,0.96,96,before
176872,20230418,1.012,0.87,98,before
176873,20230418,1.0216,1.21,97,before
176874,20230418,1.0146,0.81,100,before
176875,20230418,1.024,0.83,98,before
176876,20230418,1.0351,0.9,98,before
176877,20230418,1.001,0.98,98,before
176878,20230418,1.0087,0.8,98,before
176879,20230418,1.0138,0.96,99,before
176880,20230418,1.0193,1.11,95,before
176881,20230418,1.0147,0.97,99,before
176882,20230418,1.0259,0.92,95,before
176883,20230418,1.0222,1.04,96,before
176884,20230418,1.0461,1.06,99,before
176885,20230418,1.0413,1.11,97,before
176886,20230418,1.0253,0.97,96,before
176887,20230418,1.0407,1.17,99,before
176888,20230418,1.0274,0.99,130,before
176889,20230418,1.0615,1.17,97,before
176991,20230419,1.0619,1.32,103,before
176993,20230419,1.0273,,118,before
176994,20230419,1.0938,1.24,95,before
176995,20230419,1.0784,,92,before
176996,20230419,1.0888,1.2,107,before
176997,20230419,1.1084,1.17,102,before
177000,20230419,1.2781,1.27,97,before
177002,20230419,1.0543,1.39,161,before
177004,20230419,1.0392,1.4,125,before
177005,20230419,1.04,1.22,153,before
177006,20230419,1.3002,1.22,266,before
177009,20230419,1.0063,1.08,96,before
177010,20230419,1.1016,1.17,192,before
177011,20230419,1.1053,1.28,209,before
177015,20230419,1.0724,1.38,197,before
177017,20230419,1.0389,1.1,173,before
177018,20230419,1.0288,1.16,163,before
177019,20230419,1.0184,0.94,114,before
177021,20230419,1.0419,1.04,97,before
177024,20230419,1.0234,0.87,99,before
177127,20230420,1.0245,1.08,103,before
177128,20230420,1.0853,1.17,108,before
177129,20230420,1.0393,1.11,115,before
177130,20230420,1.0813,1.04,99,before
177131,20230420,1.0798,1.06,99,before
177132,20230420,1.0857,0.98,99,before
177133,20230420,1.068,0.94,95,before
177134,20230420,1.0774,0.95,99,before
177135,20230420,1.0552,0.91,97,before
177136,20230420,1.2887,0.91,97,before
177137,20230420,1.3087,0.94,100,before
177138,20230420,1.3041,1.03,100,before
177139,20230420,1.3091,0.9,98,before
177140,20230420,1.0298,0.84,95,before
177141,20230420,1.0194,0.82,97,before
177142,20230420,1.0108,0.82,98,before
177143,20230420,1.0059,0.94,99,before
177144,20230420,1.0021,0.93,98,before
177145,20230420,1.0023,1.1,95,before
177146,20230420,1.0016,0.93,99,before
177147,20230420,1.0093,1.08,98,before
177148,20230420,1.0169,1.06,98,before
177149,20230420,1.0245,0.99,99,before
177150,20230420,1.0354,1.0,99,before
177151,20230420,1.0325,0.96,99,before
177152,20230420,1.0323,1.17,97,before
177153,20230420,1.0361,1.15,98,before
177154,20230420,1.0459,1.0,100,before
177155,20230420,1.0597,1.04,98,before
177156,20230420,1.0799,1.11,96,before
177157,20230420,1.0826,0.96,215,before
177158,20230420,1.0214,0.87,134,before
177256,20230421,1.0215,0.91,102,before
177257,20230421,1.04,0.76,100,before
177258,20230421,1.0552,0.83,100,before
177259,20230421,1.2949,0.87,97,before
177260,20230421,1.3191,1.01,99,before
177261,20230421,1.2957,1.03,99,before
177262,20230421,1.2953,1.13,97,before
177263,20230421,1.2811,,97,before
177264,20230421,1.0581,1.05,97,before
177265,20230421,1.0516,1.02,99,before
177266,20230421,1.0374,0.9,99,before
177267,20230421,1.0206,0.89,94,before
177268,20230421,1.0178,0.85,96,before
177269,20230421,1.0102,0.94,99,before
177270,20230421,1.0012,0.89,99,before
177271,20230421,1.0078,0.87,97,before
177272,20230421,1.0262,0.81,99,before
177273,20230421,1.2871,0.94,99,before
177274,20230421,1.297,1.05,100,before
177275,20230421,1.0593,0.89,95,before
177276,20230421,1.0313,0.89,97,before
177277,20230421,1.0074,0.87,97,before
177278,20230421,1.0091,0.8,98,before
177279,20230421,1.0245,0.82,98,before
177280,20230421,1.0136,0.82,99,before
177281,20230421,1.0148,0.74,99,before
177282,20230421,1.0144,0.77,99,before
177283,20230421,1.042,0.84,100,before
177284,20230421,1.0282,0.82,101,before
177285,20230421,1.0513,0.82,96,before
177286,20230421,1.1022,0.99,97,before
177287,20230421,1.089,0.94,97,before
177289,20230421,1.0871,0.84,114,before
177290,20230421,1.0516,0.79,101,before
177390,20230422,1.0204,1.03,99,before
177391,20230422,1.0279,0.88,101,before
177392,20230422,1.0225,0.75,100,before
177393,20230422,1.0267,0.73,99,before
177394,20230422,1.0282,0.78,99,before
177395,20230422,1.0384,0.84,98,before
177396,20230422,1.0271,0.82,99,before
177397,20230422,1.0279,0.89,100,before
177398,20230422,1.0288,0.85,99,before
177399,20230422,1.0367,0.79,96,before
177400,20230422,1.0205,0.78,95,before
177401,20230422,1.0125,0.81,98,before
177402,20230422,1.006,0.82,97,before
177403,20230422,1.0006,0.91,100,before
177404,20230422,1.002,0.8,95,before
177405,20230422,1.0061,0.85,100,before
177406,20230422,1.027,0.98,91,before
177419,20230422,1.0443,0.81,220,before
177420,20230422,1.0615,0.8,99,before
177421,20230422,1.0489,0.76,95,before
177423,20230422,1.009,0.78,198,before
177424,20230422,1.0479,0.74,208,before
177428,20230422,1.0324,0.78,134,before
177527,20230423,1.0249,1.2,96,before
177528,20230423,1.0313,0.99,100,before
177529,20230423,1.0314,1.0,100,before
177530,20230423,1.0226,1.45,97,before
177531,20230423,1.0106,,99,before
177532,20230423,1.0039,,98,before
177533,20230423,1.0815,1.7,104,before
177534,20230423,1.054,1.57,103,before
177535,20230423,1.0775,1.26,117,before
177536,20230423,1.2999,1.16,146,before
177537,20230423,1.0327,1.12,96,before
177538,20230423,1.0198,1.0,92,before
177539,20230423,1.0142,1.0,99,before
177540,20230423,1.0231,1.15,99,before
177541,20230423,1.016,0.94,96,before
177542,20230423,1.0038,0.99,99,before
177543,20230423,1.0051,0.86,100,before
177544,20230423,1.0118,1.0,97,before
177545,20230423,1.0133,1.24,98,before
177546,20230423,1.0076,1.04,96,before
177547,20230423,1.0227,1.6,95,before
177548,20230423,1.0692,1.24,118,before
177549,20230423,1.0626,1.56,125,before
177550,20230423,1.044,1.23,124,before
177551,20230423,1.0119,1.26,98,before
177552,20230423,1.0242,1.26,95,before
177553,20230423,1.0249,1.29,98,before
177554,20230423,1.0422,1.26,97,before
177555,20230423,1.0278,1.18,99,before
177556,20230423,1.0395,,99,before
177557,20230423,1.0339,1.3,99,before
177558,20230423,1.027,1.27,97,before
177559,20230423,1.0603,1.76,117,before
177560,20230423,1.0365,1.37,113,before
177657,20230424,1.051,1.22,94,before
177658,20230424,1.0186,1.04,97,before
177659,20230424,1.0278,1.08,99,before
177660,20230424,1.0721,1.25,98,before
177661,20230424,1.0792,1.48,114,before
177662,20230424,1.0517,1.45,98,before
177663,20230424,1.0723,1.66,97,before
177664,20230424,1.0476,2.17,99,before
177665,20230424,1.0366,2.2,105,before
177666,20230424,1.0373,1.39,111,before
177667,20230424,1.0648,1.22,183,before
177668,20230424,1.0381,1.27,130,before
177669,20230424,1.0172,1.24,97,before
177670,20230424,1.0177,,98,before
177671,20230424,1.0059,1.35,106,before
177672,20230424,1.0237,1.31,99,before
177673,20230424,1.0159,1.15,96,before
177674,20230424,1.0079,1.28,99,before
177675,20230424,1.0125,1.12,98,before
177676,20230424,1.0199,,98,before
177677,20230424,1.0214,1.19,98,before
177678,20230424,1.0207,1.12,98,before
177679,20230424,1.0444,1.06,98,before
177680,20230424,1.0572,0.95,99,before
177681,20230424,1.0696,0.95,99,before
177682,20230424,1.0451,0.88,97,before
177683,20230424,1.0728,0.87,100,before
177684,20230424,1.0682,1.0,95,before
177685,20230424,1.0581,0.95,98,before
177686,20230424,1.0424,0.91,98,before
177688,20230424,1.0726,0.9,102,before
178200,20230429,1.2045,1.53,69,before
178201,20230429,1.4573,1.03,69,before
178202,20230429,1.3617,0.98,72,before
178203,20230429,1.2882,1.32,69,before
178204,20230429,1.1902,1.12,71,before
178205,20230429,1.2228,1.0,75,before
178206,20230429,1.17,1.07,79,before
178207,20230429,1.4168,1.06,72,before
178208,20230429,1.2605,1.12,72,before
178209,20230429,1.2079,1.12,81,before
178210,20230429,1.0392,1.01,83,before
178211,20230429,1.0407,0.94,75,before
178212,20230429,1.042,0.95,76,before
178213,20230429,1.0612,0.94,80,before
178214,20230429,1.0755,0.94,144,before
178215,20230429,1.0391,0.87,78,before
178216,20230429,1.0422,0.88,79,before
178217,20230429,1.0324,0.81,77,before
178218,20230429,1.0084,0.95,78,before
178219,20230429,1.0246,0.79,74,before
178220,20230429,1.0321,,75,before
178221,20230429,1.0591,0.94,127,before
178222,20230429,1.0446,0.85,91,before
178223,20230429,1.0194,0.83,134,before
178224,20230429,1.0826,0.87,73,before
178225,20230429,1.0794,0.8,72,before
178226,20230429,1.0552,0.79,70,before
178227,20230429,1.0172,0.82,73,before
178228,20230429,1.0506,0.86,74,before
178229,20230429,1.0622,0.91,73,before
178230,20230429,1.1126,0.79,74,before
178410,20230430,1.0556,1.08,122,before
178411,20230430,1.0324,1.24,84,before
178412,20230430,1.0075,1.13,102,before
178413,20230430,1.0112,1.26,101,before
178414,20230430,1.0237,0.97,83,before
178415,20230430,1.0167,1.07,112,before
178416,20230430,1.031,0.96,89,before
178417,20230430,1.0513,1.22,87,before
178418,20230430,1.06,,87,before
178419,20230430,1.0665,1.11,80,before
178420,20230430,1.1255,1.35,76,before
178421,20230430,1.104,1.1,72,before
178422,20230430,1.0665,1.09,73,before
178423,20230430,1.0977,1.0,73,before
178578,20230501,1.0749,1.45,92,before
178618,20230501,1.0373,1.31,95,before
178619,20230501,1.0814,1.16,108,before
178624,20230501,1.132,1.47,92,before
178625,20230501,1.2143,1.13,91,before
178626,20230501,1.1574,1.39,84,before
178742,20230502,1.0598,1.12,99,before
178743,20230502,1.0498,,99,before
178764,20230502,1.001,,126,before
178766,20230502,1.0175,1.28,106,before
178767,20230502,1.042,1.36,97,before
178768,20230502,1.0551,1.52,95,before
178769,20230502,1.0685,1.65,92,before
178770,20230502,1.0789,,92,before
178774,20230502,1.2529,1.38,96,before
179142,20230504,1.205,1.05,90,before
179294,20230505,1.0424,1.11,115,before
179305,20230505,1.001,1.1,137,before
179306,20230505,1.0012,0.99,99,before
179307,20230505,1.0343,1.0,122,before
179308,20230505,1.0635,0.85,92,before
179310,20230505,1.0475,0.92,95,before
179311,20230505,1.0591,0.89,95,before
179312,20230505,1.0858,1.29,89,before
179313,20230505,1.0757,0.81,88,before
179314,20230505,1.1004,0.81,88,before
179315,20230505,1.1352,0.8,89,before
179316,20230505,1.1709,0.87,89,before
179317,20230505,1.2169,0.8,89,before
179318,20230505,1.153,1.1,94,before
179319,20230505,1.2796,0.82,88,before
179320,20230505,1.3367,0.85,89,before
179321,20230505,1.3947,0.84,86,before
179322,20230505,1.3094,1.0,85,before
179419,20230506,1.04,0.87,89,before
179420,20230506,1.0268,1.14,87,before
179428,20230506,1.0244,1.09,95,before
179429,20230506,1.023,1.23,100,before
179434,20230506,1.0222,0.9,92,before
179435,20230506,1.0152,1.3,90,before
179436,20230506,1.0108,0.78,107,before
179437,20230506,1.0042,0.81,101,before
179438,20230506,1.0162,0.94,96,before
179439,20230506,1.0142,0.84,120,before
179440,20230506,1.1133,0.76,86,before
179441,20230506,1.1493,0.8,90,before
179442,20230506,1.2015,0.91,88,before
179443,20230506,1.2469,0.89,88,before
179444,20230506,1.3062,0.96,89,before
179445,20230506,1.3765,0.97,90,before
179446,20230506,1.308,0.92,83,before
179447,20230506,1.0779,0.8,103,before
179448,20230506,1.1104,0.89,108,before
179449,20230506,1.169,0.94,94,before
179450,20230506,1.2549,0.85,88,before
179451,20230506,1.3939,0.95,88,before
179452,20230506,1.4696,0.83,92,before
179550,20230507,1.0148,0.9,95,before
179551,20230507,1.0119,0.84,87,before
179552,20230507,1.0168,0.83,89,before
179553,20230507,1.0175,0.89,86,before
179554,20230507,1.0384,0.94,89,before
179555,20230507,1.006,1.15,90,before
179556,20230507,1.0024,1.07,89,before
179557,20230507,1.0002,,88,before
179563,20230507,1.0223,0.93,92,before
179564,20230507,1.0756,0.85,170,before
179565,20230507,1.0566,0.74,158,before
179566,20230507,1.0825,0.95,106,before
179567,20230507,1.0358,0.87,102,before
179568,20230507,1.0283,0.81,136,before
179569,20230507,1.0548,0.79,102,before
179570,20230507,1.0999,0.84,94,before
179571,20230507,1.1354,0.8,89,before
179572,20230507,1.08,0.79,87,before
179573,20230507,1.0685,0.78,88,before
179574,20230507,1.1055,0.78,89,before
179575,20230507,1.1154,,90,before
179576,20230507,1.0701,0.79,87,before
179577,20230507,1.0816,,86,before
179578,20230507,1.0418,0.75,88,before
179579,20230507,1.8341,0.95,144,before
179580,20230507,1.6976,,146,before
179581,20230507,1.5323,0.87,169,before
179710,20230508,1.0997,1.23,115,before
179711,20230508,1.1228,1.28,139,before
179712,20230508,1.0679,1.23,111,before
179713,20230508,1.0886,1.19,108,before
179714,20230508,1.0822,1.12,94,before
179715,20230508,1.0726,,97,before
179716,20230508,1.0449,1.14,125,before
179717,20230508,1.0914,1.23,100,before
179718,20230508,1.0897,,100,before
179719,20230508,1.092,1.0,96,before
179720,20230508,1.2629,1.3,97,before
179721,20230508,1.2657,,97,before
179722,20230508,1.2975,1.23,99,before
179723,20230508,1.2975,,100,before
179724,20230508,1.3093,,98,before
179725,20230508,1.2907,1.22,215,before
179726,20230508,1.0639,0.89,205,before
179727,20230508,1.05,0.86,150,before
179728,20230508,1.038,0.8,181,before
179729,20230508,1.0168,0.79,178,before
179730,20230508,1.0342,0.82,184,before
179731,20230508,1.0449,0.79,98,before
179732,20230508,1.0588,,98,before
179733,20230508,1.0486,0.77,252,before
179734,20230508,1.008,0.78,186,before
179735,20230508,1.0154,0.79,156,before
179736,20230508,1.0908,0.79,96,before
179737,20230508,1.1284,,97,before
179738,20230508,1.0292,0.82,165,before
179739,20230508,1.0427,0.79,128,before
179740,20230508,1.0737,0.79,100,before
179741,20230508,1.0655,0.84,115,before
179742,20230508,1.0936,0.81,122,before
179840,20230509,1.0876,1.1,134,before
179841,20230509,1.0163,1.02,94,before
179843,20230509,1.0158,1.18,97,before
179844,20230509,1.0058,1.46,98,before
179845,20230509,1.0005,,98,before
179846,20230509,1.002,1.74,103,before
179847,20230509,1.0166,1.62,113,before
179848,20230509,1.0099,1.32,141,before
179849,20230509,1.0087,1.04,98,before
179850,20230509,1.0004,1.41,98,before
179851,20230509,1.0015,,99,before
179852,20230509,1.0033,2.33,153,before
179853,20230509,1.0048,1.28,99,before
179854,20230509,1.0083,,98,before
179855,20230509,1.0296,1.35,121,before
179856,20230509,1.0773,1.29,108,before
179857,20230509,1.0552,1.27,115,before
179858,20230509,1.0382,1.19,133,before
179859,20230509,1.0237,1.07,136,before
179860,20230509,1.0145,1.31,138,before
179861,20230509,1.0079,1.2,123,before
179862,20230509,1.0122,1.27,103,before
179863,20230509,1.0251,1.21,105,before
179864,20230509,1.0365,1.59,124,before
179865,20230509,1.0206,1.33,129,before
179866,20230509,1.0061,1.57,138,before
179867,20230509,1.0189,1.51,144,before
179868,20230509,1.0384,1.5,127,before
179869,20230509,1.0635,1.27,120,before
179870,20230509,1.0484,1.21,116,before
179871,20230509,1.0735,1.18,108,before
179872,20230509,1.1042,1.2,109,before
179970,20230510,1.0696,1.01,116,before
179971,20230510,1.1292,0.99,146,before
179972,20230510,1.0794,0.96,99,before
179973,20230510,1.0887,1.08,100,before
179974,20230510,1.0875,1.33,90,before
179982,20230510,1.0472,1.31,147,before
179983,20230510,1.0526,1.55,94,before
179984,20230510,1.0914,1.0,96,before
179985,20230510,1.0762,1.3,98,before
179986,20230510,1.0847,,99,before
179987,20230510,1.1012,1.08,98,before
179988,20230510,1.1144,,96,before
179989,20230510,1.0956,1.0,98,before
179990,20230510,1.1198,,98,before
179991,20230510,1.0418,1.2,107,before
179992,20230510,1.032,1.22,114,before
179993,20230510,1.0676,1.45,104,before
179994,20230510,1.0951,1.07,100,before
179995,20230510,1.1279,1.14,97,before
179996,20230510,1.169,,97,before
179997,20230510,1.2103,,97,before
179998,20230510,1.1143,0.8,105,before
179999,20230510,1.085,0.87,101,before
180000,20230510,1.1393,0.74,99,before
180001,20230510,1.1805,0.76,98,before
180160,20230511,1.1034,1.49,129,before
180161,20230511,1.1215,1.41,134,before
180162,20230511,1.0783,1.13,128,before
180163,20230511,1.0923,1.11,95,before
180164,20230511,1.1039,1.33,96,before
180165,20230511,1.0932,,95,before
180166,20230511,1.2921,1.14,99,before
180167,20230511,1.2891,,97,before
180168,20230511,1.2992,1.2,96,before
180169,20230511,1.3038,,95,before
180170,20230511,1.2781,0.96,100,before
180171,20230511,1.245,0.99,100,before
180172,20230511,1.2553,1.01,98,before
180173,20230511,1.2679,,97,before
180174,20230511,1.0799,1.04,96,before
180175,20230511,1.0912,1.18,99,before
180176,20230511,1.0891,0.96,99,before
180177,20230511,1.1072,1.0,101,before
180178,20230511,1.1305,,101,before
180179,20230511,1.1153,0.95,98,before
180180,20230511,1.138,0.95,102,before
180181,20230511,1.0684,0.77,100,before
180182,20230511,1.1924,0.77,98,before
180183,20230511,1.2135,0.76,100,before
180281,20230512,1.0543,1.32,101,before
180282,20230512,1.0756,1.47,109,before
180283,20230512,1.0664,1.13,112,before
180284,20230512,1.061,1.48,99,before
180285,20230512,1.0547,,98,before
180286,20230512,1.0738,1.42,98,before
180287,20230512,1.0684,,96,before
180288,20230512,1.0711,,97,before
180289,20230512,1.0509,1.3,96,before
180290,20230512,1.0355,1.06,97,before
180291,20230512,1.0322,0.89,99,before
180292,20230512,1.045,0.91,98,before
180293,20230512,1.0545,0.94,98,before
180294,20230512,1.0577,0.95,99,before
180295,20230512,1.0635,1.0,93,before
180296,20230512,1.0476,0.85,99,before
180297,20230512,1.039,0.91,98,before
180298,20230512,1.066,0.98,99,before
180299,20230512,1.0595,1.02,97,before
180300,20230512,1.069,1.08,99,before
180301,20230512,1.0894,1.23,97,before
180302,20230512,1.1086,0.98,96,before
180303,20230512,1.1105,0.98,100,before
180304,20230512,1.141,0.86,102,before
180305,20230512,1.1765,,99,before
180306,20230512,1.2645,0.94,99,before
180484,20230513,1.0601,1.09,108,before
180485,20230513,1.0316,1.13,86,before
180486,20230513,1.0452,1.09,99,before
180487,20230513,1.0368,,98,before
180488,20230513,1.0708,1.21,97,before
180489,20230513,1.0656,,98,before
180490,20230513,1.074,0.98,99,before
180491,20230513,1.0491,1.08,98,before
180492,20230513,1.0312,1.01,95,before
180493,20230513,1.0181,0.92,95,before
180494,20230513,1.0193,0.97,99,before
180495,20230513,1.03,0.9,99,before
180496,20230513,1.0391,0.85,99,before
180497,20230513,1.0475,,98,before
180498,20230513,1.057,0.84,224,before
180499,20230513,1.0363,0.8,100,before
180500,20230513,1.0319,0.86,99,before
180501,20230513,1.0463,,98,before
180502,20230513,1.0405,0.88,99,before
180503,20230513,1.0576,,99,before
180504,20230513,1.0813,,99,before
180505,20230513,1.1376,0.93,99,before
180506,20230513,1.0382,0.89,98,before
180507,20230513,1.0591,,96,before
180508,20230513,1.0521,1.0,98,before
180509,20230513,1.1299,0.96,98,before
180510,20230513,1.1654,,99,before
180511,20230513,1.3151,1.12,100,before
180730,20230514,1.0418,1.31,101,before
180731,20230514,1.021,1.08,95,before
180732,20230514,1.0346,1.11,98,before
180733,20230514,1.0272,,97,before
180734,20230514,1.0523,1.24,94,before
180735,20230514,1.0486,,95,before
180736,20230514,1.0456,1.1,99,before
180737,20230514,1.0306,1.12,98,before
180738,20230514,1.0082,1.1,99,before
180739,20230514,1.0114,1.15,98,before
180740,20230514,1.0185,1.29,98,before
180741,20230514,1.0402,1.08,96,before
180742,20230514,1.0261,1.28,98,before
180743,20230514,1.034,1.17,96,before
180744,20230514,1.0348,1.1,94,before
180745,20230514,1.0541,,94,before
180746,20230514,1.0578,0.97,94,before
180747,20230514,1.0743,1.08,99,before
180748,20230514,1.0975,,91,before
180749,20230514,1.0882,1.02,99,before
180750,20230514,1.097,0.87,99,before
180751,20230514,1.1161,0.86,113,before
180752,20230514,1.3868,0.92,91,before
180753,20230514,1.336,1.08,89,before
180889,20230515,1.1142,0.97,212,before
180890,20230515,1.0836,1.1,97,before
180891,20230515,1.0703,0.98,98,before
180892,20230515,1.0243,1.04,234,before
180893,20230515,1.0304,0.99,241,before
180894,20230515,1.0144,0.96,165,before
180895,20230515,1.0222,,165,before
180896,20230515,1.0182,0.96,142,before
180897,20230515,1.029,0.83,136,before
180898,20230515,1.0963,0.86,98,before
180899,20230515,1.126,0.9,101,before
180900,20230515,1.1834,,101,before
180901,20230515,1.1412,1.05,113,before
181405,20230519,1.0044,1.61,122,before
181406,20230519,1.0061,1.2,112,before
181407,20230519,1.0938,1.28,98,before
181408,20230519,1.0865,1.27,97,before
181409,20230519,1.0644,1.06,100,before
181410,20230519,1.0766,1.01,93,before
181411,20230519,1.0555,1.01,97,before
181412,20230519,1.0756,1.09,96,before
181413,20230519,1.1005,1.03,103,before
181414,20230519,1.0733,1.02,97,before
181415,20230519,1.0773,0.98,98,before
181416,20230519,1.1069,0.99,98,before
181417,20230519,1.115,0.95,114,before
181418,20230519,1.1667,0.99,98,before
181419,20230519,1.1394,0.9,100,before
181420,20230519,1.1879,,102,before
181421,20230519,1.1323,0.98,98,before
181422,20230519,1.1487,0.95,95,before
181423,20230519,1.1889,0.98,102,before
181525,20230520,1.0962,1.22,144,before
181526,20230520,1.0963,1.26,99,before
181527,20230520,1.0796,1.15,98,before
181528,20230520,1.0767,1.27,97,before
181529,20230520,1.0869,1.25,99,before
181530,20230520,1.0706,1.21,96,before
181531,20230520,1.0767,1.05,100,before
181532,20230520,1.0675,1.06,98,before
181533,20230520,1.0536,1.09,99,before
181534,20230520,1.285,1.09,99,before
181535,20230520,1.3065,,99,before
181537,20230520,1.0116,1.18,162,before
181538,20230520,1.0132,1.09,161,before
181539,20230520,1.0524,1.2,98,before
181540,20230520,1.0561,0.99,98,before
181541,20230520,1.1398,1.12,102,before
181542,20230520,1.1261,0.99,105,before
181543,20230520,1.1245,0.91,105,before
181544,20230520,1.0861,0.88,98,before
181545,20230520,1.1405,0.9,110,before
181546,20230520,1.3402,0.92,94,before
181547,20230520,1.2207,0.89,109,before
181645,20230521,1.0692,1.03,117,before
181646,20230521,1.0799,1.03,139,before
181647,20230521,1.0853,1.13,98,before
181648,20230521,1.0543,1.65,98,before
181649,20230521,1.0509,,98,before
181650,20230521,1.0394,1.07,169,before
181651,20230521,1.0378,1.3,137,before
181652,20230521,1.0501,1.44,99,before
181653,20230521,1.0519,1.03,97,before
181654,20230521,1.0546,1.07,94,before
181655,20230521,1.0474,1.08,100,before
181656,20230521,1.0382,0.92,95,before
181657,20230521,1.0362,0.91,99,before
181658,20230521,1.0413,0.91,98,before
181659,20230521,1.0499,0.97,99,before
181660,20230521,1.0458,0.99,96,before
181661,20230521,1.0398,0.94,98,before
181662,20230521,1.04,0.88,98,before
181663,20230521,1.0519,0.97,99,before
181664,20230521,1.0624,0.87,101,before
181665,20230521,1.0705,0.84,99,before
181666,20230521,1.0699,0.84,100,before
181667,20230521,1.0892,0.87,99,before
181668,20230521,1.0902,0.82,103,before
181669,20230521,1.093,0.92,102,before
181670,20230521,1.312,0.99,96,before
181671,20230521,1.2833,0.95,99,before
181768,20230522,1.0567,1.18,116,before
181769,20230522,1.0514,1.46,176,before
181770,20230522,1.0612,1.39,172,before
181771,20230522,1.0357,1.45,130,before
181772,20230522,1.0774,1.13,98,before
181773,20230522,1.0724,,97,before
181774,20230522,1.0877,1.49,99,before
181775,20230522,1.0901,,98,before
181776,20230522,1.09,1.35,96,before
181777,20230522,1.0942,,98,before
181784,20230522,1.0865,0.83,97,before
181785,20230522,1.0977,0.81,101,before
181786,20230522,1.1328,0.82,101,before
181787,20230522,1.1565,0.83,105,before
181788,20230522,1.1345,0.85,104,before
181896,20230523,1.0412,1.15,125,before
181897,20230523,1.0231,1.57,134,before
181898,20230523,1.0257,1.56,140,before
181899,20230523,1.0285,1.71,118,before
181900,20230523,1.0562,1.4,99,before
181902,20230523,1.0225,2.29,111,before
181903,20230523,1.023,,111,before
181905,20230523,1.1052,2.04,222,before
181906,20230523,1.0863,1.75,182,before
181907,20230523,1.0646,2.07,184,before
181908,20230523,1.0117,1.53,120,before
181909,20230523,1.049,1.42,144,before
181910,20230523,1.0074,1.61,97,before
181911,20230523,1.0844,1.24,98,before
181912,20230523,1.0296,1.67,100,before
181913,20230523,1.0472,,100,before
181914,20230523,1.0608,1.11,96,before
181915,20230523,1.0688,0.98,99,before
181916,20230523,1.0942,1.16,102,before
181919,20230523,1.0634,1.01,97,before
181920,20230523,1.0783,0.83,98,before
181921,20230523,1.0676,0.92,99,before
181922,20230523,1.069,1.07,99,before
181923,20230523,1.1574,0.91,106,before
181924,20230523,1.1558,0.92,112,before
181925,20230523,1.2669,0.94,107,before
182022,20230524,1.0857,1.11,140,before
182023,20230524,1.0546,1.22,137,before
182024,20230524,1.0333,1.92,130,before
182025,20230524,1.0379,2.3,160,before
182026,20230524,1.0327,1.7,183,before
182027,20230524,1.0517,1.19,134,before
182028,20230524,1.0058,1.2,104,before
182029,20230524,1.0032,1.02,97,before
182030,20230524,1.0018,1.05,96,before
182031,20230524,1.0028,1.16,99,before
182032,20230524,1.0034,1.17,99,before
182033,20230524,1.0066,1.02,97,before
182034,20230524,1.0099,1.03,100,before
182035,20230524,1.0166,0.95,98,before
182036,20230524,1.0228,1.39,98,before
182037,20230524,1.0371,1.1,100,before
182038,20230524,1.0908,1.21,100,before
182039,20230524,1.0777,1.2,98,before
182040,20230524,1.084,1.31,99,before
182041,20230524,1.1102,0.96,112,before
182042,20230524,1.1263,1.13,103,before
182043,20230524,1.1632,,103,before
182044,20230524,1.1394,1.04,106,before
182045,20230524,1.1274,1.01,109,before
182046,20230524,1.2841,0.86,101,before
182047,20230524,1.3572,0.86,98,before
182144,20230525,1.029,1.53,140,before
182145,20230525,1.0316,1.26,126,before
182146,20230525,1.0143,1.07,112,before
182148,20230525,1.0051,1.01,97,before
182149,20230525,1.0088,1.33,98,before
182150,20230525,1.009,,100,before
182151,20230525,1.0054,1.26,99,before
182152,20230525,1.007,,99,before
182153,20230525,1.0082,1.93,132,before
182154,20230525,1.0093,1.17,103,before
182155,20230525,1.006,1.41,107,before
182156,20230525,1.0161,1.33,126,before
182157,20230525,1.0305,1.35,122,before
182158,20230525,1.0119,1.66,166,before
182159,20230525,1.0061,1.83,135,before
182160,20230525,1.0194,1.35,197,before
182163,20230525,1.0214,1.76,154,before
182164,20230525,1.0399,1.38,217,before
182165,20230525,1.0346,1.33,131,before
182166,20230525,1.0578,1.0,96,before
182167,20230525,1.0822,,97,before
182168,20230525,1.0898,1.1,99,before
182169,20230525,1.1224,,99,before
182170,20230525,1.0617,1.24,99,before
182171,20230525,1.078,0.99,100,before
182172,20230525,1.2583,0.92,113,before
182173,20230525,1.2079,0.93,106,before
182291,20230526,1.3271,1.28,98,before
182292,20230526,1.3189,,99,before
182309,20230526,1.0771,1.14,99,before
182310,20230526,1.1505,1.24,99,before
182311,20230526,1.1199,1.16,104,before
182312,20230526,1.0484,0.91,101,before
182313,20230526,1.1376,0.97,104,before
182314,20230526,1.101,0.95,101,before
182315,20230526,1.4707,1.17,131,before
182316,20230526,1.4085,1.13,145,before
182429,20230527,1.3297,1.07,96,before
182430,20230527,1.1991,1.02,99,before
182431,20230527,1.081,0.9,98,before
182432,20230527,1.0679,0.85,97,before
182433,20230527,1.0487,0.89,98,before
182434,20230527,1.0284,0.96,100,before
182436,20230527,1.2574,1.02,97,before
182437,20230527,1.2668,,100,before
182438,20230527,1.0752,1.37,100,before
182439,20230527,1.0892,,99,before
182440,20230527,1.075,1.41,99,before
182441,20230527,1.0889,,100,before
182442,20230527,1.0596,1.0,98,before
182443,20230527,1.0616,0.99,104,before
182444,20230527,1.0779,1.41,101,before
182445,20230527,1.1272,0.96,106,before
182446,20230527,1.0872,0.94,101,before
182447,20230527,1.0895,0.89,101,before
182448,20230527,1.0929,0.84,101,before
182449,20230527,1.097,0.87,100,before
182450,20230527,1.0845,0.84,99,before
182451,20230527,1.0916,0.77,99,before
182452,20230527,1.1138,0.9,157,before
182453,20230527,1.1245,0.97,104,before
182551,20230528,1.2313,1.27,100,before
182552,20230528,1.1536,1.92,99,before
182553,20230528,1.1593,1.29,120,before
182554,20230528,1.153,,120,before
182555,20230528,1.1204,1.36,110,before
182556,20230528,1.0876,2.44,118,before
182569,20230528,1.0249,2.09,125,before
182570,20230528,1.0434,1.17,137,before
182571,20230528,1.0515,1.78,100,before
182572,20230528,1.0407,1.41,115,before
182573,20230528,1.0321,1.27,147,before
182574,20230528,1.0466,1.04,96,before
182575,20230528,1.053,1.01,96,before
182576,20230528,1.067,1.21,98,before
182577,20230528,1.0821,1.21,100,before
182578,20230528,1.0949,1.62,101,before
182686,20230529,1.1483,1.37,108,before
182687,20230529,1.1138,1.51,99,before
182688,20230529,1.0795,1.26,99,before
182689,20230529,1.1066,1.47,101,before
182690,20230529,1.0696,1.51,120,before
182691,20230529,1.0279,1.89,225,before
182695,20230529,1.0106,1.16,156,before
182696,20230529,1.0427,0.95,118,before
182697,20230529,1.0582,1.07,112,before
182698,20230529,1.0835,1.0,100,before
182699,20230529,1.0297,1.05,99,before
182700,20230529,1.0468,,99,before
182701,20230529,1.0397,1.02,100,before
182702,20230529,1.0521,0.88,97,before
182703,20230529,1.0586,1.2,96,before
182704,20230529,1.0639,1.03,98,before
182705,20230529,1.0629,1.23,96,before
182706,20230529,1.1055,1.13,102,before
182707,20230529,1.4378,0.99,97,before
182708,20230529,1.2361,1.09,106,before
182829,20230530,1.1867,1.4,99,before
182830,20230530,1.1853,,99,before
182831,20230530,1.1803,1.3,99,before
182832,20230530,1.1403,1.59,95,before
182833,20230530,1.0991,1.27,98,before
182834,20230530,1.13,1.29,99,before
182835,20230530,1.0878,1.41,106,before
182836,20230530,1.0048,1.64,163,before
182837,20230530,1.0126,,161,before
182841,20230530,1.0667,1.7,110,before
182842,20230530,1.0698,,110,before
182843,20230530,1.0573,1.47,110,before
182844,20230530,1.0771,1.45,115,before
182845,20230530,1.1688,1.6,109,before
182846,20230530,1.2575,1.43,99,before
182847,20230530,1.2352,1.27,104,before
182848,20230530,1.0693,1.56,100,before
182849,20230530,1.1002,,98,before
182850,20230530,1.0864,1.21,99,before
182851,20230530,1.413,1.38,93,before
182961,20230531,1.1335,,104,before
182963,20230531,1.0886,1.26,110,before
182965,20230531,1.0785,2.18,116,before
182966,20230531,1.0779,,116,before
182970,20230531,1.0248,1.53,130,before
182971,20230531,1.0467,1.37,111,before
182972,20230531,1.0686,1.41,110,before
182973,20230531,1.0525,1.31,128,before
182974,20230531,1.0605,1.43,113,before
182975,20230531,1.0541,1.22,128,before
182976,20230531,1.0489,1.23,111,before
182977,20230531,1.1186,1.29,106,before
182978,20230531,1.1729,1.48,110,before
182979,20230531,1.2803,1.27,106,before
182980,20230531,1.2664,1.33,127,before
182981,20230531,1.0717,1.34,99,before
182982,20230531,1.4721,1.64,99,before
183241,20230601,1.0715,1.3,102,before
183242,20230601,1.0953,1.17,111,before
183243,20230601,1.137,1.25,101,before
183244,20230601,1.0876,1.14,100,before
183245,20230601,1.1234,1.06,97,before
183246,20230601,1.3331,1.1,98,before
183247,20230601,1.2984,1.03,101,before
183248,20230601,1.2205,1.27,122,before
183249,20230601,1.2192,1.12,160,before
183250,20230601,1.5042,1.7,161,before
183251,20230601,1.3834,1.12,204,before
183253,20230601,1.0705,1.09,116,before
183367,20230602,1.0312,1.21,158,before
183368,20230602,1.027,,156,before
183379,20230602,1.0049,1.07,165,before
183380,20230602,1.0071,,165,before
183382,20230602,1.0514,1.05,112,before
183383,20230602,1.096,1.05,102,before
183384,20230602,1.1285,1.32,100,before
183385,20230602,1.1758,1.02,101,before
183386,20230602,1.2254,1.0,96,before
183387,20230602,1.2048,1.22,99,before
183388,20230602,1.424,1.14,90,before
183389,20230602,1.444,,94,before
183390,20230602,1.3534,1.15,192,before
183391,20230602,1.2858,,192,before
183392,20230602,1.6005,1.31,135,before
183393,20230602,1.394,1.06,199,before
183394,20230602,1.0941,1.01,103,before
183741,20230604,1.0656,2.44,160,before
183777,20230604,1.15,1.25,145,before
183778,20230604,1.1118,,145,before
183779,20230604,1.1163,1.09,189,before
184097,20230606,1.1365,1.38,100,before
184098,20230606,1.0162,1.25,116,before
184099,20230606,1.0116,1.22,94,before
184100,20230606,1.0069,1.05,99,before
184102,20230606,1.1445,1.75,98,before
184103,20230606,1.0109,1.15,98,before
184104,20230606,1.0211,,99,before
184112,20230606,1.0977,0.85,111,before
184113,20230606,1.1631,0.96,110,before
184114,20230606,1.163,0.94,95,before
184115,20230606,1.2299,0.99,113,before
184116,20230606,1.3276,1.17,97,before
184117,20230606,1.0821,0.89,99,before
184118,20230606,1.1062,,99,before
184119,20230606,1.1404,1.17,124,before
184545,20230608,1.1671,0.81,99,before
184546,20230608,1.0673,0.95,98,before
184549,20230608,1.1878,1.63,113,before
184550,20230608,1.3091,1.16,98,before
184664,20230609,1.0591,1.04,156,before
184665,20230609,1.0316,1.11,150,before
184666,20230609,1.0581,1.37,98,before
184667,20230609,1.0953,1.13,98,before
184668,20230609,1.083,1.0,99,before
184669,20230609,1.0728,0.99,99,before
184670,20230609,1.0747,0.99,97,before
184671,20230609,1.0644,0.88,97,before
184672,20230609,1.053,0.92,98,before
184673,20230609,1.0739,0.96,99,before
184674,20230609,1.063,1.1,100,before
184675,20230609,1.0794,0.93,99,before
184676,20230609,1.0662,0.9,99,before
184677,20230609,1.0625,0.85,101,before
184678,20230609,1.0681,0.98,105,before
184679,20230609,1.0887,0.85,109,before
184680,20230609,1.1402,0.85,105,before
184681,20230609,1.0561,0.82,98,before
184682,20230609,1.127,0.86,102,before
184683,20230609,1.0736,0.91,106,before
184684,20230609,1.0932,0.8,100,before
184685,20230609,1.13,0.9,100,before
184686,20230609,1.4641,0.87,101,before
184800,20230610,1.1074,,190,before
184801,20230610,1.156,,187,before
184803,20230610,1.3113,2.06,126,before
184804,20230610,1.6461,1.91,190,before
184805,20230610,1.5549,,190,before
184806,20230610,1.4909,,188,before
184807,20230610,1.3349,1.68,112,before
184808,20230610,1.526,1.47,100,before
184809,20230610,1.5548,1.9,98,before
184810,20230610,1.5962,,98,before
184907,20230611,1.0346,1.95,112,before
184908,20230611,1.0538,1.89,212,before
184912,20230611,1.014,1.36,99,before
184913,20230611,1.0216,,99,before
184914,20230611,1.0184,1.69,99,before
184915,20230611,1.0147,1.16,99,before
184916,20230611,1.016,1.86,97,before
184917,20230611,1.0254,0.98,96,before
184918,20230611,1.0393,0.84,96,before
184919,20230611,1.0478,0.85,100,before
184920,20230611,1.047,1.29,99,before
184921,20230611,1.0685,1.46,98,before
184922,20230611,1.0866,1.4,95,before
184923,20230611,1.0696,0.93,101,before
184924,20230611,1.1041,,100,before
184925,20230611,1.1118,0.97,95,before
184926,20230611,1.0694,1.24,96,before
184927,20230611,1.0619,1.57,174,before
185028,20230612,1.3,2.6,197,before
185192,20230613,1.0014,1.29,100,before
185193,20230613,1.0086,,99,before
185195,20230613,1.0867,1.13,92,before
185196,20230613,1.0763,1.04,97,before
185197,20230613,1.0831,1.01,104,before
185198,20230613,1.0803,0.97,102,before
185199,20230613,1.0805,0.97,97,before
185200,20230613,1.0609,0.89,100,before
185201,20230613,1.0594,0.9,97,before
185202,20230613,1.0612,0.88,98,before
185203,20230613,1.0641,1.03,99,before
185204,20230613,1.0869,1.05,102,before
185205,20230613,1.0951,1.04,102,before
185206,20230613,1.1136,1.28,100,before
185207,20230613,1.1003,1.16,93,before
185208,20230613,1.1709,1.07,95,before
185209,20230613,1.1385,0.94,104,before
185210,20230613,1.1338,0.96,97,before
185211,20230613,1.3386,0.98,112,before
185212,20230613,1.3752,0.94,135,before
185312,20230614,1.0871,1.74,98,before
185313,20230614,1.1019,,95,before
185314,20230614,1.0116,0.94,99,before
185315,20230614,1.0128,0.97,97,before
185316,20230614,1.013,1.02,100,before
185317,20230614,1.0167,1.02,100,before
185318,20230614,1.0192,0.93,100,before
185321,20230614,1.0343,0.91,99,before
185322,20230614,1.0538,1.09,100,before
185323,20230614,1.0578,1.03,100,before
185324,20230614,1.093,1.12,100,before
185325,20230614,1.0677,1.02,96,before
185326,20230614,1.0916,0.83,99,before
185327,20230614,1.0824,0.81,98,before
185328,20230614,1.0764,0.89,99,before
185329,20230614,1.1307,0.97,98,before
185330,20230614,1.1539,1.02,96,before
185331,20230614,1.0979,0.92,100,before
185332,20230614,1.1497,1.11,155,before
185333,20230614,1.23,1.11,109,before
185439,20230615,1.0144,1.04,88,before
185440,20230615,1.0267,,88,before
185442,20230615,1.0883,1.11,96,before
185447,20230615,1.0765,1.64,98,before
185448,20230615,1.1071,,97,before
185449,20230615,1.1423,,98,before
185564,20230616,1.0646,1.88,157,before
185567,20230616,1.0408,1.12,206,before
185568,20230616,1.059,1.13,103,before
185569,20230616,1.0724,,100,before
185570,20230616,1.0214,1.21,99,before
185571,20230616,1.0226,0.97,98,before
185572,20230616,1.0892,0.95,96,before
185573,20230616,1.0377,1.13,96,before
185574,20230616,1.0386,0.95,98,before
185575,20230616,1.0512,1.06,99,before
185576,20230616,1.056,0.91,99,before
185577,20230616,1.0529,1.03,96,before
185578,20230616,1.0634,1.07,98,before
185579,20230616,1.0598,0.93,102,before
185580,20230616,1.0696,1.0,99,before
185581,20230616,1.1053,1.16,96,before
185582,20230616,1.05,0.95,99,before
185583,20230616,1.0337,1.08,112,before
185584,20230616,1.0521,1.36,121,before
185690,20230617,1.2766,1.01,101,before
185691,20230617,1.2683,0.97,100,before
185692,20230617,1.0684,0.93,99,before
185693,20230617,1.0527,0.94,97,before
185694,20230617,1.036,0.95,100,before
185695,20230617,1.0522,1.01,100,before
185696,20230617,1.0857,0.96,101,before
185697,20230617,1.061,0.93,100,before
185698,20230617,1.0624,0.93,102,before
185699,20230617,1.077,0.98,103,before
185700,20230617,1.1356,0.9,104,before
185701,20230617,1.1019,0.92,100,before
185702,20230617,1.1254,0.92,104,before
185703,20230617,1.1228,0.94,104,before
185704,20230617,1.1061,1.08,99,before
185705,20230617,1.1671,1.07,103,before
185706,20230617,1.1561,,103,before
185707,20230617,1.1354,1.19,102,before
185708,20230617,1.1259,,102,before
185709,20230617,1.2188,1.12,131,before
185811,20230618,1.077,1.23,97,before
185812,20230618,1.0338,0.93,99,before
185813,20230618,1.0527,1.08,99,before
185816,20230618,1.0186,0.86,90,before
185817,20230618,1.0152,0.83,89,before
185818,20230618,1.0181,0.96,89,before
185819,20230618,1.0224,1.33,90,before
185820,20230618,1.0629,1.04,88,before
185821,20230618,1.057,1.01,89,before
185822,20230618,1.072,1.03,84,before
185823,20230618,1.0736,1.29,88,before
185824,20230618,1.0931,0.98,95,before
185825,20230618,1.0902,0.95,99,before
185826,20230618,1.089,0.87,98,before
185827,20230618,1.1256,0.87,100,before
185828,20230618,1.1565,0.96,99,before
185829,20230618,1.034,0.97,98,before
185830,20230618,1.0479,1.44,121,before
185970,20230619,1.0534,1.67,190,before
185971,20230619,1.0082,1.0,98,before
185972,20230619,1.0142,1.43,99,before
185973,20230619,1.0237,1.01,96,before
185974,20230619,1.032,1.03,99,before
185975,20230619,1.0814,0.99,95,before
186097,20230620,1.0741,1.0,99,before
186098,20230620,1.0314,1.03,97,before
186099,20230620,1.0268,1.03,97,before
186100,20230620,1.0169,0.87,96,before
186101,20230620,1.0286,0.94,98,before
186102,20230620,1.0338,0.86,98,before
186103,20230620,1.0376,1.01,99,before
186104,20230620,1.032,1.06,98,before
186105,20230620,1.048,0.94,97,before
186107,20230620,1.0469,0.95,97,before
186108,20230620,1.0762,1.05,99,before
186109,20230620,1.0825,1.04,98,before
186110,20230620,1.0805,0.82,99,before
186111,20230620,1.0936,1.05,101,before
186112,20230620,1.1198,0.96,98,before
186113,20230620,1.0955,0.87,100,before
186115,20230620,1.0988,0.84,98,before
186116,20230620,1.1759,0.95,101,before
186117,20230620,1.121,0.91,100,before
186118,20230620,1.1553,0.99,104,before
186119,20230620,1.1317,1.0,95,before
186120,20230620,1.1107,0.85,177,before
186121,20230620,1.2533,0.89,177,before
186122,20230620,1.2534,0.86,114,before
186223,20230621,1.06,1.1,100,before
186224,20230621,1.0169,1.41,97,before
186226,20230621,1.0361,0.99,98,before
186227,20230621,1.0429,1.35,100,before
186228,20230621,1.0586,1.1,99,before
186229,20230621,1.051,0.91,96,before
186230,20230621,1.0793,0.85,97,before
186231,20230621,1.0524,0.83,96,before
186233,20230621,1.0523,0.92,99,before
186234,20230621,1.0607,1.06,97,before
186235,20230621,1.0634,0.84,99,before
186236,20230621,1.0939,1.06,96,before
186237,20230621,1.094,1.05,98,before
186238,20230621,1.1522,1.15,98,before
186239,20230621,1.2087,1.04,98,before
186240,20230621,1.1769,1.0,99,before
186241,20230621,1.1716,0.99,97,before
186242,20230621,1.1747,0.96,100,before
186243,20230621,1.2241,1.08,127,before
186244,20230621,1.3311,1.16,141,before
188994,20230806,1.1233,2.51,114,before
188995,20230806,1.2043,1.74,114,before
188996,20230806,1.307,1.93,105,before
188997,20230806,1.4692,3.25,154,before
188998,20230806,1.4479,1.01,183,before
188999,20230806,1.4418,1.28,195,before
189000,20230806,1.5157,1.84,127,before
189001,20230806,1.0622,1.04,123,before
189002,20230806,1.084,1.65,148,before
189003,20230806,1.0539,0.99,139,before
189006,20230806,1.0316,1.17,116,before
189007,20230806,1.0263,1.24,99,before
189133,20230807,1.065,1.75,275,before
189137,20230807,1.0592,1.0,100,before
189138,20230807,1.1036,0.94,94,before
189139,20230807,1.0551,0.95,99,before
189140,20230807,1.0818,1.04,99,before
189141,20230807,1.0721,0.88,99,before
189142,20230807,1.0758,0.81,99,before
189144,20230807,1.0731,0.88,99,before
189145,20230807,1.1064,0.88,100,before
189146,20230807,1.1054,0.85,97,before
189147,20230807,1.2106,0.88,99,before
189148,20230807,1.1962,0.9,101,before
189169,20230807,1.1029,1.05,108,before
189170,20230807,1.137,0.9,122,before
189171,20230807,1.1106,1.03,114,before
189175,20230807,1.4246,1.32,106,before
189176,20230807,1.4803,1.2,102,before
189274,20230808,1.3904,0.98,100,before
189275,20230808,1.1355,0.86,97,before
189276,20230808,1.1035,0.82,100,before
189277,20230808,1.0844,0.75,99,before
189278,20230808,1.0905,0.71,99,before
189279,20230808,1.0759,0.73,97,before
189280,20230808,1.1454,0.73,100,before
189281,20230808,1.1214,0.75,99,before
189282,20230808,1.0975,0.72,98,before
189283,20230808,1.1213,0.68,98,before
189284,20230808,1.1654,0.74,100,before
189285,20230808,1.116,0.75,98,before
189286,20230808,1.0908,0.84,98,before
189287,20230808,1.2514,0.87,100,before
189288,20230808,1.2513,0.95,99,before
189289,20230808,1.2292,0.82,100,before
190049,20230811,1.1293,1.32,100,before
190050,20230811,1.1331,1.55,98,before
190051,20230811,1.1363,0.89,99,before
190052,20230811,1.1609,0.91,99,before
190053,20230811,1.1106,0.86,99,before
190054,20230811,1.1485,0.83,99,before
190055,20230811,1.1452,0.86,95,before
190056,20230811,1.1626,0.9,96,before
190059,20230811,1.2101,0.95,96,before
190060,20230811,1.1977,0.86,95,before
190061,20230811,1.0813,0.87,98,before
190062,20230811,1.1498,0.94,100,before
190063,20230811,1.1456,0.95,100,before
190064,20230811,1.1416,0.84,108,before
190227,20230812,1.2636,1.03,137,before
190228,20230812,1.196,0.99,98,before
190229,20230812,1.2185,0.95,95,before
190230,20230812,1.1969,0.96,97,before
190231,20230812,1.217,0.94,97,before
190232,20230812,1.1687,0.87,97,before
190233,20230812,1.2026,0.92,99,before
190234,20230812,1.1321,0.86,95,before
190235,20230812,1.1403,0.9,99,before
190236,20230812,1.2551,1.13,98,before
190237,20230812,1.2343,0.99,100,before
190238,20230812,1.2452,0.96,96,before
190239,20230812,1.4582,1.09,84,before
190240,20230812,1.2827,1.01,99,before
190614,20230814,1.0925,0.89,95,before
190615,20230814,1.1746,0.86,100,before
190616,20230814,1.1486,0.91,97,before
190617,20230814,1.1451,,96,before
190618,20230814,1.2506,0.91,99,before
190619,20230814,1.3029,0.95,97,before
190620,20230814,1.2508,0.86,96,before
190627,20230814,1.2711,0.9,118,before
190628,20230814,1.2699,0.93,99,before
190629,20230814,1.3103,0.89,99,before
190630,20230814,1.2331,0.93,96,before
190631,20230814,1.3029,0.94,97,before
190632,20230814,1.2919,0.91,97,before
190633,20230814,1.3528,0.85,97,before
190634,20230814,1.3537,0.87,101,before
190732,20230815,1.1337,0.92,101,before
190733,20230815,1.1761,0.9,97,before
190734,20230815,1.0522,0.9,98,before
190735,20230815,1.0757,0.9,100,before
190736,20230815,1.0972,0.99,108,before
190737,20230815,1.1575,0.89,111,before
190738,20230815,1.0923,1.13,101,before
190774,20230815,1.088,0.96,107,before
190775,20230815,1.0685,0.88,100,before
191121,20230816,1.2551,0.97,133,before
191122,20230816,1.2756,0.97,100,before
191123,20230816,1.3009,,100,before
191124,20230816,1.1125,1.08,99,before
191125,20230816,1.0798,0.93,99,before
191126,20230816,1.1008,0.97,98,before
191127,20230816,1.168,0.93,98,before
191128,20230816,1.1327,0.91,106,before
191129,20230816,1.1123,0.95,98,before
191130,20230816,1.2822,0.92,125,before
192094,20230822,1.2391,1.01,153,before
192095,20230822,1.2242,0.95,97,before
192096,20230822,1.2181,,93,before
192097,20230822,1.2555,1.19,113,before
192098,20230822,1.2948,1.08,98,before
192099,20230822,1.2976,,98,before
192100,20230822,1.3178,1.14,98,before
192101,20230822,1.066,0.96,100,before
192102,20230822,1.0991,0.93,98,before
192103,20230822,1.1344,0.99,98,before
192104,20230822,1.0754,0.93,99,before
192106,20230822,1.1526,1.13,103,before
192356,20230824,1.5371,1.48,175,before
192357,20230824,1.6626,1.09,119,before
192358,20230824,1.2848,1.06,99,before
192359,20230824,1.282,1.19,100,before
192360,20230824,1.2646,1.08,96,before
192361,20230824,1.0886,0.93,98,before
192362,20230824,1.0867,0.91,98,before
192363,20230824,1.0601,0.97,97,before
192364,20230824,1.134,0.98,101,before
192365,20230824,1.1382,0.9,99,before
192366,20230824,1.1503,0.98,99,before
192367,20230824,1.152,0.94,98,before
192368,20230824,1.1722,0.91,102,before
192369,20230824,1.1405,0.94,98,before
192370,20230824,1.1463,1.04,98,before
192371,20230824,1.217,0.98,98,before
192372,20230824,1.1995,1.26,98,before
192373,20230824,1.0744,1.0,99,before
192374,20230824,1.111,0.97,100,before
192375,20230824,1.1362,0.98,99,before
192376,20230824,1.1651,1.21,97,before
192377,20230824,1.1777,1.01,96,before
192378,20230824,1.2163,1.06,98,before
192379,20230824,1.3312,1.0,127,before
192380,20230824,1.2655,0.96,96,before
192792,20230826,1.2824,2.23,117,before
192793,20230826,1.2832,,118,before
192794,20230826,1.2914,1.28,142,before
192795,20230826,1.1521,1.07,118,before
192796,20230826,1.201,1.12,118,before
192797,20230826,1.1498,1.11,98,before
192798,20230826,1.1573,1.13,95,before
192799,20230826,1.1556,1.12,99,before
192800,20230826,1.1967,1.33,96,before
192801,20230826,1.2126,1.25,100,before
192802,20230826,1.2251,1.09,99,before
192803,20230826,1.1945,1.03,98,before
192804,20230826,1.133,0.97,99,before
192805,20230826,1.155,0.95,98,before
192806,20230826,1.1479,0.87,92,before
192807,20230826,1.1853,0.91,102,before
192808,20230826,1.1823,0.9,105,before
192994,20230827,1.2291,1.37,97,before
192995,20230827,1.2805,0.89,98,before
193155,20230828,1.0997,1.18,99,before
193156,20230828,1.0297,1.06,100,before
193157,20230828,1.0405,0.9,95,before
193158,20230828,1.091,1.36,101,before
193267,20230829,1.2917,0.9,97,before
193268,20230829,1.2396,0.92,101,before
193269,20230829,1.2254,0.81,100,before
193270,20230829,1.226,0.82,116,before
193271,20230829,1.2853,0.9,98,before
193274,20230829,1.2292,0.93,103,before
193275,20230829,1.1623,,103,before
193276,20230829,1.1497,0.88,100,before
193277,20230829,1.1035,,100,before
193278,20230829,1.0866,0.86,98,before
193279,20230829,1.0359,0.93,98,before
193280,20230829,1.0212,,97,before
193281,20230829,1.0165,1.03,100,before
193282,20230829,1.0105,1.16,95,before
193283,20230829,1.0075,,95,before
193286,20230829,1.0298,1.06,102,before
193288,20230829,1.0538,,103,before
193295,20230829,1.3494,1.17,97,before
194343,20230902,1.2331,0.82,102,before
194344,20230902,1.716,1.04,99,before
194345,20230902,1.6272,,96,before
194346,20230902,1.5707,,95,before
194446,20230903,1.1457,1.58,122,before
194447,20230903,1.1832,2.41,106,before
194451,20230903,1.717,1.97,193,before
194452,20230903,1.5909,,194,before
194455,20230903,1.0086,1.1,117,before
194456,20230903,1.024,0.97,99,before
194457,20230903,1.0166,,98,before
194458,20230903,1.1214,0.88,97,before
194459,20230903,1.125,,96,before
194460,20230903,1.3317,1.01,98,before
194461,20230903,1.3552,,95,before
194462,20230903,1.4572,0.88,99,before
194463,20230903,1.5179,,98,before
194464,20230903,1.5961,,99,before
194465,20230903,1.6736,1.02,101,before
194466,20230903,1.846,0.98,102,before
194467,20230903,1.4479,0.96,97,before
194468,20230903,1.3961,0.87,95,before
194568,20230904,1.274,0.84,100,before
194569,20230904,1.1131,0.8,97,before
194570,20230904,1.0969,0.78,99,before
194571,20230904,1.0844,0.98,98,before
194572,20230904,1.0779,0.83,98,before
194573,20230904,1.1045,0.82,97,before
194574,20230904,1.122,1.13,98,before
194575,20230904,1.0733,1.27,99,before
194576,20230904,1.0925,1.01,99,before
194577,20230904,1.1186,1.42,97,before
194579,20230904,1.1013,1.8,108,before
194580,20230904,1.4818,1.81,185,before
194581,20230904,1.2014,1.16,94,before
194582,20230904,1.1827,,94,before
194584,20230904,1.0909,0.88,99,before
194585,20230904,1.0133,1.12,95,before
194586,20230904,1.0035,,97,before
194587,20230904,1.0018,0.98,100,before
194589,20230904,1.0789,1.09,100,before
194590,20230904,1.0013,0.89,99,before
194591,20230904,1.004,0.77,99,before
194592,20230904,1.0112,0.74,99,before
194593,20230904,1.0399,0.75,98,before
194594,20230904,1.0957,0.74,98,before
194595,20230904,1.1552,0.84,98,before
194596,20230904,1.1882,,98,before
194597,20230904,1.3719,0.87,96,before
194598,20230904,1.4215,,95,before
194599,20230904,1.5439,0.87,94,before
194600,20230904,1.642,,92,before
194712,20230905,1.3129,1.21,96,before
194713,20230905,1.1263,0.99,100,before
194714,20230905,1.0772,1.07,98,before
194715,20230905,1.0853,1.88,99,before
194716,20230905,1.1177,1.22,100,before
194717,20230905,1.1364,0.98,99,before
194718,20230905,1.1586,1.21,98,before
194719,20230905,1.2137,1.24,95,before
194720,20230905,1.2736,1.39,97,before
194721,20230905,1.0907,1.31,95,before
194722,20230905,1.0783,1.4,95,before
194723,20230905,1.0594,,96,before
194724,20230905,1.1306,1.0,99,before
194725,20230905,1.2821,0.96,97,before
194726,20230905,1.2917,,97,before
194727,20230905,1.2814,1.03,97,before
194729,20230905,1.2091,0.94,99,before
194730,20230905,1.2442,0.84,100,before
194731,20230905,1.2111,0.84,98,before
194732,20230905,1.2669,0.96,100,before
194733,20230905,1.2806,1.03,97,before
194734,20230905,1.2912,,96,before
194735,20230905,1.276,0.95,98,before
194736,20230905,1.2953,0.92,98,before
194740,20230905,1.4224,1.0,88,before
194741,20230905,1.5137,0.9,88,before
194742,20230905,1.5473,,87,before
194743,20230905,1.6342,1.04,84,before
194842,20230906,1.3594,0.87,98,before
194843,20230906,1.2122,0.97,97,before
194844,20230906,1.178,1.04,100,before
194845,20230906,1.1513,0.8,99,before
194846,20230906,1.0966,0.8,99,before
194847,20230906,1.0862,1.01,97,before
194848,20230906,1.1299,1.02,99,before
194849,20230906,1.1477,0.84,97,before
194850,20230906,1.1685,0.95,105,before
194852,20230906,1.1175,0.87,104,before
194853,20230906,1.193,1.04,99,before
194854,20230906,1.2239,1.01,97,before
194855,20230906,1.2142,1.1,99,before
194856,20230906,1.2171,0.95,97,before
194857,20230906,1.1384,0.95,100,before
194858,20230906,1.1419,0.92,98,before
194859,20230906,1.1304,0.9,99,before
194860,20230906,1.1381,,99,before
194861,20230906,1.15,0.95,99,before
194862,20230906,1.1412,1.06,99,before
194863,20230906,1.2925,0.94,98,before
194864,20230906,1.2393,0.95,97,before
194865,20230906,1.1722,0.86,96,before
194866,20230906,1.2574,0.92,100,before
194867,20230906,1.2811,0.99,98,before
194868,20230906,1.2544,1.0,97,before
194869,20230906,1.3282,0.9,99,before
195036,20230907,1.2285,1.32,97,before
195037,20230907,1.1661,0.96,97,before
195149,20230908,1.2583,0.83,100,before
195150,20230908,1.1835,1.02,119,before
195202,20230908,1.0129,1.1,112,before
195203,20230908,1.0005,1.04,98,before
195204,20230908,1.0706,1.0,97,before
195205,20230908,1.0723,,96,before
195206,20230908,1.0923,1.02,100,before
195207,20230908,1.1455,1.08,99,before
195211,20230908,1.1364,0.96,106,before
195212,20230908,1.2127,1.12,105,before
195213,20230908,1.1536,1.34,97,before
195214,20230908,1.1178,1.01,98,before
195215,20230908,1.1352,1.15,99,before
195334,20230909,1.1693,1.01,116,before
195335,20230909,1.064,0.95,100,before
195342,20230909,1.2075,1.12,104,before
195343,20230909,1.1778,,104,before
195344,20230909,1.4199,1.25,181,before
195345,20230909,1.1811,1.07,99,before
195346,20230909,1.1393,1.06,99,before
195348,20230909,1.2411,1.36,131,before
195349,20230909,1.2905,1.17,146,before
195350,20230909,1.2804,1.05,98,before
195374,20230909,1.121,1.01,99,before
195375,20230909,1.0927,1.05,98,before
195376,20230909,1.1323,0.97,99,before
195377,20230909,1.0883,1.03,98,before
195378,20230909,1.1425,1.06,99,before
195379,20230909,1.1969,1.23,97,before
195380,20230909,1.1873,1.01,93,before
195381,20230909,1.169,0.84,99,before
195382,20230909,1.2205,0.97,97,before
195383,20230909,1.1912,0.9,99,before
195384,20230909,1.676,1.03,97,before
195385,20230909,1.4412,0.94,95,before
195545,20230910,1.2379,1.2,98,before
195546,20230910,1.1498,1.08,99,before
195547,20230910,1.1132,0.93,98,before
195548,20230910,1.116,,98,before
195549,20230910,1.2022,1.0,95,before
195941,20230912,1.2988,1.04,187,before
195942,20230912,1.1427,1.14,100,before
195943,20230912,1.1356,1.13,96,before
195944,20230912,1.1318,1.14,96,before
195945,20230912,1.1326,0.92,98,before
196045,20230913,1.2231,0.82,132,before
196046,20230913,1.0992,0.84,98,before
196047,20230913,1.101,1.0,104,before
196048,20230913,1.2398,1.06,104,before
196053,20230913,1.2266,1.06,100,before
196054,20230913,1.273,1.17,98,before
196055,20230913,1.2652,,98,before
196056,20230913,1.3283,1.54,97,before
196057,20230913,1.3256,,99,before
196058,20230913,1.3355,,97,before
196059,20230913,1.2687,1.08,98,before
196060,20230913,1.2953,1.07,99,before
196061,20230913,1.2021,1.1,99,before
196062,20230913,1.2305,1.07,98,before
196063,20230913,1.2127,0.99,97,before
196064,20230913,1.0969,1.03,98,before
196065,20230913,1.0644,0.94,97,before
196066,20230913,1.0636,0.9,97,before
196067,20230913,1.0679,0.84,99,before
196068,20230913,1.0797,0.89,100,before
196069,20230913,1.0854,0.82,98,before
196070,20230913,1.1381,0.9,98,before
196071,20230913,1.5126,0.99,98,before
196072,20230913,1.3917,0.92,97,before
196073,20230913,1.3186,0.89,96,before
196074,20230913,1.2365,0.93,97,before
196075,20230913,1.2514,0.92,99,before
196076,20230913,1.4003,0.89,99,before
196077,20230913,1.322,0.88,106,before
196174,20230914,1.3185,0.9,97,before
196175,20230914,1.2643,0.77,109,before
196176,20230914,1.1116,0.9,99,before
196177,20230914,1.1138,0.95,104,before
196178,20230914,1.0964,0.83,101,before
196179,20230914,1.2466,0.86,103,before
196180,20230914,1.2496,0.97,96,before
196181,20230914,1.2137,0.91,98,before
196182,20230914,1.212,0.99,101,before
196183,20230914,1.1707,1.11,98,before
196184,20230914,1.2003,1.23,100,before
196185,20230914,1.203,1.08,101,before
196186,20230914,1.2144,0.97,100,before
196187,20230914,1.1322,1.1,100,before
196188,20230914,1.1363,1.11,100,before
196189,20230914,1.2306,0.99,98,before
196190,20230914,1.2876,0.97,98,before
196191,20230914,1.2952,1.0,96,before
196192,20230914,1.2554,1.03,99,before
196193,20230914,1.3045,1.07,99,before
196194,20230914,1.2647,0.91,97,before
196195,20230914,1.2321,0.86,98,before
196196,20230914,1.1848,0.86,98,before
196197,20230914,1.1751,0.9,99,before
196198,20230914,1.256,0.85,96,before
196199,20230914,1.3202,0.9,98,before
196200,20230914,1.2457,0.94,99,before
196201,20230914,1.1565,0.84,99,before
196202,20230914,1.146,0.93,99,before
196203,20230914,1.1193,0.9,98,before
196204,20230914,1.1257,0.87,99,before
196205,20230914,1.317,0.82,108,before
196206,20230914,1.3464,0.82,102,before
196305,20230915,1.3968,0.92,96,before
196306,20230915,1.1606,0.95,96,before
196307,20230915,1.0903,0.93,99,before
196308,20230915,1.0611,0.95,107,before
196309,20230915,1.0866,0.82,107,before
196310,20230915,1.1414,1.04,95,before
196311,20230915,1.1017,1.31,99,before
196312,20230915,1.1034,1.23,102,before
196313,20230915,1.1024,1.16,100,before
196314,20230915,1.0055,1.04,98,before
196315,20230915,1.0912,0.92,99,before
196316,20230915,1.0943,0.88,99,before
196317,20230915,1.1067,0.92,100,before
196318,20230915,1.0948,0.99,97,before
196319,20230915,1.0624,0.91,100,before
196320,20230915,1.0825,0.88,100,before
196321,20230915,1.1002,0.94,98,before
196322,20230915,1.1334,0.97,99,before
196323,20230915,1.1226,0.89,95,before
196324,20230915,1.1888,0.89,98,before
196325,20230915,1.3171,0.91,96,before
196326,20230915,1.2585,0.93,96,before
196327,20230915,1.2999,0.91,100,before
196328,20230915,1.3729,0.92,99,before
196329,20230915,1.3871,1.04,98,before
196330,20230915,1.3859,0.92,100,before
196331,20230915,1.3492,0.99,99,before
196332,20230915,1.105,0.88,100,before
196333,20230915,1.1213,1.06,98,before
196334,20230915,1.2979,1.01,98,before
196335,20230915,1.3318,0.95,98,before
196336,20230915,1.3468,0.92,97,before
196337,20230915,1.4195,0.97,94,before
196656,20230917,1.2236,1.11,124,before
196657,20230917,1.069,1.1,94,before
196658,20230917,1.0847,1.57,98,before
196659,20230917,1.1882,1.68,103,before
196663,20230917,1.029,1.35,99,before
196664,20230917,1.0164,,98,before
196665,20230917,1.2639,1.07,95,before
196666,20230917,1.0378,0.97,96,before
196667,20230917,1.0045,1.05,99,before
196668,20230917,1.0031,1.08,99,before
196669,20230917,1.0317,1.16,97,before
196670,20230917,1.0847,1.09,99,before
196671,20230917,1.0647,0.95,95,before
196672,20230917,1.0412,1.04,98,before
196673,20230917,1.0472,1.0,99,before
196674,20230917,1.054,1.08,100,before
196675,20230917,1.1216,0.92,98,before
196676,20230917,1.0661,1.08,96,before
196677,20230917,1.0777,1.0,98,before
196678,20230917,1.285,1.28,100,before
196679,20230917,1.3812,1.12,97,before
196680,20230917,1.2061,1.18,100,before
196765,20230918,1.1023,0.83,99,before
196766,20230918,1.1657,0.79,101,before
196767,20230918,1.0511,0.76,99,before
196768,20230918,1.1974,1.16,102,before
196769,20230918,1.2854,1.08,100,before
196770,20230918,1.2723,0.97,99,before
196771,20230918,1.2636,,99,before
196773,20230918,1.2662,0.81,98,before
196774,20230918,1.2775,0.76,97,before
196775,20230918,1.0463,1.06,98,before
196776,20230918,1.0518,1.01,99,before
196777,20230918,1.0213,1.04,98,before
196778,20230918,1.0032,0.86,99,before
196779,20230918,1.0008,0.92,98,before
196780,20230918,1.004,0.89,99,before
196781,20230918,1.0064,0.87,99,before
196782,20230918,1.0084,0.84,100,before
196783,20230918,1.0095,1.02,100,before
196784,20230918,1.0178,0.92,99,before
196785,20230918,1.0274,0.81,98,before
196786,20230918,1.0156,0.81,99,before
196787,20230918,1.0291,0.84,98,before
196788,20230918,1.0305,0.85,98,before
196789,20230918,1.0322,0.82,99,before
196790,20230918,1.0261,0.79,97,before
196791,20230918,1.0443,0.8,97,before
196792,20230918,1.0686,0.88,98,before
196793,20230918,1.0541,0.75,99,before
196794,20230918,1.059,1.21,97,before
196795,20230918,1.0773,0.8,97,before
196796,20230918,1.0714,0.89,98,before
196797,20230918,1.0719,0.77,95,before
196798,20230918,1.291,0.77,95,before
196799,20230918,1.2206,0.76,99,before
196800,20230918,1.4455,0.86,99,before
196897,20230919,1.302,0.76,99,before
196898,20230919,1.207,0.77,139,before
196899,20230919,1.0595,0.85,99,before
196900,20230919,1.0882,0.79,100,before
196901,20230919,1.0739,0.73,98,before
196902,20230919,1.1253,0.84,100,before
196903,20230919,1.2384,0.92,100,before
196904,20230919,1.2379,0.98,97,before
196905,20230919,1.1942,0.88,99,before
196906,20230919,1.2943,1.02,96,before
196907,20230919,1.399,0.96,89,before
196908,20230919,1.0086,0.9,99,before
196909,20230919,1.1369,0.88,99,before
196910,20230919,1.1325,1.0,99,before
196911,20230919,1.0169,0.81,98,before
196912,20230919,1.0006,0.89,96,before
196913,20230919,1.0009,0.84,98,before
196914,20230919,1.0025,0.91,99,before
196915,20230919,1.0226,1.0,99,before
196916,20230919,1.0407,0.86,97,before
196917,20230919,1.0561,0.85,98,before
196918,20230919,1.0409,0.9,100,before
196919,20230919,1.0699,0.96,98,before
196920,20230919,1.0899,1.02,98,before
196921,20230919,1.1705,0.84,99,before
196922,20230919,1.1785,0.88,98,before
196923,20230919,1.0387,0.84,98,before
196924,20230919,1.0377,0.88,99,before
196925,20230919,1.0506,,99,before
196926,20230919,1.1297,0.89,98,before
196927,20230919,1.3122,1.02,99,before
196928,20230919,1.2927,0.98,93,before
196929,20230919,1.512,1.09,100,before
197027,20230920,1.5263,1.5,219,before
197028,20230920,1.0906,1.51,98,before
197029,20230920,1.1331,1.12,98,before
197030,20230920,1.177,0.92,96,before
197031,20230920,1.2744,1.17,99,before
197032,20230920,1.287,1.01,96,before
197033,20230920,1.3382,1.05,97,before
197035,20230920,1.5175,1.06,100,before
197036,20230920,1.0532,1.17,95,before
197037,20230920,1.0483,0.94,97,before
197038,20230920,1.0424,1.02,99,before
197039,20230920,1.0615,1.0,98,before
197040,20230920,1.0633,1.26,99,before
197041,20230920,1.0402,,98,before
197043,20230920,1.0189,1.42,98,before
197044,20230920,1.0095,1.35,96,before
197045,20230920,1.0206,1.64,99,before
197046,20230920,1.013,1.11,100,before
197047,20230920,1.02,1.46,98,before
197048,20230920,1.0248,0.98,97,before
197049,20230920,1.0395,0.93,98,before
197050,20230920,1.0666,,96,before
197051,20230920,1.2308,1.01,98,before
197052,20230920,1.2438,0.94,86,before
197053,20230920,1.1964,1.03,96,before
197554,20230922,1.1542,1.04,122,before
197558,20230922,1.4303,1.95,158,before
197559,20230922,1.2456,1.08,146,before
197560,20230922,1.0402,0.85,100,before
197561,20230922,1.1099,0.8,99,before
197562,20230922,1.1129,0.83,99,before
197567,20230922,1.1492,0.81,118,before
197568,20230922,1.1239,0.83,97,before
197569,20230922,1.1219,0.76,100,before
197570,20230922,1.1568,0.84,98,before
197571,20230922,1.2034,1.08,98,before
197572,20230922,1.2463,0.86,100,before
197573,20230922,1.2866,0.86,99,before
197574,20230922,1.309,0.94,99,before
197575,20230922,1.3231,0.87,99,before
197576,20230922,1.1845,0.88,95,before
197577,20230922,1.2068,,95,before
197786,20230923,1.3045,1.18,167,before
197788,20230923,1.0766,0.91,100,before
197789,20230923,1.1106,,99,before
197790,20230923,1.0691,0.83,98,before
197791,20230923,1.0543,,97,before
197792,20230923,1.1091,1.04,98,before
197793,20230923,1.0948,,100,before
197794,20230923,1.1413,0.93,96,before
197795,20230923,1.1337,,95,before
197796,20230923,1.2532,0.95,98,before
197797,20230923,1.2214,0.86,100,before
197798,20230923,1.2293,0.87,99,before
197799,20230923,1.2388,0.78,98,before
197800,20230923,1.2977,0.82,98,before
197801,20230923,1.2335,0.83,97,before
197802,20230923,1.305,0.86,99,before
197803,20230923,1.3331,0.88,97,before
197804,20230923,1.3483,0.94,95,before
197805,20230923,1.1766,0.86,97,before
197806,20230923,1.1719,0.84,93,before
197807,20230923,1.1769,0.84,96,before
197808,20230923,1.146,0.84,97,before
197809,20230923,1.1522,0.81,98,before
197810,20230923,1.3114,0.81,100,before
197811,20230923,1.2236,0.77,99,before
197812,20230923,1.2145,0.79,97,before
197813,20230923,1.1848,0.75,95,before
197814,20230923,1.2069,0.8,100,before
197815,20230923,1.3362,0.83,100,before
197816,20230923,1.3645,0.81,98,before
197817,20230923,1.2324,0.81,97,before
197818,20230923,1.3114,0.86,72,before
197819,20230923,1.546,0.89,98,before
197920,20230924,1.0726,0.96,97,before
197921,20230924,1.0974,,96,before
197922,20230924,1.1424,0.9,100,before
197923,20230924,1.2006,,98,before
197924,20230924,1.0319,0.89,95,before
197925,20230924,1.0196,,96,before
197926,20230924,1.0322,0.84,100,before
197927,20230924,1.0273,,99,before
197928,20230924,1.0534,0.84,98,before
197929,20230924,1.0503,,98,before
197930,20230924,1.1213,0.91,98,before
197931,20230924,1.1173,,97,before
197932,20230924,1.0766,0.99,98,before
197933,20230924,1.0779,,94,before
197934,20230924,1.1009,0.89,98,before
197935,20230924,1.11,,97,before
197936,20230924,1.121,0.87,99,before
197937,20230924,1.0861,0.88,98,before
197938,20230924,1.0601,0.94,99,before
197939,20230924,1.0902,0.84,97,before
197940,20230924,1.1263,0.81,96,before
197941,20230924,1.1087,0.8,97,before
197942,20230924,1.0882,0.8,98,before
197943,20230924,1.0958,0.79,99,before
197944,20230924,1.1556,0.89,98,before
197945,20230924,1.3019,0.92,96,before
197946,20230924,1.2316,0.94,99,before
197947,20230924,1.4492,0.93,99,before
197948,20230924,1.5299,0.97,99,before
197949,20230924,1.5358,0.93,101,before
197950,20230924,1.4671,0.87,95,before
198047,20230925,1.3784,1.31,92,before
198049,20230925,1.112,0.9,88,before
198050,20230925,1.1523,,85,before
198051,20230925,1.2065,0.86,90,before
198059,20230925,1.0157,1.02,94,before
198060,20230925,1.0255,0.95,88,before
198061,20230925,1.0057,0.95,89,before
198062,20230925,1.0206,0.96,85,before
198063,20230925,1.0351,0.89,91,before
198064,20230925,1.0378,0.94,88,before
198065,20230925,1.0104,1.01,90,before
198066,20230925,1.0176,0.92,89,before
198067,20230925,1.0858,0.91,86,before
198068,20230925,1.1171,0.97,92,before
198069,20230925,1.1016,1.01,86,before
198070,20230925,1.1282,0.93,90,before
198071,20230925,1.2477,0.96,89,before
198072,20230925,1.371,0.97,86,before
198073,20230925,1.3873,,83,before
198074,20230925,1.4128,,83,before
198076,20230925,1.3656,0.92,87,before
198077,20230925,1.4201,0.86,88,before
198078,20230925,1.4512,,86,before
198080,20230925,1.3511,0.87,85,before
198081,20230925,1.3642,0.88,88,before
198082,20230925,1.4731,0.9,87,before
198083,20230925,1.5891,0.85,89,before
198084,20230925,1.4611,0.9,89,before
198180,20230926,1.3519,1.54,87,before
198189,20230926,1.068,1.56,84,before
198190,20230926,1.0402,,85,before
198191,20230926,1.0434,1.21,87,before
198192,20230926,1.041,1.03,89,before
198193,20230926,1.0385,0.89,90,before
198194,20230926,1.0378,0.95,86,before
198195,20230926,1.0396,0.99,93,before
198196,20230926,1.019,0.87,87,before
198197,20230926,1.0414,0.89,89,before
198198,20230926,1.0221,0.92,88,before
198199,20230926,1.0377,0.98,85,before
198200,20230926,1.0726,0.94,89,before
198201,20230926,1.014,0.97,88,before
198202,20230926,1.0218,0.95,89,before
198203,20230926,1.1602,1.02,86,before
198204,20230926,1.2456,1.06,92,before
198205,20230926,1.3385,0.95,103,before
198206,20230926,1.3913,1.07,83,before
198207,20230926,1.3665,0.96,87,before
198208,20230926,1.5202,1.0,88,before
198209,20230926,1.4127,1.0,89,before
198210,20230926,1.5575,0.96,88,before
198211,20230926,1.1491,0.87,87,before
198212,20230926,1.4698,0.97,96,before
198312,20230927,1.1983,0.81,100,before
198314,20230927,1.2684,0.98,82,before
198315,20230927,1.357,0.9,90,before
198322,20230927,1.0694,1.05,79,before
198323,20230927,1.0572,0.78,78,before
198324,20230927,1.0595,0.79,78,before
198325,20230927,1.0605,0.82,75,before
198326,20230927,1.0556,0.9,80,before
198327,20230927,1.0431,,80,before
198328,20230927,1.0004,0.78,78,before
198329,20230927,1.0019,,79,before
198334,20230927,1.4022,0.94,82,before
198505,20230928,1.0078,0.96,96,before
198510,20230928,1.3135,1.11,95,before
198511,20230928,1.3495,0.81,95,before
198512,20230928,1.3006,1.09,95,before
198513,20230928,1.259,0.83,93,before
198514,20230928,1.1764,0.92,93,before
198615,20230929,1.4097,1.07,112,before
198616,20230929,1.0168,0.93,115,before
198617,20230929,1.0134,0.9,158,before
198618,20230929,1.0428,0.9,173,before
198619,20230929,1.0953,1.1,139,before
198620,20230929,1.1604,0.9,129,before
198622,20230929,1.34,0.97,131,before
198623,20230929,1.4425,,123,before
198631,20230929,1.5201,2.04,85,before
198782,20230930,1.1725,1.82,105,before
198783,20230930,1.1205,,105,before
199125,20231002,1.8744,1.14,123,before
199126,20231002,1.2196,1.27,102,before
199127,20231002,1.1861,,101,before
199128,20231002,1.1745,,102,before
199129,20231002,1.1728,,101,before
199135,20231002,1.2501,2.28,138,before
199137,20231002,1.0762,1.09,105,before
199138,20231002,1.1222,1.13,108,before
199139,20231002,1.0967,1.18,97,before
199140,20231002,1.1182,1.06,102,before
199141,20231002,1.2181,1.14,121,before
199142,20231002,1.2785,1.04,118,before
199143,20231002,1.157,1.03,97,before
199144,20231002,1.1773,,95,before
199145,20231002,1.2468,0.97,111,before
199146,20231002,1.2696,0.94,96,before
199147,20231002,1.2799,0.91,96,before
199148,20231002,1.3427,0.89,97,before
199149,20231002,1.366,,97,before
199150,20231002,1.4109,,93,before
199151,20231002,1.5946,0.89,95,before
199152,20231002,1.6335,0.94,93,before
199153,20231002,1.7224,,96,before
199155,20231002,1.9004,1.11,96,before
199156,20231002,1.362,0.97,98,before
199157,20231002,1.4019,0.95,105,before
199158,20231002,1.2943,1.01,99,before
199159,20231002,1.1824,1.01,95,before
199160,20231002,1.201,0.94,94,before
199278,20231003,1.1472,0.89,126,before
199279,20231003,1.2088,0.99,98,before
199280,20231003,1.2163,,97,before
199281,20231003,1.139,1.07,96,before
199282,20231003,1.1506,,96,before
199283,20231003,1.1263,0.87,97,before
199284,20231003,1.1423,,96,before
199285,20231003,1.1483,0.89,99,before
199286,20231003,1.2721,0.85,98,before
199287,20231003,1.2958,,96,before
199288,20231003,1.1722,0.82,99,before
199289,20231003,1.2052,,98,before
199290,20231003,1.1866,0.88,95,before
199291,20231003,1.2188,,97,before
199292,20231003,1.3389,0.93,98,before
199293,20231003,1.3794,,97,before
199297,20231003,1.5689,1.03,99,before
199298,20231003,1.6665,1.13,98,before
199300,20231003,1.4738,0.95,96,before
199301,20231003,1.3476,0.95,102,before
199429,20231004,1.6032,1.85,183,before
199433,20231004,1.2329,1.26,101,before
199434,20231004,1.2252,1.03,99,before
199435,20231004,1.2,0.92,98,before
199436,20231004,1.1547,0.87,93,before
199437,20231004,1.226,0.94,96,before
199438,20231004,1.1375,0.96,98,before
199439,20231004,1.1235,0.91,91,before
199440,20231004,1.106,0.96,99,before
199441,20231004,1.0919,0.92,97,before
199442,20231004,1.0863,0.93,97,before
199443,20231004,1.0961,0.88,98,before
199444,20231004,1.1065,1.0,100,before
199445,20231004,1.128,,99,before
199446,20231004,1.1761,1.03,100,before
199447,20231004,1.2062,,98,before
199448,20231004,1.5561,0.99,96,before
199449,20231004,1.3139,1.08,94,before
199450,20231004,1.2595,1.04,96,before
199451,20231004,1.2785,,95,before
199452,20231004,1.5226,1.0,97,before
199453,20231004,1.2927,0.87,98,before
199454,20231004,1.3433,,98,before
199455,20231004,1.5611,1.09,94,before
199456,20231004,1.6206,,93,before
199457,20231004,1.7775,0.98,105,before
199570,20231005,1.2638,1.2,127,before
199575,20231005,1.3215,1.07,96,before
199576,20231005,1.2748,1.12,94,before
199577,20231005,1.3009,,95,before
199578,20231005,1.3789,1.05,92,before
199579,20231005,1.4115,,95,before
199580,20231005,1.4512,1.24,90,before
199581,20231005,1.3517,1.05,98,before
199582,20231005,1.3007,0.98,99,before
199583,20231005,1.1965,1.01,89,before
199584,20231005,1.2127,0.95,97,before
199585,20231005,1.2544,0.88,92,before
199586,20231005,1.3086,,96,before
199587,20231005,1.4016,1.01,92,before
199588,20231005,1.4379,,93,before
199590,20231005,1.6933,1.14,107,before
199591,20231005,1.4266,1.07,96,before
199732,20231006,1.2965,1.06,87,before
199733,20231006,1.2552,1.04,97,before
199734,20231006,1.262,0.99,98,before
199735,20231006,1.3081,1.01,98,before
199736,20231006,1.3182,,98,before
199737,20231006,1.244,1.29,95,before
199738,20231006,1.2322,0.97,98,before
199739,20231006,1.3108,1.04,98,before
199740,20231006,1.348,0.94,96,before
199741,20231006,1.3672,0.93,95,before
199742,20231006,1.4535,0.91,96,before
199743,20231006,1.3285,0.91,96,before
199744,20231006,1.198,0.83,98,before
199745,20231006,1.2242,0.89,100,before
199746,20231006,1.3369,1.27,97,before
199747,20231006,1.3696,,96,before
199748,20231006,1.3904,0.96,95,before
199749,20231006,1.4256,0.88,96,before
199933,20231007,1.4541,1.13,97,before
199934,20231007,1.4187,0.98,94,before
199935,20231007,1.351,0.99,99,before
199936,20231007,1.4946,1.01,95,before
199937,20231007,1.3813,1.0,94,before
199938,20231007,1.405,0.89,94,before
199940,20231007,1.4491,1.02,100,before
199943,20231007,1.3369,0.92,91,before
199944,20231007,1.4528,1.01,97,before
200043,20231008,1.2206,0.93,97,before
200044,20231008,1.185,0.97,98,before
200045,20231008,1.1126,0.91,95,before
200046,20231008,1.1295,0.9,99,before
200047,20231008,1.112,0.87,100,before
200048,20231008,1.3122,0.97,96,before
200054,20231008,1.1364,1.01,95,before
200055,20231008,1.0942,0.93,97,before
200056,20231008,1.0651,0.85,100,before
200057,20231008,1.0691,0.88,98,before
200058,20231008,1.0773,0.86,98,before
200059,20231008,1.0817,0.86,96,before
200060,20231008,1.1304,0.87,96,before
200061,20231008,1.0933,0.88,94,before
200062,20231008,1.106,0.98,96,before
200063,20231008,1.1271,,98,before
200064,20231008,1.1546,0.88,96,before
200065,20231008,1.1065,0.91,97,before
200066,20231008,1.1293,0.86,97,before
200067,20231008,1.2578,0.86,87,before
200068,20231008,1.2301,,87,before
200069,20231008,1.275,0.77,96,before
200070,20231008,1.3228,0.78,95,before
200071,20231008,1.3468,0.86,99,before
200072,20231008,1.3543,0.86,116,before
200170,20231009,1.2127,0.91,97,before
200171,20231009,1.2142,0.83,105,before
200172,20231009,1.2144,0.88,98,before
200173,20231009,1.2156,0.9,102,before
200174,20231009,1.1607,0.87,94,before
200175,20231009,1.1395,0.91,96,before
200176,20231009,1.1167,0.85,97,before
200177,20231009,1.1147,1.02,95,before
200178,20231009,1.0843,0.98,91,before
200179,20231009,1.1276,0.94,97,before
200180,20231009,1.1263,0.99,98,before
200181,20231009,1.1075,0.96,99,before
200182,20231009,1.1072,0.89,100,before
200183,20231009,1.097,0.92,97,before
200184,20231009,1.0801,0.94,96,before
200185,20231009,1.0982,0.89,96,before
200186,20231009,1.1893,0.89,97,before
200187,20231009,1.202,0.86,97,before
200188,20231009,1.2084,0.93,100,before
200189,20231009,1.2041,0.9,99,before
200190,20231009,1.2693,0.95,98,before
200191,20231009,1.2419,0.87,95,before
200192,20231009,1.2403,0.89,99,before
200193,20231009,1.3246,0.95,97,before
200194,20231009,1.5755,1.28,95,before
200195,20231009,1.5798,1.17,95,before
200196,20231009,1.6663,,91,before
200300,20231010,1.1123,1.17,103,before
200301,20231010,1.1043,,103,before
200303,20231010,1.1336,1.55,97,before
200304,20231010,1.1184,,96,before
200306,20231010,1.2367,1.52,92,before
200307,20231010,1.2308,,93,before
200311,20231010,1.2816,2.12,143,before
200312,20231010,1.3208,1.31,98,before
200313,20231010,1.2653,1.41,95,before
200314,20231010,1.2748,,91,before
200315,20231010,1.1904,1.53,104,before
200316,20231010,1.2556,1.16,95,before
200317,20231010,1.3058,1.3,100,before
200318,20231010,1.3106,1.07,97,before
200319,20231010,1.3279,,96,before
200320,20231010,1.3555,,98,before
200321,20231010,1.3959,,98,before
200322,20231010,1.3037,1.21,107,before
200323,20231010,1.3983,1.42,99,before
200324,20231010,1.4273,,96,before
200325,20231010,1.2429,1.46,97,before
200326,20231010,1.3197,1.31,95,before
200327,20231010,1.4016,1.13,99,before
200328,20231010,1.4405,,99,before
200329,20231010,1.1792,1.22,100,before
200330,20231010,1.1756,0.94,98,before
200331,20231010,1.1409,0.99,97,before
200332,20231010,1.1538,0.91,98,before
200333,20231010,1.393,0.9,110,before
200437,20231011,1.1373,1.57,125,before
200438,20231011,1.0428,2.01,119,before
200439,20231011,1.0429,1.57,112,before
200440,20231011,1.0432,2.05,98,before
200441,20231011,1.0301,1.57,99,before
200442,20231011,1.0223,1.61,100,before
200443,20231011,1.0153,1.63,106,before
200444,20231011,1.0258,2.05,100,before
200445,20231011,1.0135,1.85,104,before
200446,20231011,1.0168,1.57,101,before
200447,20231011,1.0082,1.37,96,before
200448,20231011,1.0197,,95,before
200449,20231011,1.0229,1.31,98,before
200450,20231011,1.0354,1.11,95,before
200451,20231011,1.0439,1.52,99,before
200452,20231011,1.0455,1.1,97,before
200453,20231011,1.0473,0.92,98,before
200454,20231011,1.0616,0.88,98,before
200455,20231011,1.0537,1.25,99,before
200456,20231011,1.078,,99,before
200457,20231011,1.0856,1.14,98,before
200458,20231011,1.1278,,97,before
200459,20231011,1.1432,1.37,95,before
200460,20231011,1.1057,,99,before
200461,20231011,1.1528,1.35,98,before
200462,20231011,1.1144,,99,before
200463,20231011,1.1661,1.3,100,before
200464,20231011,1.1147,1.25,111,before
200564,20231012,1.6221,0.89,133,before
200565,20231012,1.1617,0.97,105,before
200566,20231012,1.2287,0.88,100,before
200567,20231012,1.1672,0.94,99,before
200568,20231012,1.247,0.91,99,before
200569,20231012,1.2475,0.95,97,before
200570,20231012,1.2425,,100,before
200572,20231012,1.2323,1.17,93,before
200573,20231012,1.2333,,93,before
200574,20231012,1.244,1.01,98,before
200575,20231012,1.2616,,100,before
200576,20231012,1.2022,1.82,110,before
200577,20231012,1.2434,1.5,103,before
200578,20231012,1.1326,1.7,138,before
200579,20231012,1.0923,1.59,100,before
200580,20231012,1.0977,1.38,97,before
200581,20231012,1.0722,1.09,94,before
200582,20231012,1.0608,0.99,98,before
200583,20231012,1.078,,96,before
200584,20231012,1.1021,,97,before
200585,20231012,1.1291,1.44,99,before
200586,20231012,1.1447,1.03,97,before
200587,20231012,1.1699,,99,before
200588,20231012,1.1569,0.98,100,before
200589,20231012,1.1032,0.82,98,before
200590,20231012,1.1022,0.82,93,before
200591,20231012,1.507,0.88,94,before
200592,20231012,1.4395,0.79,96,before
200593,20231012,1.4795,,97,before
200594,20231012,1.5362,,97,before
200595,20231012,1.3966,0.98,95,before
200596,20231012,1.2048,1.23,100,before
200597,20231012,1.1106,1.08,109,before
200737,20231013,1.4458,1.13,164,before
200738,20231013,1.2872,1.19,98,before
200739,20231013,1.2635,,98,before
200740,20231013,1.2547,,98,before
200741,20231013,1.2528,1.46,96,before
200742,20231013,1.1645,1.61,123,before
200743,20231013,1.2275,1.13,141,before
200744,20231013,1.3034,1.24,98,before
200745,20231013,1.3051,,96,before
200746,20231013,1.3135,0.88,100,before
200747,20231013,1.3248,,98,before
200748,20231013,1.2771,0.83,98,before
200749,20231013,1.2907,,99,before
200750,20231013,1.3376,1.0,96,before
200751,20231013,1.2435,0.83,100,before
200752,20231013,1.3325,0.96,97,before
200753,20231013,1.3604,,96,before
200754,20231013,1.4337,0.92,96,before
200755,20231013,1.468,,93,before
200756,20231013,1.3426,0.96,97,before
200757,20231013,1.3731,1.04,97,before
200758,20231013,1.4166,,96,before
200759,20231013,1.4124,0.97,98,before
200760,20231013,1.4957,1.17,97,before
200767,20231013,1.6383,0.96,99,before
200771,20231013,1.1145,0.9,99,before
200772,20231013,1.1877,0.97,99,before
200773,20231013,1.0585,1.01,95,before
200877,20231014,1.1388,1.26,108,before
200878,20231014,1.1362,1.23,159,before
200879,20231014,1.2341,1.22,101,before
200880,20231014,1.1005,1.45,98,before
200881,20231014,1.0891,,98,before
200882,20231014,1.0965,1.03,97,before
200883,20231014,1.0723,1.11,96,before
200884,20231014,1.0934,1.14,98,before
200885,20231014,1.0803,1.11,98,before
200886,20231014,1.0538,0.97,99,before
200887,20231014,1.0586,,98,before
200888,20231014,1.0758,1.16,93,before
200889,20231014,1.0841,1.03,97,before
200890,20231014,1.0761,0.92,96,before
200891,20231014,1.0774,1.02,99,before
200892,20231014,1.0953,,96,before
200893,20231014,1.0616,1.01,96,before
200894,20231014,1.094,1.09,100,before
200895,20231014,1.1192,1.05,96,before
200896,20231014,1.1638,1.03,96,before
200897,20231014,1.4524,1.04,96,before
200898,20231014,1.577,1.1,93,before
200899,20231014,1.5436,1.03,95,before
200900,20231014,1.4813,1.04,98,before
200901,20231014,1.6034,1.08,94,before
200903,20231014,1.1426,0.87,88,before
200904,20231014,1.1631,0.78,98,before
200905,20231014,1.1756,0.76,100,before
200906,20231014,1.1883,0.78,98,before
200907,20231014,1.0907,0.73,98,before
200908,20231014,1.0824,0.72,96,before
201006,20231015,1.1901,1.1,120,before
201007,20231015,1.1651,1.23,103,before
201008,20231015,1.0903,1.45,97,before
201009,20231015,1.0715,,97,before
201010,20231015,1.0647,1.23,97,before
201011,20231015,1.0466,1.1,97,before
201012,20231015,1.0611,0.9,99,before
201013,20231015,1.0619,1.01,98,before
201014,20231015,1.0555,1.04,99,before
201015,20231015,1.0826,0.99,95,before
201016,20231015,1.2533,1.09,97,before
201017,20231015,1.3942,1.07,99,before
201019,20231015,1.3936,1.01,98,before
201020,20231015,1.4192,,95,before
201021,20231015,1.4293,1.27,99,before
201022,20231015,1.4659,,98,before
201023,20231015,1.4251,1.18,97,before
201024,20231015,1.4893,1.07,95,before
201025,20231015,1.534,,96,before
201026,20231015,1.5623,1.17,93,before
201027,20231015,1.6042,,94,before
201028,20231015,1.466,1.19,99,before
201029,20231015,1.5093,,97,before
201030,20231015,1.6113,1.11,94,before
201031,20231015,1.6714,,95,before
201032,20231015,1.2564,1.22,98,before
201120,20231016,1.2745,1.38,114,before
201121,20231016,1.4731,1.37,157,before
201122,20231016,1.2211,1.18,104,before
201123,20231016,1.2068,,104,before
201124,20231016,1.2008,,104,before
201125,20231016,1.1266,1.1,99,before
201126,20231016,1.1194,,99,before
201127,20231016,1.1245,1.19,99,before
201128,20231016,1.1208,,99,before
201129,20231016,1.1248,,100,before
201130,20231016,1.2598,1.49,133,before
201131,20231016,1.3037,1.4,99,before
201133,20231016,1.2302,1.78,134,before
201134,20231016,1.2239,1.26,148,before
201135,20231016,1.2346,1.04,97,before
201136,20231016,1.2997,1.13,99,before
201137,20231016,1.3671,0.93,97,before
201138,20231016,1.3399,1.03,99,before
201139,20231016,1.3856,0.94,97,before
201140,20231016,1.4146,0.92,97,before
201144,20231016,1.28,0.99,99,before
201145,20231016,1.241,1.28,96,before
201146,20231016,1.2663,1.04,98,before
201147,20231016,1.3782,1.06,96,before
201148,20231016,1.4937,1.13,96,before
201149,20231016,1.3042,0.98,96,before
201150,20231016,1.219,0.97,99,before
201151,20231016,1.1641,,97,before
201152,20231016,1.219,1.25,98,before
201153,20231016,1.1934,0.94,99,before
201154,20231016,1.0439,0.88,97,before
201282,20231017,1.0859,1.36,104,before
201289,20231017,1.0488,0.86,99,before
201418,20231017,1.2654,1.07,99,before
201419,20231017,1.1773,0.87,99,before
201420,20231017,1.1789,0.88,98,before
201421,20231017,1.1977,0.93,98,before
201506,20231018,1.2055,1.13,125,before
201507,20231018,1.1299,1.1,119,before
201508,20231018,1.0939,0.96,96,before
201509,20231018,1.0939,0.92,98,before
201510,20231018,1.1028,1.0,99,before
201513,20231018,1.2995,1.14,96,before
201514,20231018,1.2255,1.05,99,before
201515,20231018,1.282,1.13,97,before
201516,20231018,1.2923,,97,before
201517,20231018,1.3077,1.16,100,before
201518,20231018,1.3253,1.19,98,before
201519,20231018,1.358,,98,before
201520,20231018,1.3102,1.09,99,before
201521,20231018,1.3968,1.01,100,before
201522,20231018,1.4386,,100,before
201523,20231018,1.4556,1.32,99,before
201524,20231018,1.4866,,99,before
201525,20231018,1.3951,1.07,97,before
201526,20231018,1.4201,1.09,97,before
201527,20231018,1.4553,0.99,97,before
201528,20231018,1.4533,1.04,95,before
201529,20231018,1.3837,1.0,98,before
201530,20231018,1.4254,0.98,94,before
201531,20231018,1.4277,1.11,100,before
201532,20231018,1.1592,0.91,98,before
201533,20231018,1.7458,1.04,103,before
201534,20231018,1.3285,1.02,99,before
201535,20231018,1.3438,1.07,98,before
201536,20231018,1.175,0.96,98,before
201537,20231018,1.0882,0.92,102,before
201538,20231018,1.0628,0.93,109,before
201691,20231019,1.1587,0.98,135,before
201692,20231019,1.2635,1.07,97,before
201693,20231019,1.2311,,96,before
201695,20231019,1.2309,1.22,96,before
201696,20231019,1.225,,96,before
201697,20231019,1.3425,1.41,99,before
201698,20231019,1.3442,,99,before
201699,20231019,1.2633,1.23,99,before
201700,20231019,1.2794,,99,before
201701,20231019,1.3668,1.29,96,before
201702,20231019,1.3867,,97,before
201703,20231019,1.4196,1.35,100,before
201704,20231019,1.445,,99,before
201705,20231019,1.3963,1.37,100,before
201706,20231019,1.4269,,100,before
201707,20231019,1.4686,1.44,95,before
201708,20231019,1.2164,1.11,98,before
201709,20231019,1.1597,0.99,98,before
201710,20231019,1.2036,0.98,98,before
201711,20231019,1.1082,0.92,98,before
201712,20231019,1.1043,0.97,100,before
201713,20231019,1.1345,,98,before
201714,20231019,1.5532,1.0,96,before
201715,20231019,1.6689,1.05,98,before
201716,20231019,1.1529,1.05,98,before
201717,20231019,1.1412,0.88,99,before
201718,20231019,1.1445,0.88,101,before
201719,20231019,1.2224,1.01,97,before
201720,20231019,1.0406,0.85,99,before
201721,20231019,1.0453,0.9,100,before
201823,20231020,1.2554,1.19,129,before
201824,20231020,1.1665,1.17,163,before
201825,20231020,1.0824,1.29,99,before
201826,20231020,1.0664,,99,before
201827,20231020,1.0804,0.96,99,before
201828,20231020,1.076,,96,before
201829,20231020,1.105,1.09,96,before
201830,20231020,1.1051,,95,before
201831,20231020,1.0989,0.96,99,before
201832,20231020,1.1131,0.97,99,before
201836,20231020,1.1295,1.01,96,before
201837,20231020,1.0828,1.03,97,before
201838,20231020,1.0904,1.0,99,before
201839,20231020,1.1014,0.86,99,before
201840,20231020,1.0963,0.91,97,before
201841,20231020,1.0963,0.96,95,before
201842,20231020,1.1805,1.08,96,before
201843,20231020,1.1824,0.96,100,before
201844,20231020,1.1832,0.89,96,before
201845,20231020,1.1691,1.05,98,before
201846,20231020,1.2415,0.94,99,before
201847,20231020,1.3163,1.05,94,before
201848,20231020,1.4149,1.14,100,before
201849,20231020,1.5281,1.15,96,before
201850,20231020,1.3158,1.05,98,before
201851,20231020,1.227,0.9,99,before
201852,20231020,1.1657,0.92,97,before
201853,20231020,1.1602,0.92,98,before
201854,20231020,1.1822,0.82,98,before
201855,20231020,1.0515,0.83,100,before
201856,20231020,1.0352,0.8,99,before
201915,20231021,1.0578,1.05,98,before
201916,20231021,1.0371,,97,before
201917,20231021,1.0311,,96,before
201918,20231021,1.1138,1.58,92,before
201919,20231021,1.0814,1.34,98,before
201920,20231021,1.084,1.17,98,before
201921,20231021,1.0777,1.07,99,before
201922,20231021,1.0762,,99,before
201923,20231021,1.1148,0.9,98,before
201924,20231021,1.1186,,97,before
201925,20231021,1.092,0.89,99,before
201926,20231021,1.0823,0.88,97,before
201927,20231021,1.1202,0.85,97,before
201928,20231021,1.0829,0.88,98,before
201929,20231021,1.0926,0.9,98,before
201930,20231021,1.0833,0.84,97,before
201931,20231021,1.0748,0.96,99,before
201932,20231021,1.0831,0.91,100,before
201933,20231021,1.1185,0.81,99,before
201934,20231021,1.1111,0.85,99,before
201935,20231021,1.0907,0.9,97,before
201936,20231021,1.0891,0.9,96,before
201937,20231021,1.0936,0.85,100,before
201938,20231021,1.485,1.46,100,before
201939,20231021,1.5164,,92,before
201940,20231021,1.1843,0.9,100,before
201941,20231021,1.1833,0.81,96,before
201942,20231021,1.1695,0.83,98,before
201943,20231021,1.1367,0.77,98,before
201944,20231021,1.1434,0.82,100,before
201945,20231021,1.1681,0.8,99,before
201946,20231021,1.2105,0.83,98,before
201947,20231021,1.0862,0.84,114,before
201948,20231021,1.1058,0.81,103,before
202090,20231022,1.1511,0.97,149,before
202091,20231022,1.1626,0.9,111,before
202094,20231022,1.0276,0.94,99,before
202095,20231022,1.0145,,99,before
202096,20231022,1.0057,0.94,98,before
202097,20231022,1.0028,,98,before
202098,20231022,1.0103,1.09,97,before
202099,20231022,1.0117,,96,before
202101,20231022,1.0949,1.63,102,before
202102,20231022,1.0024,1.17,99,before
202103,20231022,1.0065,0.96,106,before
202104,20231022,1.0007,0.89,97,before
202105,20231022,1.0009,,95,before
202106,20231022,1.0133,0.9,98,before
202107,20231022,1.0259,,99,before
202108,20231022,1.0122,1.03,99,before
202109,20231022,1.106,0.93,98,before
202110,20231022,1.2451,0.96,96,before
202111,20231022,1.0434,0.81,100,before
202112,20231022,1.0413,1.09,95,before
202113,20231022,1.0467,0.92,99,before
202114,20231022,1.1206,0.94,98,before
202115,20231022,1.0813,1.01,99,before
202116,20231022,1.1993,1.1,96,before
202117,20231022,1.1748,1.01,97,before
202118,20231022,1.145,,97,before
202119,20231022,1.1747,1.27,99,before
202120,20231022,1.1584,1.33,99,before
202121,20231022,1.1196,,98,before
202122,20231022,1.159,1.11,99,before
202123,20231022,1.1572,0.97,97,before
202124,20231022,1.0618,0.92,95,before
202231,20231023,1.0365,1.77,102,before
202232,20231023,1.0734,1.5,98,before
202233,20231023,1.0729,1.25,101,before
202240,20231023,1.0054,1.41,92,before
202241,20231023,1.0115,1.16,98,before
202242,20231023,1.0204,1.15,97,before
202243,20231023,1.0362,1.5,98,before
202264,20231023,1.2079,1.84,104,before
202265,20231023,1.2119,1.87,99,before
202266,20231023,1.2636,,100,before
202414,20231028,1.4522,1.49,79,before
202415,20231028,1.4306,,78,before
202417,20231028,1.3567,1.06,88,before
202418,20231028,1.3661,,88,before
202419,20231028,1.4769,1.08,82,before
202420,20231028,1.5183,,81,before
202421,20231028,1.5218,1.05,118,before
202423,20231028,1.2896,1.25,76,before
202446,20231028,1.3823,1.54,79,before
202447,20231028,1.3119,,80,before
202449,20231028,1.2348,1.35,73,before
202450,20231028,1.1941,,75,before
202451,20231028,1.1417,1.29,91,before
202452,20231028,1.1131,,91,before
202453,20231028,1.0754,1.12,99,before
202454,20231028,1.0553,,99,before
202455,20231028,1.0506,1.41,97,before
202456,20231028,1.1197,1.13,115,before
202654,20231029,1.2892,1.14,99,before
202655,20231029,1.3882,,94,before
202657,20231029,1.355,1.15,97,before
202658,20231029,1.3073,,96,before
202659,20231029,1.3847,1.15,100,before
202660,20231029,1.3053,1.01,97,before
202661,20231029,1.222,1.12,98,before
202662,20231029,1.1882,0.93,98,before
202663,20231029,1.1622,0.96,96,before
202664,20231029,1.1956,0.97,69,before
202665,20231029,1.2094,0.91,94,before
202666,20231029,1.2382,1.12,80,before
202667,20231029,1.1465,1.06,101,before
202668,20231029,1.0921,1.28,96,before
202768,20231030,1.4077,1.13,187,before
202770,20231030,1.2007,1.17,102,before
202785,20231030,1.3467,1.43,123,before
202819,20231030,1.1483,1.37,98,before
202924,20231031,1.4576,1.1,116,before
202925,20231031,1.2586,1.02,100,before
202926,20231031,1.2567,,100,before
202927,20231031,1.2709,,99,before
202928,20231031,1.265,1.17,148,before
202929,20231031,1.3105,1.0,98,before
202930,20231031,1.3248,,98,before
202931,20231031,1.3017,0.98,98,before
202932,20231031,1.33,,98,before
202933,20231031,1.3925,0.89,100,before
202934,20231031,1.4226,,100,before
202935,20231031,1.4809,,100,before
202936,20231031,1.2797,1.51,117,before
202937,20231031,1.3165,,117,before
202938,20231031,1.372,1.55,107,before
202939,20231031,1.1828,1.19,101,before
202940,20231031,1.2184,,102,before
202941,20231031,1.3536,1.28,104,before
202942,20231031,1.4302,,104,before
202943,20231031,1.4837,1.25,104,before
202944,20231031,1.5597,,105,before
202945,20231031,1.6698,1.22,99,before
202946,20231031,1.7828,,97,before
202948,20231031,1.3262,1.28,96,before
202949,20231031,1.2243,0.99,117,before
202950,20231031,1.1736,1.06,105,before
202951,20231031,1.1918,1.02,101,before
202952,20231031,1.2267,0.97,122,before
202953,20231031,1.1512,0.99,101,before
203051,20231101,1.1769,1.29,127,before
203061,20231101,1.1043,1.05,101,before
203062,20231101,1.0622,0.98,119,before
203063,20231101,1.095,0.97,102,before
203064,20231101,1.0796,0.91,100,before
203065,20231101,1.0963,1.0,99,before
203066,20231101,1.1155,,99,before
203067,20231101,1.0734,1.02,99,before
203073,20231101,1.0926,1.48,100,before
203074,20231101,1.114,1.06,98,before
203075,20231101,1.1691,1.05,104,before
203076,20231101,1.2779,1.02,99,before
203077,20231101,1.3059,,100,before
203078,20231101,1.2736,0.91,96,before
203079,20231101,1.3182,,97,before
203080,20231101,1.4917,0.88,99,before
203081,20231101,1.541,,99,before
203082,20231101,1.6271,,98,before
203083,20231101,1.7021,,100,before
203084,20231101,1.5081,0.94,94,before
203085,20231101,1.6778,1.03,105,before
203086,20231101,1.4551,0.81,98,before
203087,20231101,1.3524,,98,before
203088,20231101,1.2779,,98,before
203089,20231101,1.2448,0.88,113,before
203186,20231102,1.1346,0.9,123,before
203187,20231102,1.1003,0.88,143,before
203188,20231102,1.2042,0.87,103,before
203189,20231102,1.2406,0.87,101,before
203192,20231102,1.1252,0.93,100,before
203193,20231102,1.1084,0.97,98,before
203194,20231102,1.0971,1.04,98,before
203195,20231102,1.105,1.0,100,before
203196,20231102,1.0869,0.9,100,before
203197,20231102,1.0721,0.93,99,before
203198,20231102,1.0821,0.9,100,before
203199,20231102,1.0711,0.89,100,before
203200,20231102,1.1002,0.88,100,before
203201,20231102,1.079,0.9,97,before
203202,20231102,1.0922,0.94,100,before
203203,20231102,1.1554,1.08,99,before
203204,20231102,1.1763,,99,before
203205,20231102,1.0794,0.96,100,before
203206,20231102,1.109,,99,before
203207,20231102,1.1375,,100,before
203208,20231102,1.1852,1.02,99,before
203209,20231102,1.1256,1.02,99,before
203210,20231102,1.1717,,99,before
203211,20231102,1.2246,,99,before
203214,20231102,1.8761,1.11,98,before
203219,20231102,1.504,0.92,106,before
203220,20231102,1.4773,0.83,98,before
203221,20231102,1.4433,,97,before
203222,20231102,1.425,0.91,96,before
203320,20231103,1.4004,1.14,131,before
203321,20231103,1.2957,1.14,99,before
203322,20231103,1.2886,,99,before
203323,20231103,1.2487,1.21,100,before
203324,20231103,1.2493,,100,before
203325,20231103,1.2633,1.08,97,before
203326,20231103,1.2758,0.98,100,before
203327,20231103,1.3088,1.13,99,before
203328,20231103,1.3864,0.9,100,before
203329,20231103,1.3397,0.98,100,before
203330,20231103,1.3817,0.95,100,before
203331,20231103,1.4238,,100,before
203332,20231103,1.4887,,100,before
203333,20231103,1.3649,1.07,97,before
203334,20231103,1.398,,97,before
203335,20231103,1.4389,1.03,99,before
203336,20231103,1.4881,0.97,97,before
203337,20231103,1.5479,,96,before
203338,20231103,1.4165,1.08,99,before
203339,20231103,1.4573,,99,before
203340,20231103,1.559,0.92,100,before
203341,20231103,1.5902,,100,before
203342,20231103,1.6286,0.91,100,before
203343,20231103,1.7245,,96,before
203344,20231103,1.5058,0.86,97,before
203345,20231103,1.4851,,91,before
203346,20231103,1.5507,0.9,97,before
203347,20231103,1.5273,,96,before
203348,20231103,1.474,0.9,97,before
203349,20231103,1.4361,,96,before
203350,20231103,1.4238,0.92,97,before
203448,20231104,1.1226,0.92,118,before
203449,20231104,1.1009,0.89,97,before
203450,20231104,1.1009,0.93,100,before
203451,20231104,1.0805,0.94,100,before
203452,20231104,1.0644,1.05,100,before
203453,20231104,1.0812,0.93,90,before
203454,20231104,1.0691,0.97,99,before
203455,20231104,1.0586,1.02,99,before
203456,20231104,1.0657,0.98,99,before
203457,20231104,1.0722,1.18,97,before
203458,20231104,1.0917,,97,before
203459,20231104,1.0518,1.13,100,before
203460,20231104,1.0674,1.25,100,before
203461,20231104,1.1011,1.09,95,before
203462,20231104,1.1478,1.32,98,before
203463,20231104,1.0573,0.92,100,before
203464,20231104,1.0816,,99,before
203465,20231104,1.0863,1.0,97,before
203466,20231104,1.5333,1.12,99,before
203467,20231104,1.611,,97,before
203468,20231104,1.3431,1.03,100,before
203469,20231104,1.3219,,100,before
203470,20231104,1.4169,1.01,92,before
203471,20231104,1.3959,,93,before
203472,20231104,1.4276,1.05,92,before
203473,20231104,1.4069,,95,before
203474,20231104,1.3815,1.1,91,before
203475,20231104,1.3585,,91,before
203476,20231104,1.3453,1.01,96,before
203575,20231105,1.1129,1.08,134,before
203576,20231105,1.1242,1.2,106,before
203577,20231105,1.0759,1.07,98,before
203578,20231105,1.0752,1.06,99,before
203579,20231105,1.075,,99,before
203580,20231105,1.0584,1.01,99,before
203581,20231105,1.062,,98,before
203582,20231105,1.0417,1.01,99,before
203583,20231105,1.0492,,99,before
203584,20231105,1.0391,1.08,99,before
203585,20231105,1.0513,,99,before
203586,20231105,1.0464,1.08,100,before
203587,20231105,1.0553,1.24,98,before
203588,20231105,1.0718,0.96,100,before
203592,20231105,1.161,1.07,99,before
203593,20231105,1.3883,0.92,100,before
203594,20231105,1.4352,,99,before
203595,20231105,1.4183,0.96,99,before
203596,20231105,1.5866,1.14,99,before
203597,20231105,1.6586,,98,before
203598,20231105,1.7357,,97,before
203599,20231105,1.2787,1.0,88,before
203600,20231105,1.2988,0.82,90,before
203601,20231105,1.3242,0.8,83,before
203602,20231105,1.3517,0.83,86,before
203603,20231105,1.292,0.93,92,before
203604,20231105,1.2715,,92,before
203605,20231105,1.2776,1.12,83,before
203704,20231106,1.4717,1.19,121,before
203705,20231106,1.3639,1.01,173,before
203706,20231106,1.2163,0.99,101,before
203707,20231106,1.253,0.99,97,before
203708,20231106,1.2413,1.02,99,before
203709,20231106,1.2887,0.97,100,before
203710,20231106,1.2843,1.13,97,before
203711,20231106,1.3037,1.02,99,before
203712,20231106,1.2977,1.05,99,before
203713,20231106,1.353,1.3,97,before
203714,20231106,1.381,0.96,96,before
203715,20231106,1.4036,1.06,100,before
203716,20231106,1.4473,,99,before
203717,20231106,1.4271,1.2,97,before
203718,20231106,1.4618,0.93,99,before
203719,20231106,1.4938,0.94,99,before
203720,20231106,1.1159,0.91,100,before
203721,20231106,1.0656,0.86,100,before
203722,20231106,1.1001,,100,before
203723,20231106,1.1825,1.17,99,before
203724,20231106,1.1452,,99,before
203725,20231106,1.1382,0.96,97,before
203726,20231106,1.1042,,97,before
203727,20231106,1.1959,1.32,100,before
203728,20231106,1.1639,,98,before
203729,20231106,1.2083,0.92,86,before
203730,20231106,1.2257,0.94,99,before
203731,20231106,1.2455,0.87,98,before
203732,20231106,1.201,0.99,99,before
203733,20231106,1.2209,0.95,99,before
203734,20231106,1.2306,0.94,98,before
203836,20231107,1.1376,0.97,126,before
203838,20231107,1.1197,1.04,101,before
203840,20231107,1.0881,0.95,99,before
203841,20231107,1.104,1.1,97,before
203842,20231107,1.0756,0.89,97,before
203843,20231107,1.1119,0.83,99,before
203844,20231107,1.1178,0.91,100,before
203845,20231107,1.1001,0.89,99,before
203846,20231107,1.1063,0.91,99,before
203847,20231107,1.0757,0.81,100,before
203848,20231107,1.0867,0.85,98,before
203849,20231107,1.0719,0.74,100,before
203850,20231107,1.0678,0.84,100,before
203851,20231107,1.0658,0.82,99,before
203852,20231107,1.0727,0.94,98,before
203853,20231107,1.0655,1.08,99,before
203854,20231107,1.1615,0.89,97,before
203855,20231107,1.1747,0.95,98,before
203856,20231107,1.1185,0.86,99,before
203857,20231107,1.1118,1.0,100,before
203858,20231107,1.0959,1.03,99,before
203859,20231107,1.1292,,99,before
203860,20231107,1.154,1.51,100,before
203861,20231107,1.1506,0.93,97,before
203862,20231107,1.1667,1.08,96,before
203863,20231107,1.1507,0.89,99,before
203864,20231107,1.1282,0.82,97,before
203865,20231107,1.1313,0.97,99,before
203866,20231107,1.128,0.99,98,before
203867,20231107,1.2602,1.22,99,before
203868,20231107,1.2132,0.84,97,before
203869,20231107,1.1419,1.37,98,before
203967,20231108,1.4138,1.69,158,before
203968,20231108,1.476,1.26,115,before
203972,20231108,1.0709,1.91,102,before
203973,20231108,1.0884,1.52,99,before
203974,20231108,1.055,1.69,100,before
203975,20231108,1.0796,1.72,101,before
203976,20231108,1.0718,1.21,101,before
203977,20231108,1.0772,1.09,100,before
203979,20231108,1.2356,2.58,122,before
203980,20231108,1.2762,2.27,104,before
203981,20231108,1.3399,1.07,104,before
203982,20231108,1.2737,1.02,96,before
203983,20231108,1.4141,1.27,92,before
203984,20231108,1.4508,,93,before
203985,20231108,1.5015,,94,before
203986,20231108,1.323,1.21,99,before
203987,20231108,1.3268,1.33,108,before
203988,20231108,1.4187,1.12,99,before
203989,20231108,1.4231,1.43,98,before
203990,20231108,1.3673,1.18,99,before
203991,20231108,1.1828,1.09,99,before
203992,20231108,1.0881,1.08,99,before
203993,20231108,1.0713,1.19,99,before
203994,20231108,1.0969,,99,before
203995,20231108,1.1915,1.25,98,before
203996,20231108,1.1536,,98,before
203997,20231108,1.1481,1.08,99,before
203998,20231108,1.1037,,99,before
203999,20231108,1.07,,97,before
204000,20231108,1.3549,1.59,103,before
204001,20231108,1.484,1.47,117,before
204002,20231108,1.1518,1.84,97,before
204003,20231108,1.0567,1.46,108,before
204004,20231108,1.0836,1.56,99,before
204005,20231108,1.0695,1.33,102,before
204006,20231108,1.036,1.26,99,before
204108,20231109,1.0999,1.57,132,before
204109,20231109,1.0862,2.33,102,before
204110,20231109,1.2574,1.45,146,before
204111,20231109,1.2902,1.38,129,before
204112,20231109,1.4461,1.6,101,before
204113,20231109,1.3428,1.44,101,before
204114,20231109,1.4262,1.53,107,before
204115,20231109,1.3394,1.7,105,before
204116,20231109,1.2756,1.43,111,before
204117,20231109,1.3324,1.74,104,before
204118,20231109,1.3439,1.67,98,before
204119,20231109,1.4182,2.04,74,before
204121,20231109,1.408,1.65,98,before
204122,20231109,1.1037,1.65,101,before
204123,20231109,1.1045,1.54,99,before
204124,20231109,1.0837,1.2,100,before
204125,20231109,1.074,1.23,97,before
204126,20231109,1.0729,1.1,99,before
204127,20231109,1.0637,1.1,102,before
204128,20231109,1.0689,1.18,100,before
204129,20231109,1.0899,,100,before
204130,20231109,1.0672,1.33,99,before
204131,20231109,1.2477,1.25,99,before
204132,20231109,1.273,,98,before
204133,20231109,1.4179,1.19,98,before
204134,20231109,1.5126,1.22,98,before
204135,20231109,1.5588,,98,before
204136,20231109,1.6399,,97,before
204137,20231109,1.7293,,97,before
204138,20231109,1.0625,1.24,100,before
204139,20231109,1.054,,100,before
204140,20231109,1.1524,1.14,98,before
204141,20231109,1.1065,,98,before
204142,20231109,1.2513,1.48,98,before
204145,20231109,1.0321,1.16,97,before
204147,20231109,1.126,1.2,118,before
204148,20231109,1.0485,1.08,99,before
204248,20231110,1.3852,1.35,156,before
204249,20231110,1.2779,0.98,100,before
204250,20231110,1.3063,1.14,124,before
204251,20231110,1.2306,1.0,101,before
204252,20231110,1.286,0.93,99,before
204253,20231110,1.2996,0.91,98,before
204254,20231110,1.3363,1.19,99,before
204256,20231110,1.0768,1.11,100,before
204257,20231110,1.0755,1.05,98,before
204258,20231110,1.0768,1.01,100,before
204259,20231110,1.0675,0.92,98,before
204260,20231110,1.0659,0.85,100,before
204261,20231110,1.0892,0.92,100,before
204262,20231110,1.072,0.93,99,before
204263,20231110,1.0954,0.94,98,before
204264,20231110,1.1559,1.07,100,before
204265,20231110,1.0904,1.27,99,before
204266,20231110,1.0733,0.98,99,before
204267,20231110,1.1024,,99,before
204268,20231110,1.4323,1.15,97,before
204269,20231110,1.541,1.13,100,before
204270,20231110,1.6033,,98,before
204271,20231110,1.2448,1.51,97,before
204272,20231110,1.1838,,97,before
204273,20231110,1.1795,1.28,99,before
204274,20231110,1.1659,1.23,100,before
204275,20231110,1.1253,,100,before
204278,20231110,1.057,0.87,110,before
204279,20231110,1.1804,1.01,98,before
204280,20231110,1.2075,1.63,97,before
204281,20231110,1.0606,1.24,101,before
204379,20231111,1.1065,1.26,151,before
204380,20231111,1.091,1.44,118,before
204381,20231111,1.0558,1.69,103,before
204382,20231111,1.0385,1.71,99,before
204383,20231111,1.0775,1.46,108,before
204384,20231111,1.0726,1.17,95,before
204385,20231111,1.079,,97,before
204386,20231111,1.0759,2.53,98,before
204387,20231111,1.0984,2.58,103,before
204388,20231111,1.0829,1.77,98,before
204389,20231111,1.0585,1.66,100,before
204390,20231111,1.0622,1.76,98,before
204391,20231111,1.0669,,98,before
204392,20231111,1.082,2.19,100,before
204393,20231111,1.1023,1.97,102,before
204394,20231111,1.276,2.28,109,before
204395,20231111,1.3105,2.18,107,before
204396,20231111,1.3308,1.38,99,before
204397,20231111,1.4134,1.52,100,before
204398,20231111,1.4441,,99,before
204399,20231111,1.4913,1.29,98,before
204400,20231111,1.4845,1.17,98,before
204401,20231111,1.5117,1.16,98,before
204402,20231111,1.5641,,96,before
204403,20231111,1.6376,,99,before
204404,20231111,1.2755,1.27,100,before
204405,20231111,1.217,,100,before
204406,20231111,1.2345,1.28,99,before
204407,20231111,1.2043,1.45,99,before
204408,20231111,1.1577,,99,before
204409,20231111,1.209,1.37,97,before
204410,20231111,1.1509,,97,before
204411,20231111,1.2954,1.78,100,before
204412,20231111,1.2416,,99,before
204413,20231111,1.1461,1.1,99,before
204414,20231111,1.0807,1.37,116,before
204415,20231111,1.0482,1.06,97,before
204513,20231112,1.4459,1.07,115,before
204514,20231112,1.0477,1.05,117,before
204515,20231112,1.2764,1.03,100,before
204516,20231112,1.2579,0.93,100,before
204517,20231112,1.3058,1.11,97,before
204518,20231112,1.3679,1.0,98,before
204520,20231112,1.0508,1.02,98,before
204521,20231112,1.0768,0.93,99,before
204522,20231112,1.1143,1.19,100,before
204523,20231112,1.1368,,100,before
204525,20231112,1.0991,,99,before
204526,20231112,1.1293,,99,before
204527,20231112,1.0438,0.96,99,before
204528,20231112,1.051,1.04,98,before
204529,20231112,1.0823,1.49,99,before
204608,20231113,1.0615,1.03,147,before
204609,20231113,1.0468,0.9,151,before
204610,20231113,1.1181,0.9,97,before
204612,20231113,1.1066,0.97,98,before
204614,20231113,1.0723,1.94,119,before
204616,20231113,1.0778,,119,before
204619,20231113,1.2526,,104,before
204620,20231113,1.26,1.05,105,before
204621,20231113,1.3118,1.14,99,before
204711,20231114,1.049,1.33,100,before
204712,20231114,1.1146,1.44,99,before
204713,20231114,1.315,1.0,99,before
204714,20231114,1.3696,1.09,100,before
204715,20231114,1.3698,1.01,98,before
204716,20231114,1.4186,1.16,99,before
204717,20231114,1.3996,1.15,99,before
204719,20231114,1.0687,0.99,100,before
204720,20231114,1.0613,0.93,100,before
204721,20231114,1.062,0.9,100,before
204722,20231114,1.0645,0.87,97,before
204723,20231114,1.068,0.92,98,before
204724,20231114,1.4759,1.34,99,before
204725,20231114,1.5412,,99,before
204726,20231114,1.6118,,100,before
205760,20231119,1.0067,1.93,97,before
205762,20231119,1.0001,,86,before
205765,20231119,1.0239,1.78,102,before
205766,20231119,1.0586,1.55,107,before
205767,20231119,1.0466,1.58,102,before
205768,20231119,1.0386,1.69,100,before
205769,20231119,1.0243,1.95,100,before
205770,20231119,1.0633,2.48,99,before
205771,20231119,1.0951,,99,before
205772,20231119,1.0686,2.09,108,before
205773,20231119,1.0487,2.18,102,before
205774,20231119,1.0754,,102,before
205779,20231119,1.1816,2.01,97,before
205780,20231119,1.231,,97,before
205781,20231119,1.1884,2.12,98,before
205782,20231119,1.145,,98,before
205783,20231119,1.1306,2.03,100,before
205784,20231119,1.086,2.58,100,before
205787,20231119,1.0359,2.16,104,before
205788,20231119,1.052,2.25,109,before
205789,20231119,1.0603,2.09,104,before
205791,20231119,1.0654,1.73,105,before
205792,20231119,1.1595,2.02,112,before
205892,20231120,1.2764,1.47,99,before
205893,20231120,1.2743,1.3,102,before
205894,20231120,1.2567,1.59,97,before
205895,20231120,1.1604,1.22,97,before
205896,20231120,1.1654,1.56,99,before
205897,20231120,1.1341,1.31,96,before
205898,20231120,1.116,1.22,97,before
205899,20231120,1.1143,1.33,99,before
205900,20231120,1.1182,1.53,101,before
205901,20231120,1.0484,1.29,99,before
205902,20231120,1.0485,1.57,97,before
205903,20231120,1.0176,1.57,100,before
205904,20231120,1.0027,1.38,107,before
205905,20231120,1.0391,1.43,98,before
205906,20231120,1.0583,1.48,99,before
205907,20231120,1.0854,1.52,97,before
205908,20231120,1.0415,1.36,100,before
205909,20231120,1.0806,1.42,100,before
205910,20231120,1.1385,1.88,98,before
205911,20231120,1.1607,1.39,99,before
205912,20231120,1.1536,1.63,97,before
205913,20231120,1.1815,1.65,98,before
205914,20231120,1.4416,1.96,107,before
205915,20231120,1.594,1.72,99,before
205916,20231120,1.6324,1.99,107,before
205917,20231120,1.7269,,107,before
205918,20231120,1.3998,2.1,113,before
205919,20231120,1.4419,,113,before
205920,20231120,1.0567,2.13,99,before
205921,20231120,1.0537,1.77,105,before
205922,20231120,1.0484,1.96,100,before
205923,20231120,1.0069,1.36,116,before
205924,20231120,1.1432,2.96,96,before
205925,20231120,1.0003,1.66,96,before
205926,20231120,1.02,1.93,113,before
205927,20231120,1.0053,2.13,101,before
205984,20231121,1.3293,1.41,98,before
205985,20231121,1.4257,1.37,114,before
205986,20231121,1.5618,1.46,114,before
205993,20231121,1.7486,1.46,104,before
205995,20231121,1.343,2.16,102,before
205996,20231121,1.2769,,102,before
205997,20231121,1.1325,1.41,100,before
205999,20231121,1.0474,1.86,97,before
206000,20231121,1.0176,1.23,97,before
206001,20231121,1.1587,1.38,101,before
206002,20231121,1.5203,1.71,99,before
206003,20231121,1.511,,99,before
206004,20231121,1.5131,1.9,97,before
206008,20231121,1.2802,1.87,99,before
206009,20231121,1.3256,,99,before
206010,20231121,1.3435,1.38,101,before
206011,20231121,1.3707,1.41,103,before
206012,20231121,1.6788,1.61,98,before
206014,20231121,1.5024,1.27,99,before
206016,20231121,1.4102,2.0,119,before
206017,20231121,1.1013,1.63,99,before
206018,20231121,1.1056,,99,before
206019,20231121,1.1129,,99,before
206020,20231121,1.0342,1.61,104,before
206164,20231122,1.0009,1.42,128,before
206165,20231122,1.0006,,132,before
206166,20231122,1.0076,0.93,157,before
206167,20231122,1.0362,0.87,145,before
206168,20231122,1.0715,0.92,163,before
206169,20231122,1.1237,0.96,167,before
206170,20231122,1.1214,0.92,148,before
206171,20231122,1.239,0.91,167,before
206172,20231122,1.1346,1.01,143,before
206173,20231122,1.354,1.66,113,before
206174,20231122,1.4387,,112,before
206175,20231122,1.7813,1.55,164,before
206176,20231122,1.5736,1.05,96,before
206177,20231122,1.5341,,96,before
206178,20231122,1.1773,1.36,104,before
206179,20231122,1.529,1.33,95,before
206180,20231122,1.2786,1.34,110,before
206181,20231122,1.4,1.17,105,before
206182,20231122,1.3507,1.25,114,before
206183,20231122,1.2692,1.33,114,before
206184,20231122,1.4033,1.22,102,before
206185,20231122,1.3135,1.04,107,before
206186,20231122,1.223,1.35,96,before
206189,20231122,1.1163,2.45,94,before
206190,20231122,1.0874,0.96,99,before
206191,20231122,1.1572,0.94,98,before
206192,20231122,1.1898,1.0,98,before
206193,20231122,1.129,,97,before
206194,20231122,1.1753,1.05,100,before
206195,20231122,1.1698,1.07,98,before
206196,20231122,1.1283,,99,before
206197,20231122,1.1757,1.04,99,before
206198,20231122,1.159,1.09,100,before
206315,20231123,1.3143,,135,before
206318,20231123,1.5291,,99,before
206319,20231123,1.4726,1.66,98,before
206320,20231123,1.388,,100,before
206322,20231123,1.3032,1.47,97,before
206323,20231123,1.2515,1.11,97,before
206324,20231123,1.3301,1.23,94,before
206325,20231123,1.2083,1.68,97,before
206326,20231123,1.3051,1.6,98,before
206327,20231123,1.2478,1.12,96,before
206328,20231123,1.2437,1.35,94,before
206329,20231123,1.1914,1.2,99,before
206330,20231123,1.1424,1.75,99,before
206331,20231123,1.1123,1.44,95,before
206332,20231123,1.0977,1.39,99,before
206333,20231123,1.135,1.25,99,before
206334,20231123,1.1181,0.94,98,before
206335,20231123,1.0562,1.36,98,before
206343,20231123,1.019,1.18,101,before
206344,20231123,1.0183,1.95,100,before
206345,20231123,1.0212,1.41,99,before
206346,20231123,1.0189,2.0,107,before
206831,20231125,1.3751,1.08,96,before
206832,20231125,1.3367,,97,before
206833,20231125,1.3095,1.08,98,before
206834,20231125,1.2014,0.98,97,before
206835,20231125,1.1292,0.92,100,before
206836,20231125,1.351,1.09,99,before
206837,20231125,1.3196,,99,before
206838,20231125,1.2601,1.14,74,before
206839,20231125,1.2307,,74,before
206840,20231125,1.1268,1.14,101,before
206841,20231125,1.1335,1.07,108,before
206842,20231125,1.1413,1.0,114,before
206844,20231125,1.0346,1.09,105,before
206845,20231125,1.0327,0.97,108,before
206846,20231125,1.0651,0.93,115,before
206847,20231125,1.0451,0.94,105,before
206848,20231125,1.0621,0.96,106,before
207661,20231202,1.2497,2.13,97,before
207662,20231202,1.2999,1.3,88,before
207663,20231202,1.275,1.6,85,before
207665,20231202,1.375,1.59,84,before
207667,20231202,1.536,1.53,82,before
207669,20231202,1.1571,1.32,82,before
207670,20231202,1.1905,1.05,86,before
207672,20231202,1.332,1.04,81,before
207673,20231202,1.3636,1.02,82,before
207674,20231202,1.337,,81,before
207676,20231202,1.3747,0.96,80,before
207677,20231202,1.349,,80,before
207678,20231202,1.3125,1.0,78,before
207679,20231202,1.2895,,75,before
207680,20231202,1.3403,0.88,79,before
207831,20231203,1.3633,1.11,96,before
207834,20231203,1.1549,0.94,80,before
207835,20231203,1.2553,0.93,85,before
207836,20231203,1.377,1.07,82,before
207838,20231203,1.3759,0.97,84,before
207839,20231203,1.4482,0.88,82,before
207840,20231203,1.5004,0.85,82,before
207841,20231203,1.4719,0.88,84,before
207842,20231203,1.5672,0.93,82,before
207843,20231203,1.3703,1.03,80,before
207845,20231203,1.2042,0.89,78,before
207846,20231203,1.6059,0.97,99,before
207847,20231203,1.5071,0.96,86,before
207850,20231203,1.2155,0.79,70,before
207851,20231203,1.388,0.79,75,before
207852,20231203,1.2735,0.78,52,before
207853,20231203,1.2749,0.75,79,before
207855,20231203,1.4329,0.76,79,before
207856,20231203,1.2428,0.78,78,before
207857,20231203,1.3573,0.79,78,before
207858,20231203,1.2291,0.74,83,before
207860,20231203,1.2537,0.76,86,before
207861,20231203,1.298,0.76,83,before
207862,20231203,1.2278,0.75,88,before
207864,20231203,1.2195,0.71,75,before
208017,20231204,1.087,0.87,80,before
208018,20231204,1.3828,1.02,79,before
208019,20231204,1.5222,1.01,82,before
208021,20231204,1.45,0.97,84,before
208025,20231204,1.7215,0.98,85,before
208029,20231204,1.1391,0.86,85,before
208034,20231204,1.0595,0.81,87,before
208035,20231204,1.1916,0.8,82,before
208073,20231204,1.1055,0.84,85,before
208074,20231204,1.1884,0.82,85,before
208077,20231204,1.1376,1.17,86,before
208204,20231205,1.3382,0.97,86,before
208205,20231205,1.3625,1.12,85,before
208206,20231205,1.3862,0.92,84,before
208207,20231205,1.3908,0.93,85,before
208208,20231205,1.4284,,84,before
208209,20231205,1.4396,0.98,83,before
208210,20231205,1.5473,1.18,86,before
208211,20231205,1.5783,1.05,82,before
208212,20231205,1.62,0.98,83,before
208213,20231205,1.619,0.98,84,before
208214,20231205,1.4149,1.05,85,before
208215,20231205,1.4043,0.97,80,before
208216,20231205,1.5546,1.03,86,before
208217,20231205,1.1803,0.87,88,before
208218,20231205,1.095,0.89,85,before
208219,20231205,1.1367,0.79,87,before
208220,20231205,1.1908,0.9,84,before
208221,20231205,1.1612,1.29,84,before
208222,20231205,1.0303,0.97,85,before
208223,20231205,1.0677,0.99,83,before
208224,20231205,1.0429,0.85,82,before
208225,20231205,1.1913,0.94,84,before
208226,20231205,1.2626,0.8,81,before
208227,20231205,1.3125,0.79,78,before
208228,20231205,1.1739,0.79,87,before
208229,20231205,1.1393,0.83,84,before
208230,20231205,1.1012,0.85,85,before
208231,20231205,1.2265,0.84,85,before
208232,20231205,1.0937,0.8,83,before
208233,20231205,1.1051,0.82,84,before
208234,20231205,1.2377,0.78,87,before
208235,20231205,1.129,0.79,84,before
208238,20231205,1.0905,0.82,86,before
208360,20231206,1.3208,1.22,103,before
208361,20231206,1.3791,1.21,113,before
208362,20231206,1.3656,1.14,84,before
208363,20231206,1.3744,,85,before
208364,20231206,1.3286,1.15,88,before
208365,20231206,1.3505,,89,before
208367,20231206,1.0931,0.86,89,before
208368,20231206,1.0899,1.03,90,before
208369,20231206,1.0632,0.82,86,before
208370,20231206,1.0694,0.82,89,before
208371,20231206,1.0718,0.8,88,before
208372,20231206,1.0624,0.82,89,before
208373,20231206,1.0681,0.83,88,before
208374,20231206,1.0832,0.89,88,before
208375,20231206,1.0512,0.77,87,before
208376,20231206,1.0384,0.8,89,before
208377,20231206,1.1178,0.8,88,before
208378,20231206,1.5627,0.91,87,before
208379,20231206,1.5519,0.89,87,before
208380,20231206,1.6546,1.03,89,before
208381,20231206,1.2448,1.07,90,before
208382,20231206,1.1752,,90,before
208383,20231206,1.2554,1.88,88,before
208384,20231206,1.2076,1.22,88,before
208385,20231206,1.2139,1.09,88,before
208386,20231206,1.165,,88,before
208387,20231206,1.1255,,88,before
208388,20231206,1.0758,0.95,92,before
208389,20231206,1.1133,1.11,87,before
208390,20231206,1.0781,0.94,87,before
208391,20231206,1.0596,0.76,87,before
208392,20231206,1.0503,0.88,88,before
208393,20231206,1.0601,0.86,88,before
208394,20231206,1.0599,0.82,89,before
208395,20231206,1.0661,0.86,86,before
208396,20231206,1.1366,0.86,87,before
208397,20231206,1.1028,0.89,88,before
208398,20231206,1.042,0.82,89,before
208399,20231206,1.0184,0.8,86,before
208400,20231206,1.029,0.83,88,before
208544,20231207,1.4421,1.09,89,before
208545,20231207,1.0339,1.02,89,before
208546,20231207,1.0936,1.06,89,before
208547,20231207,1.0924,1.03,89,before
208548,20231207,1.061,0.92,90,before
208549,20231207,1.0685,1.13,89,before
208550,20231207,1.065,0.95,85,before
208551,20231207,1.0726,0.99,88,before
208552,20231207,1.045,0.91,87,before
208553,20231207,1.0545,0.99,88,before
208554,20231207,1.0556,1.19,87,before
208555,20231207,1.041,0.95,89,before
208556,20231207,1.0608,0.89,90,before
208558,20231207,1.0572,0.99,87,before
208559,20231207,1.0556,0.87,87,before
208560,20231207,1.0732,0.83,90,before
208561,20231207,1.5649,0.84,87,before
208562,20231207,1.7137,0.97,88,before
208563,20231207,1.1686,1.04,87,before
208564,20231207,1.1716,1.16,88,before
208565,20231207,1.1651,1.24,86,before
208566,20231207,1.1569,1.37,87,before
208567,20231207,1.1891,1.39,89,before
208568,20231207,1.1495,,89,before
208569,20231207,1.186,1.95,85,before
208570,20231207,1.1487,,85,before
208571,20231207,1.1639,1.16,89,before
208572,20231207,1.1309,,89,before
208573,20231207,1.1414,1.43,89,before
208574,20231207,1.1009,,88,before
208575,20231207,1.0769,,89,before
208576,20231207,1.0233,1.34,97,before
208577,20231207,1.0267,1.21,92,before
208578,20231207,1.066,1.28,86,before
208579,20231207,1.032,1.51,87,before
208580,20231207,1.0046,1.59,90,before
208679,20231208,1.032,1.27,91,before
208680,20231208,1.0165,1.2,91,before
208681,20231208,1.0401,1.25,91,before
208682,20231208,1.0651,1.35,90,before
208683,20231208,1.0824,,90,before
208684,20231208,1.0604,1.42,89,before
208685,20231208,1.0432,1.52,89,before
208686,20231208,1.0605,,89,before
208687,20231208,1.0436,1.31,90,before
208688,20231208,1.0339,1.31,89,before
208689,20231208,1.0428,1.09,88,before
208690,20231208,1.0638,,88,before
208691,20231208,1.0501,1.38,90,before
208692,20231208,1.0645,1.27,90,before
208693,20231208,1.0562,1.16,90,before
208694,20231208,1.5766,1.4,87,before
208695,20231208,1.6473,,88,before
208696,20231208,1.1772,1.24,87,before
208697,20231208,1.141,,86,before
208698,20231208,1.3376,1.65,90,before
208699,20231208,1.1589,1.16,90,before
208700,20231208,1.1544,1.37,89,before
208701,20231208,1.1524,1.19,88,before
208702,20231208,1.2297,1.31,86,before
208703,20231208,1.1814,,86,before
208704,20231208,1.137,1.27,89,before
208705,20231208,1.1002,,89,before
208706,20231208,1.2103,1.82,89,before
208707,20231208,1.152,,89,before
208708,20231208,1.1372,1.42,90,before
208709,20231208,1.0172,1.46,94,before
208710,20231208,1.0169,1.31,94,before
208711,20231208,1.1215,1.62,90,before
208712,20231208,1.0906,,89,before
208713,20231208,1.0085,1.38,89,before
208814,20231209,1.022,0.95,89,before
208815,20231209,1.0044,1.07,91,before
208816,20231209,1.0458,1.14,90,before
208817,20231209,1.0558,,89,before
208818,20231209,1.0506,1.13,89,before
208819,20231209,1.0496,1.08,90,before
208820,20231209,1.031,1.07,88,before
208825,20231209,1.0982,1.33,88,before
208826,20231209,1.0502,1.07,89,before
208832,20231209,1.0533,1.16,95,before
208833,20231209,1.1325,1.12,88,before
208834,20231209,1.103,,89,before
208835,20231209,1.1137,1.18,88,before
208836,20231209,1.1465,1.2,90,before
208837,20231209,1.3437,1.04,89,before
208838,20231209,1.3041,1.21,88,before
208839,20231209,1.039,1.1,104,before
208938,20231210,1.0179,0.84,88,before
208939,20231210,1.0643,0.82,89,before
208940,20231210,1.04,0.79,90,before
208941,20231210,1.0361,0.82,90,before
208942,20231210,1.0274,0.76,89,before
208943,20231210,1.0236,0.81,90,before
208944,20231210,1.0312,0.8,90,before
208945,20231210,1.0661,0.86,90,before
208946,20231210,1.0356,0.75,89,before
208947,20231210,1.0337,0.81,88,before
208948,20231210,1.0353,0.84,89,before
208949,20231210,1.039,0.81,89,before
208950,20231210,1.3352,0.87,89,before
208951,20231210,1.0425,0.81,89,before
208952,20231210,1.0521,0.84,89,before
208953,20231210,1.6283,0.89,88,before
208954,20231210,1.7018,,85,before
208956,20231210,1.6441,0.95,92,before
208957,20231210,1.2551,0.94,90,before
208958,20231210,1.2328,0.89,89,before
208959,20231210,1.1586,,88,before
208960,20231210,1.2208,0.84,89,before
208961,20231210,1.1633,,88,before
208962,20231210,1.1573,0.93,87,before
208963,20231210,1.14,0.89,89,before
208964,20231210,1.1298,0.88,90,before
208965,20231210,1.1462,0.85,90,before
208966,20231210,1.1342,0.88,86,before
208967,20231210,1.1164,0.84,90,before
208968,20231210,1.103,0.87,89,before
208969,20231210,1.1053,0.89,89,before
208970,20231210,1.1035,0.92,88,before
208971,20231210,1.3462,0.88,87,before
208972,20231210,1.1418,0.97,90,before
208973,20231210,1.1112,0.87,89,before
208974,20231210,1.0469,0.8,94,before
209107,20231211,1.4201,0.8,89,before
209108,20231211,1.3139,0.94,103,before
209110,20231211,1.3611,0.87,91,before
209111,20231211,1.3762,0.95,89,before
209112,20231211,1.5023,0.83,89,before
209113,20231211,1.4742,0.86,89,before
209114,20231211,1.1067,0.87,89,before
209115,20231211,1.0936,0.77,89,before
209116,20231211,1.084,0.78,90,before
209117,20231211,1.5687,0.9,88,before
209118,20231211,1.0646,0.84,90,before
209119,20231211,1.1282,0.99,88,before
209120,20231211,1.1802,,88,before
209301,20231212,1.006,1.0,89,before
209302,20231212,1.0077,1.32,89,before
209303,20231212,1.0179,,89,before
209304,20231212,1.0174,0.96,89,before
209305,20231212,1.0204,0.94,88,before
209306,20231212,1.0318,1.09,87,before
209307,20231212,1.0334,1.15,88,before
209308,20231212,1.0213,1.1,89,before
209309,20231212,1.032,1.34,87,before
209310,20231212,1.0403,1.15,89,before
209311,20231212,1.0343,1.37,90,before
209312,20231212,1.0838,1.37,89,before
209313,20231212,1.1145,,89,before
209314,20231212,1.1969,1.48,88,before
209315,20231212,1.1455,,88,before
209316,20231212,1.1756,1.38,89,before
209317,20231212,1.1517,1.3,89,before
209318,20231212,1.1573,1.23,88,before
209319,20231212,1.2321,1.27,89,before
209320,20231212,1.1711,1.28,89,before
209321,20231212,1.1647,1.21,88,before
209322,20231212,1.139,1.25,90,before
209323,20231212,1.1002,,89,before
209324,20231212,1.1156,1.15,87,before
209325,20231212,1.1038,1.01,90,before
209326,20231212,1.0765,1.23,90,before
209327,20231212,1.0555,,90,before
209328,20231212,1.0582,1.2,87,before
209329,20231212,1.0414,1.0,88,before
209330,20231212,1.0467,1.0,89,before
209331,20231212,1.0345,1.11,88,before
209332,20231212,1.0056,1.03,88,before
209333,20231212,1.0054,1.08,89,before
209542,20231213,1.0562,1.72,97,before
209543,20231213,1.0841,1.7,102,before
209544,20231213,1.0615,1.5,100,before
209545,20231213,1.0486,1.81,99,before
209546,20231213,1.0708,1.98,100,before
209547,20231213,1.0781,1.79,100,before
209548,20231213,1.0737,1.15,100,before
209549,20231213,1.052,1.35,99,before
209552,20231213,1.1086,1.37,100,before
209553,20231213,1.0618,1.41,98,before
209555,20231213,1.1877,1.54,99,before
209556,20231213,1.4941,1.62,89,before
209557,20231213,1.5662,,89,before
209559,20231213,1.6756,1.92,109,before
209560,20231213,1.7673,,109,before
209561,20231213,1.1487,1.21,97,before
209562,20231213,1.1965,1.11,96,before
209563,20231213,1.1649,1.51,97,before
209564,20231213,1.1149,,98,before
209565,20231213,1.1823,1.22,98,before
209566,20231213,1.1438,1.16,99,before
209567,20231213,1.1577,1.14,100,before
209568,20231213,1.0994,1.16,97,before
209569,20231213,1.1286,1.4,96,before
209570,20231213,1.1027,,96,before
209571,20231213,1.1204,1.09,99,before
209572,20231213,1.1317,0.98,99,before
209573,20231213,1.1185,1.0,100,before
209574,20231213,1.0916,1.01,97,before
209576,20231213,1.0491,1.03,116,before
209771,20231214,1.3127,1.16,135,before
209772,20231214,1.3354,1.24,97,before
209784,20231214,1.4428,1.29,106,before
209785,20231214,1.4683,1.37,99,before
209786,20231214,1.5357,,98,before
209788,20231214,1.0855,1.07,98,before
209789,20231214,1.0503,1.09,97,before
209790,20231214,1.0623,,98,before
209791,20231214,1.4621,1.35,89,before
209792,20231214,1.485,1.35,98,before
209793,20231214,1.5406,,99,before
209794,20231214,1.626,,100,before
209795,20231214,1.1857,0.89,98,before
209796,20231214,1.1731,1.35,99,before
209797,20231214,1.1395,,99,before
209798,20231214,1.1682,1.7,100,before
209799,20231214,1.119,,100,before
209800,20231214,1.0827,,100,before
209801,20231214,1.0575,,99,before
209802,20231214,1.0597,2.08,99,before
209803,20231214,1.0771,1.46,99,before
209804,20231214,1.0992,1.02,96,before
209805,20231214,1.1172,1.08,88,before
209806,20231214,1.2177,1.41,98,before
209807,20231214,1.1959,,98,before
209808,20231214,1.1758,,98,before
209812,20231214,1.3702,1.5,99,before
209813,20231214,1.3325,,98,before
209814,20231214,1.2969,1.15,99,before
209816,20231214,1.0491,2.32,116,before
209969,20231215,1.384,1.49,105,before
209970,20231215,1.466,1.37,98,before
209971,20231215,1.5156,,97,before
209972,20231215,1.0787,1.72,99,before
209973,20231215,1.114,,99,before
209974,20231215,1.1625,1.35,97,before
209975,20231215,1.0881,1.35,100,before
209976,20231215,1.1241,,100,before
209977,20231215,1.176,,100,before
209978,20231215,1.2362,,100,before
209982,20231215,1.9391,1.7,98,before
209984,20231215,1.3039,1.51,112,before
209985,20231215,1.1028,1.75,100,before
209986,20231215,1.0966,1.7,105,before
209987,20231215,1.1009,1.43,124,before
209988,20231215,1.1212,1.19,127,before
209989,20231215,1.1384,1.42,100,before
209990,20231215,1.1053,,100,before
209991,20231215,1.0768,,100,before
209992,20231215,1.0157,1.43,98,before
209993,20231215,1.0807,1.43,99,before
209994,20231215,1.0625,1.28,99,before
209995,20231215,1.0412,,99,before
209996,20231215,1.0257,,99,before
209997,20231215,1.0133,1.38,100,before
209998,20231215,1.0058,1.49,100,before
209999,20231215,1.0092,1.87,105,before
210000,20231215,1.0074,1.3,101,before
210001,20231215,1.0311,1.31,98,before
210002,20231215,1.0149,,98,before
210003,20231215,1.0077,1.22,101,before
210100,20231216,1.0319,0.99,104,before
210101,20231216,1.0246,0.98,98,before
210102,20231216,1.0319,0.94,100,before
210105,20231216,1.0775,1.11,99,before
210106,20231216,1.0866,1.19,104,before
210107,20231216,1.0577,1.08,97,before
210108,20231216,1.0731,1.16,100,before
210109,20231216,1.0594,1.11,99,before
210110,20231216,1.0872,1.05,99,before
210111,20231216,1.0524,1.06,97,before
210112,20231216,1.0724,,97,before
210113,20231216,1.073,0.94,100,before
210114,20231216,1.181,1.1,99,before
210115,20231216,1.147,0.97,97,before
210116,20231216,1.1558,1.06,100,before
210117,20231216,1.148,0.96,97,before
210118,20231216,1.1428,1.0,98,before
210119,20231216,1.1471,1.06,98,before
210120,20231216,1.1706,1.09,100,before
210121,20231216,1.2049,1.09,99,before
210122,20231216,1.1855,0.92,99,before
210123,20231216,1.1537,0.97,98,before
210124,20231216,1.1333,0.98,96,before
210125,20231216,1.1366,1.1,98,before
210126,20231216,1.1262,1.0,98,before
210127,20231216,1.1383,0.91,99,before
210128,20231216,1.1312,0.97,100,before
210129,20231216,1.349,1.03,100,before
210130,20231216,1.3364,1.06,100,before
210131,20231216,1.3358,1.11,99,before
210132,20231216,1.3395,1.04,100,before
210133,20231216,1.0071,0.99,101,before
210134,20231216,1.0575,0.96,132,before
210275,20231217,1.0155,1.37,104,before
210276,20231217,1.0224,0.95,98,before
210277,20231217,1.0011,1.16,100,before
210278,20231217,1.0027,1.03,100,before
210279,20231217,1.007,0.98,98,before
210280,20231217,1.0175,1.09,100,before
210281,20231217,1.0358,0.94,97,before
210282,20231217,1.0677,0.97,97,before
210283,20231217,1.0454,1.09,100,before
210284,20231217,1.0497,1.04,99,before
210285,20231217,1.0735,,94,before
210286,20231217,1.0743,1.25,100,before
210287,20231217,1.1079,,100,before
210288,20231217,1.1806,1.04,99,before
210289,20231217,1.146,,100,before
210290,20231217,1.1764,1.07,94,before
210291,20231217,1.1399,,94,before
210292,20231217,1.1819,0.83,100,before
210293,20231217,1.1326,0.91,98,before
210295,20231217,1.0648,,98,before
210297,20231217,1.035,,108,before
210299,20231217,1.0574,1.15,112,before
210300,20231217,1.0485,0.92,118,before
210301,20231217,1.1274,1.04,97,before
210306,20231217,1.0262,0.9,115,before
210307,20231217,1.0402,1.02,103,before
210309,20231217,1.0372,1.18,101,before
210310,20231217,1.1028,1.04,129,before
210311,20231217,1.0291,0.84,105,before
210312,20231217,1.0449,0.81,98,before
210313,20231217,1.0771,1.07,96,before
211316,20231220,1.3066,1.13,131,before
211317,20231220,1.3147,1.09,177,before
211318,20231220,1.3195,1.01,165,before
211324,20231220,1.4152,1.64,101,before
211325,20231220,1.3419,1.21,100,before
211326,20231220,1.2807,1.17,114,before
211327,20231220,1.2841,1.33,114,before
211328,20231220,1.4569,1.51,104,before
211329,20231220,1.59,1.4,105,before
211330,20231220,1.6509,,106,before
211332,20231220,1.137,1.11,100,before
211333,20231220,1.1369,1.39,100,before
211334,20231220,1.2318,1.5,98,before
211335,20231220,1.1942,,98,before
211336,20231220,1.1709,1.27,100,before
211337,20231220,1.1209,,100,before
211338,20231220,1.1952,1.45,98,before
211339,20231220,1.0993,1.56,99,before
211340,20231220,1.0719,,99,before
211341,20231220,1.0487,,99,before
211342,20231220,1.0436,1.6,111,before
211343,20231220,1.0272,1.7,106,before
211344,20231220,1.0109,1.26,106,before
211345,20231220,1.1088,1.42,99,before
211346,20231220,1.0797,,99,before
211347,20231220,1.0988,1.39,98,before
211348,20231220,1.0961,1.22,98,before
211349,20231220,1.0783,,98,before
211350,20231220,1.1088,1.51,99,before
211844,20231221,1.4227,1.71,112,before
211845,20231221,1.4577,,112,before
211846,20231221,1.4325,1.45,134,before
211847,20231221,1.5005,,132,before
211848,20231221,1.5769,,132,before
215785,20231228,1.0107,0.88,99,before
215786,20231228,1.0165,0.81,102,before
215787,20231228,1.4593,0.95,98,before
215788,20231228,1.3794,0.96,98,before
215789,20231228,1.4103,,99,before
215790,20231228,1.3748,1.29,100,before
215791,20231228,1.425,0.96,99,before
215792,20231228,1.47,,99,before
215793,20231228,1.5182,,99,before
215794,20231228,1.3659,1.02,98,before
215795,20231228,1.4582,1.15,110,before
215796,20231228,1.3943,1.13,101,before
215797,20231228,1.5308,1.08,109,before
215798,20231228,1.6048,1.29,101,before
215799,20231228,1.6269,1.59,97,before
215800,20231228,1.6684,1.33,106,before
215802,20231228,1.3512,1.25,102,before
215803,20231228,1.545,1.45,95,before
215805,20231228,1.4058,1.34,129,before
215806,20231228,1.4718,,129,before
215807,20231228,1.5437,1.33,110,before
215808,20231228,1.6503,,110,before
215809,20231228,1.3941,1.11,98,before
215810,20231228,1.3916,,99,before
215816,20231228,1.3227,1.07,130,before
215817,20231228,1.2275,1.13,99,before
215818,20231228,1.2299,1.09,172,before
215819,20231228,1.109,1.06,113,before
215820,20231228,1.0714,1.14,97,before
215821,20231228,1.0802,1.06,100,before
215822,20231228,1.0351,1.02,100,before
215823,20231228,1.0194,1.04,111,before
215824,20231228,1.0314,1.06,107,before
215825,20231228,1.0471,1.0,124,before
215826,20231228,1.0326,0.99,134,before
215827,20231228,1.053,1.09,183,before
215931,20231229,1.316,1.2,107,before
216278,20231230,1.3199,1.25,109,before
216279,20231230,1.3664,1.16,102,before
216280,20231230,1.3738,1.14,96,before
216281,20231230,1.3914,,96,before
216282,20231230,1.4184,,96,before
216283,20231230,1.6848,1.86,98,before
216285,20231230,1.6332,1.87,100,before
216286,20231230,1.5384,,100,before
216287,20231230,1.4686,,99,before
216290,20231230,1.3763,1.89,97,before
216291,20231230,1.3479,,98,before
216292,20231230,1.4407,1.9,97,before
216293,20231230,1.4016,,97,before
216294,20231230,1.3651,1.54,98,before
216295,20231230,1.3441,,98,before
216299,20231230,1.1822,1.85,90,before
216301,20231230,1.3269,2.24,98,before
216302,20231230,1.3214,,98,before
216303,20231230,1.2731,1.54,90,before
216307,20231230,1.4104,1.26,97,before
216308,20231230,1.2335,1.34,100,before
216309,20231230,1.2756,1.46,97,before
216310,20231230,1.421,1.51,97,before
216311,20231230,1.1924,1.4,102,before
216312,20231230,1.3337,1.81,103,before
216313,20231230,1.4603,1.48,99,before
216314,20231230,1.36,1.57,99,before
216561,20231231,1.005,0.92,102,before
216567,20231231,1.0518,1.14,99,before
216568,20231231,1.077,0.92,100,before
216569,20231231,1.0416,0.94,98,before
216570,20231231,1.0406,1.1,98,before
216571,20231231,1.0449,0.95,100,before
216572,20231231,1.0909,0.81,99,before
216573,20231231,1.3294,0.98,98,before
216574,20231231,1.4931,1.59,99,before
216575,20231231,1.5849,,99,before
216577,20231231,1.2682,1.6,100,before
216578,20231231,1.4715,1.59,99,before
216579,20231231,1.1588,1.31,100,before
216580,20231231,1.1427,1.2,99,before
216581,20231231,1.1569,1.38,97,before
216582,20231231,1.2221,1.14,92,before
216583,20231231,1.1915,1.38,68,before
216584,20231231,1.1013,1.29,99,before
216585,20231231,1.1281,1.59,96,before
216586,20231231,1.1395,1.81,100,before
216587,20231231,1.1699,1.88,99,before
216588,20231231,1.2754,1.7,86,before
216589,20231231,1.2756,,86,before
216590,20231231,1.1705,1.37,102,before
216591,20231231,1.1773,1.79,102,before
216592,20231231,1.1292,1.62,98,before
216970,20240102,1.3125,1.16,105,before
216971,20240102,1.4832,1.53,69,before
216972,20240102,1.4031,1.43,104,before
216973,20240102,1.4177,1.77,98,before
216974,20240102,1.5381,1.07,97,before
216975,20240102,1.5672,0.92,99,before
216976,20240102,1.5223,0.98,99,before
216977,20240102,1.5409,0.95,100,before
216978,20240102,1.5701,0.94,98,before
216979,20240102,1.4252,0.9,100,before
216980,20240102,1.53,1.0,95,before
216981,20240102,1.4349,0.92,99,before
216982,20240102,1.4964,0.87,100,before
216983,20240102,1.1541,0.86,99,before
216984,20240102,1.1669,0.83,98,before
216985,20240102,1.1733,0.84,98,before
216986,20240102,1.1807,0.91,100,before
216987,20240102,1.1571,0.86,98,before
216988,20240102,1.1596,0.89,100,before
216989,20240102,1.1494,1.01,99,before
216990,20240102,1.0833,0.83,99,before
217009,20240102,1.083,0.81,105,before
217011,20240102,1.0564,0.78,100,before
217012,20240102,1.0643,0.82,98,before
217013,20240102,1.0777,0.82,96,before
217014,20240102,1.0946,0.88,100,before
217015,20240102,1.0758,0.9,98,before
217016,20240102,1.0582,0.82,99,before
217017,20240102,1.0674,0.91,98,before
217018,20240102,1.0438,1.04,102,before
217019,20240102,1.0521,0.97,107,before
217619,20240105,1.3118,2.05,101,before
217625,20240105,1.1892,1.81,99,before
217626,20240105,1.1795,1.87,100,before
217627,20240105,1.1905,1.71,99,before
217629,20240105,1.8077,2.51,114,before
217630,20240105,1.1225,1.85,99,before
217631,20240105,1.1721,1.48,98,before
217632,20240105,1.1298,,98,before
217633,20240105,1.2171,1.51,99,before
217634,20240105,1.1666,,98,before
217635,20240105,1.1825,1.77,99,before
217636,20240105,1.1336,,99,before
217637,20240105,1.1051,,99,before
217638,20240105,1.1297,1.84,97,before
217639,20240105,1.0893,,97,before
217640,20240105,1.148,1.78,99,before
217641,20240105,1.108,,99,before
217642,20240105,1.1306,1.59,99,before
217643,20240105,1.0983,,99,before
217644,20240105,1.0935,1.55,99,before
217645,20240105,1.0697,,99,before
217646,20240105,1.0384,1.23,99,before
217647,20240105,1.0277,,98,before
217648,20240105,1.0184,1.29,98,before
217649,20240105,1.0112,,98,before
217650,20240105,1.0094,1.4,118,before
217651,20240105,1.0018,1.27,103,before
217751,20240106,1.0697,1.0,98,before
217752,20240106,1.0569,0.92,100,before
217771,20240106,1.8773,1.78,99,before
217772,20240106,1.2196,1.09,99,before
217773,20240106,1.1573,1.01,98,before
217774,20240106,1.1527,1.11,99,before
217775,20240106,1.1883,1.19,99,before
217776,20240106,1.1533,1.22,97,before
217777,20240106,1.1078,,98,before
217778,20240106,1.2085,1.55,97,before
217779,20240106,1.1545,,98,before
217780,20240106,1.1254,1.41,99,before
217782,20240106,1.055,1.39,107,before
217783,20240106,1.0444,,108,before
217784,20240106,1.0247,1.09,112,before
217986,20240107,1.0285,1.68,107,before
217987,20240107,1.021,1.99,107,before
217988,20240107,1.0301,2.03,110,before
217989,20240107,1.0332,2.15,108,before
217991,20240107,1.0268,,114,before
217992,20240107,1.0556,1.96,131,before
218097,20240108,1.0807,2.18,108,before
218098,20240108,1.0823,1.35,99,before
218099,20240108,1.0755,1.33,96,before
218100,20240108,1.062,1.35,99,before
218101,20240108,1.0785,,100,before
218102,20240108,1.077,1.67,99,before
218103,20240108,1.1037,,99,before
218104,20240108,1.0907,1.22,97,before
218106,20240108,1.4646,1.22,99,before
218107,20240108,1.5113,,99,before
218108,20240108,1.1689,1.18,98,before
218109,20240108,1.165,1.05,99,before
218110,20240108,1.1847,0.89,99,before
218111,20240108,1.1691,0.87,100,before
218112,20240108,1.1908,0.98,97,before
218113,20240108,1.192,0.97,99,before
218114,20240108,1.1619,1.06,98,before
218115,20240108,1.1466,1.0,95,before
218116,20240108,1.1534,1.04,100,before
218117,20240108,1.1581,0.94,98,before
218118,20240108,1.1617,0.91,100,before
218119,20240108,1.1544,0.84,94,before
218120,20240108,1.1001,0.92,99,before
218121,20240108,1.1251,0.91,98,before
218122,20240108,1.1291,1.01,99,before
218123,20240108,1.0967,0.91,97,before
218124,20240108,1.0973,0.84,99,before
218125,20240108,1.0993,0.97,96,before
218126,20240108,1.1062,1.0,99,before
218127,20240108,1.0808,0.92,97,before
218128,20240108,1.0913,0.99,99,before
218129,20240108,1.1621,1.02,99,before
218131,20240108,1.0846,1.24,99,before
218132,20240108,1.0889,1.25,99,before
218133,20240108,1.0992,1.19,100,before
218134,20240108,1.2678,1.29,99,before
218337,20240109,1.3338,1.16,101,before
218338,20240109,1.5039,1.29,96,before
218339,20240109,1.524,1.4,99,before
218340,20240109,1.5922,,98,before
218341,20240109,1.5937,1.28,98,before
218342,20240109,1.6779,,98,before
218343,20240109,1.5195,1.31,99,before
218344,20240109,1.1862,1.01,100,before
218345,20240109,1.1874,0.99,99,before
218346,20240109,1.1677,0.91,99,before
218347,20240109,1.1487,0.88,97,before
218348,20240109,1.1306,1.01,98,before
218349,20240109,1.0935,,95,before
218350,20240109,1.1259,1.13,100,before
218351,20240109,1.1223,0.92,100,before
218352,20240109,1.1152,1.05,100,before
218353,20240109,1.0921,0.88,99,before
218354,20240109,1.0838,0.97,96,before
218355,20240109,1.0801,1.03,100,before
218356,20240109,1.0902,0.88,100,before
218357,20240109,1.0703,0.98,98,before
218358,20240109,1.0859,0.88,98,before
218359,20240109,1.3529,1.07,100,before
218360,20240109,1.3503,1.27,99,before
218361,20240109,1.3428,1.25,99,before
218362,20240109,1.3159,,99,before
218363,20240109,1.3496,1.24,100,before
218364,20240109,1.3278,,100,before
218365,20240109,1.2941,1.32,100,before
218366,20240109,1.2897,1.18,100,before
218367,20240109,1.0365,1.15,178,before
218368,20240109,1.0012,0.9,114,before
218369,20240109,1.0164,0.88,102,before
218466,20240110,1.4506,2.04,104,before
218467,20240110,1.476,,104,before
218468,20240110,1.0357,1.31,99,before
218469,20240110,1.0302,1.64,100,before
218470,20240110,1.0491,,100,before
218471,20240110,1.0336,1.22,100,before
218472,20240110,1.0326,0.9,100,before
218473,20240110,1.1256,1.04,98,before
218474,20240110,1.1668,,98,before
218475,20240110,1.09,1.34,97,before
218476,20240110,1.1857,1.15,99,before
218477,20240110,1.1726,1.37,94,before
218478,20240110,1.1391,,93,before
218479,20240110,1.1903,1.08,96,before
218480,20240110,1.1713,1.05,98,before
218481,20240110,1.136,,98,before
218482,20240110,1.143,1.5,99,before
218483,20240110,1.1307,1.26,98,before
218913,20240112,1.0717,1.22,100,before
218914,20240112,1.0627,0.96,99,before
218915,20240112,1.0513,1.08,99,before
218916,20240112,1.0676,,99,before
218917,20240112,1.0774,1.3,99,before
218918,20240112,1.1005,,99,before
218919,20240112,1.0859,1.44,99,before
218920,20240112,1.1152,,97,before
218921,20240112,1.4648,1.21,99,before
218922,20240112,1.4693,1.09,98,before
218923,20240112,1.5129,,96,before
218924,20240112,1.1522,1.32,99,before
218925,20240112,1.1715,1.16,99,before
218926,20240112,1.163,1.13,98,before
218927,20240112,1.1395,1.17,97,before
218928,20240112,1.1018,,96,before
218929,20240112,1.1364,1.09,97,before
218930,20240112,1.1364,1.24,98,before
218931,20240112,1.1652,1.16,99,before
218933,20240112,1.1001,0.99,107,before
218934,20240112,1.076,,107,before
218935,20240112,1.0571,1.09,123,before
218936,20240112,1.0382,1.14,97,before
218937,20240112,1.1206,1.25,98,before
218938,20240112,1.1039,1.11,96,before
218940,20240112,1.3679,1.19,98,before
218941,20240112,1.3372,,98,before
218942,20240112,1.3359,1.12,99,before
218943,20240112,1.3163,,99,before
218944,20240112,1.0941,1.64,98,before
218945,20240112,1.087,1.2,98,before
218946,20240112,1.0911,1.19,99,before
218947,20240112,1.0685,1.27,99,before
218948,20240112,1.1078,1.22,99,before
218949,20240112,1.0194,1.06,107,before
218950,20240112,1.019,1.1,129,before
218951,20240112,1.0449,1.14,166,before
219049,20240113,1.0391,0.95,104,before
219050,20240113,1.0513,0.9,103,before
219051,20240113,1.0653,0.9,95,before
219052,20240113,1.0528,0.88,99,before
219053,20240113,1.0541,0.88,99,before
219054,20240113,1.0548,0.99,100,before
219055,20240113,1.0784,,100,before
219056,20240113,1.5071,1.06,99,before
219057,20240113,1.5352,,100,before
219058,20240113,1.2134,1.0,99,before
219059,20240113,1.191,0.86,100,before
219060,20240113,1.186,0.99,98,before
219061,20240113,1.1345,,98,before
219062,20240113,1.1805,1.04,97,before
219063,20240113,1.1236,,98,before
219064,20240113,1.0524,0.97,111,before
219065,20240113,1.0531,1.14,101,before
219066,20240113,1.067,1.1,100,before
219067,20240113,1.0426,0.87,105,before
219068,20240113,1.0336,0.9,103,before
219069,20240113,1.0332,0.98,100,before
219070,20240113,1.0375,0.97,98,before
219071,20240113,1.1077,1.09,99,before
219072,20240113,1.0742,1.09,100,before
219073,20240113,1.0168,1.05,116,before
219074,20240113,1.0276,1.09,107,before
219075,20240113,1.0684,0.93,113,before
219076,20240113,1.0362,0.97,114,before
219077,20240113,1.0191,0.9,109,before
219078,20240113,1.0231,0.88,99,before
219079,20240113,1.0587,0.95,100,before
219080,20240113,1.066,0.87,98,before
219081,20240113,1.0581,0.96,97,before
219082,20240113,1.0686,0.98,98,before
219083,20240113,1.0503,0.94,96,before
219084,20240113,1.0702,1.03,100,before
219085,20240113,1.1035,1.11,99,before
219086,20240113,1.0301,1.23,139,before
219184,20240114,1.0053,1.13,106,before
219185,20240114,1.0121,1.24,99,before
219186,20240114,1.0237,1.23,100,before
219187,20240114,1.0224,1.05,98,before
219188,20240114,1.037,,98,before
219189,20240114,1.0265,1.22,99,before
219190,20240114,1.0417,,98,before
219191,20240114,1.0627,,98,before
219192,20240114,1.0705,1.21,97,before
219193,20240114,1.0999,,97,before
219194,20240114,1.1835,1.15,99,before
219195,20240114,1.1638,1.0,99,before
219196,20240114,1.1693,1.12,89,before
219197,20240114,1.1717,1.05,93,before
219198,20240114,1.1658,1.06,100,before
219199,20240114,1.1134,0.96,97,before
219200,20240114,1.1622,0.94,94,before
219201,20240114,1.1304,1.02,97,before
219202,20240114,1.2377,1.0,98,before
219203,20240114,1.1574,1.2,98,before
219204,20240114,1.1282,1.21,98,before
219205,20240114,1.1118,1.13,97,before
219206,20240114,1.1041,0.87,100,before
219207,20240114,1.102,0.9,100,before
219208,20240114,1.0733,,100,before
219209,20240114,1.085,1.23,100,before
219210,20240114,1.0928,1.18,98,before
219211,20240114,1.0887,1.36,100,before
219212,20240114,1.0841,1.18,100,before
219213,20240114,1.0432,1.06,99,before
219214,20240114,1.0537,1.08,99,before
219215,20240114,1.0371,1.04,98,before
219216,20240114,1.0452,0.98,99,before
219217,20240114,1.0415,0.99,98,before
219218,20240114,1.2688,1.03,97,before
219219,20240114,1.2981,0.96,96,before
219220,20240114,1.1069,1.02,97,before
219221,20240114,1.0568,0.94,179,before
219222,20240114,1.0346,0.94,112,before
219356,20240115,1.4493,0.95,104,before
219357,20240115,1.5618,1.04,98,before
219358,20240115,1.2246,0.83,100,before
219359,20240115,1.2016,0.81,100,before
219360,20240115,1.1972,0.85,100,before
219361,20240115,1.2123,0.79,98,before
219362,20240115,1.2342,0.83,100,before
219363,20240115,1.2173,0.8,100,before
219364,20240115,1.2,0.81,100,before
219365,20240115,1.1573,0.82,99,before
219366,20240115,1.127,0.88,95,before
219367,20240115,1.1443,0.83,98,before
219368,20240115,1.1375,0.83,98,before
219369,20240115,1.1575,0.9,97,before
219370,20240115,1.0961,0.81,97,before
219371,20240115,1.1162,0.81,98,before
219372,20240115,1.1209,0.82,99,before
219373,20240115,1.0775,0.85,98,before
219374,20240115,1.0789,1.17,100,before
219375,20240115,1.0805,0.85,95,before
219376,20240115,1.0859,0.86,97,before
219377,20240115,1.3881,0.93,99,before
219378,20240115,1.4238,1.04,99,before
219379,20240115,1.0512,0.79,100,before
219380,20240115,1.0656,0.9,95,before
219381,20240115,1.0739,0.86,98,before
219382,20240115,1.3212,0.93,99,before
219383,20240115,1.0372,0.86,97,before
219384,20240115,1.029,1.05,99,before
219385,20240115,1.0337,0.94,97,before
219386,20240115,1.0208,0.81,100,before
219387,20240115,1.0181,0.78,98,before
219388,20240115,1.2905,0.86,98,before
219389,20240115,1.313,1.0,97,before
219390,20240115,1.3382,1.21,99,before
219391,20240115,1.0791,0.9,99,before
219392,20240115,1.0935,0.85,217,before
219393,20240115,1.0183,0.77,103,before
219490,20240116,1.3628,0.9,112,before
219491,20240116,1.5393,0.87,98,before
219492,20240116,1.4482,0.83,97,before
219493,20240116,1.3479,0.9,90,before
219494,20240116,1.2697,0.81,97,before
219495,20240116,1.204,0.91,97,before
219496,20240116,1.1911,0.88,97,before
219497,20240116,1.1573,0.86,95,before
219498,20240116,1.158,0.77,97,before
219499,20240116,1.1619,0.82,100,before
219500,20240116,1.1512,0.81,96,before
219501,20240116,1.1475,0.79,98,before
219502,20240116,1.1403,0.8,96,before
219503,20240116,1.113,0.83,100,before
219504,20240116,1.1565,0.82,97,before
219505,20240116,1.1719,0.85,98,before
219506,20240116,1.17,0.85,98,before
219507,20240116,1.116,0.81,97,before
219508,20240116,1.1222,0.83,97,before
219509,20240116,1.124,0.77,97,before
219510,20240116,1.1228,0.84,99,before
219511,20240116,1.1196,0.94,100,before
219512,20240116,1.1281,1.02,99,before
219513,20240116,1.1206,0.94,100,before
219514,20240116,1.0622,0.99,100,before
219515,20240116,1.0519,0.96,99,before
219516,20240116,1.0697,0.89,98,before
219517,20240116,1.0614,0.87,97,before
219518,20240116,1.0688,0.99,98,before
219519,20240116,1.0708,1.15,98,before
219520,20240116,1.0937,0.91,99,before
219521,20240116,1.0802,0.99,100,before
219522,20240116,1.0916,0.92,99,before
219523,20240116,1.1068,0.97,100,before
219524,20240116,1.0906,0.99,97,before
219525,20240116,1.1154,1.07,97,before
219526,20240116,1.0863,0.9,98,before
219527,20240116,1.0457,0.9,147,before
219528,20240116,1.0126,0.86,120,before
219668,20240117,1.6655,1.07,98,before
219672,20240117,1.3944,1.06,99,before
219676,20240117,1.3669,1.01,99,before
219677,20240117,1.2286,1.01,97,before
219678,20240117,1.1841,,97,before
219679,20240117,1.2005,0.87,96,before
219680,20240117,1.1923,1.01,100,before
219681,20240117,1.1425,0.98,100,before
219682,20240117,1.1575,1.01,98,before
219683,20240117,1.1072,0.89,98,before
219684,20240117,1.1136,0.81,99,before
219685,20240117,1.1075,0.83,98,before
219686,20240117,1.0941,0.8,99,before
219687,20240117,1.0785,0.78,98,before
219688,20240117,1.0745,0.83,98,before
219689,20240117,1.074,0.85,100,before
219690,20240117,1.1089,0.94,99,before
219691,20240117,1.0593,0.9,98,before
219692,20240117,1.0621,0.89,98,before
219693,20240117,1.0523,0.91,94,before
219694,20240117,1.0541,0.88,100,before
219695,20240117,1.062,0.86,99,before
219696,20240117,1.0296,0.91,100,before
219697,20240117,1.0301,0.87,98,before
219698,20240117,1.0294,0.86,98,before
219699,20240117,1.0243,0.84,100,before
219700,20240117,1.028,0.79,99,before
219701,20240117,1.0391,0.92,100,before
219702,20240117,1.0712,0.86,100,before
219703,20240117,1.05,0.83,96,before
219704,20240117,1.0519,0.77,96,before
219705,20240117,1.0267,0.78,99,before
219706,20240117,1.0446,0.78,99,before
219707,20240117,1.1099,0.76,98,before
219708,20240117,1.0623,0.82,98,before
219709,20240117,1.0584,0.8,100,before
219710,20240117,1.0613,0.76,100,before
219711,20240117,1.0266,0.81,108,before
219712,20240117,1.0088,0.87,124,before
219811,20240118,1.4963,1.27,96,before
219812,20240118,1.7858,1.27,100,before
219813,20240118,1.5364,1.09,97,before
219814,20240118,1.5227,2.03,96,before
219815,20240118,1.4133,1.54,100,before
219816,20240118,1.4961,1.45,99,before
219817,20240118,1.2574,1.3,88,before
219818,20240118,1.3528,1.44,96,before
219819,20240118,1.262,1.52,95,before
219820,20240118,1.2121,,93,before
219821,20240118,1.2471,1.01,84,before
219822,20240118,1.216,,85,before
219823,20240118,1.1935,0.86,98,before
219824,20240118,1.1669,0.88,99,before
219825,20240118,1.1427,0.89,99,before
219826,20240118,1.0983,0.93,98,before
219827,20240118,1.0955,0.83,100,before
219828,20240118,1.0889,0.88,97,before
219829,20240118,1.078,0.96,99,before
219830,20240118,1.0733,0.92,99,before
219831,20240118,1.0626,0.81,98,before
219832,20240118,1.0606,0.86,99,before
219833,20240118,1.0581,0.99,98,before
219834,20240118,1.0404,1.01,100,before
219835,20240118,1.0394,0.86,98,before
219836,20240118,1.0308,0.83,99,before
219837,20240118,1.0275,0.89,100,before
219838,20240118,1.0309,0.92,100,before
219839,20240118,1.0266,1.05,98,before
219840,20240118,1.0198,0.93,97,before
219841,20240118,1.0075,0.88,99,before
219842,20240118,1.0184,0.91,100,before
219843,20240118,1.033,1.05,100,before
219844,20240118,1.0491,0.95,100,before
219845,20240118,1.052,0.86,99,before
219846,20240118,1.0268,0.87,98,before
219847,20240118,1.053,0.96,99,before
219848,20240118,1.0511,0.8,155,before
220163,20240119,1.1049,1.02,97,before
220165,20240119,1.0067,0.74,100,before
220190,20240119,1.0057,0.76,99,before
220191,20240119,1.0018,0.88,99,before
221845,20240126,1.129,1.25,96,before
221847,20240126,1.1531,1.08,99,before
221848,20240126,1.2205,1.01,90,before
221849,20240126,1.1294,0.97,98,before
221850,20240126,1.162,1.38,98,before
221851,20240126,1.1122,1.19,100,before
221852,20240126,1.0809,1.53,100,before
221968,20240127,1.114,1.15,100,before
221969,20240127,1.1047,1.16,99,before
222116,20240128,1.1108,0.93,98,before
222117,20240128,1.0849,0.96,98,before
222118,20240128,1.1237,,98,before
222119,20240128,1.4141,1.07,96,before
222120,20240128,1.3779,,96,before
222121,20240128,1.3584,,95,before
222122,20240128,1.2514,0.96,98,before
222123,20240128,1.1923,,99,before
222124,20240128,1.1116,1.0,100,before
222135,20240128,1.0624,0.83,102,before
222144,20240128,1.0483,1.04,103,before
222145,20240128,1.055,0.96,102,before
222146,20240128,1.0406,0.96,98,before
222261,20240129,1.1332,0.74,98,before
222262,20240129,1.0549,0.77,100,before
222263,20240129,1.0731,0.84,99,before
222264,20240129,1.4573,0.88,97,before
222265,20240129,1.6582,0.9,100,before
222266,20240129,1.2936,0.95,95,before
222267,20240129,1.1003,0.83,96,before
222268,20240129,1.2138,0.8,98,before
222269,20240129,1.1557,0.79,99,before
222270,20240129,1.1517,0.81,97,before
222271,20240129,1.1468,0.85,99,before
222272,20240129,1.1122,,99,before
222273,20240129,1.0782,0.8,99,before
222274,20240129,1.0523,,99,before
222275,20240129,1.108,0.84,99,before
222276,20240129,1.1108,0.81,99,before
222277,20240129,1.1003,0.81,100,before
222278,20240129,1.0826,,100,before
222279,20240129,1.1011,0.82,96,before
222280,20240129,1.0842,,96,before
222281,20240129,1.0957,0.81,97,before
222282,20240129,1.0775,0.84,95,before
222283,20240129,1.0661,0.82,104,before
222284,20240129,1.0954,0.84,100,before
222285,20240129,1.08,0.85,97,before
222289,20240129,1.3705,0.83,98,before
222290,20240129,1.06,0.84,99,before
222291,20240129,1.0553,,99,before
222292,20240129,1.0428,0.85,97,before
222293,20240129,1.0374,,97,before
222294,20240129,1.0295,0.81,97,before
222295,20240129,1.0267,,97,before
222296,20240129,1.0149,0.78,99,before
222297,20240129,1.0163,0.84,130,before
222298,20240129,1.019,0.78,136,before
222464,20240130,1.1154,1.19,70,before
222465,20240130,1.128,1.23,69,before
222466,20240130,1.1175,1.25,70,before
222467,20240130,1.1049,1.78,70,before
222469,20240130,1.1954,1.53,70,before
222470,20240130,1.1453,,69,before
222471,20240130,1.1011,,69,before
222472,20240130,1.1923,1.32,89,before
222473,20240130,1.1682,0.91,88,before
222474,20240130,1.1755,0.98,88,before
222475,20240130,1.1435,0.88,89,before
222476,20240130,1.1831,0.89,88,before
222477,20240130,1.1315,0.86,87,before
222478,20240130,1.0926,0.93,87,before
222479,20240130,1.0549,0.83,89,before
222480,20240130,1.0538,0.83,87,before
222481,20240130,1.0521,0.8,88,before
222482,20240130,1.1,0.89,89,before
222483,20240130,1.0445,0.86,90,before
222484,20240130,1.0962,0.86,87,before
222485,20240130,1.0432,0.87,86,before
222486,20240130,1.0449,0.87,88,before
222487,20240130,1.0431,0.83,88,before
222488,20240130,1.0496,0.84,90,before
222489,20240130,1.0444,,90,before
222490,20240130,1.0267,0.99,89,before
222491,20240130,1.0228,,88,before
222492,20240130,1.0203,0.97,89,before
222493,20240130,1.0153,0.79,90,before
222494,20240130,1.0854,0.83,91,before
222495,20240130,1.1212,0.87,93,before
222660,20240131,1.0003,0.98,98,before
222665,20240131,1.0089,1.22,108,before
222666,20240131,1.025,0.94,98,before
222667,20240131,1.0211,1.07,97,before
222668,20240131,1.0199,1.82,99,before
222669,20240131,1.0126,,99,before
222670,20240131,1.009,1.22,105,before
222671,20240131,1.2101,1.17,108,before
222672,20240131,1.1386,1.02,100,before
222673,20240131,1.1356,,100,before
222674,20240131,1.0063,0.95,98,before
222675,20240131,1.1559,1.07,98,before
223245,20240203,1.2503,,103,before
223246,20240203,1.3065,,101,before
223247,20240203,1.1593,1.39,99,before
223248,20240203,1.1342,1.41,99,before
223249,20240203,1.6623,1.82,106,before
223250,20240203,1.3203,1.83,98,before
223251,20240203,1.2312,,99,before
223252,20240203,1.1668,,98,before
223253,20240203,1.2053,1.91,97,before
223254,20240203,1.1458,,96,before
223255,20240203,1.1475,1.3,98,before
223256,20240203,1.139,1.12,96,before
223257,20240203,1.1254,1.08,100,before
223258,20240203,1.0942,0.98,100,before
223259,20240203,1.0971,0.94,100,before
223260,20240203,1.1031,1.02,97,before
223261,20240203,1.0972,1.18,100,before
223262,20240203,1.1021,1.09,98,before
223263,20240203,1.1221,0.97,100,before
223264,20240203,1.0945,0.98,98,before
223265,20240203,1.1583,0.9,97,before
223266,20240203,1.0993,0.89,99,before
223267,20240203,1.0584,0.89,98,before
223271,20240203,1.0033,1.11,104,before
223272,20240203,1.053,1.2,97,before
223274,20240203,1.042,1.12,131,before
223275,20240203,1.037,,130,before
223276,20240203,1.0325,1.06,131,before
223283,20240203,1.0368,0.98,144,before
223289,20240203,1.1252,0.89,100,before
223390,20240204,1.5013,1.14,113,before
223391,20240204,1.4598,1.44,99,before
223392,20240204,1.571,1.0,99,before
223393,20240204,1.7192,1.06,99,before
223394,20240204,1.7987,,97,before
223395,20240204,1.1448,0.98,100,before
223396,20240204,1.1629,0.93,95,before
223397,20240204,1.177,1.09,98,before
223398,20240204,1.1242,1.12,97,before
223399,20240204,1.1427,1.04,100,before
223400,20240204,1.1392,1.06,100,before
223401,20240204,1.1397,1.37,100,before
223402,20240204,1.0793,1.15,97,before
223403,20240204,1.0952,1.05,99,before
223404,20240204,1.0903,1.32,100,before
223405,20240204,1.0588,,100,before
223407,20240204,1.0587,1.33,98,before
223408,20240204,1.0369,,94,before
223409,20240204,1.0383,1.4,100,before
223410,20240204,1.0891,1.52,97,before
223411,20240204,1.073,,98,before
223412,20240204,1.0551,1.4,99,before
223413,20240204,1.0808,1.6,100,before
223414,20240204,1.0681,,100,before
223415,20240204,1.0623,,100,before
223416,20240204,1.0313,1.96,141,before
223417,20240204,1.0404,1.46,175,before
223418,20240204,1.0834,1.61,99,before
223419,20240204,1.0063,1.07,98,before
223420,20240204,1.0846,0.9,100,before
223421,20240204,1.1047,0.88,100,before
223422,20240204,1.081,0.86,99,before
223423,20240204,1.0767,0.86,99,before
223425,20240204,1.0408,0.89,122,before
223426,20240204,1.0466,1.01,183,before
225009,20240211,1.0512,1.14,100,before
225010,20240211,1.1174,1.04,100,before
225011,20240211,1.1128,0.95,100,before
225012,20240211,1.1108,0.92,98,before
225013,20240211,1.0809,1.0,97,before
225014,20240211,1.0731,1.0,99,before
225015,20240211,1.0678,0.84,99,before
225016,20240211,1.0704,0.87,100,before
225017,20240211,1.0839,0.97,97,before
225018,20240211,1.0841,0.91,99,before
225019,20240211,1.3519,1.09,98,before
225020,20240211,1.4213,1.19,100,before
225021,20240211,1.041,1.06,95,before
225022,20240211,1.067,1.02,100,before
225023,20240211,1.0736,1.07,99,before
225024,20240211,1.0945,0.92,98,before
225025,20240211,1.0539,0.98,100,before
225026,20240211,1.0605,0.89,97,before
225027,20240211,1.0874,1.35,97,before
225033,20240211,1.0089,0.82,99,before
225034,20240211,1.0553,0.83,99,before
225035,20240211,1.0505,0.91,99,before
225036,20240211,1.0609,0.82,98,before
225037,20240211,1.0436,0.86,180,before
225038,20240211,1.0331,0.91,151,before
225141,20240212,1.2334,0.85,101,before
225142,20240212,1.2716,0.81,90,before
225143,20240212,1.1475,0.84,99,before
225144,20240212,1.1525,0.88,98,before
225145,20240212,1.1787,0.83,100,before
225146,20240212,1.1802,0.88,99,before
225147,20240212,1.1281,0.9,100,before
225148,20240212,1.1465,0.86,95,before
225149,20240212,1.1301,0.88,98,before
225150,20240212,1.1274,0.84,99,before
225151,20240212,1.1091,0.97,100,before
225152,20240212,1.1142,0.91,100,before
225153,20240212,1.1088,1.01,100,before
225154,20240212,1.0972,0.96,98,before
225155,20240212,1.0943,0.83,99,before
225156,20240212,1.081,0.87,99,before
225157,20240212,1.0784,0.89,100,before
225158,20240212,1.0806,1.09,95,before
225159,20240212,1.0579,0.84,98,before
225160,20240212,1.0607,0.89,99,before
225161,20240212,1.0527,0.91,98,before
225162,20240212,1.0462,0.76,98,before
225163,20240212,1.0402,0.8,100,before
225164,20240212,1.0407,0.75,100,before
225165,20240212,1.0491,0.81,99,before
225166,20240212,1.0515,0.74,100,before
225167,20240212,1.3284,0.99,97,before
225168,20240212,1.0398,0.78,99,before
225169,20240212,1.028,0.82,99,before
225170,20240212,1.0274,0.77,99,before
225171,20240212,1.0332,0.74,100,before
225172,20240212,1.0512,0.75,99,before
225173,20240212,1.0696,0.75,99,before
225174,20240212,1.0705,0.82,97,before
225175,20240212,1.1037,0.9,99,before
225176,20240212,1.0652,0.93,99,before
225177,20240212,1.0661,0.84,99,before
225180,20240212,1.2991,0.99,98,before
225181,20240212,1.0294,0.73,100,before
225182,20240212,1.0129,0.73,99,before
225183,20240212,1.0059,0.72,99,before
225184,20240212,1.0114,0.71,99,before
225185,20240212,1.122,0.74,100,before
225186,20240212,1.0913,0.72,108,before
225187,20240212,1.0734,0.75,104,before
225291,20240213,1.2896,1.14,107,before
225292,20240213,1.2086,1.02,96,before
225293,20240213,1.2106,1.04,99,before
225294,20240213,1.2126,0.92,96,before
225295,20240213,1.1859,0.89,100,before
225296,20240213,1.1676,0.87,96,before
225297,20240213,1.1598,0.9,98,before
225298,20240213,1.1459,0.92,97,before
225299,20240213,1.153,1.03,97,before
225300,20240213,1.1092,0.96,100,before
225301,20240213,1.1227,1.0,100,before
225302,20240213,1.1236,1.08,100,before
225303,20240213,1.1004,1.03,98,before
225304,20240213,1.0855,0.92,99,before
225305,20240213,1.0805,0.87,97,before
225306,20240213,1.0536,0.84,100,before
225307,20240213,1.0517,1.13,100,before
225308,20240213,1.054,0.93,97,before
225309,20240213,1.0362,0.87,98,before
225310,20240213,1.0419,0.82,99,before
225311,20240213,1.0446,0.81,97,before
225312,20240213,1.0297,0.91,98,before
225313,20240213,1.0291,0.96,99,before
225314,20240213,1.0383,0.91,100,before
225315,20240213,1.0234,0.92,98,before
225316,20240213,1.0221,0.9,97,before
225317,20240213,1.0146,0.92,99,before
225318,20240213,1.0171,0.9,98,before
225319,20240213,1.0225,0.93,98,before
225320,20240213,1.0317,0.95,100,before
225321,20240213,1.0421,0.98,99,before
225322,20240213,1.0437,0.88,100,before
225323,20240213,1.0434,0.83,99,before
225324,20240213,1.2913,0.97,98,before
225325,20240213,1.2879,1.04,101,before
225326,20240213,1.2865,1.04,96,before
225327,20240213,1.2728,1.06,98,before
225329,20240213,1.0167,0.89,145,before
225433,20240214,1.2754,0.94,98,before
225434,20240214,1.2027,0.88,99,before
225435,20240214,1.2063,1.0,98,before
225436,20240214,1.1964,0.95,99,before
225437,20240214,1.1823,0.96,99,before
225438,20240214,1.1412,1.0,100,before
225439,20240214,1.1338,1.22,100,before
225440,20240214,1.1227,1.02,97,before
225441,20240214,1.1398,1.04,100,before
225442,20240214,1.1125,0.92,97,before
225443,20240214,1.0989,0.97,99,before
225444,20240214,1.0863,0.94,100,before
225445,20240214,1.0935,0.97,98,before
225446,20240214,1.1201,0.97,97,before
225447,20240214,1.1309,0.94,100,before
225448,20240214,1.3657,1.18,99,before
225449,20240214,1.3667,0.86,100,before
225450,20240214,1.0848,0.9,94,before
225451,20240214,1.0877,1.1,100,before
225452,20240214,1.0755,0.84,100,before
225453,20240214,1.0781,0.81,98,before
225454,20240214,1.0387,0.85,98,before
225455,20240214,1.0702,0.85,99,before
225456,20240214,1.0888,0.9,97,before
225457,20240214,1.0737,1.33,98,before
225458,20240214,1.2877,0.99,100,before
225459,20240214,1.3046,1.07,99,before
225460,20240214,1.2891,1.2,100,before
225461,20240214,1.2931,0.95,97,before
225462,20240214,1.1015,0.81,100,before
225463,20240214,1.092,0.91,97,before
225464,20240214,1.0744,1.07,97,before
225465,20240214,1.0689,0.86,99,before
225466,20240214,1.0556,0.77,100,before
225467,20240214,1.2672,0.9,100,before
225468,20240214,1.007,0.82,98,before
225470,20240214,1.0386,1.05,215,before
225471,20240214,1.02,1.01,212,before
225593,20240215,1.2733,1.16,100,before
225594,20240215,1.2438,1.15,98,before
225595,20240215,1.2029,,98,before
225596,20240215,1.1891,0.99,96,before
225597,20240215,1.1607,,96,before
225598,20240215,1.1819,1.05,98,before
225599,20240215,1.143,,99,before
225600,20240215,1.163,0.98,97,before
225601,20240215,1.1303,1.14,99,before
225602,20240215,1.1101,1.08,98,before
225603,20240215,1.0964,1.01,100,before
225604,20240215,1.1118,0.92,100,before
225605,20240215,1.1008,1.01,96,before
225606,20240215,1.1055,0.98,100,before
225607,20240215,1.0848,0.92,100,before
225608,20240215,1.0457,0.85,98,before
225609,20240215,1.0443,0.9,99,before
225610,20240215,1.0683,0.91,100,before
225611,20240215,1.0553,0.91,96,before
225612,20240215,1.0385,0.97,96,before
225613,20240215,1.0314,1.04,99,before
225614,20240215,1.0437,1.02,98,before
225615,20240215,1.0405,1.0,98,before
225616,20240215,1.0472,0.94,100,before
225617,20240215,1.0482,0.98,99,before
225618,20240215,1.0641,0.87,99,before
225619,20240215,1.0653,1.08,100,before
225620,20240215,1.0782,1.02,99,before
225621,20240215,1.0391,1.11,99,before
225622,20240215,1.0702,1.23,100,before
225623,20240215,1.0547,0.99,99,before
225624,20240215,1.0419,0.83,100,before
225625,20240215,1.0485,0.8,99,before
225626,20240215,1.0378,0.92,100,before
225627,20240215,1.0532,0.95,101,before
225628,20240215,1.0355,0.87,99,before
225629,20240215,1.0388,0.82,96,before
225630,20240215,1.0236,0.86,115,before
225631,20240215,1.0077,0.84,153,before
225735,20240216,1.3684,0.85,109,before
225736,20240216,1.344,0.84,97,before
225737,20240216,1.3055,0.88,100,before
225738,20240216,1.2375,0.82,99,before
225739,20240216,1.1912,0.91,100,before
225740,20240216,1.1547,,99,before
225741,20240216,1.1436,0.86,99,before
225742,20240216,1.1278,0.87,98,before
225743,20240216,1.1168,0.9,100,before
225744,20240216,1.0948,0.93,98,before
225745,20240216,1.0949,0.82,98,before
225746,20240216,1.0863,0.89,97,before
225747,20240216,1.1016,1.02,99,before
225748,20240216,1.0917,0.94,96,before
225749,20240216,1.0795,0.95,97,before
225750,20240216,1.0532,,97,before
225751,20240216,1.1076,0.99,100,before
225752,20240216,1.0612,0.83,99,before
225753,20240216,1.083,0.87,98,before
225755,20240216,1.0627,0.88,96,before
225756,20240216,1.081,1.03,100,before
225757,20240216,1.089,1.01,97,before
225758,20240216,1.0636,0.93,98,before
225759,20240216,1.0653,0.82,100,before
225760,20240216,1.0727,0.89,99,before
225761,20240216,1.0922,0.92,98,before
225762,20240216,1.0842,0.97,100,before
225763,20240216,1.0929,0.88,100,before
225764,20240216,1.0629,0.89,100,before
225765,20240216,1.0591,0.93,98,before
225766,20240216,1.0625,0.95,97,before
225767,20240216,1.0416,1.01,96,before
225768,20240216,1.0624,1.0,97,before
225769,20240216,1.0489,1.01,100,before
225770,20240216,1.0233,0.86,170,before
225771,20240216,1.0116,0.85,164,before
225880,20240217,1.2431,0.91,117,before
225882,20240217,1.1777,1.06,110,before
225883,20240217,1.0943,0.91,102,before
225884,20240217,1.0698,0.83,96,before
225885,20240217,1.1304,0.78,98,before
225886,20240217,1.0917,0.83,99,before
225887,20240217,1.0557,,99,before
225888,20240217,1.0494,0.98,103,before
225889,20240217,1.0406,0.86,100,before
225890,20240217,1.0183,0.84,108,before
225891,20240217,1.0218,0.8,98,before
225892,20240217,1.0797,0.93,98,before
225893,20240217,1.0569,,98,before
225895,20240217,1.0305,0.8,122,before
225896,20240217,1.0423,0.89,117,before
225904,20240217,1.023,0.94,163,before
225905,20240217,1.0247,0.86,150,before
225906,20240217,1.0104,0.91,109,before
225907,20240217,1.0288,0.87,97,before
225908,20240217,1.0227,,96,before
225909,20240217,1.0419,0.93,99,before
225910,20240217,1.0518,0.87,100,before
225912,20240217,1.0417,0.8,97,before
225913,20240217,1.0263,0.87,100,before
225914,20240217,1.0423,1.09,226,before
226017,20240218,1.672,1.42,97,before
226019,20240218,1.4977,1.16,99,before
226020,20240218,1.5815,,98,before
226021,20240218,1.7219,1.33,133,before
226022,20240218,1.8403,,132,before
226023,20240218,1.3889,1.44,149,before
226024,20240218,1.3124,1.04,128,before
226025,20240218,1.356,1.16,159,before
226026,20240218,1.1271,0.96,100,before
226027,20240218,1.0956,1.08,99,before
226029,20240218,1.0784,1.0,112,before
226030,20240218,1.0487,0.92,100,before
226031,20240218,1.0453,1.09,100,before
226032,20240218,1.0752,0.94,96,before
226033,20240218,1.0466,,96,before
226034,20240218,1.0193,0.9,105,before
226035,20240218,1.0251,0.85,103,before
226036,20240218,1.0278,0.84,98,before
226037,20240218,1.0123,0.82,108,before
226038,20240218,1.0503,0.93,99,before
226039,20240218,1.0342,,98,before
226040,20240218,1.0522,1.12,99,before
226041,20240218,1.0467,1.07,99,before
226042,20240218,1.0562,0.85,100,before
226043,20240218,1.0495,0.94,99,before
226044,20240218,1.0479,0.82,96,before
226045,20240218,1.051,0.81,98,before
226046,20240218,1.0506,0.85,99,before
226047,20240218,1.0344,0.88,99,before
226048,20240218,1.0201,1.07,98,before
226049,20240218,1.0213,0.92,99,before
226050,20240218,1.0478,0.9,100,before
226051,20240218,1.0287,0.91,100,before
226052,20240218,1.0241,0.9,100,before
226053,20240218,1.0131,1.03,95,before
226054,20240218,1.0204,0.88,99,before
226055,20240218,1.0427,0.88,225,before
226161,20240219,1.297,0.91,97,before
226174,20240219,1.5956,1.03,111,before
226181,20240219,1.2352,0.96,99,before
226182,20240219,1.2204,0.8,104,before
226183,20240219,1.1426,0.78,108,before
226184,20240219,1.1281,0.84,97,before
226186,20240219,1.0577,,106,before
226187,20240219,1.0421,0.86,99,before
226188,20240219,1.0248,0.86,100,before
226189,20240219,1.0242,0.81,102,before
226190,20240219,1.0193,0.8,109,before
226192,20240219,1.0112,0.84,98,before
226193,20240219,1.0075,1.1,109,before
226194,20240219,1.0149,1.0,107,before
226195,20240219,1.0185,1.07,99,before
226196,20240219,1.004,0.94,112,before
226197,20240219,1.013,0.86,113,before
226198,20240219,1.0196,0.85,110,before
226199,20240219,1.0275,0.9,103,before
226200,20240219,1.019,0.91,102,before
226201,20240219,1.2301,1.01,99,before
226202,20240219,1.0384,0.87,99,before
226203,20240219,1.0252,0.87,98,before
226204,20240219,1.0231,0.85,98,before
226205,20240219,1.014,0.82,100,before
226206,20240219,1.0061,0.82,98,before
226207,20240219,1.0049,0.88,99,before
226208,20240219,1.01,0.78,98,before
226209,20240219,1.0302,0.84,138,before
226210,20240219,1.0525,1.09,126,before
226211,20240219,1.1067,0.92,102,before
226372,20240220,1.3436,,94,before
226376,20240220,1.0326,,92,before
226767,20240222,1.272,1.22,99,before
226768,20240222,1.2652,,100,before
226769,20240222,1.2933,0.82,100,before
226840,20240223,1.2014,1.33,93,before
226843,20240223,1.2382,0.91,100,before
226845,20240223,1.1881,1.0,103,before
226846,20240223,1.1727,0.78,105,before
226847,20240223,1.1572,0.83,102,before
226856,20240223,1.0512,0.98,126,before
226857,20240223,1.0397,1.07,131,before
226858,20240223,1.0265,1.25,170,before
227809,20240227,1.0793,1.69,116,before
227811,20240227,1.0727,1.38,108,before
227812,20240227,1.0895,1.52,101,before
227813,20240227,1.062,1.67,113,before
227814,20240227,1.0407,,113,before
227817,20240227,1.0175,1.44,105,before
227818,20240227,1.0147,1.4,117,before
227819,20240227,1.0191,1.17,120,before
228072,20240229,1.3656,0.94,102,before
228073,20240229,1.1903,0.94,99,before
228074,20240229,1.1602,0.83,99,before
228076,20240229,1.1656,1.17,99,before
228080,20240229,1.113,1.06,98,before
228083,20240229,1.0572,1.14,98,before
228087,20240229,1.0953,0.89,95,before
228088,20240229,1.0771,0.9,98,before
228089,20240229,1.0608,,98,before
228094,20240229,1.0081,0.83,151,before
228095,20240229,1.0077,0.95,99,before
228096,20240229,1.0029,0.79,99,before
228097,20240229,1.0019,0.9,98,before
228098,20240229,1.0023,,98,before
228099,20240229,1.0984,1.26,104,before
228100,20240229,1.1223,1.06,109,before
228101,20240229,1.004,1.08,98,before
228103,20240229,1.1112,1.02,101,before
228104,20240229,1.0219,0.92,148,before
228105,20240229,1.0004,0.94,99,before
228106,20240229,1.0327,1.05,153,before
228107,20240229,1.0621,0.87,99,before
228211,20240301,1.1176,0.85,98,before
228212,20240301,1.1501,1.12,98,before
228213,20240301,1.1633,0.99,99,before
228214,20240301,1.1163,,99,before
228224,20240301,1.0216,0.95,98,before
228226,20240301,1.0104,1.12,110,before
228227,20240301,1.102,1.12,99,before
228229,20240301,1.0254,1.12,123,before
228236,20240301,1.025,1.26,96,before
228237,20240301,1.0201,1.07,101,before
228238,20240301,1.009,1.11,98,before
228239,20240301,1.015,1.42,98,before
228241,20240301,1.0048,1.45,110,before
228245,20240301,1.0027,,147,before
228250,20240301,1.0107,1.08,98,before
228251,20240301,1.0128,,98,before
228253,20240301,1.0674,1.49,104,before
228254,20240301,1.0551,1.81,122,before
228255,20240301,1.115,1.57,110,before
228357,20240302,1.2026,1.36,94,before
228358,20240302,1.1529,1.88,99,before
228359,20240302,1.1463,1.59,97,before
228360,20240302,1.1202,1.68,100,before
228361,20240302,1.1682,1.44,99,before
228362,20240302,1.1246,,100,before
228366,20240302,1.128,1.87,94,before
228368,20240302,1.1301,1.4,97,before
228369,20240302,1.0947,,97,before
228370,20240302,1.1047,1.38,98,before
228371,20240302,1.076,,99,before
228372,20240302,1.1127,1.24,95,before
228373,20240302,1.071,1.44,96,before
228374,20240302,1.0474,,96,before
228375,20240302,1.0523,1.37,99,before
228376,20240302,1.0373,,99,before
228378,20240302,1.0214,1.38,99,before
228379,20240302,1.0159,1.74,98,before
228380,20240302,1.0058,,98,before
228389,20240302,1.0142,1.18,147,before
228391,20240302,1.0282,1.37,138,before
228392,20240302,1.079,1.48,112,before
228393,20240302,1.1205,1.82,116,before
228394,20240302,1.2092,1.3,106,before
228531,20240303,1.0486,1.28,100,before
228532,20240303,1.0901,1.21,97,before
228533,20240303,1.0591,,96,before
228534,20240303,1.0766,1.31,126,before
228535,20240303,1.0246,1.33,117,before
228536,20240303,1.0122,1.25,99,before
228537,20240303,1.0508,1.4,98,before
228538,20240303,1.0179,1.37,99,before
228539,20240303,1.0499,1.07,112,before
228541,20240303,1.055,1.42,98,before
228542,20240303,1.06,0.96,97,before
228545,20240303,1.0711,1.1,99,before
228546,20240303,1.1063,1.15,100,before
228547,20240303,1.0986,,100,before
228548,20240303,1.0732,1.39,98,before
228549,20240303,1.0703,,98,before
228550,20240303,1.059,1.46,97,before
228551,20240303,1.0266,1.14,99,before
228552,20240303,1.0469,1.29,100,before
228645,20240304,1.3177,1.57,104,before
228646,20240304,1.1556,1.21,98,before
228647,20240304,1.1526,1.47,94,before
228650,20240304,1.0665,2.11,99,before
228651,20240304,1.0447,1.18,102,before
228652,20240304,1.0427,1.09,104,before
228653,20240304,1.1119,1.43,100,before
228654,20240304,1.0734,,100,before
228655,20240304,1.1145,1.52,98,before
228668,20240304,1.053,1.45,99,before
228669,20240304,1.0501,1.07,98,before
228670,20240304,1.0731,1.01,98,before
228671,20240304,1.0763,1.23,99,before
228672,20240304,1.0685,,99,before
228673,20240304,1.0634,0.91,192,before
228675,20240304,1.0081,0.82,137,before
228676,20240304,1.0701,0.98,153,before
228677,20240304,1.0525,0.88,99,before
228678,20240304,1.0212,1.12,106,before
228680,20240304,1.1378,0.95,99,before
228681,20240304,1.0628,0.85,133,before
228801,20240305,1.047,1.04,103,before
229019,20240306,1.0031,1.62,103,before
229020,20240306,1.0126,1.75,100,before
229021,20240306,1.0164,1.44,102,before
229022,20240306,1.0092,1.41,105,before
229023,20240306,1.0122,1.55,110,before
229024,20240306,1.0242,1.39,99,before
229026,20240306,1.042,1.45,100,before
229027,20240306,1.0255,,100,before
229028,20240306,1.0276,1.99,122,before
229030,20240306,1.0372,1.71,128,before
229031,20240306,1.0234,1.87,113,before
229033,20240306,1.0182,1.56,170,before
229034,20240306,1.0189,2.03,125,before
229035,20240306,1.0276,1.57,155,before
229036,20240306,1.0462,1.47,100,before
229037,20240306,1.0491,1.31,98,before
229038,20240306,1.0484,,98,before
229039,20240306,1.0481,1.45,99,before
229040,20240306,1.2882,1.44,97,before
229041,20240306,1.2889,,98,before
229042,20240306,1.2995,,98,before
229045,20240306,1.1767,2.22,99,before
229414,20240308,1.0145,1.61,119,before
229415,20240308,1.0378,1.2,96,before
229416,20240308,1.0317,,95,before
229417,20240308,1.065,1.23,100,before
229418,20240308,1.0486,1.23,97,before
229419,20240308,1.0351,1.26,98,before
229420,20240308,1.0441,1.17,98,before
229421,20240308,1.0444,1.19,99,before
229422,20240308,1.0006,1.15,100,before
229423,20240308,1.0463,1.33,100,before
229424,20240308,1.0493,1.15,99,before
229425,20240308,1.11,1.02,118,before
229528,20240309,1.1428,1.5,112,before
229529,20240309,1.099,1.26,100,before
229530,20240309,1.1686,1.33,98,before
229531,20240309,1.1154,,98,before
229532,20240309,1.1601,1.33,99,before
229533,20240309,1.1123,,98,before
229536,20240309,1.0509,2.08,120,before
229537,20240309,1.0462,1.62,115,before
229540,20240309,1.0136,1.33,112,before
229543,20240309,1.0504,1.5,100,before
229552,20240309,1.0471,1.17,98,before
229553,20240309,1.0269,1.09,99,before
229554,20240309,1.0218,0.9,98,before
229555,20240309,1.0308,0.95,99,before
229556,20240309,1.0241,1.02,100,before
229557,20240309,1.0477,1.08,99,before
229558,20240309,1.0294,1.09,101,before
229559,20240309,1.0342,,101,before
229560,20240309,1.0263,1.04,100,before
229561,20240309,1.1153,0.94,100,before
229562,20240309,1.0821,0.91,98,before
229664,20240310,1.1193,1.44,98,before
229665,20240310,1.1208,0.94,100,before
229666,20240310,1.0964,1.25,96,before
229667,20240310,1.2297,1.19,95,before
229668,20240310,1.1443,0.9,99,before
229683,20240310,1.3149,1.0,100,before
229684,20240310,1.3112,,100,before
229685,20240310,1.2988,0.94,99,before
229686,20240310,1.0265,0.79,99,before
229687,20240310,1.0166,0.82,98,before
229688,20240310,1.007,0.85,100,before
229689,20240310,1.0134,0.87,97,before
229690,20240310,1.0151,0.87,98,before
229691,20240310,1.0268,1.07,101,before
229692,20240310,1.0241,0.94,100,before
229693,20240310,1.0224,0.75,101,before
229694,20240310,1.017,0.76,98,before
229696,20240310,1.192,0.74,102,before
229800,20240311,1.2002,0.74,86,before
229801,20240311,1.141,0.77,99,before
229802,20240311,1.1228,0.85,100,before
229803,20240311,1.1229,0.81,98,before
229804,20240311,1.1168,0.82,99,before
229811,20240311,1.0152,0.98,105,before
229812,20240311,1.0079,0.9,115,before
229813,20240311,1.0111,0.89,105,before
229854,20240311,1.0184,0.8,105,before
229855,20240311,1.0182,0.77,99,before
229856,20240311,1.0235,0.87,98,before
229857,20240311,1.0194,0.88,99,before
229858,20240311,1.0043,0.86,98,before
229859,20240311,1.0021,0.89,98,before
229860,20240311,1.0026,0.86,100,before
229861,20240311,1.0049,0.92,98,before
229862,20240311,1.0049,0.86,99,before
229863,20240311,1.0055,0.99,98,before
229864,20240311,1.008,1.0,98,before
229865,20240311,1.012,0.86,100,before
229866,20240311,1.011,0.94,97,before
229867,20240311,1.0007,0.9,101,before
229868,20240311,1.0009,0.98,99,before
229869,20240311,1.0081,0.99,100,before
229870,20240311,1.0143,0.83,99,before
229871,20240311,1.0069,0.91,100,before
229872,20240311,1.0057,0.86,99,before
230028,20240312,1.1026,1.07,101,before
230029,20240312,1.1029,1.02,107,before
230030,20240312,1.1647,1.15,98,before
230031,20240312,1.1214,,98,before
230032,20240312,1.1326,1.09,99,before
230033,20240312,1.0978,,97,before
230038,20240312,1.1287,1.12,100,before
230039,20240312,1.0976,,100,before
230040,20240312,1.0835,1.18,95,before
230041,20240312,1.06,,95,before
230042,20240312,1.0658,1.42,99,before
230043,20240312,1.0432,1.74,99,before
230045,20240312,1.0385,1.07,100,before
230046,20240312,1.024,1.02,98,before
230047,20240312,1.0115,1.25,99,before
230048,20240312,1.0059,1.14,100,before
230049,20240312,1.0158,1.01,98,before
230050,20240312,1.0093,1.63,97,before
230059,20240312,1.0218,1.32,198,before
230060,20240312,1.0121,,198,before
230063,20240312,1.0618,,126,before
230064,20240312,1.122,1.53,101,before
230065,20240312,1.2502,1.48,98,before
230168,20240313,1.1098,1.4,100,before
230169,20240313,1.0958,1.46,100,before
230170,20240313,1.1634,1.55,101,before
230171,20240313,1.1121,,100,before
230184,20240313,1.2943,1.38,97,before
230185,20240313,1.2833,,98,before
230186,20240313,1.3178,1.46,100,before
230187,20240313,1.3061,,99,before
230188,20240313,1.31,,99,before
230189,20240313,1.054,1.4,100,before
230190,20240313,1.0578,,100,before
230191,20240313,1.0358,1.27,101,before
230192,20240313,1.0292,1.09,100,before
230193,20240313,1.0147,1.17,99,before
230194,20240313,1.0401,1.03,99,before
230195,20240313,1.0375,1.12,101,before
230197,20240313,1.1232,1.03,111,before
230766,20240316,1.2003,1.47,119,before
230767,20240316,1.1317,1.35,106,before
230768,20240316,1.0887,1.33,98,before
230769,20240316,1.0646,1.35,104,before
230770,20240316,1.0453,2.09,100,before
230771,20240316,1.0373,2.52,112,before
230772,20240316,1.0208,,112,before
230773,20240316,1.0381,2.28,122,before
230774,20240316,1.0216,,122,before
230775,20240316,1.0226,1.86,111,before
230952,20240317,1.2973,,166,before
230953,20240317,1.1326,1.51,103,before
230954,20240317,1.08,1.3,110,before
230955,20240317,1.0689,1.23,115,before
230956,20240317,1.0491,1.1,106,before
230957,20240317,1.0557,0.98,100,before
230958,20240317,1.0747,1.05,97,before
230959,20240317,1.0523,,97,before
230961,20240317,1.054,1.17,98,before
230962,20240317,1.0359,1.18,114,before
230964,20240317,1.0807,0.87,100,before
230965,20240317,1.0659,,100,before
230967,20240317,1.0506,0.9,99,before
230968,20240317,1.0733,1.09,98,before
230969,20240317,1.0717,0.83,98,before
230975,20240317,1.074,0.9,196,before
230976,20240317,1.2918,0.95,99,before
230977,20240317,1.3086,,101,before
230978,20240317,1.3337,,100,before
230979,20240317,1.0518,0.84,99,before
230980,20240317,1.0207,0.84,103,before
230981,20240317,1.01,0.91,99,before
231085,20240318,1.4618,2.22,82,before
231086,20240318,1.4275,,85,before
231087,20240318,1.2716,1.57,109,before
231088,20240318,1.3326,1.45,180,before
231089,20240318,1.336,1.45,137,before
231090,20240318,1.1188,1.34,98,before
231091,20240318,1.0698,1.1,105,before
231092,20240318,1.0635,1.44,104,before
231102,20240318,1.0209,0.88,117,before
231103,20240318,1.034,0.83,98,before
231104,20240318,1.0475,0.85,100,before
231105,20240318,1.0507,0.8,98,before
231106,20240318,1.0362,0.99,98,before
231107,20240318,1.0394,0.89,99,before
231108,20240318,1.0225,0.86,99,before
231109,20240318,1.0138,0.84,98,before
231110,20240318,1.0085,0.82,99,before
231111,20240318,1.0191,0.9,98,before
231224,20240319,1.3891,1.16,97,before
231225,20240319,1.4246,1.26,94,before
231226,20240319,1.4107,,94,before
231233,20240319,1.0692,1.14,148,before
231234,20240319,1.0575,1.09,131,before
231235,20240319,1.0282,1.0,102,before
231236,20240319,1.0146,1.34,112,before
231237,20240319,1.0153,1.07,107,before
231396,20240320,1.095,0.97,116,before
231397,20240320,1.073,1.07,129,before
231398,20240320,1.0793,1.22,141,before
231399,20240320,1.0418,1.1,108,before
231400,20240320,1.0386,1.06,144,before
231401,20240320,1.0322,0.95,110,before
231402,20240320,1.0256,0.95,149,before
231403,20240320,1.0301,0.88,159,before
231404,20240320,1.0352,0.88,135,before
231405,20240320,1.0164,0.93,108,before
231406,20240320,1.0358,0.91,139,before
231407,20240320,1.0242,0.97,125,before
231408,20240320,1.0323,0.96,138,before
231409,20240320,1.0507,0.91,216,before
231410,20240320,1.0253,0.89,94,before
231411,20240320,1.0249,,93,before
231412,20240320,1.006,0.88,99,before
231413,20240320,1.0096,0.84,99,before
231414,20240320,1.0226,0.86,99,before
231415,20240320,1.0054,0.77,99,before
231416,20240320,1.0097,0.82,101,before
231417,20240320,1.0174,0.84,98,before
231418,20240320,1.3673,0.75,103,before
231419,20240320,1.174,0.77,107,before
231524,20240321,1.2891,0.82,92,before
231525,20240321,1.265,,91,before
231526,20240321,1.2003,0.82,84,before
231527,20240321,1.2969,0.79,87,before
231528,20240321,1.2623,0.87,98,before
231529,20240321,1.2976,0.85,89,before
231530,20240321,1.2616,0.9,105,before
231531,20240321,1.2867,0.81,99,before
231532,20240321,1.2737,0.94,97,before
231533,20240321,1.3127,0.79,102,before
231534,20240321,1.3666,0.93,95,before
231535,20240321,1.1799,0.81,99,before
231536,20240321,1.345,0.85,110,before
231537,20240321,1.3978,0.83,100,before
231538,20240321,1.455,0.83,95,before
231539,20240321,1.2633,0.82,114,before
231540,20240321,1.2225,0.84,119,before
231541,20240321,1.3078,0.91,105,before
231542,20240321,1.0558,0.93,117,before
231543,20240321,1.0583,0.91,114,before
231544,20240321,1.0707,0.88,154,before
231545,20240321,1.0916,0.89,135,before
231549,20240321,1.0356,0.94,162,before
231550,20240321,1.0483,0.99,200,before
231551,20240321,1.0215,0.93,144,before
231552,20240321,1.014,0.96,170,before
231554,20240321,1.2271,0.98,88,before
231555,20240321,1.2817,0.95,88,before
231556,20240321,1.0223,0.82,87,before
231557,20240321,1.0019,0.92,89,before
231558,20240321,1.004,,89,before
231559,20240321,1.0233,0.96,95,before
231560,20240321,1.0701,1.06,116,before
232688,20240327,1.0277,0.94,93,before
232689,20240327,1.1336,0.89,90,before
232690,20240327,1.1093,0.98,85,before
232691,20240327,1.0653,0.88,88,before
232692,20240327,1.1103,0.83,90,before
232693,20240327,1.0673,0.89,85,before
232694,20240327,1.0743,0.85,89,before
232695,20240327,1.0546,,89,before
232696,20240327,1.0775,0.86,89,before
232697,20240327,1.0232,1.05,114,before
232698,20240327,1.0262,1.03,94,before
232699,20240327,1.0321,1.01,97,before
232700,20240327,1.0541,0.89,97,before
232701,20240327,1.0438,0.82,96,before
232704,20240327,1.0147,1.04,114,before
232705,20240327,1.0079,1.08,89,before
232706,20240327,1.005,1.07,119,before
232707,20240327,1.0055,0.95,130,before
232708,20240327,1.0121,1.06,110,before
232709,20240327,1.1481,1.08,103,before
232710,20240327,1.2517,1.12,94,before
232711,20240327,1.2281,1.09,91,before
232712,20240327,1.1661,1.03,93,before
232713,20240327,1.123,1.18,103,before
232714,20240327,1.1906,1.1,88,before
232715,20240327,1.2514,1.58,89,before
232716,20240327,1.1979,1.18,97,before
232717,20240327,1.0724,1.02,102,before
232718,20240327,1.3623,1.28,90,before
232719,20240327,1.4069,0.85,90,before
232720,20240327,1.1882,1.0,89,before
232721,20240327,1.1925,,89,before
232722,20240327,1.0642,0.86,119,before
232723,20240327,1.0411,0.87,159,before
233183,20240329,1.0397,1.03,106,before
233184,20240329,1.0427,1.03,99,before
233185,20240329,1.0177,1.17,104,before
233186,20240329,1.1028,0.99,100,before
233188,20240329,1.0121,0.95,97,before
233189,20240329,1.0169,1.35,99,before
233190,20240329,1.0121,1.12,99,before
233191,20240329,1.0136,0.95,100,before
233192,20240329,1.0154,1.2,101,before
233193,20240329,1.01,1.29,97,before
233194,20240329,1.0284,1.05,100,before
233195,20240329,1.0355,1.36,100,before
233196,20240329,1.0091,1.08,112,before
233197,20240329,1.0117,1.01,99,before
233206,20240329,1.0254,1.1,102,before
233208,20240329,1.0379,1.04,102,before
233209,20240329,1.0093,1.11,107,before
233918,20240402,1.0365,1.0,97,before
233919,20240402,1.0918,0.97,99,before
233920,20240402,1.0911,1.12,100,before
233921,20240402,1.0651,0.94,100,before
233922,20240402,1.0635,1.0,99,before
233923,20240402,1.1347,1.0,99,before
233924,20240402,1.0685,1.0,98,before
233925,20240402,1.0567,1.0,98,before
233926,20240402,1.0389,0.97,100,before
233927,20240402,1.0429,1.05,98,before
233928,20240402,1.0896,0.93,96,before
233929,20240402,1.0618,1.04,98,before
233930,20240402,1.0633,0.85,98,before
233931,20240402,1.0556,0.89,99,before
233932,20240402,1.0672,0.92,99,before
233933,20240402,1.0825,0.9,97,before
233934,20240402,1.0581,1.07,99,before
233935,20240402,1.042,1.09,97,before
233936,20240402,1.0596,1.18,99,before
233937,20240402,1.0332,1.11,99,before
233938,20240402,1.0807,0.97,100,before
233939,20240402,1.0707,1.0,98,before
233940,20240402,1.0486,0.94,94,before
233941,20240402,1.0422,1.03,100,before
233942,20240402,1.0291,0.78,99,before
233943,20240402,1.0192,0.94,100,before
233944,20240402,1.0225,0.83,99,before
233945,20240402,1.0405,0.77,99,before
233946,20240402,1.0241,0.79,101,before
233949,20240402,1.0257,0.85,99,before
233955,20240402,1.0254,1.02,202,before
233956,20240402,1.0208,1.04,109,before
233957,20240402,1.0093,1.05,159,before
234069,20240403,1.0297,1.38,86,before
234071,20240403,1.0243,1.29,105,before
234072,20240403,1.0699,1.06,97,before
234073,20240403,1.0669,1.02,99,before
234074,20240403,1.0765,0.97,97,before
234075,20240403,1.0581,0.96,99,before
234076,20240403,1.0465,1.06,99,before
234080,20240403,1.0532,1.01,98,before
234081,20240403,1.0391,1.03,97,before
234082,20240403,1.0307,0.9,98,before
234083,20240403,1.0314,1.07,99,before
234084,20240403,1.0402,1.11,98,before
234085,20240403,1.0295,1.07,98,before
234086,20240403,1.0283,1.09,97,before
234087,20240403,1.0181,0.98,97,before
234088,20240403,1.0406,1.09,99,before
234092,20240403,1.0167,0.97,98,before
234093,20240403,1.0094,1.32,99,before
234094,20240403,1.0334,0.95,101,before
234095,20240403,1.0118,1.01,97,before
234096,20240403,1.0142,1.39,100,before
234097,20240403,1.0085,0.87,99,before
234098,20240403,1.0162,0.85,95,before
234099,20240403,1.0109,0.88,97,before
234100,20240403,1.0153,0.93,99,before
234101,20240403,1.0233,1.24,104,before
234105,20240403,1.0471,1.03,175,before
234288,20240404,1.0326,1.11,100,before
234290,20240404,1.0425,1.67,103,before
234291,20240404,1.0762,1.32,97,before
234292,20240404,1.0445,,96,before
234293,20240404,1.0523,1.61,99,before
234294,20240404,1.0309,,100,before
234295,20240404,1.0641,1.38,99,before
234297,20240404,1.0491,1.64,98,before
234298,20240404,1.0256,1.49,97,before
234299,20240404,1.0258,1.2,99,before
234302,20240404,1.0108,2.98,99,before
234739,20240406,1.03,1.65,111,before
234740,20240406,1.0499,1.45,103,before
234741,20240406,1.0143,1.17,99,before
234742,20240406,1.0659,1.12,97,before
234743,20240406,1.058,1.43,97,before
234744,20240406,1.0359,,98,before
234745,20240406,1.0555,1.3,99,before
234746,20240406,1.0384,,99,before
234747,20240406,1.0443,1.25,96,before
234748,20240406,1.0436,1.18,100,before
234749,20240406,1.0533,1.04,100,before
234750,20240406,1.0519,0.94,100,before
234751,20240406,1.0667,0.89,100,before
234752,20240406,1.0575,0.99,98,before
234753,20240406,1.0185,0.94,98,before
234754,20240406,1.0181,1.2,97,before
234755,20240406,1.0407,1.12,97,before
234756,20240406,1.0246,1.22,99,before
234757,20240406,1.0404,1.28,99,before
234758,20240406,1.035,1.03,98,before
234759,20240406,1.0299,0.94,98,before
234760,20240406,1.016,1.05,98,before
234761,20240406,1.031,1.14,99,before
234762,20240406,1.0081,1.12,98,before
234763,20240406,1.0042,0.89,97,before
234764,20240406,1.006,0.95,99,before
234765,20240406,1.0246,0.92,99,before
234766,20240406,1.0196,0.85,103,before
234767,20240406,1.0274,0.86,102,before
234768,20240406,1.0605,0.81,112,before
234769,20240406,1.0381,0.85,170,before
234770,20240406,1.0093,0.9,184,before
234874,20240407,1.0167,0.92,99,before
234875,20240407,1.0195,1.05,99,before
234876,20240407,1.0647,1.0,99,before
234877,20240407,1.4035,1.28,98,before
234878,20240407,1.0802,1.28,97,before
234879,20240407,1.1162,1.18,95,before
234880,20240407,1.0378,0.88,99,before
234881,20240407,1.0188,0.78,97,before
234882,20240407,1.0267,0.78,98,before
234883,20240407,1.0254,0.78,98,before
234884,20240407,1.0259,0.84,98,before
234885,20240407,1.0135,0.83,100,before
234886,20240407,1.0162,0.79,100,before
234887,20240407,1.0116,0.79,99,before
234888,20240407,1.0137,0.81,99,before
234889,20240407,1.0086,0.79,98,before
234890,20240407,1.0023,,98,before
234891,20240407,1.0168,0.81,95,before
235001,20240408,1.0631,1.26,215,before
235002,20240408,1.0062,1.29,99,before
235004,20240408,1.0063,1.17,99,before
235005,20240408,1.0088,1.08,99,before
235006,20240408,1.0064,1.01,98,before
235007,20240408,1.0044,1.08,99,before
235008,20240408,1.0098,1.17,100,before
235009,20240408,1.0343,0.98,105,before
235010,20240408,1.0507,1.05,101,before
235011,20240408,1.6089,1.53,161,before
235172,20240409,1.0298,0.86,104,before
235173,20240409,1.0144,0.87,107,before
235174,20240409,1.0979,0.89,100,before
235175,20240409,1.0677,0.85,97,before
235176,20240409,1.063,1.03,100,before
235177,20240409,1.0699,1.0,100,before
235178,20240409,1.0531,0.92,99,before
235179,20240409,1.0635,1.04,98,before
235180,20240409,1.0609,1.24,97,before
235181,20240409,1.0445,0.94,98,before
235182,20240409,1.0318,0.99,99,before
235183,20240409,1.0396,0.92,99,before
235184,20240409,1.0467,1.0,96,before
235185,20240409,1.0403,0.97,97,before
235186,20240409,1.0342,0.99,98,before
235187,20240409,1.0187,1.0,97,before
235188,20240409,1.0468,0.91,98,before
235189,20240409,1.034,0.92,100,before
235190,20240409,1.0366,1.04,97,before
235191,20240409,1.0354,1.05,99,before
235192,20240409,1.0214,1.06,100,before
235193,20240409,1.0134,1.02,99,before
235194,20240409,1.0029,0.94,100,before
235195,20240409,1.018,1.01,99,before
235196,20240409,1.0125,0.85,99,before
235197,20240409,1.0154,0.79,98,before
235198,20240409,1.0183,0.91,100,before
235199,20240409,1.023,0.81,101,before
235200,20240409,1.0505,0.8,99,before
235201,20240409,1.0411,0.85,108,before
235202,20240409,1.0346,0.88,107,before
235203,20240409,1.5925,1.22,185,before
237116,20240603,1.0138,1.18,144,before
237117,20240603,1.0131,1.1,143,before
237118,20240603,1.0148,1.28,184,before
237119,20240603,1.0274,1.21,150,before
237120,20240603,1.0372,1.21,150,before
237121,20240603,1.0332,1.04,88,before
237123,20240603,1.0756,2.49,209,before
237124,20240603,1.0492,1.2,217,before
237125,20240603,1.0272,1.6,100,before
237128,20240603,1.1178,1.24,108,before
237129,20240603,1.2372,1.29,106,before
237130,20240603,1.0093,1.67,99,before
237131,20240603,1.0163,,98,before
237132,20240603,1.0284,,98,before
237133,20240603,1.0504,,99,before
237135,20240603,1.8078,3.04,228,before
237136,20240603,1.6614,,221,before
237137,20240603,1.6293,1.48,127,before
237139,20240603,1.399,1.25,140,before
237141,20240603,1.2325,1.33,166,before
237145,20240603,1.1724,0.99,102,before
237315,20240604,1.0496,1.23,127,before
237316,20240604,1.0109,1.1,97,before
237318,20240604,1.0163,1.13,99,before
237319,20240604,1.0353,1.12,100,before
237320,20240604,1.0339,1.03,100,before
237321,20240604,1.0128,0.97,97,before
237322,20240604,1.0105,0.91,101,before
237323,20240604,1.0061,0.85,99,before
237324,20240604,1.0203,0.86,99,before
237325,20240604,1.0166,0.87,97,before
237326,20240604,1.0211,0.98,101,before
237327,20240604,1.026,0.85,105,before
237328,20240604,1.0365,0.87,107,before
237329,20240604,1.0699,0.92,109,before
237330,20240604,1.0341,0.97,98,before
237331,20240604,1.0339,0.95,107,before
237332,20240604,1.0269,0.86,107,before
237333,20240604,1.0515,0.86,103,before
237334,20240604,1.0321,0.87,104,before
237335,20240604,1.0501,0.81,101,before
237336,20240604,1.0538,0.81,97,before
237337,20240604,1.0788,0.77,95,before
237338,20240604,1.108,0.79,99,before
237339,20240604,1.1707,0.76,98,before
237340,20240604,1.1881,0.84,111,before
237341,20240604,1.1562,0.86,112,before
237493,20240605,1.0257,1.66,158,before
237494,20240605,1.016,1.39,135,before
237495,20240605,1.0376,1.12,99,before
237498,20240605,1.0187,1.22,99,before
237499,20240605,1.0165,1.21,98,before
237500,20240605,1.0091,1.08,99,before
237501,20240605,1.0068,1.05,98,before
237502,20240605,1.0035,0.94,102,before
237503,20240605,1.0014,0.93,98,before
237504,20240605,1.003,0.97,99,before
237505,20240605,1.0281,1.05,98,before
237506,20240605,1.0133,1.0,100,before
237507,20240605,1.0071,1.34,99,before
237508,20240605,1.0097,1.03,102,before
237509,20240605,1.0142,0.94,100,before
237510,20240605,1.0072,1.09,102,before
237511,20240605,1.0152,1.06,100,before
237512,20240605,1.0252,0.95,104,before
237513,20240605,1.0362,0.84,98,before
237514,20240605,1.0671,0.82,100,before
237515,20240605,1.0572,0.84,98,before
237516,20240605,1.1489,0.98,101,before
237517,20240605,1.2605,0.95,103,before
237518,20240605,1.248,0.99,97,before
237519,20240605,1.4743,1.1,132,before
237654,20240606,1.0624,1.38,211,before
237655,20240606,1.0469,1.4,150,before
237656,20240606,1.0251,1.22,112,before
237657,20240606,1.0184,1.17,100,before
237658,20240606,1.0096,1.14,98,before
237659,20240606,1.0287,1.11,182,before
237660,20240606,1.0342,,180,before
237661,20240606,1.1678,0.93,102,before
237662,20240606,1.2934,1.12,97,before
237665,20240606,1.0682,1.19,284,before
237666,20240606,1.0064,0.98,97,before
237667,20240606,1.0145,1.06,104,before
237668,20240606,1.0158,0.97,100,before
237669,20240606,1.0184,0.96,100,before
237670,20240606,1.0312,0.94,99,before
237671,20240606,1.0688,0.88,99,before
237672,20240606,1.1442,0.89,98,before
237673,20240606,1.1126,0.93,100,before
237674,20240606,1.2781,0.9,96,before
237675,20240606,1.2514,,96,before
237676,20240606,1.549,0.99,102,before
237677,20240606,1.4656,0.95,143,before
237780,20240607,1.0327,1.01,142,before
237781,20240607,1.0358,1.06,97,before
237784,20240607,1.0096,1.01,99,before
237785,20240607,1.0028,0.95,98,before
237786,20240607,1.0102,0.83,99,before
237787,20240607,1.0116,0.9,98,before
237788,20240607,1.0186,0.88,99,before
237789,20240607,1.0164,1.07,100,before
237790,20240607,1.0037,1.04,98,before
237791,20240607,1.0073,1.11,99,before
237792,20240607,1.015,1.06,100,before
237793,20240607,1.0134,0.99,100,before
237794,20240607,1.018,1.0,97,before
237795,20240607,1.0165,1.18,97,before
237797,20240607,1.0373,1.1,99,before
237798,20240607,1.0583,1.28,99,before
237799,20240607,1.0706,,99,before
237800,20240607,1.1399,1.09,98,before
237801,20240607,1.3239,1.14,96,before
237802,20240607,1.3158,0.93,98,before
237803,20240607,1.4991,0.96,160,before
237804,20240607,1.5821,0.94,137,before
237907,20240608,1.0517,1.03,126,before
237908,20240608,1.0411,1.04,118,before
237910,20240608,1.2006,1.17,101,before
237911,20240608,1.1385,1.2,102,before
237925,20240608,1.7005,,144,before
237926,20240608,1.0364,1.74,98,before
237927,20240608,1.0476,,98,before
237928,20240608,1.0619,,98,before
237929,20240608,1.0846,1.36,99,before
237930,20240608,1.8512,1.43,169,before
237931,20240608,1.3767,1.64,97,before
237932,20240608,1.3384,,98,before
237934,20240608,1.1438,1.03,121,before
238036,20240609,1.0081,1.93,118,before
238037,20240609,1.2535,2.18,101,before
238039,20240609,1.1706,1.21,106,before
238040,20240609,1.0099,1.08,97,before
238041,20240609,1.0177,1.46,98,before
238042,20240609,1.0219,1.78,96,before
238043,20240609,1.0253,,96,before
238044,20240609,1.0311,1.29,97,before
238045,20240609,1.0362,,98,before
238046,20240609,1.0154,1.33,100,before
238047,20240609,1.0242,,99,before
238048,20240609,1.0234,1.41,100,before
238049,20240609,1.0424,1.41,98,before
238050,20240609,1.0605,1.61,99,before
238051,20240609,1.0764,1.14,98,before
238052,20240609,1.1116,1.02,98,before
238053,20240609,1.1109,0.99,97,before
238054,20240609,1.139,1.0,98,before
238055,20240609,1.1934,0.91,99,before
238056,20240609,1.2196,0.89,99,before
238057,20240609,1.0921,0.84,100,before
238059,20240609,1.1025,0.88,130,before
238060,20240609,1.1037,0.9,108,before
238163,20240610,1.3047,1.49,97,before
238164,20240610,1.3932,1.48,100,before
238166,20240610,1.0064,1.14,100,before
238167,20240610,1.0123,,100,before
238168,20240610,1.0216,1.04,97,before
238169,20240610,1.2125,0.99,98,before
238170,20240610,1.1377,0.95,99,before
238171,20240610,1.0519,0.9,99,before
238172,20240610,1.043,1.07,100,before
238173,20240610,1.0264,0.94,98,before
238174,20240610,1.0435,0.97,98,before
238175,20240610,1.0664,1.12,98,before
238176,20240610,1.0855,0.9,98,before
238177,20240610,1.1013,0.98,97,before
238178,20240610,1.0685,0.94,100,before
238179,20240610,1.1427,0.89,99,before
238180,20240610,1.1314,0.9,99,before
238181,20240610,1.1653,0.84,99,before
238182,20240610,1.1718,0.85,100,before
238183,20240610,1.2275,0.89,98,before
238184,20240610,1.2499,0.78,98,before
238185,20240610,1.0797,0.89,100,before
238186,20240610,1.1012,1.01,100,before
238187,20240610,1.1845,0.92,104,before
238188,20240610,1.1521,1.05,104,before
238295,20240611,1.0586,1.55,184,before
238296,20240611,1.0626,1.36,208,before
238297,20240611,1.0304,1.34,139,before
238299,20240611,1.0204,1.14,99,before
238300,20240611,1.0127,1.07,101,before
238301,20240611,1.0167,1.13,104,before
238302,20240611,1.0108,1.03,101,before
238303,20240611,1.009,1.31,97,before
238304,20240611,1.009,1.15,96,before
238305,20240611,1.019,1.18,98,before
238306,20240611,1.038,1.14,113,before
238307,20240611,1.0506,1.05,112,before
238308,20240611,1.0188,1.06,106,before
238309,20240611,1.0401,1.02,103,before
238310,20240611,1.0306,1.04,100,before
238311,20240611,1.0327,0.99,100,before
238312,20240611,1.0557,1.07,100,before
238313,20240611,1.1355,1.19,103,before
238314,20240611,1.1227,1.02,101,before
238315,20240611,1.0943,1.11,101,before
238316,20240611,1.1216,1.42,125,before
238975,20240614,1.0212,0.95,138,before
238976,20240614,1.0273,0.93,133,before
238977,20240614,1.0188,1.35,115,before
238978,20240614,1.0257,1.11,146,before
238979,20240614,1.0431,1.16,191,before
238980,20240614,1.0024,1.03,131,before
238981,20240614,1.1124,1.07,116,before
238982,20240614,1.1689,1.25,97,before
238983,20240614,1.2282,1.25,106,before
238984,20240614,1.0152,0.87,101,before
238985,20240614,1.0069,0.97,102,before
238987,20240614,1.0027,0.95,97,before
238988,20240614,1.0042,,97,before
238989,20240614,1.0065,1.14,98,before
238990,20240614,1.0145,1.06,104,before
238991,20240614,1.0158,0.94,101,before
238992,20240614,1.0169,0.91,103,before
238993,20240614,1.0217,0.94,100,before
238994,20240614,1.0202,1.08,101,before
238995,20240614,1.0429,0.98,100,before
238996,20240614,1.0582,0.99,96,before
238997,20240614,1.0924,0.87,100,before
238998,20240614,1.0945,0.87,99,before
238999,20240614,1.0791,0.96,100,before
239000,20240614,1.2237,0.94,99,before
239001,20240614,1.2393,0.97,101,before
239002,20240614,1.4848,1.16,182,before
239003,20240614,1.421,1.05,112,before
239155,20240615,1.2033,1.31,101,before
239156,20240615,1.1524,1.19,100,before
239157,20240615,1.2346,1.65,96,before
239158,20240615,1.2696,1.62,100,before
239159,20240615,1.3054,1.2,101,before
239161,20240615,1.4188,1.37,98,before
239162,20240615,1.3492,1.18,103,before
239163,20240615,1.1476,1.41,109,before
239164,20240615,1.0913,1.13,177,before
239165,20240615,1.0172,0.91,106,before
239166,20240615,1.0191,,106,before
239167,20240615,1.0096,0.91,98,before
239168,20240615,1.0169,0.85,101,before
239169,20240615,1.0312,0.9,100,before
239170,20240615,1.0367,0.97,100,before
239171,20240615,1.0756,0.86,100,before
239172,20240615,1.1002,0.82,99,before
239173,20240615,1.1087,0.9,98,before
239174,20240615,1.1605,0.9,99,before
239175,20240615,1.179,0.87,99,before
239176,20240615,1.2694,0.96,99,before
239177,20240615,1.2595,0.94,100,before
239178,20240615,1.2798,0.95,99,before
239179,20240615,1.0826,0.92,147,before
239180,20240615,1.149,0.96,115,before
239324,20240616,1.2936,1.1,98,before
239325,20240616,1.0008,1.28,99,before
239326,20240616,1.3496,0.8,100,before
239327,20240616,1.0159,0.95,98,before
239328,20240616,1.0182,,98,before
239329,20240616,1.0027,1.16,150,before
239330,20240616,1.0038,1.72,199,before
239331,20240616,1.0051,0.98,205,before
239332,20240616,1.0065,0.93,221,before
239333,20240616,1.0083,1.2,216,before
239334,20240616,1.0098,1.15,184,before
239335,20240616,1.0117,1.07,214,before
239336,20240616,1.0078,1.31,200,before
239337,20240616,1.0144,1.21,152,before
239338,20240616,1.0091,1.82,158,before
239339,20240616,1.0202,1.77,114,before
239340,20240616,1.0274,1.76,122,before
239341,20240616,1.0091,1.16,147,before
239342,20240616,1.0201,1.01,141,before
239343,20240616,1.0542,0.97,100,before
239344,20240616,1.1259,0.93,98,before
239345,20240616,1.1733,1.52,99,before
239346,20240616,1.2033,0.95,99,before
239347,20240616,1.2293,1.01,97,before
239348,20240616,1.3201,1.37,91,before
239349,20240616,1.3373,,90,before
239350,20240616,1.0516,1.36,156,before
240090,20240625,1.0348,1.13,185,before
240091,20240625,1.0448,1.02,194,before
240092,20240625,1.0044,0.94,99,before
240093,20240625,1.0125,1.06,100,before
240094,20240625,1.0094,0.91,95,before
240095,20240625,1.0059,0.97,96,before
240202,20240626,1.154,1.12,104,before
240203,20240626,1.0056,1.14,99,before
240204,20240626,1.0072,1.06,99,before
240211,20240626,1.0677,1.04,128,before
240212,20240626,1.0107,0.9,100,before
240213,20240626,1.0206,0.86,100,before
240215,20240626,1.0734,,99,before
240219,20240626,1.1457,0.85,118,before
240220,20240626,1.1976,0.84,98,before
240223,20240626,1.2461,0.89,99,before
240224,20240626,1.2836,,99,before
240330,20240627,1.0089,0.89,134,before
240334,20240627,1.0012,1.02,89,before
240335,20240627,1.2123,1.01,92,before
240336,20240627,1.0096,0.88,88,before
240337,20240627,1.0125,0.89,89,before
240338,20240627,1.0054,1.05,89,before
240339,20240627,1.0039,1.01,86,before
240343,20240627,1.0197,0.93,88,before
240344,20240627,1.0542,0.88,96,before
240345,20240627,1.0237,0.97,88,before
240346,20240627,1.0152,0.88,98,before
240347,20240627,1.0194,0.92,91,before
240348,20240627,1.0372,0.93,93,before
240349,20240627,1.1538,1.07,99,before
240350,20240627,1.0591,0.9,96,before
240351,20240627,1.3227,0.99,94,before
240353,20240627,1.3095,,95,before
240354,20240627,1.3497,0.92,97,before
240649,20240629,1.4241,1.04,100,before
240650,20240629,1.0137,1.12,100,before
240651,20240629,1.0008,1.46,100,before
240652,20240629,1.0044,,100,before
240653,20240629,1.0356,0.96,234,before
240654,20240629,1.0163,0.94,136,before
240655,20240629,1.0099,1.02,98,before
241009,20240701,1.0226,0.93,126,before
241010,20240701,1.004,0.86,97,before
241011,20240701,1.0131,1.01,100,before
241012,20240701,1.0214,1.07,99,before
241013,20240701,1.0263,1.11,97,before
241014,20240701,1.0109,1.01,96,before
241015,20240701,1.0067,0.98,99,before
241016,20240701,1.0061,1.04,98,before
241017,20240701,1.0157,0.86,98,before
241018,20240701,1.0147,0.89,100,before
241019,20240701,1.0138,0.81,98,before
241020,20240701,1.0157,0.84,98,before
241021,20240701,1.0155,0.92,98,before
241022,20240701,1.0264,0.88,99,before
241023,20240701,1.0417,0.8,98,before
241024,20240701,1.0358,0.79,101,before
241025,20240701,1.0489,0.81,99,before
241026,20240701,1.0792,0.81,96,before
241027,20240701,1.2348,0.8,98,before
241028,20240701,1.1301,0.82,97,before
241029,20240701,1.2305,0.98,102,before
241030,20240701,1.3044,0.98,99,before
241031,20240701,1.2457,0.87,100,before
241032,20240701,1.3367,0.88,97,before
241033,20240701,1.2767,0.88,96,before
241034,20240701,1.2719,0.88,102,before
241035,20240701,1.1134,0.84,96,before
241036,20240701,1.1053,0.83,120,before
241037,20240701,1.0651,0.78,104,before
241422,20240703,1.0888,1.65,188,before
241423,20240703,1.0504,1.57,177,before
241428,20240703,1.0629,1.08,97,before
241534,20240704,1.1686,1.52,107,before
241535,20240704,1.273,1.33,97,before
241536,20240704,1.032,1.18,99,before
241537,20240704,1.0003,1.07,99,before
241538,20240704,1.0139,1.19,101,before
241539,20240704,1.0091,1.05,98,before
241540,20240704,1.0116,1.15,105,before
241541,20240704,1.0244,1.04,101,before
241542,20240704,1.0367,1.1,99,before
241543,20240704,1.0372,1.05,102,before
241544,20240704,1.0786,1.08,99,before
241545,20240704,1.1055,1.01,96,before
241546,20240704,1.2459,1.08,103,before
241552,20240704,1.3943,1.24,179,before
241553,20240704,1.2493,0.99,99,before
241554,20240704,1.1061,0.99,99,before
241555,20240704,1.0673,1.37,97,before
241661,20240705,1.1891,1.21,103,before
241662,20240705,1.3131,2.23,94,before
241664,20240705,1.0319,1.79,150,before
241665,20240705,1.0099,1.35,184,before
241666,20240705,1.0254,1.19,156,before
241667,20240705,1.0087,1.62,169,before
241668,20240705,1.0013,2.08,212,before
241683,20240705,1.0489,3.04,166,before
241684,20240705,1.0523,,165,before
241685,20240705,1.3296,1.74,145,before
241686,20240705,1.3031,,146,before
241687,20240705,1.3059,1.86,117,before
241779,20240706,1.3039,1.04,94,before
241780,20240706,1.2348,1.09,98,before
241781,20240706,1.0073,1.03,101,before
241782,20240706,1.0083,1.07,97,before
241783,20240706,1.0035,1.14,101,before
241784,20240706,1.0081,1.02,97,before
241785,20240706,1.017,1.22,96,before
241786,20240706,1.0285,,97,before
241787,20240706,1.0444,,94,before
241788,20240706,1.7723,1.89,152,before
241790,20240706,1.4534,1.47,100,before
241791,20240706,1.0384,1.37,101,before
241792,20240706,1.1376,1.13,97,before
241793,20240706,1.1072,,97,before
241794,20240706,1.0951,1.04,98,before
241795,20240706,1.0996,1.06,100,before
241796,20240706,1.0971,1.12,100,before
241797,20240706,1.0945,1.06,99,before
241798,20240706,1.2492,1.32,99,before
241799,20240706,1.2427,,99,before
241800,20240706,1.312,1.2,97,before
241801,20240706,1.2952,1.68,121,before
241802,20240706,1.3426,1.58,135,before
241906,20240707,1.401,0.94,101,before
241907,20240707,1.3602,0.87,98,before
241908,20240707,1.1565,0.81,96,before
241909,20240707,1.0252,1.14,98,before
241910,20240707,1.0226,1.08,97,before
241911,20240707,1.0071,1.09,97,before
241912,20240707,1.012,1.0,99,before
241913,20240707,1.0202,1.07,98,before
241914,20240707,1.015,1.03,99,before
241915,20240707,1.0135,0.97,97,before
241916,20240707,1.0278,0.94,97,before
241917,20240707,1.0371,1.02,98,before
241918,20240707,1.0398,1.14,99,before
241919,20240707,1.3625,1.04,100,before
241920,20240707,1.3106,,100,before
241921,20240707,1.2727,,100,before
241922,20240707,1.1422,1.1,132,before
241923,20240707,1.2772,1.22,97,before
241924,20240707,1.2579,1.13,96,before
241925,20240707,1.3183,1.01,97,before
241926,20240707,1.3122,0.99,98,before
241927,20240707,1.3574,1.05,96,before
241928,20240707,1.346,1.2,161,before
241929,20240707,1.3928,1.11,139,before
242032,20240708,1.1504,1.04,284,before
242033,20240708,1.1702,1.15,277,before
242034,20240708,1.0121,1.13,96,before
242035,20240708,1.0115,1.08,97,before
242036,20240708,1.0215,1.13,100,before
242037,20240708,1.029,1.0,100,before
242038,20240708,1.0362,1.07,97,before
242039,20240708,1.0309,1.08,98,before
242040,20240708,1.0475,0.99,99,before
242041,20240708,1.0585,0.96,100,before
242042,20240708,1.0484,0.97,99,before
242043,20240708,1.0833,0.91,100,before
242044,20240708,1.091,0.87,96,before
242045,20240708,1.132,0.96,97,before
242046,20240708,1.0797,1.0,97,before
242047,20240708,1.0881,1.01,97,before
242048,20240708,1.0772,1.11,96,before
242049,20240708,1.0661,1.28,97,before
242059,20240708,1.3573,1.17,95,before
242060,20240708,1.34,1.22,115,before
242179,20240709,1.0248,1.53,207,before
242180,20240709,1.0218,1.37,231,before
242181,20240709,1.0051,1.52,97,before
242186,20240709,1.3959,2.96,180,before
242187,20240709,1.3058,,179,before
242188,20240709,1.5447,1.68,97,before
242189,20240709,1.4395,,98,before
242190,20240709,1.3776,,98,before
242191,20240709,1.503,1.59,160,before
242192,20240709,1.5219,1.58,159,before
242193,20240709,1.0716,1.27,99,before
242194,20240709,1.0579,1.37,97,before
242195,20240709,1.0852,1.27,96,before
242196,20240709,1.084,,95,before
242197,20240709,1.0337,1.68,99,before
242718,20240712,1.0376,1.03,241,before
242719,20240712,1.0079,1.11,98,before
242720,20240712,1.0083,0.97,99,before
242721,20240712,1.0252,0.93,97,before
242722,20240712,1.0333,0.94,96,before
242723,20240712,1.0276,0.92,99,before
242724,20240712,1.0481,0.99,98,before
242725,20240712,1.0698,0.93,96,before
242726,20240712,1.1042,0.91,100,before
242727,20240712,1.1331,0.83,99,before
242728,20240712,1.2096,0.91,100,before
242729,20240712,1.0827,1.18,100,before
242734,20240712,1.2822,1.03,100,before
242735,20240712,1.3157,1.0,96,before
242736,20240712,1.4012,0.96,150,before
242737,20240712,1.3403,0.94,112,before
243699,20240716,1.3321,1.29,106,before
243700,20240716,1.082,1.34,131,before
243701,20240716,1.0515,1.13,112,before
243702,20240716,1.0368,1.0,145,before
243703,20240716,1.7728,1.56,217,before
243706,20240716,1.5559,,218,before
245016,20240723,1.264,1.03,82,before
245017,20240723,1.3296,0.96,73,before
245018,20240723,1.2089,1.11,65,before
245031,20240723,1.1715,1.31,70,before
245032,20240723,1.2077,0.98,74,before
245033,20240723,1.2253,1.06,72,before
245034,20240723,1.1587,0.94,68,before
245035,20240723,1.1615,0.93,69,before
245036,20240723,1.1709,0.99,66,before
245037,20240723,1.1551,1.05,73,before
245038,20240723,1.1956,1.13,64,before
246358,20240730,1.1544,1.21,191,before
246359,20240730,1.0954,1.36,229,before
246360,20240730,1.0052,1.09,98,before
246361,20240730,1.0188,0.95,100,before
246362,20240730,1.0145,0.85,101,before
246363,20240730,1.0303,0.84,99,before
246364,20240730,1.041,0.79,99,before
246365,20240730,1.0607,0.85,99,before
246366,20240730,1.0735,0.85,100,before
246367,20240730,1.1017,0.86,99,before
246368,20240730,1.1501,0.95,100,before
246369,20240730,1.1792,0.92,97,before
246370,20240730,1.2129,0.94,99,before
246371,20240730,1.1825,0.94,99,before
246372,20240730,1.2869,1.12,98,before
246373,20240730,1.2719,,97,before
246374,20240730,1.2404,1.0,101,before
246375,20240730,1.2589,0.98,98,before
246376,20240730,1.2651,1.05,96,before
246377,20240730,1.3035,0.99,97,before
246378,20240730,1.3165,0.99,96,before
246379,20240730,1.3595,0.97,98,before
246380,20240730,1.318,0.92,100,before
246381,20240730,1.3877,0.93,99,before
246382,20240730,1.3329,0.96,97,before
246383,20240730,1.4067,0.91,99,before
246384,20240730,1.3547,0.89,100,before
246385,20240730,1.2912,0.9,120,before
246386,20240730,1.2852,0.87,97,before
246387,20240730,1.3633,0.86,108,before
246555,20240801,1.3577,1.17,111,before
246556,20240801,1.3698,0.94,99,before
246557,20240801,1.4344,0.92,103,before
246662,20240802,1.1078,1.02,99,before
246663,20240802,1.1785,0.95,100,before
246664,20240802,1.2211,0.88,98,before
246665,20240802,1.2704,0.89,100,before
246666,20240802,1.2846,,100,before
246667,20240802,1.3018,,99,before
246668,20240802,1.1749,0.9,122,before
246669,20240802,1.2811,0.92,99,before
246670,20240802,1.3599,0.93,94,before
246671,20240802,1.3833,,95,before
246672,20240802,1.0058,1.2,98,before
246673,20240802,1.0127,1.11,99,before
246674,20240802,1.0367,1.34,100,before
246675,20240802,1.0652,1.14,99,before
246676,20240802,1.0712,,99,before
246679,20240802,1.1302,1.03,97,before
246680,20240802,1.4336,0.97,101,before
246681,20240802,1.0879,0.93,92,before
246682,20240802,1.0692,0.88,100,before
246813,20240803,1.1801,1.17,163,before
246814,20240803,1.3357,1.24,99,before
246815,20240803,1.3081,,99,before
246816,20240803,1.3482,0.91,97,before
246817,20240803,1.3286,0.92,98,before
246818,20240803,1.4072,1.01,96,before
246819,20240803,1.4031,,96,before
246820,20240803,1.4148,1.13,99,before
246821,20240803,1.0644,1.0,100,before
246822,20240803,1.0639,0.89,99,before
246823,20240803,1.0908,0.91,100,before
246824,20240803,1.0574,0.87,99,before
246825,20240803,1.0526,0.84,97,before
246826,20240803,1.3566,0.88,100,before
246827,20240803,1.4447,0.95,99,before
246828,20240803,1.3721,1.05,99,before
246829,20240803,1.5294,1.14,99,before
247023,20240805,1.0242,1.72,255,before
247024,20240805,1.0125,1.21,193,before
247025,20240805,1.0325,1.38,96,before
247026,20240805,1.0708,1.14,100,before
247027,20240805,1.0819,,99,before
247028,20240805,1.2592,0.99,99,before
247029,20240805,1.3314,1.05,100,before
247394,20240810,1.7164,1.08,174,before
247395,20240810,1.3725,1.11,98,before
247396,20240810,1.3452,,98,before
247397,20240810,1.3866,1.13,99,before
247398,20240810,1.3692,,99,before
247399,20240810,1.406,1.13,99,before
247400,20240810,1.3949,,100,before
247401,20240810,1.3939,,100,before
247403,20240810,1.0545,1.02,109,before
247404,20240810,1.0875,0.96,101,before
247405,20240810,1.0912,0.91,98,before
247406,20240810,1.0646,1.08,96,before
247511,20240811,1.8097,1.48,163,before
247512,20240811,1.0257,0.94,100,before
247513,20240811,1.0247,0.92,99,before
247514,20240811,1.0475,0.83,100,before
247515,20240811,1.0324,0.76,98,before
247516,20240811,1.3371,0.82,100,before
247517,20240811,1.1152,0.79,100,before
247518,20240811,1.122,0.75,98,before
247519,20240811,1.0997,0.97,98,before
247520,20240811,1.091,1.44,97,before
247524,20240811,1.0979,0.97,96,before
247525,20240811,1.0779,1.07,99,before
247526,20240811,1.0515,0.88,100,before
247527,20240811,1.0373,0.85,99,before
247528,20240811,1.0406,0.8,100,before
247529,20240811,1.0636,0.82,97,before
247530,20240811,1.0343,0.77,99,before
247531,20240811,1.0305,0.81,98,before
247532,20240811,1.0448,0.85,100,before
247533,20240811,1.0684,0.87,98,before
247534,20240811,1.0825,0.86,100,before
247535,20240811,1.067,0.88,98,before
247536,20240811,1.0575,0.9,99,before
247537,20240811,1.0844,1.11,102,before
247723,20240812,1.4223,0.92,158,before
247724,20240812,1.0774,0.82,99,before
247725,20240812,1.0534,0.95,98,before
247726,20240812,1.0221,0.83,99,before
247727,20240812,1.025,0.88,100,before
247728,20240812,1.0163,0.96,100,before
247729,20240812,1.0577,1.01,97,before
247730,20240812,1.0518,0.91,99,before
247731,20240812,1.0509,0.87,99,before
247732,20240812,1.0334,0.94,100,before
247733,20240812,1.0449,0.93,97,before
247734,20240812,1.0458,0.86,98,before
247735,20240812,1.0487,0.91,99,before
247736,20240812,1.0423,0.93,98,before
247737,20240812,1.0496,0.89,102,before
247738,20240812,1.0463,0.97,100,before
247863,20240813,1.0039,0.87,220,before
247864,20240813,1.9461,1.09,232,before
247865,20240813,1.0292,0.86,98,before
247866,20240813,1.0512,0.85,98,before
247867,20240813,1.0605,,98,before
247869,20240813,1.3946,1.6,176,before
247870,20240813,1.7871,1.25,128,before
247871,20240813,1.1252,1.08,97,before
247872,20240813,1.0697,0.97,99,before
247873,20240813,1.0607,0.92,99,before
247874,20240813,1.0606,0.87,100,before
247875,20240813,1.0382,0.9,100,before
247876,20240813,1.0222,0.9,99,before
247877,20240813,1.0012,0.83,99,before
247878,20240813,1.0162,0.91,100,before
247879,20240813,1.0151,0.81,100,before
247880,20240813,1.0163,0.82,100,before
247881,20240813,1.0125,0.82,99,before
247882,20240813,1.0194,0.79,97,before
247883,20240813,1.0233,0.99,99,before
247884,20240813,1.0327,0.95,100,before
247885,20240813,1.0231,1.05,99,before
247886,20240813,1.0385,0.97,99,before
247887,20240813,1.0348,0.79,99,before
247888,20240813,1.0281,0.8,98,before
247889,20240813,1.033,1.11,99,before
247890,20240813,1.0119,0.8,96,before
248136,20240814,1.2038,1.64,256,before
248137,20240814,1.2601,,255,before
248138,20240814,1.1842,1.18,235,before
248139,20240814,1.2008,1.24,232,before
248140,20240814,1.1629,1.05,213,before
248141,20240814,1.1678,1.21,133,before
248142,20240814,1.3246,1.03,211,before
248143,20240814,1.3402,0.94,193,before
248144,20240814,1.3744,0.92,100,before
248145,20240814,1.4759,,100,before
248146,20240814,1.3068,0.99,102,before
248147,20240814,1.3389,0.99,98,before
248148,20240814,1.2857,1.05,100,before
248149,20240814,1.3788,1.01,100,before
248150,20240814,1.3889,0.95,98,before
248151,20240814,1.3607,0.92,97,before
248152,20240814,1.4006,1.01,100,before
248153,20240814,1.1636,1.03,100,before
248154,20240814,1.4807,0.93,98,before
248155,20240814,1.4584,1.06,98,before
248156,20240814,1.4791,1.04,99,before
248157,20240814,1.4566,0.99,116,before
248322,20240815,1.5669,1.27,250,before
248323,20240815,1.4591,,245,before
248324,20240815,1.8848,1.3,190,before
248325,20240815,1.7303,,188,before
248326,20240815,1.2165,1.08,119,before
248327,20240815,1.2681,1.06,110,before
248328,20240815,1.135,1.0,105,before
248329,20240815,1.5403,1.37,130,before
248330,20240815,1.4779,,131,before
248650,20240816,1.2631,1.68,105,before
248651,20240816,1.1995,1.04,125,before
248652,20240816,1.3448,1.12,107,before
248653,20240816,1.2077,0.97,165,before
248654,20240816,1.0354,1.0,142,before
248655,20240816,1.075,0.91,190,before
248656,20240816,1.0839,0.91,153,before
248657,20240816,1.3438,0.96,162,before
248658,20240816,1.2764,0.91,135,before
248659,20240816,1.2636,,136,before
248660,20240816,1.394,0.94,119,before
248661,20240816,1.3337,0.97,135,before
248662,20240816,1.3942,0.97,115,before
248663,20240816,1.3016,1.04,125,before
248664,20240816,1.3386,0.96,97,before
248665,20240816,1.4166,1.01,99,before
248666,20240816,1.0846,0.89,99,before
248667,20240816,1.0759,0.86,98,before
248668,20240816,1.0551,0.82,99,before
248669,20240816,1.0831,0.83,101,before
248670,20240816,1.0142,0.89,96,before
249039,20240818,1.4136,0.86,99,before
249040,20240818,1.2909,,99,before
249041,20240818,1.1566,0.84,153,before
249042,20240818,1.1152,,153,before
249043,20240818,1.1729,0.98,101,before
249044,20240818,1.131,,101,before
249045,20240818,1.1306,0.99,103,before
249046,20240818,1.0964,,101,before
249047,20240818,1.0619,1.0,98,before
249053,20240818,1.0271,1.09,97,before
249054,20240818,1.0236,,98,before
249055,20240818,1.0358,0.92,97,before
249056,20240818,1.0387,,94,before
249057,20240818,1.0512,0.85,98,before
249058,20240818,1.3461,0.91,108,before
249059,20240818,1.0756,0.84,97,before
249060,20240818,1.0205,0.78,99,before
249061,20240818,1.0101,0.89,99,before
249643,20240821,1.2037,0.89,127,before
249644,20240821,1.241,0.81,127,before
249645,20240821,1.0915,0.99,201,before
249646,20240821,1.0678,0.94,200,before
249647,20240821,1.1881,0.89,193,before
249648,20240821,1.1957,,195,before
249649,20240821,1.0265,0.86,183,before
249650,20240821,1.0585,0.84,181,before
249651,20240821,1.0761,,179,before
249813,20240822,1.5512,0.96,123,before
249814,20240822,1.5707,0.81,117,before
249815,20240822,1.5057,0.86,98,before
249816,20240822,1.5805,,98,before
249817,20240822,1.6556,,96,before
249818,20240822,1.0482,0.82,98,before
249819,20240822,1.0986,0.88,110,before
249823,20240822,1.6379,1.06,103,before
249824,20240822,1.5861,,103,before
250067,20240824,1.3097,0.97,163,before
250068,20240824,1.3087,1.14,99,before
250069,20240824,1.2922,,98,before
250070,20240824,1.2619,1.06,102,before
250071,20240824,1.2503,,101,before
250072,20240824,1.2972,1.08,96,before
250073,20240824,1.2939,,93,before
250074,20240824,1.3416,1.2,97,before
250075,20240824,1.3454,,97,before
250076,20240824,1.3412,1.07,95,before
250077,20240824,1.3562,,94,before
250078,20240824,1.3494,0.97,95,before
250079,20240824,1.3854,,96,before
250084,20240824,1.3932,1.0,94,before
250189,20240825,1.5962,1.13,212,before
250190,20240825,1.0293,0.97,98,before
250191,20240825,1.0388,0.87,98,before
250192,20240825,1.0616,0.95,99,before
250193,20240825,1.0946,1.14,98,before
250194,20240825,1.1333,1.29,98,before
250195,20240825,1.3353,1.02,99,before
250197,20240825,1.3302,0.94,95,before
250198,20240825,1.3327,0.97,99,before
250199,20240825,1.36,0.91,96,before
250200,20240825,1.3344,1.0,94,before
250203,20240825,1.0487,1.06,99,before
250226,20240825,1.0465,0.91,99,before
250227,20240825,1.4158,1.08,98,before
250228,20240825,1.049,0.91,94,before
250229,20240825,1.0502,0.87,97,before
250230,20240825,1.0711,,96,before
250231,20240825,1.3941,1.06,94,before
250232,20240825,1.4382,,93,before
250233,20240825,1.6074,1.12,95,before
250394,20240826,1.0065,0.84,99,before
250395,20240826,1.0647,0.87,98,before
250396,20240826,1.039,0.83,98,before
250397,20240826,1.0366,0.77,95,before
250398,20240826,1.0373,0.82,95,before
250401,20240826,1.0387,0.88,95,before
250402,20240826,1.0852,0.94,100,before
250403,20240826,1.0988,0.86,101,before
250404,20240826,1.1552,0.89,97,before
250784,20240828,1.3007,0.98,129,before
250785,20240828,1.4151,1.1,97,before
250786,20240828,1.4648,0.98,95,before
250787,20240828,1.0393,1.04,95,before
250788,20240828,1.0532,0.86,96,before
250789,20240828,1.0555,0.96,98,before
250790,20240828,1.0589,0.95,96,before
250791,20240828,1.0656,0.95,98,before
250792,20240828,1.0652,0.95,100,before
250933,20240829,1.0974,0.99,124,before
250934,20240829,1.0892,0.99,93,before
250935,20240829,1.34,1.32,95,before
250936,20240829,1.4037,1.03,97,before
250937,20240829,1.3487,0.96,95,before
250938,20240829,1.3018,0.92,94,before
250939,20240829,1.4003,1.04,94,before
250940,20240829,1.4222,1.1,92,before
250941,20240829,1.3481,1.08,96,before
250942,20240829,1.438,1.04,93,before
250943,20240829,1.0641,0.87,96,before
250944,20240829,1.0352,0.95,99,before
250945,20240829,1.0364,0.86,98,before
250946,20240829,1.0384,1.16,95,before
250947,20240829,1.0486,1.37,100,before
250948,20240829,1.0701,0.96,95,before
250949,20240829,1.06,0.97,98,before
250950,20240829,1.0526,0.86,100,before
251132,20240830,1.0753,0.9,98,before
251302,20240831,1.0533,0.96,100,before
251303,20240831,1.0609,0.86,97,before
251406,20240901,1.1682,1.11,171,before
251412,20240901,1.1255,1.05,119,before
251414,20240901,1.107,1.0,93,before
251418,20240901,1.1064,0.94,96,before
251419,20240901,1.5098,1.48,115,before
251421,20240901,1.0437,0.98,103,before
251422,20240901,1.0656,0.98,94,before
251423,20240901,1.0851,1.01,103,before
251424,20240901,1.3988,1.19,130,before
251425,20240901,1.3383,1.09,98,before
251426,20240901,1.3968,1.08,94,before
251427,20240901,1.4143,1.19,99,before
251428,20240901,1.4845,1.38,97,before
251429,20240901,1.5399,,96,before
251430,20240901,1.0374,1.55,99,before
251431,20240901,1.0444,1.21,96,before
251432,20240901,1.0405,1.13,94,before
251433,20240901,1.0606,1.13,96,before
251434,20240901,1.0515,1.12,96,before
251538,20240902,1.2002,0.94,118,before
251539,20240902,1.0295,1.07,97,before
251540,20240902,1.0502,1.09,95,before
251541,20240902,1.1384,1.12,89,before
251542,20240902,1.0861,1.93,98,before
251543,20240902,1.0666,,96,before
251544,20240902,1.0686,1.0,96,before
251545,20240902,1.0708,0.83,98,before
251546,20240902,1.0889,0.92,93,before
251547,20240902,1.0814,0.85,97,before
251548,20240902,1.0609,0.89,95,before
251549,20240902,1.0836,0.92,96,before
251550,20240902,1.0053,0.85,98,before
251551,20240902,1.0718,1.06,99,before
251552,20240902,1.0613,0.89,96,before
251553,20240902,1.0484,0.83,97,before
251554,20240902,1.0541,0.88,96,before
251555,20240902,1.0446,0.97,96,before
251556,20240902,1.0365,0.92,100,before
251557,20240902,1.0511,0.96,97,before
251558,20240902,1.0601,0.95,98,before
251559,20240902,1.046,0.92,99,before
251560,20240902,1.0361,0.87,96,before
251561,20240902,1.0452,0.98,98,before
251562,20240902,1.09,1.11,98,before
251695,20240905,1.6225,1.37,261,before
251696,20240905,1.0588,1.06,94,before
251697,20240905,1.0894,1.05,96,before
251698,20240905,1.1403,1.18,99,before
251699,20240905,1.2741,1.04,105,before
251700,20240905,1.2907,1.08,97,before
251701,20240905,1.2704,,97,before
251702,20240905,1.0247,1.07,96,before
251703,20240905,1.0292,,94,before
251704,20240905,1.041,1.01,97,before
251705,20240905,1.0443,1.0,94,before
251706,20240905,1.058,1.0,99,before
251707,20240905,1.0446,0.97,98,before
251708,20240905,1.0368,0.93,98,before
251709,20240905,1.0308,0.98,99,before
251710,20240905,1.0412,1.04,95,before
251711,20240905,1.0384,1.03,97,before
251712,20240905,1.0341,0.97,99,before
251713,20240905,1.0403,1.08,95,before
251714,20240905,1.0466,1.08,96,before
251715,20240905,1.0326,0.94,97,before
251716,20240905,1.0192,0.91,98,before
251717,20240905,1.0382,0.97,100,before
251718,20240905,1.0354,0.97,100,before
251719,20240905,1.0759,0.97,95,before
251720,20240905,1.0987,0.95,99,before
251941,20240906,1.3703,1.2,204,before
251942,20240906,1.3226,1.18,99,before
251943,20240906,1.2885,,97,before
251944,20240906,1.3529,1.19,99,before
251945,20240906,1.3419,,97,before
251946,20240906,1.3594,1.24,97,before
251947,20240906,1.3586,,97,before
251948,20240906,1.3298,1.26,98,before
251949,20240906,1.3356,,95,before
251950,20240906,1.3685,0.98,99,before
251957,20240906,1.0372,1.17,99,before
251958,20240906,1.0684,,97,before
251959,20240906,1.0249,0.93,97,before
251960,20240906,1.029,1.25,97,before
251961,20240906,1.0392,1.02,99,before
251962,20240906,1.0257,1.07,97,before
251963,20240906,1.0333,1.08,97,before
251964,20240906,1.0436,1.17,99,before
251965,20240906,1.0898,1.13,97,before
251966,20240906,1.454,1.17,102,before
252069,20240907,1.5083,1.03,185,before
252070,20240907,1.592,1.2,99,before
252071,20240907,1.471,,98,before
252072,20240907,1.451,1.12,97,before
252073,20240907,1.406,,97,before
252074,20240907,1.3681,1.17,96,before
252075,20240907,1.3451,,95,before
252076,20240907,1.3615,1.36,98,before
252077,20240907,1.3452,,98,before
252078,20240907,1.3779,1.11,98,before
252079,20240907,1.3774,,94,before
252080,20240907,1.3617,0.99,100,before
252081,20240907,1.431,1.02,96,before
252082,20240907,1.454,1.0,97,before
252083,20240907,1.0314,0.96,97,before
252084,20240907,1.0202,0.88,95,before
252085,20240907,1.0254,0.9,97,before
252086,20240907,1.0169,0.88,96,before
252087,20240907,1.0162,1.03,98,before
252088,20240907,1.4453,1.14,96,before
252089,20240907,1.499,1.24,97,before
252090,20240907,1.5454,1.18,97,before
252091,20240907,1.5609,1.01,97,before
252092,20240907,1.5613,1.01,97,before
252214,20240908,1.24,1.06,182,before
252215,20240908,1.0803,1.31,98,before
252216,20240908,1.0736,,94,before
252217,20240908,1.0438,0.94,95,before
252218,20240908,1.023,1.0,99,before
252219,20240908,1.0282,0.99,93,before
252220,20240908,1.031,0.98,94,before
252221,20240908,1.0348,1.05,97,before
252222,20240908,1.026,1.12,99,before
252223,20240908,1.0069,0.97,96,before
252224,20240908,1.0104,0.98,97,before
252225,20240908,1.0288,1.0,95,before
252226,20240908,1.4823,1.5,97,before
252227,20240908,1.515,,95,before
252228,20240908,1.5326,1.03,93,before
252229,20240908,1.4877,1.02,94,before
252230,20240908,1.5339,,92,before
252232,20240908,1.5197,2.69,97,before
252234,20240908,1.57,1.04,96,before
252235,20240908,1.6326,1.12,92,before
252236,20240908,1.6625,1.05,96,before
252340,20240909,1.504,1.13,242,before
252341,20240909,1.5003,1.17,98,before
252342,20240909,1.4096,,95,before
252343,20240909,1.3704,,96,before
252344,20240909,1.3323,1.09,96,before
252345,20240909,1.3128,,96,before
252346,20240909,1.3015,1.07,97,before
252347,20240909,1.3171,1.09,98,before
252348,20240909,1.3468,0.99,96,before
252349,20240909,1.3477,1.0,100,before
252350,20240909,1.4049,1.05,97,before
252351,20240909,1.3578,0.93,94,before
252352,20240909,1.3752,1.0,97,before
252353,20240909,1.391,0.91,97,before
252354,20240909,1.4075,0.91,94,before
252355,20240909,1.4297,0.96,95,before
252356,20240909,1.5127,1.01,99,before
252357,20240909,1.481,1.02,94,before
252358,20240909,1.5141,1.03,94,before
252359,20240909,1.4679,1.12,95,before
252360,20240909,1.5249,1.24,99,before
252361,20240909,1.5774,1.35,96,before
252362,20240909,1.6669,1.21,92,before
252363,20240909,1.4581,1.02,107,before
252512,20240910,1.4374,0.99,249,before
252513,20240910,1.1027,0.94,94,before
252514,20240910,1.1133,,92,before
252515,20240910,1.1448,0.9,98,before
252516,20240910,1.0834,1.0,98,before
252517,20240910,1.0584,,96,before
252518,20240910,1.085,0.9,98,before
252519,20240910,1.0763,,96,before
252520,20240910,1.0717,1.28,99,before
252521,20240910,1.067,,98,before
252522,20240910,1.0892,0.95,97,before
252523,20240910,1.082,0.96,97,before
252524,20240910,1.0777,0.9,100,before
252525,20240910,1.0639,0.89,96,before
252526,20240910,1.0566,0.89,98,before
252527,20240910,1.057,0.86,97,before
252528,20240910,1.05,0.79,95,before
252529,20240910,1.0554,0.85,96,before
252530,20240910,1.0552,1.24,99,before
252531,20240910,1.0732,,98,before
252532,20240910,1.0356,0.9,93,before
252533,20240910,1.0428,,92,before
252534,20240910,1.0937,0.93,100,before
252535,20240910,1.094,0.87,99,before
252536,20240910,1.0926,0.97,96,before
252537,20240910,1.0829,0.96,97,before
252538,20240910,1.1128,,96,before
252644,20240911,1.5169,1.45,216,before
252645,20240911,1.4601,1.6,236,before
252646,20240911,1.3825,,231,before
252647,20240911,1.3398,1.7,170,before
252648,20240911,1.2922,,167,before
252649,20240911,1.2907,1.26,150,before
252650,20240911,1.1796,1.61,97,before
252651,20240911,1.1186,1.38,95,before
252652,20240911,1.4289,1.44,133,before
252653,20240911,1.0613,1.43,99,before
252654,20240911,1.0375,1.08,101,before
252655,20240911,1.058,1.38,95,before
252656,20240911,1.0613,,94,before
252657,20240911,1.0377,1.09,98,before
252658,20240911,1.0332,1.0,95,before
252659,20240911,1.0422,1.0,97,before
252660,20240911,1.0397,1.3,96,before
252661,20240911,1.0365,1.3,99,before
252662,20240911,1.0294,1.21,94,before
252663,20240911,1.0502,1.12,98,before
252664,20240911,1.0605,1.08,98,before
252665,20240911,1.065,0.95,99,before
252666,20240911,1.0455,1.07,95,before
252667,20240911,1.0662,,93,before
252668,20240911,1.0817,1.03,94,before
253001,20240913,1.235,1.61,144,before
253002,20240913,1.1684,,140,before
253003,20240913,1.1251,,137,before
253004,20240913,1.2307,1.98,166,before
253005,20240913,1.1718,,165,before
253006,20240913,1.1525,1.51,163,before
253007,20240913,1.1166,,163,before
253025,20240913,1.0261,1.21,95,before
253026,20240913,1.0242,1.17,100,before
253027,20240913,1.0586,1.27,100,before
253028,20240913,1.0195,1.11,99,before
253029,20240913,1.034,1.02,96,before
253030,20240913,1.0405,0.92,99,before
253031,20240913,1.0468,0.84,98,before
253032,20240913,1.045,0.89,99,before
253034,20240913,1.0367,0.93,96,before
253035,20240913,1.0838,1.06,98,before
253036,20240913,1.3444,1.19,98,before
253142,20240914,1.1358,1.15,109,before
253143,20240914,1.2304,1.1,103,before
253144,20240914,1.3224,1.21,150,before
253145,20240914,1.252,,150,before
253148,20240914,1.1406,1.29,127,before
253149,20240914,1.1039,,124,before
253150,20240914,1.1787,1.08,104,before
253151,20240914,1.1732,1.01,104,before
253152,20240914,1.0745,1.08,97,before
253153,20240914,1.1106,1.47,103,before
253154,20240914,1.0918,,102,before
253155,20240914,1.0629,1.04,93,before
253156,20240914,1.0504,,91,before
253160,20240914,1.0201,0.85,108,before
253161,20240914,1.043,0.87,100,before
253162,20240914,1.077,0.87,108,before
253163,20240914,1.0483,0.87,98,before
253164,20240914,1.0413,1.21,96,before
253165,20240914,1.031,0.84,97,before
253166,20240914,1.0309,0.87,115,before
253167,20240914,1.0238,0.81,96,before
253168,20240914,1.0143,0.83,99,before
253169,20240914,1.0229,0.85,98,before
253170,20240914,1.0193,1.13,93,before
253171,20240914,1.0354,0.84,99,before
253172,20240914,1.4843,0.97,94,before
253173,20240914,1.6165,0.97,95,before
253174,20240914,1.1436,0.89,94,before
253798,20240918,1.1307,1.01,159,before
253958,20240919,1.6512,1.12,181,before
253959,20240919,1.6092,1.33,226,before
253960,20240919,1.52,,225,before
253961,20240919,1.1648,0.94,125,before
253962,20240919,1.4068,1.01,85,before
253963,20240919,1.3309,1.18,103,before
253964,20240919,1.3507,1.12,101,before
253965,20240919,1.0769,1.23,134,before
253966,20240919,1.0977,1.7,155,before
253976,20240919,1.4603,1.49,139,before
253977,20240919,1.5762,,137,before
253980,20240919,1.8158,1.48,70,before
254153,20240920,1.2161,1.98,181,before
254155,20240920,1.1706,1.47,193,before
254374,20240921,1.333,1.76,190,before
254375,20240921,1.336,1.49,99,before
254376,20240921,1.2964,,97,before
254377,20240921,1.3756,1.44,98,before
254378,20240921,1.1396,1.41,102,before
254379,20240921,1.1215,1.26,100,before
254380,20240921,1.4363,1.35,130,before
254381,20240921,1.0484,0.96,98,before
254382,20240921,1.0687,0.96,98,before
254383,20240921,1.0679,,99,before
254384,20240921,1.0685,0.94,96,before
254385,20240921,1.0812,,95,before
254386,20240921,1.0732,0.92,103,before
254387,20240921,1.0565,0.92,102,before
254388,20240921,1.3477,1.04,107,before
254389,20240921,1.4429,0.97,95,before
254390,20240921,1.457,,92,before
254391,20240921,1.4799,,91,before
254392,20240921,1.3977,0.98,96,before
254393,20240921,1.4586,1.04,104,before
254394,20240921,1.5711,1.24,98,before
254395,20240921,1.7217,1.13,94,before
254396,20240921,1.6794,1.41,108,before
254397,20240921,1.815,,111,before
254398,20240921,1.3913,1.37,95,before
254399,20240921,1.3006,1.02,91,before
254400,20240921,1.2556,0.97,105,before
254583,20240922,1.6518,1.23,224,before
254584,20240922,1.4692,1.24,97,before
254585,20240922,1.4163,,97,before
254586,20240922,1.3626,1.31,97,before
254587,20240922,1.3357,,98,before
254588,20240922,1.368,1.13,97,before
254589,20240922,1.2961,1.04,98,before
254590,20240922,1.3039,,97,before
254591,20240922,1.37,1.14,96,before
254592,20240922,2.2735,1.41,94,before
254594,20240922,1.0373,0.98,96,before
254595,20240922,1.072,1.0,96,before
254596,20240922,1.0532,0.98,99,before
254597,20240922,1.068,,99,before
254598,20240922,1.0491,0.96,98,before
254599,20240922,1.0647,,98,before
254600,20240922,1.0757,0.96,100,before
254603,20240922,1.0319,0.96,97,before
254694,20240923,1.3056,,206,before
254696,20240923,1.4733,1.75,181,before
254697,20240923,1.4588,1.62,183,before
254698,20240923,1.4715,2.22,186,before
254699,20240923,1.2711,1.63,146,before
254700,20240923,1.2154,1.69,125,before
254701,20240923,1.0888,1.49,105,before
254702,20240923,1.1655,1.45,116,before
254703,20240923,1.133,1.31,99,before
254705,20240923,1.0494,1.33,98,before
254706,20240923,1.0332,1.18,102,before
254707,20240923,1.051,1.33,98,before
254708,20240923,1.0594,1.34,94,before
254709,20240923,1.4424,1.59,128,before
254710,20240923,1.0573,1.33,95,before
254711,20240923,1.0161,1.37,100,before
254712,20240923,1.0252,1.42,96,before
254713,20240923,1.0272,1.39,98,before
254714,20240923,1.0497,1.26,96,before
254715,20240923,1.0173,1.25,96,before
254716,20240923,1.0111,1.15,97,before
254717,20240923,1.0259,1.2,100,before
254718,20240923,1.0693,1.22,98,before
254719,20240923,1.316,1.24,107,before
254720,20240923,1.3471,1.36,103,before
254721,20240923,1.4353,1.3,97,before
254722,20240923,1.5099,1.23,98,before
254723,20240923,1.6367,1.26,93,before
254724,20240923,1.4695,1.14,105,before
254725,20240923,1.6112,1.2,96,before
254726,20240923,1.4609,1.31,98,before
254727,20240923,1.4515,1.23,96,before
254729,20240923,1.6277,1.24,99,before
254850,20240924,1.7301,1.33,195,before
254851,20240924,1.5386,1.23,96,before
254852,20240924,1.4615,,96,before
254853,20240924,1.4277,,97,before
254854,20240924,1.4778,1.46,97,before
254856,20240924,1.3961,1.42,96,before
254857,20240924,1.3777,,95,before
254858,20240924,1.3828,1.13,95,before
254859,20240924,1.3711,,95,before
254860,20240924,1.3765,1.23,96,before
254861,20240924,1.3892,,95,before
254862,20240924,1.3792,1.13,96,before
254863,20240924,1.4056,,96,before
254864,20240924,1.4469,1.33,95,before
254867,20240924,1.5065,1.33,96,before
254868,20240924,1.556,,94,before
254869,20240924,1.6027,,95,before
254870,20240924,1.4854,1.2,95,before
254871,20240924,1.5275,,95,before
254872,20240924,1.5317,1.08,95,before
254873,20240924,1.5719,,92,before
254874,20240924,1.4516,1.05,95,before
254875,20240924,1.5026,,94,before
254876,20240924,1.8519,1.16,99,before
254997,20240925,1.1589,1.51,73,before
255000,20240925,1.0825,1.54,100,before
255001,20240925,1.0799,,99,before
255002,20240925,1.069,1.25,97,before
255003,20240925,1.0751,,95,before
255004,20240925,1.0177,1.17,97,before
255005,20240925,1.0241,,94,before
255006,20240925,1.4199,1.09,95,before
255007,20240925,1.4358,,93,before
255008,20240925,1.5482,1.26,95,before
255009,20240925,1.5666,,94,before
255010,20240925,1.5993,,94,before
255011,20240925,1.0603,1.1,95,before
255012,20240925,1.0523,1.13,97,before
255013,20240925,1.0897,,95,before
255014,20240925,1.0978,1.13,100,before
255015,20240925,1.129,,100,before
255016,20240925,1.4718,1.46,96,before
255017,20240925,1.5274,,96,before
255018,20240925,1.6516,1.14,95,before
255163,20240926,1.2017,1.5,128,before
255165,20240926,1.1129,1.34,99,before
255166,20240926,1.088,,99,before
255167,20240926,1.4894,1.24,98,before
255169,20240926,1.1407,1.61,118,before
255171,20240926,1.4498,1.76,148,before
255172,20240926,1.3751,1.36,95,before
255173,20240926,1.3666,,94,before
255174,20240926,2.3156,1.32,95,before
255176,20240926,1.0402,0.98,96,before
255177,20240926,1.0484,0.89,97,before
255178,20240926,1.0487,0.99,94,before
255179,20240926,1.0596,1.19,96,before
255180,20240926,1.0394,1.15,99,before
255181,20240926,1.0309,1.05,97,before
255182,20240926,1.0459,,94,before
255183,20240926,1.0431,1.14,100,before
255184,20240926,1.0547,1.08,97,before
255185,20240926,1.0812,,95,before
255186,20240926,1.0997,1.33,104,before
255187,20240926,1.0916,1.44,99,before
255188,20240926,1.0861,1.25,95,before
255189,20240926,1.5203,1.36,97,before
255190,20240926,1.5494,,96,before
255191,20240926,1.3144,1.4,93,before
255360,20240927,1.6397,1.56,199,before
255361,20240927,1.5457,,196,before
255362,20240927,1.5808,1.72,206,before
255363,20240927,1.6019,2.53,194,before
255364,20240927,1.5203,,189,before
255365,20240927,1.1328,1.78,106,before
255366,20240927,1.1134,1.73,107,before
255367,20240927,1.4423,1.49,146,before
255370,20240927,1.0641,1.2,99,before
255371,20240927,1.0648,,97,before
255372,20240927,1.0106,1.06,96,before
255374,20240927,1.019,0.96,96,before
255375,20240927,1.0395,,94,before
255376,20240927,1.0396,1.43,98,before
255377,20240927,1.0597,,94,before
255378,20240927,1.0233,1.34,98,before
255379,20240927,1.04,,95,before
255380,20240927,1.0552,1.37,97,before
255381,20240927,1.0409,1.07,97,before
255382,20240927,1.047,1.04,99,before
255383,20240927,1.0699,,98,before
255384,20240927,1.3482,1.13,100,before
255385,20240927,1.352,1.14,98,before
255386,20240927,1.3292,,96,before
255387,20240927,1.2943,0.93,96,before
255388,20240927,1.3113,0.93,96,before
255389,20240927,1.8277,1.02,109,before
255591,20240928,1.8544,1.24,149,before
255592,20240928,1.3479,1.1,104,before
255593,20240928,1.305,,103,before
255594,20240928,1.4927,1.4,99,before
255595,20240928,1.3836,1.22,97,before
255596,20240928,1.3545,,95,before
255597,20240928,1.4079,1.12,92,before
255598,20240928,1.3998,,91,before
255599,20240928,1.4121,1.19,96,before
255600,20240928,1.4134,,96,before
255601,20240928,1.3582,1.07,94,before
255602,20240928,1.3711,,93,before
255603,20240928,1.4043,1.04,98,before
255604,20240928,1.4271,,97,before
255605,20240928,1.3947,1.11,97,before
255606,20240928,1.4333,,93,before
255607,20240928,1.461,1.12,97,before
255608,20240928,1.48,,95,before
255609,20240928,1.5055,1.3,97,before
255610,20240928,1.5472,,96,before
255611,20240928,1.5261,1.0,98,before
255612,20240928,1.5825,1.08,97,before
255613,20240928,1.6338,,96,before
255614,20240928,1.4549,1.36,98,before
255615,20240928,1.4901,,96,before
255616,20240928,1.7611,1.23,99,before
255617,20240928,1.8806,,99,before
255720,20240929,1.7202,1.16,234,before
255721,20240929,1.3873,1.41,98,before
255722,20240929,1.3517,,97,before
255723,20240929,1.2347,1.38,145,before
255724,20240929,1.3483,1.25,100,before
255725,20240929,1.3293,,98,before
255726,20240929,1.0517,0.98,95,before
255727,20240929,1.0577,0.96,97,before
255728,20240929,1.0441,0.97,96,before
255729,20240929,1.0432,1.08,95,before
255730,20240929,1.0515,,94,before
255731,20240929,1.0068,0.84,94,before
255732,20240929,1.0405,0.81,95,before
255733,20240929,1.0476,0.82,99,before
255734,20240929,1.0507,0.79,96,before
255735,20240929,1.0467,0.77,97,before
255736,20240929,1.0331,0.77,97,before
255737,20240929,1.0283,0.79,98,before
255738,20240929,1.0251,0.79,96,before
255739,20240929,1.0221,0.79,96,before
255740,20240929,1.0254,0.75,98,before
255741,20240929,1.0248,0.88,96,before
255742,20240929,1.0369,0.83,99,before
255743,20240929,1.0436,0.76,96,before
255744,20240929,1.081,0.96,98,before
255745,20240929,1.6091,1.03,97,before
255746,20240929,1.6997,1.17,94,before
255747,20240929,1.2036,0.87,94,before
255748,20240929,1.3125,0.8,95,before
255851,20240930,1.5258,1.19,218,before
255852,20240930,1.2381,1.03,166,before
255853,20240930,1.376,1.1,99,before
255854,20240930,1.3429,1.1,98,before
255855,20240930,1.3132,,95,before
255856,20240930,1.3711,0.96,96,before
255857,20240930,1.3388,0.94,96,before
255859,20240930,1.4059,1.26,100,before
255860,20240930,1.4053,,100,before
255863,20240930,1.429,1.19,97,before
255864,20240930,1.4443,,95,before
255865,20240930,1.413,1.06,94,before
255866,20240930,1.4378,1.32,98,before
255867,20240930,1.0753,1.34,93,before
255868,20240930,1.0991,,93,before
255869,20240930,1.0435,0.89,98,before
255873,20240930,1.3691,0.95,97,before
255874,20240930,1.5306,0.99,95,before
255880,20240930,1.4395,0.97,98,before
255881,20240930,1.5171,0.92,97,before
255882,20240930,1.674,0.91,94,before
255883,20240930,1.2073,0.87,88,before
255884,20240930,1.1485,0.91,96,before
255885,20240930,1.3861,1.08,96,before
256133,20241002,1.5864,1.11,204,before
256134,20241002,1.4332,0.96,98,before
256135,20241002,1.397,,95,before
256136,20241002,1.3499,0.95,99,before
256137,20241002,1.3289,,99,before
256138,20241002,1.4376,0.96,99,before
256139,20241002,1.3906,0.93,98,before
256140,20241002,1.3349,0.86,100,before
256141,20241002,1.3478,1.0,97,before
256142,20241002,1.366,0.91,97,before
256143,20241002,1.4104,0.97,97,before
256144,20241002,1.0555,0.89,98,before
256145,20241002,1.0351,0.77,97,before
256146,20241002,1.0437,0.8,97,before
256147,20241002,1.0334,0.83,97,before
256148,20241002,1.042,0.78,95,before
256149,20241002,1.0345,0.83,95,before
256150,20241002,1.0337,0.83,98,before
256151,20241002,1.0348,0.82,98,before
256152,20241002,1.0343,0.94,98,before
256153,20241002,1.0585,0.79,98,before
256154,20241002,1.0654,0.79,100,before
256155,20241002,1.6136,1.01,95,before
256156,20241002,1.1443,0.81,98,before
256157,20241002,1.1783,0.84,94,before
256158,20241002,1.1834,0.76,97,before
256159,20241002,1.1657,0.77,96,before
256261,20241003,1.5105,0.89,218,before
256262,20241003,1.4695,0.91,99,before
256264,20241003,1.4217,0.97,93,before
256265,20241003,1.3987,,93,before
256266,20241003,1.052,0.91,97,before
256267,20241003,1.0702,1.11,98,before
256268,20241003,1.0719,1.1,96,before
256269,20241003,1.0564,0.88,96,before
256270,20241003,1.0342,0.94,97,before
256271,20241003,1.0222,0.89,95,before
256272,20241003,1.027,0.82,99,before
256273,20241003,1.0299,0.89,97,before
256274,20241003,1.0259,0.88,99,before
256275,20241003,1.0216,0.9,94,before
256276,20241003,1.029,0.96,98,before
256277,20241003,1.0261,0.89,96,before
256278,20241003,1.036,0.84,97,before
256279,20241003,1.0341,0.8,95,before
256280,20241003,1.0351,0.88,97,before
256281,20241003,1.0435,0.91,97,before
256282,20241003,1.6629,1.08,100,before
256283,20241003,1.7449,,98,before
256284,20241003,1.299,0.8,96,before
256285,20241003,1.2176,0.88,93,before
256286,20241003,1.1906,0.79,95,before
256287,20241003,1.1884,0.8,99,before
256288,20241003,1.4152,0.86,102,before
256389,20241004,1.4265,1.99,230,before
256390,20241004,1.3303,1.43,155,before
256391,20241004,1.4044,1.31,99,before
256392,20241004,1.3576,1.19,92,before
256393,20241004,1.3395,,90,before
256394,20241004,1.3817,1.01,98,before
256395,20241004,1.3971,1.05,97,before
256396,20241004,1.3934,,96,before
256397,20241004,1.3671,1.31,92,before
256398,20241004,1.3694,,91,before
256399,20241004,1.4452,1.35,100,before
256400,20241004,1.4661,,97,before
256401,20241004,1.4334,0.99,97,before
256402,20241004,1.4649,,93,before
256403,20241004,1.5301,1.21,99,before
256404,20241004,1.5531,,95,before
256405,20241004,1.5528,1.13,94,before
256406,20241004,1.4572,0.94,96,before
256407,20241004,1.567,1.0,97,before
256408,20241004,1.5949,0.99,97,before
256409,20241004,1.5557,0.99,98,before
256410,20241004,1.4479,0.92,97,before
256411,20241004,1.6296,0.96,95,before
256412,20241004,1.7466,,95,before
256413,20241004,1.2136,0.98,97,before
256414,20241004,1.1859,1.03,97,before
256516,20241005,1.242,0.98,154,before
256517,20241005,1.3484,1.0,96,before
256518,20241005,1.3244,,93,before
256519,20241005,1.4416,1.16,94,before
256520,20241005,1.4181,,94,before
256521,20241005,1.3818,1.04,97,before
256522,20241005,1.079,0.93,96,before
256523,20241005,1.0645,0.84,96,before
256524,20241005,1.0508,1.04,97,before
256525,20241005,1.0336,1.0,92,before
256526,20241005,1.0532,1.02,97,before
256527,20241005,1.022,1.07,96,before
256528,20241005,1.0386,,95,before
256529,20241005,1.0387,0.95,96,before
256530,20241005,1.0284,0.98,98,before
256531,20241005,1.0196,1.2,98,before
256532,20241005,1.0423,0.94,94,before
256533,20241005,1.0524,1.06,96,before
256534,20241005,1.0645,0.97,97,before
256535,20241005,1.0527,0.98,99,before
256536,20241005,1.0794,0.97,97,before
256537,20241005,1.5609,1.48,94,before
256538,20241005,1.6398,,96,before
256539,20241005,1.7165,,95,before
256541,20241005,1.1986,1.08,94,before
256542,20241005,1.1819,1.36,98,before
256645,20241006,1.4593,1.24,139,before
256646,20241006,1.3324,1.26,96,before
256647,20241006,1.2929,,92,before
256648,20241006,1.2767,,93,before
256649,20241006,1.0574,0.92,96,before
256650,20241006,1.0543,,96,before
256651,20241006,1.0609,0.94,97,before
256652,20241006,1.053,1.0,97,before
256653,20241006,1.0453,0.91,95,before
256654,20241006,1.0333,0.91,98,before
256655,20241006,1.0154,0.82,99,before
256656,20241006,1.038,0.79,97,before
256657,20241006,1.0337,0.91,95,before
256658,20241006,1.0521,0.89,96,before
256659,20241006,1.0331,1.0,97,before
256660,20241006,1.0347,1.06,96,before
256661,20241006,1.0319,0.93,98,before
256662,20241006,1.0147,0.93,97,before
256663,20241006,1.0161,0.88,100,before
256664,20241006,1.0299,0.98,99,before
256665,20241006,1.5646,1.07,97,before
256666,20241006,1.4992,1.05,94,before
256667,20241006,1.3399,0.93,91,before
256668,20241006,1.2349,0.9,97,before
256669,20241006,1.2412,0.77,94,before
256670,20241006,1.2087,0.84,96,before
256671,20241006,1.2709,0.84,95,before
256672,20241006,1.2005,0.85,94,before
256674,20241006,1.1757,0.93,106,before
256803,20241007,1.3416,1.45,223,before
256804,20241007,1.4678,1.21,135,before
256805,20241007,1.3498,1.13,95,before
256806,20241007,1.3196,,91,before
256807,20241007,1.364,1.05,98,before
256808,20241007,1.4189,0.99,95,before
256809,20241007,1.3926,0.94,99,before
256810,20241007,1.3985,0.94,93,before
256811,20241007,1.4103,1.11,100,before
256812,20241007,1.4273,0.94,96,before
256813,20241007,1.0593,0.9,96,before
256814,20241007,1.0534,1.02,95,before
256815,20241007,1.0541,0.85,93,before
256816,20241007,1.0305,0.9,98,before
256818,20241007,1.0295,0.82,96,before
256819,20241007,1.0411,0.87,95,before
256820,20241007,1.027,0.81,97,before
256821,20241007,1.034,0.78,98,before
256822,20241007,1.0309,0.81,98,before
256823,20241007,1.0607,0.87,97,before
256824,20241007,1.6302,0.99,98,before
256825,20241007,1.5426,0.92,97,before
256826,20241007,1.7469,0.96,95,before
256828,20241007,1.1904,0.95,97,before
256829,20241007,1.1886,1.1,104,before
257540,20241011,1.2705,1.03,169,before
257541,20241011,1.2418,0.99,156,before
257542,20241011,1.2199,1.21,127,before
257543,20241011,1.1258,1.07,141,before
257544,20241011,1.1662,1.2,106,before
257545,20241011,1.1562,1.16,100,before
257546,20241011,1.1182,1.55,101,before
257547,20241011,1.1274,1.23,113,before
257548,20241011,1.0969,1.21,104,before
257549,20241011,1.1085,1.13,105,before
257550,20241011,1.0302,0.96,101,before
257551,20241011,1.036,0.97,99,before
257552,20241011,1.0234,0.87,98,before
257553,20241011,1.0335,,98,before
257554,20241011,1.025,0.76,96,before
257555,20241011,1.0394,,92,before
257556,20241011,1.0403,0.85,94,before
257557,20241011,1.4445,1.12,98,before
257558,20241011,1.4663,1.0,98,before
257559,20241011,1.4996,1.13,94,before
257560,20241011,1.5286,0.93,96,before
257561,20241011,1.5762,,94,before
257562,20241011,1.5862,0.97,100,before
257563,20241011,1.5218,0.92,96,before
257564,20241011,1.5183,0.95,99,before
257566,20241011,1.175,0.77,99,before
257568,20241011,1.2045,0.85,96,before
257569,20241011,1.1939,0.84,95,before
257570,20241011,1.1516,0.81,96,before
257571,20241011,1.1402,0.81,94,before
257673,20241012,1.3118,1.31,109,before
257674,20241012,1.2424,,105,before
257675,20241012,1.2365,1.33,112,before
257676,20241012,1.1953,0.96,104,before
257677,20241012,1.1535,0.99,110,before
257682,20241012,1.0442,0.94,101,before
257683,20241012,1.0628,0.95,109,before
257684,20241012,1.0661,1.0,98,before
257685,20241012,1.0685,0.99,99,before
257686,20241012,1.0696,1.11,102,before
257687,20241012,1.018,1.3,100,before
257688,20241012,1.0163,0.92,94,before
257689,20241012,1.0078,1.0,98,before
257690,20241012,1.0127,0.85,98,before
257691,20241012,1.4676,1.05,105,before
257692,20241012,1.3358,1.11,123,before
257693,20241012,1.4197,0.95,98,before
257694,20241012,1.0561,0.86,99,before
257695,20241012,1.0481,0.81,98,before
257696,20241012,1.0411,0.8,96,before
257697,20241012,1.0649,,94,before
257698,20241012,1.6491,1.19,93,before
257699,20241012,1.3158,0.9,94,before
257700,20241012,1.3019,0.85,85,before
257701,20241012,1.2694,,85,before
257702,20241012,1.21,0.97,97,before
257703,20241012,1.1719,0.83,89,before
257704,20241012,1.2567,1.0,96,before
257705,20241012,1.2074,0.96,94,before
257706,20241012,1.1892,1.02,96,before
257707,20241012,1.1687,0.95,98,before
257822,20241013,1.4422,,98,before
257834,20241013,1.0331,0.97,97,before
257835,20241013,1.0425,1.0,98,before
257836,20241013,1.014,0.81,94,before
257837,20241013,1.0173,0.91,95,before
257838,20241013,1.003,0.88,105,before
257839,20241013,1.0123,0.99,95,before
257840,20241013,1.0616,0.98,99,before
257841,20241013,1.0846,,96,before
257842,20241013,1.0997,1.31,96,before
257843,20241013,1.1254,,94,before
257844,20241013,1.1155,0.94,97,before
257845,20241013,1.5795,1.26,97,before
257846,20241013,1.3723,1.23,93,before
257847,20241013,1.2386,0.94,93,before
257848,20241013,1.2649,1.11,90,before
257849,20241013,1.2225,0.98,96,before
257850,20241013,1.151,1.2,95,before
257851,20241013,1.1439,0.93,99,before
257968,20241014,1.1823,1.12,137,before
257969,20241014,1.3958,1.54,98,before
257970,20241014,1.4237,,96,before
257971,20241014,1.3691,1.37,154,before
257972,20241014,1.4599,,152,before
257973,20241014,1.7779,1.34,223,before
257974,20241014,1.6548,0.97,106,before
257976,20241014,1.3909,1.15,95,before
257977,20241014,1.3104,,94,before
257978,20241014,1.3707,1.2,89,before
257979,20241014,1.2716,,88,before
257980,20241014,1.2092,,88,before
257981,20241014,1.1347,1.01,99,before
257983,20241014,1.0699,1.09,97,before
257984,20241014,1.0516,0.97,97,before
257985,20241014,1.0362,1.32,99,before
257986,20241014,1.0224,,99,before
257988,20241014,1.0276,0.98,96,before
257989,20241014,1.067,1.12,101,before
257990,20241014,1.2396,0.99,102,before
257991,20241014,1.3193,1.14,108,before
257992,20241014,1.3548,,108,before
257993,20241014,1.4908,1.29,122,before
257994,20241014,1.5299,1.2,100,before
257995,20241014,1.4607,1.26,111,before
257996,20241014,1.2407,1.28,99,before
257997,20241014,1.2162,1.31,98,before
257998,20241014,1.1289,1.2,98,before
258104,20241015,1.1421,1.0,197,before
258113,20241015,1.649,0.9,88,before
258119,20241015,1.626,,97,before
258120,20241015,1.4113,0.89,105,before
258121,20241015,1.371,,103,before
258122,20241015,1.6599,1.43,99,before
258123,20241015,1.6674,,95,before
258133,20241015,1.319,1.17,101,before
258134,20241015,1.3961,,100,before
258135,20241015,1.4925,,100,before
258138,20241015,1.2032,1.57,97,before
258139,20241015,1.155,1.16,99,before
258140,20241015,1.1469,1.17,96,before
258962,20241020,1.1626,1.12,99,before
258963,20241020,1.055,0.92,97,before
258964,20241020,1.0729,0.99,97,before
258965,20241020,1.4198,1.27,147,before
258966,20241020,1.0432,0.86,98,before
258967,20241020,1.0595,1.35,101,before
258968,20241020,1.0193,1.14,102,before
258969,20241020,1.3633,1.2,128,before
258970,20241020,1.3864,1.1,96,before
258971,20241020,1.4085,,97,before
258972,20241020,1.4585,,96,before
258973,20241020,1.3406,1.09,107,before
258974,20241020,1.4726,0.98,97,before
258975,20241020,1.503,,94,before
258976,20241020,1.5594,,94,before
258977,20241020,1.504,1.11,104,before
258978,20241020,1.4814,0.99,99,before
258983,20241020,1.7796,0.95,117,before
258988,20241020,1.1611,1.22,116,before
259075,20241021,1.5033,1.1,175,before
259076,20241021,1.4217,1.01,98,before
259077,20241021,1.3955,,98,before
259078,20241021,1.4045,1.07,98,before
259079,20241021,1.391,,97,before
259080,20241021,1.0729,0.89,95,before
259081,20241021,1.0536,0.86,101,before
259083,20241021,1.0394,0.87,98,before
259084,20241021,1.0717,0.85,101,before
259085,20241021,1.0862,,100,before
259086,20241021,1.021,0.93,98,before
259087,20241021,1.0332,,96,before
259088,20241021,1.0355,1.03,95,before
259089,20241021,1.0453,,92,before
259090,20241021,1.0138,0.83,99,before
259091,20241021,1.0291,,99,before
259092,20241021,1.4742,0.98,99,before
259093,20241021,1.5283,,97,before
259094,20241021,1.6109,1.01,98,before
259095,20241021,1.729,,93,before
259096,20241021,1.6012,0.98,99,before
259097,20241021,1.6604,,98,before
259098,20241021,1.6351,0.84,94,before
259099,20241021,1.573,,94,before
259100,20241021,1.5085,0.86,94,before
259101,20241021,1.4492,,93,before
259102,20241021,1.4153,,92,before
259208,20241022,1.234,0.93,132,before
259209,20241022,1.161,1.05,154,before
259210,20241022,1.0783,0.87,98,before
259211,20241022,1.0885,0.82,99,before
259212,20241022,1.0373,0.88,93,before
259213,20241022,1.0416,0.85,96,before
259214,20241022,1.0358,0.84,99,before
259216,20241022,1.0257,0.87,98,before
259217,20241022,1.0293,0.91,95,before
259218,20241022,1.018,0.92,99,before
259219,20241022,1.0085,0.95,98,before
259220,20241022,1.0121,1.05,99,before
259221,20241022,1.025,,99,before
259222,20241022,1.0305,1.05,97,before
259223,20241022,1.0504,,96,before
259224,20241022,1.5881,1.23,93,before
259225,20241022,1.6632,,91,before
259226,20241022,1.7263,,93,before
259227,20241022,1.2144,0.96,98,before
259228,20241022,1.2895,,96,before
259230,20241022,1.5861,1.06,99,before
259231,20241022,1.6269,,98,before
259232,20241022,1.6997,,97,before
259233,20241022,1.6046,0.94,98,before
259234,20241022,1.654,,97,before
259235,20241022,1.7266,,98,before
259236,20241022,1.5502,0.98,91,before
259337,20241023,1.245,1.36,131,before
259338,20241023,1.0902,1.07,101,before
259339,20241023,1.0813,,99,before
259340,20241023,1.0667,0.95,100,before
259341,20241023,1.04,0.86,97,before
259342,20241023,1.0385,0.83,99,before
259344,20241023,1.0284,0.82,97,before
259345,20241023,1.0216,0.81,99,before
259346,20241023,1.018,0.81,98,before
259347,20241023,1.0243,0.87,99,before
259348,20241023,1.023,0.9,99,before
259349,20241023,1.0269,0.91,99,before
259350,20241023,1.0389,0.83,97,before
259351,20241023,1.0529,0.85,99,before
259352,20241023,1.0303,0.84,98,before
259353,20241023,1.0347,0.88,95,before
259354,20241023,1.5517,1.01,93,before
259355,20241023,1.5997,,94,before
259356,20241023,1.7283,0.97,96,before
259357,20241023,1.8317,,90,before
259359,20241023,1.6406,0.91,96,before
259360,20241023,1.5972,,94,before
259362,20241023,1.6219,0.91,97,before
259363,20241023,1.6691,,96,before
259364,20241023,1.6096,0.94,96,before
259365,20241023,1.6568,,93,before
259366,20241023,1.4927,0.89,90,before
259367,20241023,1.4622,,82,before
259369,20241023,1.3591,0.84,99,before
259484,20241024,1.2397,1.0,159,before
259485,20241024,1.4165,1.0,159,before
259486,20241024,1.4216,1.54,96,before
259487,20241024,1.396,,98,before
259488,20241024,1.4393,0.96,98,before
259490,20241024,1.4226,1.05,100,before
259491,20241024,1.4212,,97,before
259493,20241024,1.3769,1.16,95,before
259494,20241024,1.3824,,94,before
259495,20241024,1.0134,0.8,99,before
259496,20241024,1.0174,0.91,96,before
259498,20241024,1.4332,1.09,97,before
259499,20241024,1.4947,1.05,98,before
259500,20241024,1.5834,0.96,93,before
259501,20241024,1.0883,0.89,97,before
259502,20241024,1.1684,0.87,95,before
259503,20241024,1.2201,,93,before
259504,20241024,1.4533,0.94,100,before
259505,20241024,1.3992,,97,before
259506,20241024,1.3614,,96,before
259507,20241024,1.4285,0.92,93,before
259508,20241024,1.3993,,90,before
259509,20241024,1.3347,0.83,98,before
259510,20241024,1.3772,0.86,97,before
259511,20241024,1.4769,0.83,97,before
259512,20241024,1.551,0.93,96,before
259513,20241024,1.4112,0.8,87,before
259514,20241024,1.3834,,84,before
259515,20241024,1.4025,0.86,88,before
259516,20241024,1.235,0.87,97,before
259617,20241025,1.5922,1.43,186,before
259618,20241025,1.0981,1.51,98,before
259619,20241025,1.0503,0.98,97,before
259620,20241025,1.0466,,96,before
259621,20241025,1.0384,0.96,97,before
259622,20241025,1.0244,0.91,98,before
259625,20241025,1.0091,1.15,92,before
259626,20241025,1.0121,,89,before
259627,20241025,1.0034,0.91,96,before
259628,20241025,1.0229,0.82,98,before
259629,20241025,1.0096,0.84,98,before
259632,20241025,1.177,0.83,96,before
259633,20241025,1.2743,0.86,97,before
259634,20241025,1.604,0.99,95,before
259635,20241025,1.649,1.03,96,before
259636,20241025,1.5054,0.93,97,before
259637,20241025,1.4236,,95,before
259638,20241025,1.3876,0.97,90,before
259639,20241025,1.3311,,87,before
259640,20241025,1.3606,0.95,92,before
259641,20241025,1.3104,0.86,87,before
259642,20241025,1.2709,,83,before
259643,20241025,1.2974,0.86,93,before
259644,20241025,1.2619,,86,before
259645,20241025,1.2879,0.81,89,before
259646,20241025,1.2606,,86,before
259647,20241025,1.2749,0.83,66,before
259648,20241025,1.2485,,65,before
259650,20241025,1.1989,0.85,95,before
259651,20241025,1.194,0.83,97,before
259792,20241026,1.2424,1.26,125,before
259793,20241026,1.0516,1.47,99,before
259794,20241026,1.0351,,97,before
259795,20241026,1.0316,,95,before
259796,20241026,1.0117,1.15,96,before
259797,20241026,1.016,0.97,98,before
259798,20241026,1.0215,0.97,95,before
259799,20241026,1.0574,0.93,97,before
259800,20241026,1.128,0.93,95,before
259801,20241026,1.7003,1.23,96,before
259802,20241026,1.682,,93,before
259803,20241026,1.7,1.33,98,before
259804,20241026,1.7065,,98,before
259805,20241026,1.742,1.14,99,before
259806,20241026,1.776,,99,before
259807,20241026,1.5246,1.05,96,before
259808,20241026,1.5119,1.03,89,before
259809,20241026,1.419,,87,before
259810,20241026,1.3484,,83,before
259811,20241026,1.4467,1.12,98,before
259812,20241026,1.391,,97,before
259813,20241026,1.356,,96,before
259814,20241026,1.292,0.94,98,before
259815,20241026,1.2515,,96,before
259816,20241026,1.209,0.84,100,before
259817,20241026,1.1702,,96,before
259818,20241026,1.1908,0.89,96,before
259819,20241026,1.1502,,95,before
259820,20241026,1.1906,0.89,98,before
259821,20241026,1.1607,,99,before
259822,20241026,1.1233,0.86,95,before
259986,20241027,1.4121,0.88,153,before
259987,20241027,1.5779,0.98,188,before
259988,20241027,1.4229,0.9,99,before
259989,20241027,1.4211,1.28,98,before
259990,20241027,1.3836,0.9,94,before
259993,20241027,1.0668,1.23,98,before
259994,20241027,1.0383,2.13,108,before
259995,20241027,1.0503,,108,before
259996,20241027,1.0159,1.29,100,before
259997,20241027,1.011,1.15,99,before
259998,20241027,1.0211,1.35,100,before
259999,20241027,1.0485,0.95,98,before
260000,20241027,1.1642,0.95,97,before
260001,20241027,1.1938,0.75,100,before
260002,20241027,1.4416,0.8,98,before
260003,20241027,1.4802,1.08,94,before
260004,20241027,1.3117,0.85,97,before
260005,20241027,1.3224,0.78,92,before
260006,20241027,1.2704,0.81,97,before
260007,20241027,1.2748,0.88,95,before
260008,20241027,1.23,0.82,97,before
260009,20241027,1.2019,0.8,99,before
260010,20241027,1.1719,1.13,99,before
260011,20241027,1.1489,0.82,96,before
260012,20241027,1.122,0.87,97,before
260013,20241027,1.1478,0.85,98,before
260014,20241027,1.0803,0.87,99,before
260116,20241028,1.2809,1.14,127,before
260117,20241028,1.0742,1.04,93,before
260118,20241028,1.0723,,90,before
260119,20241028,1.0561,1.13,94,before
260120,20241028,1.0572,,94,before
260121,20241028,1.0452,1.1,91,before
260122,20241028,1.0159,1.33,98,before
260123,20241028,1.0315,,94,before
260124,20241028,1.0078,1.07,98,before
260125,20241028,1.022,,97,before
260126,20241028,1.0358,1.68,100,before
260127,20241028,1.0735,1.55,95,before
260128,20241028,1.0419,1.47,108,before
260286,20241029,1.2914,2.33,134,before
260287,20241029,1.2252,,133,before
260288,20241029,1.3302,1.76,175,before
260289,20241029,1.2896,,174,before
260290,20241029,1.2523,2.05,149,before
260291,20241029,1.2404,1.93,161,before
260292,20241029,1.2386,1.6,131,before
260293,20241029,1.4036,1.88,142,before
260294,20241029,1.3168,1.7,108,before
260295,20241029,1.3807,1.53,129,before
260296,20241029,1.4542,1.62,120,before
260297,20241029,1.4528,1.66,105,before
260298,20241029,1.5525,2.34,83,before
260299,20241029,1.5886,,83,before
260300,20241029,1.4201,1.93,114,before
260301,20241029,1.4431,,109,before
260302,20241029,1.4467,1.67,107,before
260303,20241029,1.4204,1.67,102,before
260304,20241029,1.5447,1.88,101,before
260305,20241029,1.4803,1.47,116,before
260306,20241029,1.535,,114,before
260309,20241029,1.2874,1.78,97,before
260310,20241029,1.2985,1.63,110,before
260311,20241029,1.3863,1.75,109,before
260312,20241029,1.1712,1.57,94,before
260313,20241029,1.1423,1.64,98,before
260314,20241029,1.1058,,97,before
260315,20241029,1.1013,1.33,111,before
260316,20241029,1.0893,1.39,95,before
260317,20241029,1.0904,1.39,113,before
260318,20241029,1.0348,1.37,95,before
260420,20241030,1.2281,0.96,119,before
260421,20241030,1.1492,0.95,115,before
260422,20241030,1.0759,0.92,99,before
260423,20241030,1.0695,,97,before
260424,20241030,1.0501,1.05,96,before
260425,20241030,1.036,0.96,99,before
260426,20241030,1.0391,0.87,95,before
260427,20241030,1.0335,0.89,100,before
260428,20241030,1.0273,0.81,96,before
260429,20241030,1.0179,0.81,97,before
260430,20241030,1.0029,0.83,97,before
260431,20241030,1.0186,0.94,98,before
260435,20241030,1.4566,0.94,99,before
260436,20241030,1.5863,0.99,99,before
260437,20241030,1.5472,0.97,97,before
260438,20241030,1.6019,0.96,96,before
260439,20241030,1.1631,0.88,98,before
260440,20241030,1.5424,0.92,98,before
260441,20241030,1.4031,0.9,95,before
260442,20241030,1.3465,0.9,96,before
260443,20241030,1.2371,0.88,96,before
260444,20241030,1.2485,1.01,92,before
260445,20241030,1.2365,1.03,95,before
260446,20241030,1.2004,1.1,93,before
260447,20241030,1.1902,0.97,98,before
260448,20241030,1.1236,1.08,93,before
260449,20241030,1.1422,1.05,96,before
260450,20241030,1.1401,0.99,97,before
260451,20241030,1.0324,0.87,98,before
260452,20241030,1.0285,0.95,111,before
260554,20241031,1.312,1.06,146,before
260555,20241031,1.3814,1.06,102,before
260556,20241031,1.3644,,101,before
260557,20241031,1.4229,1.16,98,before
260558,20241031,1.4167,,95,before
260559,20241031,1.0237,0.84,98,before
260560,20241031,1.0182,0.84,96,before
260561,20241031,1.015,0.85,97,before
260562,20241031,1.0152,0.91,98,before
260563,20241031,1.0287,,97,before
260564,20241031,1.0043,1.09,97,before
260565,20241031,1.0135,,95,before
260567,20241031,1.4781,1.05,97,before
260568,20241031,1.6115,0.99,98,before
260569,20241031,1.1193,0.87,97,before
260570,20241031,1.477,1.12,98,before
260571,20241031,1.3871,,97,before
260572,20241031,1.3258,,97,before
260573,20241031,1.5005,1.09,95,before
260582,20241031,1.2054,0.89,97,before
260583,20241031,1.2135,0.94,97,before
260584,20241031,1.1957,0.88,96,before
260585,20241031,1.1585,0.8,98,before
260586,20241031,1.1608,0.8,95,before
260587,20241031,1.1284,,93,before
260588,20241031,1.1481,0.8,98,before
260589,20241031,1.11,,95,before
260590,20241031,1.151,0.79,96,before
260591,20241031,1.0943,0.76,98,before
260698,20241101,1.2456,1.08,122,before
260699,20241101,1.0731,1.25,99,before
260700,20241101,1.0654,,97,before
260701,20241101,1.0145,0.8,98,before
260702,20241101,1.0203,1.03,96,before
260703,20241101,1.0055,0.87,98,before
260704,20241101,1.0122,0.81,95,before
260705,20241101,1.0301,0.8,95,before
260706,20241101,1.0149,0.79,98,before
260707,20241101,1.0077,0.81,97,before
260712,20241101,1.4482,1.0,95,before
260713,20241101,1.5636,1.03,99,before
260714,20241101,1.6066,0.98,98,before
260716,20241101,1.5831,1.36,99,before
260717,20241101,1.6404,,98,before
260718,20241101,1.5645,1.09,96,before
260719,20241101,1.4337,0.97,91,before
260720,20241101,1.3611,1.07,97,before
260721,20241101,1.3222,,95,before
260722,20241101,1.2881,1.39,99,before
260723,20241101,1.2491,,98,before
260724,20241101,1.2472,1.08,93,before
260725,20241101,1.2661,1.13,72,before
260726,20241101,1.1605,0.85,97,before
260727,20241101,1.1459,0.95,98,before
260728,20241101,1.1195,0.95,98,before
260729,20241101,1.168,1.0,96,before
260730,20241101,1.1189,0.93,96,before
260731,20241101,1.1168,0.8,99,before
260732,20241101,1.0231,0.93,107,before
260733,20241101,1.0251,1.08,96,before
260947,20241102,1.006,1.49,101,before
260948,20241102,1.0457,1.26,100,before
260949,20241102,1.028,1.61,94,before
260950,20241102,1.0741,1.48,98,before
260951,20241102,1.0635,1.51,95,before
260952,20241102,1.0605,1.77,98,before
261218,20241103,1.1655,2.69,104,before
261219,20241103,1.22,,104,before
261225,20241103,1.1665,2.52,115,before
261226,20241103,1.1194,,113,before
261227,20241103,1.0992,2.19,97,before
261228,20241103,1.0834,2.06,100,before
261229,20241103,1.0341,2.32,97,before
261336,20241104,1.3013,2.02,143,before
261337,20241104,1.2265,1.51,143,before
261338,20241104,1.2777,2.25,176,before
261339,20241104,1.2656,,175,before
261340,20241104,1.0961,1.23,107,before
261342,20241104,1.0464,1.07,101,before
261343,20241104,1.4368,1.74,98,before
261344,20241104,1.4605,,98,before
261345,20241104,1.4988,,97,before
261347,20241104,1.0341,0.96,98,before
261348,20241104,1.0296,0.9,98,before
261349,20241104,1.0749,1.25,98,before
261350,20241104,1.2323,1.24,98,before
261351,20241104,1.3119,,95,before
261352,20241104,1.677,1.13,97,before
261353,20241104,1.6193,,96,before
261354,20241104,1.5783,,96,before
261356,20241104,1.4469,1.63,95,before
261357,20241104,1.3982,,93,before
261358,20241104,1.3518,,92,before
261359,20241104,1.3384,1.5,97,before
261440,20241105,1.133,1.28,118,before
261441,20241105,1.05,1.06,99,before
261442,20241105,1.0444,,97,before
261443,20241105,1.0366,1.0,99,before
261444,20241105,1.0383,,98,before
261447,20241105,1.1529,1.09,139,before
261448,20241105,1.0384,1.45,97,before
261449,20241105,1.0572,,93,before
261450,20241105,1.0309,1.31,99,before
261451,20241105,1.0559,,98,before
261452,20241105,1.1017,1.49,97,before
261453,20241105,1.1473,,95,before
261454,20241105,1.7121,1.21,99,before
261457,20241105,1.6013,1.2,98,before
261458,20241105,1.6499,,98,before
261459,20241105,1.5393,1.47,93,before
261460,20241105,1.4665,,94,before
261462,20241105,1.4778,1.3,97,before
261463,20241105,1.4505,1.31,93,before
261464,20241105,1.4103,,95,before
261465,20241105,1.4926,1.19,99,before
261466,20241105,1.4614,,99,before
261467,20241105,1.4417,,95,before
261468,20241105,1.1562,1.39,93,before
261469,20241105,1.1474,1.32,98,before
261470,20241105,1.2042,1.34,98,before
261471,20241105,1.1265,1.38,97,before
261472,20241105,1.0846,1.32,112,before
261473,20241105,1.056,1.23,97,before
261474,20241105,1.0659,1.12,97,before
261475,20241105,1.0545,1.15,97,before
261476,20241105,1.0414,1.32,116,before
261681,20241106,1.0433,2.15,102,before
261684,20241106,1.3937,2.83,112,before
261689,20241106,1.4284,1.92,101,before
261690,20241106,1.4685,,100,before
261691,20241106,1.6243,2.54,100,before
261692,20241106,1.1284,1.85,99,before
261693,20241106,1.1348,1.78,97,before
261694,20241106,1.8013,2.19,94,before
261695,20241106,1.9136,,94,before
261696,20241106,1.6837,2.25,119,before
261697,20241106,1.7685,,119,before
261698,20241106,1.5375,1.59,108,before
261699,20241106,1.158,1.2,97,before
261700,20241106,1.1111,,95,before
261701,20241106,1.1765,1.35,93,before
261702,20241106,1.1287,,91,before
261703,20241106,1.1394,1.49,95,before
261704,20241106,1.0936,,92,before
261821,20241107,1.1775,2.62,147,before
261831,20241107,1.0356,1.46,98,before
261832,20241107,1.4606,2.43,132,before
261834,20241107,1.3832,1.95,112,before
261835,20241107,1.4668,2.3,102,before
261836,20241107,1.4108,1.59,102,before
261837,20241107,1.323,1.55,109,before
261838,20241107,1.5081,1.5,97,before
261839,20241107,1.6113,1.62,98,before
261840,20241107,1.7083,,97,before
261842,20241107,1.0945,1.27,93,before
261843,20241107,1.367,1.0,92,before
261844,20241107,1.4028,1.06,96,before
261845,20241107,1.3522,,94,before
261846,20241107,1.2919,1.08,93,before
261847,20241107,1.2664,0.96,97,before
261848,20241107,1.2348,0.86,98,before
261849,20241107,1.175,0.95,98,before
261850,20241107,1.153,0.9,97,before
261851,20241107,1.2511,1.24,94,before
261852,20241107,1.1943,1.23,96,before
261853,20241107,1.1328,,96,before
261854,20241107,1.0951,,97,before
261855,20241107,1.0513,1.24,115,before
261856,20241107,1.0354,1.19,98,before
261959,20241108,1.097,0.84,115,before
261960,20241108,1.0094,0.88,96,before
261961,20241108,1.0039,,93,before
261962,20241108,1.04,0.9,104,before
261963,20241108,1.0049,1.0,97,before
261964,20241108,1.0077,,98,before
261966,20241108,1.0077,0.97,98,before
261967,20241108,1.0148,,97,before
261968,20241108,1.0456,1.03,98,before
261970,20241108,1.0204,1.12,98,before
261971,20241108,1.0388,,96,before
261972,20241108,1.0378,0.93,97,before
261973,20241108,1.5414,1.15,99,before
261974,20241108,1.2535,1.01,95,before
261975,20241108,1.3217,,95,before
261977,20241108,1.6377,1.01,94,before
261978,20241108,1.6893,,90,before
261979,20241108,1.617,1.06,88,before
261980,20241108,1.5465,,86,before
261981,20241108,1.5333,1.01,98,before
261982,20241108,1.3806,0.99,96,before
261983,20241108,1.3488,0.9,79,before
261984,20241108,1.2342,0.88,100,before
261985,20241108,1.1775,0.92,96,before
261986,20241108,1.189,0.96,97,before
261987,20241108,1.1249,0.87,98,before
261988,20241108,1.1327,0.93,97,before
261989,20241108,1.1254,0.9,96,before
261990,20241108,1.0788,0.88,97,before
261991,20241108,1.0419,0.84,104,before
262096,20241109,1.154,0.96,110,before
262097,20241109,1.2967,0.93,97,before
262098,20241109,1.346,,96,before
262102,20241109,1.635,1.04,98,before
262104,20241109,1.7731,1.25,93,before
262105,20241109,1.6606,,94,before
262106,20241109,1.599,,97,before
262107,20241109,1.608,1.06,99,before
262108,20241109,1.584,,97,before
262109,20241109,1.6759,1.0,97,before
262111,20241109,1.5409,1.0,97,before
262112,20241109,1.4885,,96,before
262113,20241109,1.4424,1.0,93,before
262114,20241109,1.3961,,89,before
262115,20241109,1.3182,1.07,94,before
262116,20241109,1.2727,,91,before
262117,20241109,1.229,1.11,92,before
262118,20241109,1.1913,,93,before
262119,20241109,1.1981,1.39,98,before
262120,20241109,1.1743,1.15,95,before
262121,20241109,1.1445,1.08,95,before
262122,20241109,1.1127,,95,before
262123,20241109,1.1304,1.47,94,before
262124,20241109,1.0886,,93,before
262125,20241109,1.0996,1.19,96,before
262126,20241109,1.0946,1.13,93,before
262127,20241109,1.0303,1.19,101,before
262251,20241110,1.0039,1.37,100,before
262252,20241110,1.0113,1.21,94,before
262253,20241110,1.0098,1.12,122,before
262254,20241110,1.0353,1.71,98,before
262258,20241110,1.5693,1.55,100,before
262259,20241110,1.6083,1.14,99,before
262260,20241110,1.1326,1.01,98,before
262261,20241110,1.3223,1.05,111,before
262262,20241110,1.3014,1.06,100,before
262263,20241110,1.1675,0.92,97,before
262264,20241110,1.2111,0.91,92,before
262265,20241110,1.1717,,93,before
262266,20241110,1.2094,1.08,96,before
262267,20241110,1.1513,0.94,97,before
262268,20241110,1.1437,0.85,94,before
262269,20241110,1.1379,0.94,93,before
262270,20241110,1.1006,,91,before
262271,20241110,1.1793,1.01,92,before
262272,20241110,1.0929,1.03,95,before
262273,20241110,1.0555,,94,before
262376,20241111,1.3189,1.48,216,before
262377,20241111,1.3789,,204,before
262379,20241111,1.1938,1.22,103,before
262380,20241111,1.1699,1.05,97,before
262381,20241111,1.1181,,94,before
262382,20241111,1.0666,1.21,99,before
262383,20241111,1.0505,1.18,104,before
262384,20241111,1.0802,1.09,94,before
262385,20241111,1.061,,94,before
262386,20241111,1.0706,0.89,98,before
262387,20241111,1.06,,96,before
262388,20241111,1.0805,1.23,103,before
262389,20241111,1.0804,,100,before
262390,20241111,1.3177,1.26,104,before
262392,20241111,1.2551,1.32,97,before
262393,20241111,1.173,1.05,100,before
262394,20241111,1.3991,1.16,123,before
262395,20241111,1.531,0.99,114,before
262396,20241111,1.7205,1.08,114,before
262397,20241111,1.2749,1.06,96,before
262398,20241111,1.2237,,96,before
262399,20241111,1.1929,,91,before
262400,20241111,1.1891,1.32,96,before
262401,20241111,1.1173,1.0,97,before
262402,20241111,1.1329,1.29,97,before
262403,20241111,1.0993,1.36,99,before
262404,20241111,1.0697,,97,before
262405,20241111,1.079,1.15,95,before
262406,20241111,1.0177,1.28,109,before
262509,20241112,1.4105,1.57,169,before
262510,20241112,1.3563,,168,before
262529,20241112,1.5425,1.44,101,before
262530,20241112,1.5779,,101,before
262531,20241112,1.5338,1.13,100,before
262532,20241112,1.6099,,95,before
262533,20241112,1.6573,1.08,102,before
262534,20241112,1.7685,,98,before
262535,20241112,1.618,1.3,117,before
262536,20241112,1.7058,,115,before
262537,20241112,1.3761,0.95,115,before
262538,20241112,1.1815,0.92,100,before
262539,20241112,1.1651,1.03,94,before
262540,20241112,1.1612,0.93,94,before
262541,20241112,1.1536,0.94,98,before
262542,20241112,1.1025,,97,before
262543,20241112,1.1194,1.01,95,before
262544,20241112,1.1432,0.94,98,before
262545,20241112,1.1043,0.94,100,before
262546,20241112,1.0997,0.95,94,before
262547,20241112,1.0334,0.97,114,before
262650,20241113,1.4819,1.04,170,before
262652,20241113,1.1839,0.96,123,before
262653,20241113,1.1963,0.97,149,before
262654,20241113,1.1851,,145,before
262655,20241113,1.1891,0.94,138,before
262656,20241113,1.1875,,139,before
262658,20241113,1.4195,1.09,146,before
262659,20241113,1.4225,,143,before
262666,20241113,1.5546,1.02,101,before
262667,20241113,1.5808,,100,before
262668,20241113,1.7868,1.14,94,before
262669,20241113,1.8924,,96,before
262670,20241113,1.4286,0.94,122,before
262671,20241113,1.4732,,122,before
262672,20241113,1.5195,0.98,111,before
262673,20241113,1.5611,,108,before
262674,20241113,1.1072,0.93,120,before
262676,20241113,1.2145,0.97,113,before
262677,20241113,1.1537,0.94,99,before
262678,20241113,1.135,1.04,93,before
262679,20241113,1.1283,1.26,97,before
262680,20241113,1.0792,1.14,117,before
262681,20241113,1.06,1.09,106,before
262682,20241113,1.0337,1.04,100,before
262683,20241113,1.0498,1.27,103,before
262684,20241113,1.0269,1.17,99,before
262685,20241113,1.0326,1.27,98,before
262686,20241113,1.027,1.16,99,before
262797,20241114,1.5174,0.974,101,before
262798,20241114,1.3518,0.98,246,before
262799,20241114,1.4039,,244,before
262800,20241114,1.4615,,244,before
262802,20241114,1.6397,1.27,262,before
262805,20241114,1.0828,1.321,113,before
262810,20241114,1.4884,1.447,140,before
262834,20241114,1.2273,1.041,93,before
262835,20241114,1.1744,,92,before
262836,20241114,1.1528,0.933,98,before
262837,20241114,1.1158,,96,before
262838,20241114,1.0988,1.144,90,before
262839,20241114,1.0728,1.318,98,before
262840,20241114,1.1901,1.144,99,before
262841,20241114,1.1642,,99,before
262842,20241114,1.1058,1.009,95,before
262850,20241114,1.0554,1.006,93,before
263489,20241117,1.1257,1.58,129,before
263494,20241117,1.0591,1.176,96,before
263499,20241117,1.4993,1.664,94,before
263500,20241117,1.5037,,93,before
263501,20241117,1.5268,1.935,92,before
263502,20241117,1.5654,,92,before
263503,20241117,1.5241,1.552,96,before
263504,20241117,1.5837,,95,before
263505,20241117,1.62,1.514,83,before
263648,20241118,1.1319,1.236,97,before
263649,20241118,1.1642,1.327,110,before
263650,20241118,1.1714,1.203,103,before
263651,20241118,1.1773,1.232,111,before
263652,20241118,1.4225,1.245,100,before
263653,20241118,1.3579,1.09,97,before
263654,20241118,1.0177,0.907,89,before
263655,20241118,1.0356,0.917,92,before
263656,20241118,1.3653,1.177,91,before
263657,20241118,1.5258,1.104,90,before
263658,20241118,1.0059,0.92,90,before
263660,20241118,1.5031,1.436,87,before
263661,20241118,1.5241,,87,before
263662,20241118,1.5355,1.636,90,before
263663,20241118,1.5882,,90,before
263664,20241118,1.5187,1.246,115,before
263665,20241118,1.5898,,115,before
263666,20241118,1.614,1.36,107,before
263668,20241118,1.5441,1.054,96,before
263669,20241118,1.6641,1.018,86,before
263674,20241118,1.7076,1.203,154,before
263675,20241118,1.552,,152,before
263676,20241118,1.4492,1.091,133,before
263677,20241118,1.3811,,131,before
263678,20241118,1.2157,1.137,104,before
263679,20241118,1.1749,1.296,96,before
263680,20241118,1.1465,0.971,86,before
263681,20241118,1.102,1.174,88,before
263791,20241119,1.1355,1.146,106,before
263792,20241119,1.0411,1.274,98,before
263793,20241119,1.0337,1.14,88,before
263794,20241119,1.0402,,88,before
263795,20241119,1.0172,1.351,86,before
263797,20241119,1.0112,1.233,88,before
263798,20241119,1.0232,,88,before
263799,20241119,1.0012,1.065,88,before
263800,20241119,1.0984,1.17,90,before
263801,20241119,1.1517,,90,before
263802,20241119,1.2131,1.23,89,before
263803,20241119,1.2239,1.247,100,before
263804,20241119,1.2323,1.246,99,before
263805,20241119,1.2133,1.231,102,before
263806,20241119,1.2216,1.114,108,before
263807,20241119,1.2286,1.184,102,before
263808,20241119,1.2933,1.124,103,before
263809,20241119,1.3035,1.141,96,before
263812,20241119,1.2969,1.113,93,before
263813,20241119,1.3114,1.079,110,before
263814,20241119,1.31,1.028,92,before
263815,20241119,1.4416,1.012,95,before
263816,20241119,1.2874,1.031,89,before
263817,20241119,1.7437,1.289,91,before
263818,20241119,1.5932,1.066,98,before
263819,20241119,1.5328,1.108,85,before
263820,20241119,1.7373,0.996,90,before
263821,20241119,1.7266,1.136,87,before
263822,20241119,1.7677,1.403,88,before
263823,20241119,1.8855,1.148,85,before
263824,20241119,1.7193,1.022,97,before
263826,20241119,1.6045,1.023,115,before
263827,20241119,1.4236,0.928,86,before
263828,20241119,1.4106,1.341,140,before
263829,20241119,1.34,,138,before
263830,20241119,1.189,1.023,87,before
263989,20241120,1.5475,2.33,104,before
263990,20241120,1.3699,1.197,127,before
263991,20241120,1.0572,1.431,101,before
263992,20241120,1.0868,,101,before
263993,20241120,1.5338,1.214,98,before
263994,20241120,1.5444,1.119,98,before
263995,20241120,1.5684,,97,before
263996,20241120,1.6164,0.991,94,before
263997,20241120,1.5282,,93,before
263998,20241120,1.4869,1.0,97,before
263999,20241120,1.432,,97,before
264000,20241120,1.2818,1.03,96,before
264001,20241120,1.2368,,96,before
264168,20241121,1.0686,1.12,110,before
264169,20241121,1.078,1.115,118,before
264170,20241121,1.0237,0.965,96,before
264171,20241121,1.0139,0.959,96,before
264172,20241121,1.0115,0.971,95,before
264173,20241121,1.0195,,95,before
264175,20241121,1.0447,0.993,100,before
264176,20241121,1.1169,1.049,97,before
264177,20241121,1.7009,1.277,95,before
264178,20241121,1.8194,,92,before
264179,20241121,1.7497,1.26,100,before
264180,20241121,1.7092,1.175,97,before
264181,20241121,1.5868,1.022,97,before
264182,20241121,1.4955,,95,before
264183,20241121,1.5113,0.959,97,before
264184,20241121,1.4501,,97,before
264186,20241121,1.4638,0.956,99,before
264187,20241121,1.426,,97,before
264188,20241121,1.3728,1.092,93,before
264189,20241121,1.3208,,92,before
264190,20241121,1.3506,1.415,89,before
264191,20241121,1.3083,,89,before
264192,20241121,1.2828,,88,before
264194,20241121,1.2281,1.857,96,before
264195,20241121,1.2564,1.129,96,before
264196,20241121,1.1784,1.13,96,before
264197,20241121,1.2717,1.313,90,before
264198,20241121,1.2862,1.148,88,before
264199,20241121,1.2645,,87,before
264200,20241121,1.1552,1.333,96,before
264201,20241121,1.4167,1.309,100,before
264202,20241121,1.4309,1.147,98,before
264203,20241121,1.3127,1.006,101,before
264350,20241122,1.3083,1.217,147,before
264351,20241122,1.0322,0.847,98,before
264352,20241122,1.0106,0.916,97,before
264353,20241122,1.0403,0.832,99,before
264354,20241122,1.0704,0.845,96,before
264356,20241122,1.1841,0.923,100,before
264357,20241122,1.1974,0.932,97,before
264358,20241122,1.3337,0.826,100,before
264359,20241122,1.6716,1.08,98,before
264360,20241122,1.5674,0.94,99,before
264361,20241122,1.7667,0.989,97,before
264362,20241122,1.6135,0.966,98,before
264363,20241122,1.6135,0.979,88,before
264364,20241122,1.524,,88,before
264365,20241122,1.4555,0.855,96,before
264367,20241122,1.3909,1.181,94,before
264368,20241122,1.3712,0.858,96,before
264369,20241122,1.2933,0.893,97,before
264370,20241122,1.2455,0.869,98,before
264371,20241122,1.2601,0.864,73,before
264372,20241122,1.2281,,73,before
264373,20241122,1.2591,0.954,67,before
264374,20241122,1.2176,0.763,97,before
264375,20241122,1.2805,0.784,84,before
264376,20241122,1.2005,0.711,96,before
264377,20241122,1.342,0.763,88,before
264378,20241122,1.4628,0.797,92,before
264379,20241122,1.1998,0.878,97,before
264380,20241122,1.2349,0.901,97,before
264381,20241122,1.1995,0.852,97,before
264496,20241123,1.1151,1.074,106,before
264497,20241123,1.1205,1.034,125,before
264498,20241123,1.1412,0.912,108,before
264501,20241123,1.1942,0.935,125,before
264571,20241123,1.5956,1.116,105,before
264572,20241123,1.591,0.927,97,before
264573,20241123,1.5309,,95,before
264574,20241123,1.4813,,94,before
264576,20241123,1.8177,1.005,100,before
264577,20241123,1.1162,0.968,96,before
264578,20241123,1.1678,0.86,92,before
264579,20241123,1.171,1.098,96,before
264580,20241123,1.2057,0.898,95,before
264581,20241123,1.1581,,95,before
264582,20241123,1.0281,0.959,98,before
264913,20241124,1.1422,1.26,97,before
264914,20241124,1.2331,1.215,95,before
265142,20241125,1.3935,0.882,99,before
265143,20241125,1.5053,0.891,113,before
265144,20241125,1.5024,0.852,98,before
265145,20241125,1.5129,0.802,97,before
265146,20241125,1.4348,0.794,96,before
265147,20241125,1.3883,0.782,100,before
265148,20241125,1.4095,0.829,98,before
265149,20241125,1.4976,0.85,97,before
265150,20241125,1.4164,0.786,98,before
265151,20241125,1.3332,0.873,96,before
265152,20241125,1.194,0.763,97,before
265153,20241125,1.21,0.883,97,before
265154,20241125,1.1951,0.924,97,before
265155,20241125,1.1851,0.811,97,before
265156,20241125,1.1361,0.989,98,before
265157,20241125,1.1356,0.828,95,before
265158,20241125,1.125,0.855,97,before
265159,20241125,1.1088,0.955,98,before
265160,20241125,1.1331,0.799,97,before
265161,20241125,1.0879,0.779,99,before
265162,20241125,1.0789,0.811,97,before
265163,20241125,1.0528,0.743,100,before
265164,20241125,1.0669,0.755,97,before
265165,20241125,1.0612,0.92,99,before
265166,20241125,1.19,0.769,97,before
265167,20241125,1.0521,0.742,95,before
265168,20241125,1.004,0.811,105,before
265169,20241125,1.0077,0.839,95,before
265366,20241126,1.5979,1.204,111,before
265742,20241128,1.4752,1.126,112,before
265744,20241128,1.5814,0.966,101,before
265745,20241128,1.5157,1.074,114,before
265746,20241128,1.5579,,113,before
265747,20241128,1.3099,0.839,118,before
265748,20241128,1.3447,1.059,110,before
265749,20241128,1.2721,1.188,110,before
265750,20241128,1.2446,0.874,108,before
265752,20241128,1.3726,1.017,98,before
265753,20241128,1.3398,,93,before
265754,20241128,1.282,0.939,99,before
265755,20241128,1.2479,,99,before
265756,20241128,1.1851,0.896,99,before
265757,20241128,1.1952,0.955,97,before
265758,20241128,1.1667,,97,before
265759,20241128,1.1616,1.065,95,before
265761,20241128,1.0946,0.956,99,before
265762,20241128,1.0681,,99,before
265764,20241128,1.048,0.827,101,before
265765,20241128,1.0448,0.841,103,before
265766,20241128,1.1567,0.873,96,before
265767,20241128,1.0544,0.853,99,before
265768,20241128,1.0181,0.986,100,before
265769,20241128,1.0269,0.859,110,before
265770,20241128,1.0233,0.832,111,before
265773,20241128,1.0168,0.859,98,before
265774,20241128,1.0334,0.804,125,before
265775,20241128,1.0187,,125,before
266184,20241130,1.333,1.154,152,before
266185,20241130,1.0239,1.004,97,before
266186,20241130,1.0079,0.921,98,before
266187,20241130,1.0271,0.904,98,before
266188,20241130,1.0726,0.809,99,before
266190,20241130,1.1202,0.873,100,before
266191,20241130,1.2176,0.86,96,before
266192,20241130,1.6869,0.952,98,before
266193,20241130,1.63,1.012,95,before
266194,20241130,1.6755,0.976,98,before
266195,20241130,1.7007,1.043,99,before
266196,20241130,1.6061,1.012,96,before
266198,20241130,1.553,0.877,97,before
266199,20241130,1.4144,0.934,98,before
266200,20241130,1.4483,0.939,91,before
266201,20241130,1.5046,1.003,96,before
266202,20241130,1.3082,0.978,73,before
266203,20241130,1.3317,0.932,96,before
266204,20241130,1.232,0.854,100,before
266205,20241130,1.1985,0.888,97,before
266206,20241130,1.1476,0.892,95,before
266207,20241130,1.1426,0.811,99,before
266208,20241130,1.1075,0.889,98,before
266209,20241130,1.1267,0.965,97,before
266210,20241130,1.1084,0.953,98,before
266211,20241130,1.0744,,97,before
266212,20241130,1.1192,1.021,93,before
266213,20241130,1.0653,0.998,98,before
266214,20241130,1.0807,1.04,99,before
266215,20241130,1.0707,1.059,94,before
266216,20241130,1.0764,1.116,98,before
266217,20241130,1.0671,0.92,99,before
266218,20241130,1.0034,1.071,96,before
266219,20241130,1.0356,1.045,98,before
266323,20241201,1.0509,0.806,108,before
266324,20241201,1.0658,0.924,104,before
266325,20241201,1.0072,0.981,99,before
266326,20241201,1.0059,0.839,97,before
266327,20241201,1.0292,0.949,98,before
266328,20241201,1.0682,0.962,102,before
266330,20241201,1.154,0.852,96,before
266331,20241201,1.2129,0.871,102,before
266332,20241201,1.2778,0.937,100,before
266333,20241201,1.6928,0.89,98,before
266334,20241201,1.6298,0.903,98,before
266335,20241201,1.6762,0.961,96,before
266336,20241201,1.5946,1.021,98,before
266337,20241201,1.5395,,97,before
266338,20241201,1.4418,1.0,96,before
266340,20241201,1.4971,1.028,99,before
266341,20241201,1.3438,0.889,96,before
266342,20241201,1.3449,0.898,96,before
266343,20241201,1.3003,0.865,92,before
266344,20241201,1.2584,0.885,99,before
266345,20241201,1.2146,0.786,100,before
266346,20241201,1.19,0.817,99,before
266347,20241201,1.1597,0.811,98,before
266348,20241201,1.1214,0.822,99,before
266349,20241201,1.1125,0.823,97,before
266350,20241201,1.1091,0.818,98,before
266351,20241201,1.1116,0.824,98,before
266352,20241201,1.0783,0.769,99,before
266353,20241201,1.0737,0.785,96,before
266354,20241201,1.0868,0.799,96,before
266355,20241201,1.0859,0.788,100,before
266356,20241201,1.0663,0.774,98,before
266357,20241201,1.1274,0.782,98,before
266358,20241201,1.0573,0.829,99,before
266359,20241201,1.043,0.845,97,before
266360,20241201,1.0111,0.772,115,before
266361,20241201,1.0177,0.775,108,before
266362,20241201,1.0163,0.792,107,before
266465,20241202,1.3942,0.958,171,before
266466,20241202,1.4039,0.969,136,before
266467,20241202,1.094,0.881,95,before
266468,20241202,1.0959,1.11,100,before
266469,20241202,1.1006,1.163,99,before
266470,20241202,1.1686,1.038,99,before
266472,20241202,1.328,1.071,100,before
266473,20241202,1.4155,,96,before
266474,20241202,1.5559,0.99,95,before
266475,20241202,1.6977,,87,before
266476,20241202,1.8019,1.012,94,before
266477,20241202,1.7589,0.973,98,before
266478,20241202,1.6432,0.896,97,before
266480,20241202,1.6237,0.893,97,before
266481,20241202,1.6164,0.899,85,before
266482,20241202,1.5542,1.011,70,before
266483,20241202,1.5438,0.918,94,before
266484,20241202,1.4,0.877,95,before
266485,20241202,1.3694,0.924,97,before
266486,20241202,1.3295,0.917,92,before
266487,20241202,1.4714,0.895,98,before
266488,20241202,1.3225,0.913,70,before
266489,20241202,1.1592,0.925,96,before
266490,20241202,1.1542,0.983,97,before
266491,20241202,1.1307,0.88,97,before
266492,20241202,1.1,0.877,100,before
266493,20241202,1.0955,0.838,98,before
266494,20241202,1.0894,0.944,98,before
266495,20241202,1.0693,0.988,96,before
266496,20241202,1.0606,0.836,99,before
266497,20241202,1.0507,0.816,100,before
266498,20241202,1.0496,0.898,98,before
266499,20241202,1.039,0.882,98,before
266500,20241202,1.0406,1.322,97,before
266502,20241202,1.0148,0.793,97,before
266503,20241202,1.0217,0.81,96,before
266558,20241203,1.2926,1.276,146,before
266559,20241203,1.3396,1.177,169,before
266560,20241203,1.0882,1.268,99,before
266561,20241203,1.0993,0.862,96,before
266562,20241203,1.0992,0.826,101,before
266563,20241203,1.091,0.79,96,before
266565,20241203,1.0771,0.833,99,before
266566,20241203,1.2913,0.962,100,before
266567,20241203,1.4615,0.964,96,before
266568,20241203,1.6571,0.98,97,before
266569,20241203,1.7994,0.954,100,before
266570,20241203,1.7246,0.899,99,before
266571,20241203,1.7855,0.882,98,before
266572,20241203,1.587,0.838,97,before
266573,20241203,1.5966,0.958,98,before
266574,20241203,1.5694,0.94,98,before
266575,20241203,1.4694,0.935,72,before
266576,20241203,1.5763,0.812,99,before
266577,20241203,1.3732,0.837,94,before
266578,20241203,1.3507,0.826,98,before
266579,20241203,1.3254,0.895,99,before
266580,20241203,1.3001,0.906,71,before
266581,20241203,1.3748,0.833,97,before
266582,20241203,1.3072,0.778,83,before
266583,20241203,1.1301,0.761,97,before
266584,20241203,1.1159,0.796,99,before
266585,20241203,1.1136,0.83,96,before
266586,20241203,1.1081,0.973,97,before
266587,20241203,1.1177,0.829,98,before
266588,20241203,1.0943,0.822,99,before
266589,20241203,1.0843,0.755,99,before
266590,20241203,1.0752,0.759,98,before
266591,20241203,1.0769,0.807,96,before
266592,20241203,1.0686,0.838,98,before
266593,20241203,1.0696,0.73,98,before
266594,20241203,1.0818,0.74,99,before
266595,20241203,1.0549,0.786,94,before
266596,20241203,1.063,0.829,96,before
266597,20241203,1.0534,1.029,96,before
266598,20241203,1.0264,0.849,97,before
266599,20241203,1.0126,0.775,137,before
266754,20241204,1.0853,1.701,121,before
266755,20241204,1.1591,1.13,129,before
266756,20241204,1.166,1.269,102,before
266757,20241204,1.1191,1.295,96,before
266758,20241204,1.1731,,96,before
266759,20241204,1.2119,0.99,98,before
266763,20241204,1.7136,1.216,91,before
266764,20241204,1.7174,1.052,97,before
266765,20241204,1.5956,1.073,100,before
266766,20241204,1.6306,1.024,100,before
266768,20241204,1.8528,1.035,94,before
266769,20241204,1.7137,0.846,99,before
266770,20241204,1.6687,0.916,99,before
266771,20241204,1.6133,0.873,98,before
266772,20241204,1.5618,0.843,99,before
266773,20241204,1.4833,0.826,97,before
266774,20241204,1.4309,0.819,93,before
266775,20241204,1.351,0.866,99,before
266776,20241204,1.2926,0.863,94,before
266777,20241204,1.2347,0.888,96,before
266778,20241204,1.2214,0.877,95,before
266779,20241204,1.1802,0.854,96,before
266780,20241204,1.145,0.845,96,before
266781,20241204,1.1459,0.83,98,before
266782,20241204,1.1036,0.82,96,before
266783,20241204,1.0938,0.833,96,before
266784,20241204,1.0978,0.772,98,before
266785,20241204,1.0677,0.769,96,before
266786,20241204,1.0714,0.817,99,before
266787,20241204,1.0635,0.784,98,before
266788,20241204,1.0586,0.8,96,before
266789,20241204,1.0535,0.717,96,before
266790,20241204,1.0521,0.706,96,before
266791,20241204,1.1049,0.876,99,before
266792,20241204,1.0362,0.765,98,before
266793,20241204,1.0355,0.841,94,before
266794,20241204,1.0209,0.753,121,before
266795,20241204,1.0265,0.747,98,before
266796,20241204,1.0385,0.733,91,before
266900,20241205,1.0333,0.856,101,before
266904,20241205,1.061,0.874,111,before
266905,20241205,1.081,0.882,106,before
266906,20241205,1.0514,1.057,100,before
266907,20241205,1.0764,,100,before
266908,20241205,1.0776,0.933,103,before
266912,20241205,1.7473,1.691,95,before
266930,20241205,1.6666,1.376,116,before
266931,20241205,1.4031,1.418,104,before
266932,20241205,1.4148,1.106,95,before
266933,20241205,1.4918,0.988,99,before
266934,20241205,1.4221,1.182,96,before
266935,20241205,1.3054,1.297,57,before
266936,20241205,1.2663,0.962,73,before
266937,20241205,1.2038,0.99,97,before
266938,20241205,1.1585,1.095,94,before
266939,20241205,1.1306,1.077,97,before
266940,20241205,1.0995,1.183,95,before
266941,20241205,1.1122,1.028,99,before
266942,20241205,1.0786,1.14,99,before
266943,20241205,1.08,0.939,98,before
266944,20241205,1.088,0.953,97,before
266945,20241205,1.0507,0.849,98,before
266946,20241205,1.057,0.851,98,before
266947,20241205,1.0677,0.902,97,before
266948,20241205,1.0616,0.86,95,before
266949,20241205,1.0608,0.831,98,before
266950,20241205,1.0413,0.787,97,before
266951,20241205,1.0252,0.862,110,before
267056,20241206,1.0194,1.226,98,before
267057,20241206,1.0338,1.452,98,before
267058,20241206,1.0235,1.269,108,before
267059,20241206,1.0384,1.247,109,before
267060,20241206,1.695,1.404,99,before
267063,20241206,1.1832,1.445,109,before
267064,20241206,1.1574,1.539,106,before
267065,20241206,1.6201,1.397,98,before
267066,20241206,1.6578,,97,before
267068,20241206,1.6221,1.592,100,before
267069,20241206,1.7007,,100,before
267070,20241206,1.5782,1.323,98,before
267072,20241206,1.5014,1.034,63,before
267073,20241206,1.4271,,65,before
267074,20241206,1.4502,1.884,93,before
267075,20241206,1.4,,90,before
267076,20241206,1.447,1.114,97,before
267077,20241206,1.4204,,96,before
267078,20241206,1.2292,1.082,91,before
267079,20241206,1.1212,1.361,97,before
267081,20241206,1.0929,1.231,98,before
267082,20241206,1.0756,1.24,97,before
267083,20241206,1.0689,1.148,97,before
267084,20241206,1.0626,1.02,97,before
267085,20241206,1.054,0.935,98,before
267086,20241206,1.0955,0.885,98,before
267087,20241206,1.0275,0.865,94,before
267088,20241206,1.0258,0.891,98,before
267089,20241206,1.0211,1.007,99,before
267090,20241206,1.0216,1.02,100,before
267091,20241206,1.0346,1.1,103,before
267232,20241207,1.1071,1.012,99,before
267233,20241207,1.1037,0.989,95,before
267234,20241207,1.555,0.986,100,before
267235,20241207,1.6293,,99,before
267236,20241207,1.9019,0.929,93,before
267239,20241207,1.8129,1.05,100,before
267240,20241207,1.7397,,99,before
267241,20241207,1.7322,1.105,99,before
267242,20241207,1.7064,,99,before
267243,20241207,1.5897,1.078,96,before
267244,20241207,1.724,0.963,98,before
267245,20241207,1.7533,,96,before
267247,20241207,1.6333,1.133,99,before
267248,20241207,1.7088,,97,before
267249,20241207,1.5372,1.068,96,before
267251,20241207,1.4559,1.027,75,before
267252,20241207,1.4006,,75,before
267253,20241207,1.2642,1.038,98,before
267254,20241207,1.2365,1.043,94,before
267255,20241207,1.1835,,94,before
267256,20241207,1.1453,1.118,98,before
267257,20241207,1.108,,98,before
267258,20241207,1.0948,1.055,96,before
267259,20241207,1.0793,0.977,97,before
267260,20241207,1.0745,0.94,99,before
267261,20241207,1.0691,1.128,99,before
267262,20241207,1.0688,1.041,99,before
267263,20241207,1.0422,1.015,97,before
267264,20241207,1.0879,1.352,96,before
267265,20241207,1.0331,0.88,95,before
267266,20241207,1.0364,0.939,97,before
267267,20241207,1.0216,0.975,98,before
267269,20241207,1.0414,1.226,89,before
267373,20241208,1.0592,1.092,97,before
267374,20241208,1.0615,1.006,98,before
267375,20241208,1.0848,1.018,99,before
267376,20241208,1.0551,1.077,97,before
267377,20241208,1.1302,1.473,100,before
267378,20241208,1.1925,,100,before
267379,20241208,1.2638,,100,before
267382,20241208,1.0088,0.896,98,before
267383,20241208,1.0184,1.031,103,before
267385,20241208,1.6636,1.206,96,before
267386,20241208,1.5986,1.384,97,before
267387,20241208,1.627,,97,before
267390,20241208,1.6202,0.956,64,before
267391,20241208,1.5209,,62,before
267392,20241208,1.4712,0.836,99,before
267393,20241208,1.4703,0.834,95,before
267394,20241208,1.4463,0.946,98,before
267395,20241208,1.2681,1.1,63,before
267396,20241208,1.2147,0.877,95,before
267397,20241208,1.178,1.088,97,before
267398,20241208,1.1068,0.965,97,before
267399,20241208,1.1053,1.137,97,before
267400,20241208,1.0781,1.016,98,before
267401,20241208,1.0812,1.093,99,before
267402,20241208,1.0633,1.034,95,before
267403,20241208,1.0534,0.999,97,before
267404,20241208,1.0557,1.01,97,before
267405,20241208,1.0558,0.99,93,before
267406,20241208,1.0449,1.077,97,before
267407,20241208,1.0409,1.016,95,before
267408,20241208,1.043,1.058,102,before
267409,20241208,1.0326,0.938,97,before
267505,20241209,1.1923,0.897,98,before
267506,20241209,1.1458,1.296,106,before
267507,20241209,1.1256,1.098,101,before
267508,20241209,1.1383,1.016,102,before
267509,20241209,1.1025,,102,before
267513,20241209,1.6585,1.415,93,before
267515,20241209,1.3531,1.099,106,before
267516,20241209,1.4961,1.075,113,before
267517,20241209,1.4286,1.229,120,before
267519,20241209,1.5335,1.084,105,before
267520,20241209,1.4056,1.267,110,before
267521,20241209,1.6184,1.48,102,before
267523,20241209,1.7771,1.974,107,before
267524,20241209,1.8903,,103,before
267525,20241209,1.168,1.163,96,before
267526,20241209,1.1875,1.177,93,before
267527,20241209,1.1395,1.85,97,before
267528,20241209,1.0887,1.537,102,before
267529,20241209,1.1781,1.699,100,before
267531,20241209,1.1426,1.631,97,before
267532,20241209,1.1016,2.558,104,before
267533,20241209,1.0542,2.002,100,before
267534,20241209,1.0531,2.106,110,before
267535,20241209,1.0504,2.0,100,before
267536,20241209,1.0607,1.405,99,before
267537,20241209,1.0664,1.392,98,before
267538,20241209,1.0678,1.492,95,before
267539,20241209,1.0398,,95,before
267540,20241209,1.0067,1.454,96,before
267541,20241209,1.0864,1.734,97,before
267542,20241209,1.0593,,97,before
267544,20241209,1.0339,1.539,98,before
267681,20241210,1.4056,1.262,146,before
267682,20241210,1.3418,1.234,128,before
267683,20241210,1.3566,,126,before
267715,20241210,1.1585,2.215,98,before
267716,20241210,1.1054,1.6,100,before
267717,20241210,1.1467,1.718,98,before
267718,20241210,1.0876,1.255,95,before
267719,20241210,1.069,1.425,113,before
267720,20241210,1.0393,1.08,100,before
267721,20241210,1.0687,1.153,99,before
267722,20241210,1.0625,1.143,97,before
267723,20241210,1.062,1.132,97,before
267724,20241210,1.0501,1.287,96,before
267725,20241210,1.0617,1.11,97,before
267726,20241210,1.0429,,97,before
267727,20241210,1.034,0.976,99,before
267728,20241210,1.0246,1.454,97,before
268062,20241212,1.0115,1.318,120,before
268063,20241212,1.0236,,120,before
268283,20241213,1.2816,1.501,145,before
268285,20241213,1.3041,,145,before
268308,20241213,1.2727,1.117,107,before
268312,20241213,1.1638,1.191,97,before
268313,20241213,1.1305,,97,before
268314,20241213,1.1484,1.17,100,before
268315,20241213,1.1213,,99,before
268316,20241213,1.0697,1.324,100,before
268317,20241213,1.0524,1.0,101,before
268318,20241213,1.0416,1.178,99,before
268320,20241213,1.0425,1.185,99,before
268321,20241213,1.0296,1.043,95,before
268322,20241213,1.0437,1.028,99,before
268325,20241213,1.064,1.009,145,before
268326,20241213,1.0322,1.051,100,before
268437,20241214,1.53,1.4,112,before
268438,20241214,1.5709,,112,before
268439,20241214,1.6385,,111,before
268440,20241214,1.3759,1.11,118,before
268441,20241214,1.4196,,118,before
268442,20241214,1.3214,0.932,112,before
268443,20241214,1.3862,,109,before
268471,20241214,1.0914,0.856,97,before
268472,20241214,1.0436,0.791,100,before
268473,20241214,1.0463,0.852,98,before
268474,20241214,1.0198,0.795,112,before
268475,20241214,1.0135,0.779,104,before
268476,20241214,1.0116,0.738,102,before
268580,20241215,1.2373,1.003,111,before
268581,20241215,1.2439,0.931,131,before
268582,20241215,1.4649,1.151,114,before
268584,20241215,1.4895,1.308,109,before
268585,20241215,1.4876,,108,before
268587,20241215,1.1417,1.331,100,before
268588,20241215,1.1611,,98,before
268589,20241215,1.2328,1.208,106,before
268590,20241215,1.2542,,106,before
268591,20241215,1.1947,1.07,97,before
268592,20241215,1.227,,98,before
268600,20241215,1.5264,,85,before
268601,20241215,1.6884,,82,before
268607,20241215,1.4552,1.377,123,before
268608,20241215,1.3584,,122,before
268609,20241215,1.2774,1.2,99,before
268610,20241215,1.2387,,99,before
268611,20241215,1.1789,1.296,89,before
268612,20241215,1.1583,,89,before
268613,20241215,1.1235,0.839,87,before
268614,20241215,1.1278,0.841,88,before
268615,20241215,1.0859,0.909,90,before
268616,20241215,1.085,0.77,93,before
268617,20241215,1.0781,0.877,91,before
268618,20241215,1.0425,0.959,91,before
268619,20241215,1.0198,0.896,88,before
268620,20241215,1.0213,0.968,87,before
268734,20241216,1.126,0.854,90,before
268735,20241216,1.1974,0.895,124,before
268736,20241216,1.0963,0.846,90,before
268737,20241216,1.1331,,90,before
268739,20241216,1.5363,1.283,87,before
268740,20241216,1.1968,1.306,94,before
268743,20241216,1.2691,1.157,94,before
268744,20241216,1.2829,1.166,125,before
268745,20241216,1.3081,1.098,102,before
268746,20241216,1.3878,1.087,95,before
268747,20241216,1.3404,0.997,103,before
268748,20241216,1.2032,0.9,89,before
268749,20241216,1.1309,0.841,90,before
268750,20241216,1.2211,0.934,89,before
268751,20241216,1.2744,0.964,91,before
268752,20241216,1.3506,1.038,78,before
268753,20241216,1.6974,1.051,102,before
268754,20241216,1.7035,1.111,101,before
268755,20241216,1.7775,,99,before
268756,20241216,1.7053,1.463,91,before
268760,20241216,1.6187,1.406,155,before
268763,20241216,1.2984,,153,before
268764,20241216,1.3558,1.41,175,before
268765,20241216,1.3171,,172,before
268766,20241216,1.112,1.209,86,before
268767,20241216,1.0565,0.921,88,before
268768,20241216,1.0518,0.99,85,before
268769,20241216,1.0462,0.976,115,before
268770,20241216,1.0328,,115,before
268771,20241216,1.0379,0.916,103,before
268886,20241218,1.1016,1.007,98,before
268887,20241218,1.1345,1.273,96,before
268888,20241218,1.19,,97,before
268889,20241218,1.1195,0.899,100,before
268890,20241218,1.3643,0.936,96,before
268891,20241218,1.4921,,94,before
268893,20241218,1.8063,1.245,95,before
268894,20241218,1.7488,1.55,98,before
268895,20241218,1.8228,,98,before
268897,20241218,1.4844,1.031,101,before
268898,20241218,1.2601,1.157,108,before
268901,20241218,1.2593,1.467,105,before
268902,20241218,1.2943,1.11,100,before
268903,20241218,1.349,1.183,95,before
268904,20241218,1.4084,1.123,103,before
268905,20241218,1.2717,1.183,96,before
268906,20241218,1.2917,1.123,68,before
268907,20241218,1.2995,0.976,71,before
268908,20241218,1.1466,1.002,98,before
268909,20241218,1.2844,1.173,98,before
268910,20241218,1.203,0.906,96,before
268911,20241218,1.2284,0.834,91,before
268912,20241218,1.296,0.837,98,before
268913,20241218,1.232,0.814,96,before
268914,20241218,1.2349,0.864,86,before
268915,20241218,1.2485,0.904,95,before
268916,20241218,1.2616,0.811,106,before
268917,20241218,1.1965,0.839,100,before
268918,20241218,1.2235,0.937,99,before
268919,20241218,1.1575,0.833,101,before
268920,20241218,1.1806,0.871,102,before
268921,20241218,1.1529,0.864,102,before
268922,20241218,1.137,0.816,102,before
268923,20241218,1.1134,0.878,109,before
268925,20241218,1.0742,0.92,102,before
268926,20241218,1.0817,0.956,104,before
268927,20241218,1.0536,0.875,100,before
268928,20241218,1.0336,0.9,106,before
268929,20241218,1.0322,0.864,102,before
269077,20241219,1.3063,0.834,156,before
269078,20241219,1.1316,0.814,100,before
269079,20241219,1.2235,0.773,98,before
269084,20241219,1.8346,1.174,90,before
269086,20241219,1.6616,0.921,96,before
269088,20241219,1.6873,0.996,96,before
269089,20241219,1.634,,96,before
269090,20241219,1.5208,0.877,98,before
269091,20241219,1.4709,,98,before
269092,20241219,1.382,1.194,78,before
269093,20241219,1.3235,,78,before
269094,20241219,1.2839,,78,before
269095,20241219,1.3018,0.904,72,before
269096,20241219,1.2622,,73,before
269097,20241219,1.2308,,72,before
269098,20241219,1.1446,0.898,49,before
269099,20241219,1.2635,0.896,96,before
269100,20241219,1.2465,0.911,96,before
269101,20241219,1.2131,,94,before
269102,20241219,1.1945,,94,before
269103,20241219,1.3389,0.873,104,before
269104,20241219,1.2434,0.862,98,before
269105,20241219,1.2233,,96,before
269106,20241219,1.1854,0.816,98,before
269107,20241219,1.1703,,98,before
269108,20241219,1.1547,0.84,100,before
269109,20241219,1.1446,,98,before
269110,20241219,1.1946,0.792,100,before
269111,20241219,1.1216,0.764,141,before
269281,20241220,1.1064,0.821,107,before
269282,20241220,1.183,0.802,98,before
269288,20241220,1.5994,0.918,98,before
269289,20241220,1.7791,0.932,97,before
269290,20241220,1.7281,0.796,98,before
269291,20241220,1.8358,0.889,96,before
269293,20241220,1.6544,0.868,98,before
269296,20241220,1.4736,0.856,94,before
269297,20241220,1.3745,,94,before
269298,20241220,1.457,0.903,97,before
269299,20241220,1.4158,,95,before
269300,20241220,1.2491,0.793,99,before
269301,20241220,1.2448,0.861,99,before
269302,20241220,1.2159,,99,before
269303,20241220,1.1853,0.823,96,before
269304,20241220,1.1824,0.79,100,before
269305,20241220,1.1933,0.764,100,before
269306,20241220,1.1549,0.761,99,before
269307,20241220,1.1798,0.743,98,before
269308,20241220,1.1562,0.804,97,before
269309,20241220,1.149,0.733,98,before
269310,20241220,1.2181,0.741,98,before
269311,20241220,1.2003,0.724,97,before
269312,20241220,1.1397,0.79,95,before
269313,20241220,1.11,0.777,97,before
269314,20241220,1.0962,0.809,113,before
269315,20241220,1.42,0.835,105,before
269420,20241221,1.2052,0.955,133,before
269421,20241221,1.2111,0.87,131,before
269422,20241221,1.2215,0.843,100,before
269423,20241221,1.4086,0.971,99,before
269424,20241221,1.5291,,97,before
269430,20241221,1.7015,0.849,98,before
269432,20241221,1.6679,0.915,54,before
269433,20241221,1.5872,,54,before
269434,20241221,1.6123,0.804,93,before
269435,20241221,1.5407,0.802,96,before
269436,20241221,1.4501,0.791,69,before
269437,20241221,1.5294,0.915,98,before
269438,20241221,1.3691,0.812,74,before
269439,20241221,1.2272,0.899,99,before
269440,20241221,1.1711,0.867,97,before
269441,20241221,1.1153,0.738,99,before
269444,20241221,1.1288,0.791,97,before
269445,20241221,1.1217,0.819,98,before
269446,20241221,1.1239,0.726,99,before
269447,20241221,1.0902,0.757,99,before
269448,20241221,1.1022,0.834,98,before
269449,20241221,1.1013,0.779,99,before
269450,20241221,1.1072,0.844,96,before
269451,20241221,1.1151,0.852,98,before
269452,20241221,1.0991,0.716,95,before
269453,20241221,1.1085,0.774,99,before
269454,20241221,1.0822,0.752,99,before
269457,20241221,1.0677,0.847,107,before
269565,20241222,1.2442,1.031,109,before
269876,20241223,1.2959,1.02,124,before
269878,20241223,1.3959,1.04,97,before
269879,20241223,1.5182,,96,before
269890,20241223,1.5598,0.915,90,before
269891,20241223,1.5045,,90,before
269892,20241223,1.3928,0.912,95,before
269893,20241223,1.3131,0.872,96,before
269894,20241223,1.2215,0.838,97,before
269895,20241223,1.1869,0.89,95,before
269896,20241223,1.141,0.864,97,before
269897,20241223,1.1201,0.844,97,before
269898,20241223,1.106,0.865,100,before
269899,20241223,1.0946,0.868,100,before
269900,20241223,1.0731,0.872,98,before
269901,20241223,1.0549,0.922,99,before
269902,20241223,1.0441,0.882,97,before
269905,20241223,1.2082,1.002,96,before
269906,20241223,1.0296,0.887,96,before
269907,20241223,1.0268,0.833,96,before
269908,20241223,1.0216,0.986,96,before
269909,20241223,1.0278,0.893,96,before
269910,20241223,1.0154,0.872,100,before
270014,20241224,1.1356,1.153,144,before
270061,20241224,1.4706,1.174,97,before
270062,20241224,1.4433,,96,before
270063,20241224,1.4237,,96,before
270064,20241224,1.4117,,96,before
270065,20241224,1.1423,1.518,95,before
270066,20241224,1.1101,1.76,104,before
270067,20241224,1.0706,1.694,98,before
270068,20241224,1.1014,1.595,99,before
270069,20241224,1.1164,1.525,98,before
270070,20241224,1.1467,1.523,99,before
270071,20241224,1.1054,2.501,100,before
270072,20241224,1.0125,1.696,98,before
270076,20241224,1.0211,1.583,100,before
270185,20241225,1.1861,,110,before
270187,20241225,1.116,1.466,110,before
270188,20241225,1.1026,1.258,99,before
270195,20241225,1.3063,1.312,107,before
270196,20241225,1.3512,1.322,99,before
270197,20241225,1.2996,1.078,99,before
270214,20241225,1.1169,1.021,98,before
270215,20241225,1.0993,0.963,104,before
270216,20241225,1.106,0.961,101,before
270217,20241225,1.0691,0.914,98,before
270269,20241225,1.0301,0.859,107,before
270273,20241225,1.0453,0.97,122,before
270385,20241226,1.1607,1.706,112,before
270386,20241226,1.1614,1.641,110,before
270387,20241226,1.3101,1.803,119,before
270389,20241226,1.1564,1.708,129,before
270391,20241226,1.0783,1.768,99,before
270392,20241226,1.1517,1.687,101,before
270400,20241226,1.2413,1.449,102,before
270401,20241226,1.1927,1.479,126,before
270402,20241226,1.1201,1.587,99,before
270403,20241226,1.24,1.464,98,before
270404,20241226,1.1965,,98,before
270405,20241226,1.1544,1.405,96,before
270406,20241226,1.1752,1.431,99,before
270407,20241226,1.0763,1.202,99,before
270408,20241226,1.1112,1.027,97,before
270409,20241226,1.0779,1.534,96,before
270410,20241226,1.0593,1.286,99,before
270411,20241226,1.0367,,99,before
270412,20241226,1.057,1.113,97,before
270413,20241226,1.0366,,97,before
270416,20241226,1.0322,1.144,105,before
270417,20241226,1.0273,1.178,98,before
270418,20241226,1.0238,1.25,98,before
270419,20241226,1.0405,1.033,97,before
270424,20241226,1.0224,1.002,149,before
270425,20241226,1.0194,1.043,147,before
270527,20241227,1.2567,1.517,142,before
270528,20241227,1.2226,1.338,118,before
270529,20241227,1.1533,1.389,122,before
270541,20241227,1.8565,2.74,103,before
270542,20241227,1.1774,1.421,98,before
270543,20241227,1.3222,1.458,81,before
270544,20241227,1.2809,,82,before
270545,20241227,1.205,1.477,96,before
270546,20241227,1.1742,,95,before
270547,20241227,1.1518,1.052,98,before
270548,20241227,1.1049,1.213,98,before
270549,20241227,1.1042,1.383,97,before
270550,20241227,1.0859,1.285,99,before
270551,20241227,1.1279,1.314,97,before
270552,20241227,1.059,1.308,97,before
270553,20241227,1.0379,1.126,99,before
270554,20241227,1.0304,1.241,96,before
270555,20241227,1.028,1.038,99,before
270556,20241227,1.0128,,98,before
270557,20241227,1.0427,1.17,97,before
270558,20241227,1.0356,1.012,97,before
270559,20241227,1.0484,0.928,96,before
270560,20241227,1.0589,0.826,95,before
270561,20241227,1.0083,0.956,101,before
270562,20241227,1.0066,0.881,117,before
270689,20241228,1.2318,0.843,116,before
270690,20241228,1.1791,0.987,110,before
270691,20241228,1.1712,0.909,111,before
270692,20241228,1.0952,1.051,99,before
270693,20241228,1.0651,,99,before
270694,20241228,1.1867,0.856,95,before
270695,20241228,1.1566,,96,before
270701,20241228,1.1204,0.934,100,before
270702,20241228,1.0713,0.969,101,before
270703,20241228,1.0724,0.904,97,before
270704,20241228,1.0132,1.042,103,before
270705,20241228,1.0131,1.076,100,before
270706,20241228,1.0148,0.993,94,before
270707,20241228,1.0261,0.864,98,before
270708,20241228,1.0414,1.014,96,before
270710,20241228,1.036,0.977,98,before
270711,20241228,1.0195,0.929,97,before
270712,20241228,1.1027,1.083,96,before
270713,20241228,1.0414,1.079,99,before
270714,20241228,1.0457,1.059,98,before
270715,20241228,1.0395,0.941,98,before
270717,20241228,1.0088,0.929,117,before
270826,20241229,1.1178,0.895,113,before
270827,20241229,1.0951,0.912,96,before
270837,20241229,1.643,1.002,96,before
270838,20241229,1.5466,1.067,92,before
270839,20241229,1.4452,0.981,94,before
270840,20241229,1.298,1.074,99,before
270841,20241229,1.2835,0.936,100,before
270842,20241229,1.2358,0.917,99,before
270843,20241229,1.1864,0.833,99,before
270844,20241229,1.1958,1.003,99,before
270845,20241229,1.1713,0.977,94,before
270846,20241229,1.1095,0.915,99,before
270847,20241229,1.1066,0.886,97,before
270848,20241229,1.1111,0.851,98,before
270849,20241229,1.0933,0.834,98,before
270850,20241229,1.0999,0.859,97,before
270851,20241229,1.0663,0.961,97,before
270852,20241229,1.0651,0.909,98,before
270853,20241229,1.0598,0.871,96,before
270854,20241229,1.0424,0.869,99,before
270855,20241229,1.0455,0.832,98,before
270856,20241229,1.0431,0.814,98,before
270857,20241229,1.039,0.904,98,before
270858,20241229,1.0332,0.776,96,before
270859,20241229,1.0334,0.817,98,before
270860,20241229,1.0251,0.827,99,before
270861,20241229,1.0246,0.823,98,before
270862,20241229,1.0565,0.84,99,before
270863,20241229,1.3187,1.088,98,before
270968,20241230,1.2619,0.959,119,before
270969,20241230,1.2717,0.811,105,before
270981,20241230,1.4894,0.842,100,before
270983,20241230,1.473,0.889,88,before
270984,20241230,1.4324,0.853,58,before
270985,20241230,1.343,1.216,97,before
270986,20241230,1.4533,0.87,96,before
270987,20241230,1.2522,0.835,99,before
270988,20241230,1.2022,0.875,98,before
270989,20241230,1.161,0.909,99,before
270990,20241230,1.1563,0.938,99,before
270991,20241230,1.1204,1.22,98,before
270992,20241230,1.0918,1.034,99,before
270993,20241230,1.0957,1.082,97,before
270994,20241230,1.0672,1.131,96,before
270995,20241230,1.0632,0.988,100,before
270996,20241230,1.0365,0.882,96,before
270997,20241230,1.0444,0.804,98,before
270998,20241230,1.0349,0.811,97,before
270999,20241230,1.0362,0.766,98,before
271000,20241230,1.03,0.836,95,before
271001,20241230,1.0318,0.845,99,before
271002,20241230,1.0304,0.852,98,before
271003,20241230,1.0272,0.854,99,before
271004,20241230,1.0206,0.861,98,before
271005,20241230,1.3404,0.83,97,before
271006,20241230,1.0628,0.918,96,before
271007,20241230,1.032,0.838,103,before
271008,20241230,1.0172,0.87,145,before
271009,20241230,1.0107,0.895,152,before
271112,20241231,1.1168,1.05,112,before
271113,20241231,1.0951,1.087,106,before
271114,20241231,1.3782,1.126,98,before
271116,20241231,1.6779,1.178,97,before
271117,20241231,1.7233,,98,before
271118,20241231,1.7823,,98,before
271120,20241231,1.6042,1.143,98,before
271122,20241231,1.6241,1.192,98,before
271123,20241231,1.6892,,99,before
271124,20241231,1.7873,,99,before
271126,20241231,1.5593,1.096,85,before
271127,20241231,1.4831,,83,before
271128,20241231,1.3685,0.855,94,before
271129,20241231,1.3053,,90,before
271130,20241231,1.2186,0.844,98,before
271131,20241231,1.1767,,98,before
271132,20241231,1.1423,,97,before
271133,20241231,1.1354,0.934,96,before
271134,20241231,1.1281,0.868,98,before
271135,20241231,1.0992,0.818,97,before
271136,20241231,1.1019,0.888,98,before
271137,20241231,1.0751,0.96,94,before
271138,20241231,1.0512,0.99,97,before
271139,20241231,1.0277,,98,before
271140,20241231,1.0375,0.833,96,before
271141,20241231,1.0354,0.901,97,before
271142,20241231,1.0275,0.964,96,before
271143,20241231,1.0206,0.895,94,before
271144,20241231,1.0227,0.923,97,before
271145,20241231,1.0425,0.819,98,before
271146,20241231,1.0501,0.839,96,before
271147,20241231,1.0154,0.801,152,before
271148,20241231,1.005,0.755,119,before
271149,20241231,1.0044,0.943,101,before
271253,20250101,1.071,0.924,101,before
271254,20250101,1.0582,0.926,102,before
271255,20250101,1.6787,1.549,98,before
271256,20250101,1.6869,,95,before
271257,20250101,1.7445,1.452,97,before
271258,20250101,1.7813,,90,before
271259,20250101,1.6647,1.424,96,before
271260,20250101,1.7121,,96,before
271263,20250101,1.7929,1.064,100,before
271264,20250101,1.8768,,97,before
271265,20250101,1.5529,0.959,96,before
271266,20250101,1.5217,0.955,97,before
271267,20250101,1.4518,1.007,99,before
271268,20250101,1.3708,0.991,98,before
271269,20250101,1.3195,0.929,96,before
271270,20250101,1.2837,0.864,100,before
271271,20250101,1.2185,0.9,95,before
271272,20250101,1.1959,0.86,98,before
271273,20250101,1.1859,0.862,95,before
271274,20250101,1.1787,0.906,96,before
271275,20250101,1.1615,0.788,98,before
271276,20250101,1.1883,0.743,97,before
271277,20250101,1.0761,0.801,97,before
271278,20250101,1.0759,0.791,96,before
271279,20250101,1.0604,0.89,99,before
271280,20250101,1.0692,0.843,99,before
271281,20250101,1.0437,0.853,98,before
271282,20250101,1.0459,0.769,99,before
271283,20250101,1.0392,0.711,95,before
271284,20250101,1.0396,0.783,92,before
271285,20250101,1.0253,0.832,96,before
271286,20250101,1.0416,0.831,98,before
271287,20250101,1.0305,0.921,96,before
271288,20250101,1.0247,0.783,98,before
271289,20250101,1.0264,0.942,96,before
271290,20250101,1.0237,1.003,99,before
271291,20250101,1.0292,0.841,98,before
271292,20250101,1.0419,0.852,98,before
271293,20250101,1.0274,0.874,97,before
271294,20250101,1.0333,0.913,94,before
271295,20250101,1.0114,0.78,132,before
271296,20250101,1.0053,0.829,143,before
271400,20250102,1.0766,0.779,106,before
271401,20250102,1.0555,0.745,99,before
271402,20250102,1.5943,0.962,97,before
271403,20250102,1.7453,0.958,97,before
271404,20250102,1.7277,0.971,98,before
271406,20250102,1.5916,1.019,97,before
271408,20250102,1.5998,0.917,97,before
271409,20250102,1.7723,1.055,98,before
271410,20250102,1.795,0.918,97,before
271411,20250102,1.6486,0.928,98,before
271412,20250102,1.6118,0.932,99,before
271413,20250102,1.6129,0.911,98,before
271414,20250102,1.6546,1.015,97,before
271415,20250102,1.412,0.858,100,before
271416,20250102,1.4138,0.863,84,before
271417,20250102,1.3426,0.874,76,before
271418,20250102,1.2958,0.87,100,before
271419,20250102,1.432,0.842,95,before
271420,20250102,1.307,0.777,90,before
271421,20250102,1.1827,0.79,97,before
271422,20250102,1.13,0.798,98,before
271423,20250102,1.101,0.776,95,before
271424,20250102,1.0931,0.772,100,before
271425,20250102,1.0917,0.771,99,before
271426,20250102,1.0881,0.848,99,before
271427,20250102,1.0633,0.752,95,before
271428,20250102,1.0545,0.814,99,before
271430,20250102,1.0486,0.803,96,before
271431,20250102,1.047,0.775,100,before
271432,20250102,1.0209,0.86,97,before
271433,20250102,1.0235,0.763,97,before
271434,20250102,1.03,0.774,100,before
271435,20250102,1.0412,0.817,96,before
271436,20250102,1.0325,0.729,182,before
271437,20250102,1.0014,0.877,112,before
271438,20250102,1.0078,0.689,101,before
271560,20250103,1.303,0.869,96,before
271561,20250103,1.2325,,94,before
271618,20250103,1.1169,1.264,295,before
271619,20250103,1.1278,0.887,287,before
271620,20250103,1.085,0.93,99,before
271621,20250103,1.0801,,99,before
271622,20250103,1.0532,1.129,97,before
271623,20250103,1.0367,0.914,108,before
271624,20250103,1.0205,0.89,101,before
271734,20250104,1.59,1.729,110,before
271735,20250104,1.6829,1.943,98,before
271736,20250104,1.6716,,96,before
271738,20250104,1.6733,3.158,99,before
271739,20250104,1.6886,,99,before
271740,20250104,1.5988,1.942,99,before
271741,20250104,1.6326,,99,before
271742,20250104,1.3499,1.499,99,before
271743,20250104,1.4973,1.384,98,before
271744,20250104,1.3813,,97,before
271745,20250104,1.3242,,96,before
271746,20250104,1.3358,1.172,97,before
271747,20250104,1.2304,1.261,93,before
271748,20250104,1.1678,1.141,95,before
271749,20250104,1.1532,1.086,97,before
271750,20250104,1.1129,1.14,98,before
271751,20250104,1.0908,1.129,99,before
271752,20250104,1.0782,1.157,99,before
271753,20250104,1.0747,1.268,97,before
271754,20250104,1.0679,1.276,96,before
271755,20250104,1.0424,,96,before
271756,20250104,1.0506,1.495,97,before
271757,20250104,1.0411,1.29,97,before
271758,20250104,1.0247,1.247,98,before
271759,20250104,1.0212,1.232,100,before
271760,20250104,1.0278,0.986,97,before
271761,20250104,1.0254,1.054,96,before
271762,20250104,1.0264,1.192,96,before
271763,20250104,1.0374,1.085,99,before
271764,20250104,1.0546,1.014,158,before
271870,20250105,1.7877,1.06,98,before
271871,20250105,1.7511,1.113,110,before
271872,20250105,1.84,1.212,98,before
271873,20250105,1.7652,,96,before
271874,20250105,1.7435,,97,before
271875,20250105,1.6238,1.096,97,before
271876,20250105,1.6307,,95,before
271878,20250105,1.5998,0.978,98,before
271879,20250105,1.633,,96,before
271880,20250105,1.6019,0.996,99,before
271881,20250105,1.6404,,94,before
271882,20250105,1.4795,0.899,94,before
271883,20250105,1.3718,1.099,98,before
271884,20250105,1.3402,0.859,98,before
271885,20250105,1.3806,0.907,84,before
271886,20250105,1.3421,,84,before
271887,20250105,1.2696,1.218,88,before
271888,20250105,1.2168,1.026,98,before
271889,20250105,1.0852,0.905,99,before
271890,20250105,1.0849,1.08,98,before
271891,20250105,1.0614,0.926,100,before
271892,20250105,1.0643,0.942,99,before
271893,20250105,1.0451,0.913,97,before
271894,20250105,1.0433,0.951,98,before
271895,20250105,1.0443,0.865,99,before
271896,20250105,1.0496,0.992,98,before
271897,20250105,1.0366,0.921,99,before
271898,20250105,1.0264,0.904,96,before
271899,20250105,1.0266,0.815,96,before
271900,20250105,1.0154,0.91,97,before
271901,20250105,1.0167,0.907,97,before
271902,20250105,1.0331,0.849,98,before
271903,20250105,1.0538,0.875,100,before
271904,20250105,1.0301,0.818,97,before
271905,20250105,1.0533,0.837,97,before
271906,20250105,1.0096,0.755,99,before
271908,20250105,1.0121,0.81,155,before
272012,20250106,1.9035,1.446,92,before
272014,20250106,1.7426,1.958,101,before
272015,20250106,1.6757,,100,before
272017,20250106,1.6518,1.697,100,before
272018,20250106,1.5704,1.516,99,before
272047,20250106,1.1157,1.032,97,before
272048,20250106,1.1137,0.947,98,before
272884,20250110,1.1436,1.157,104,before
272889,20250110,1.2536,1.22,94,before
272890,20250110,1.3615,,92,before
272900,20250110,1.2547,1.191,119,before
272921,20250110,1.0285,1.19,97,before
272929,20250110,1.0131,1.315,131,before
272930,20250110,1.0039,1.145,108,before
272931,20250110,1.0067,1.132,110,before
272932,20250110,1.0042,1.271,99,before
272933,20250110,1.0067,1.204,96,before
272934,20250110,1.0418,1.029,95,before
272935,20250110,1.0402,1.106,134,before
273040,20250111,1.3116,1.356,97,before
273041,20250111,1.3519,,95,before
273042,20250111,1.3405,0.997,110,before
273043,20250111,1.3724,,110,before
273044,20250111,1.4699,1.259,115,before
273045,20250111,1.538,,113,before
273059,20250111,1.331,1.64,146,before
273060,20250111,1.2769,,147,before
273061,20250111,1.1027,1.058,101,before
273062,20250111,1.1007,1.077,99,before
273063,20250111,1.0558,1.064,104,before
273064,20250111,1.0879,1.249,99,before
273065,20250111,1.1663,1.11,98,before
273067,20250111,1.0668,1.174,97,before
273068,20250111,1.0347,1.064,98,before
273069,20250111,1.0286,1.061,101,before
273070,20250111,1.0337,1.019,103,before
273071,20250111,1.04,1.119,138,before
273072,20250111,1.0254,1.029,136,before
273073,20250111,1.0048,0.993,101,before
273074,20250111,1.0008,1.39,97,before
273075,20250111,1.0239,1.051,100,before
273076,20250111,1.0401,1.133,111,before
273078,20250111,1.0963,1.114,160,before
273214,20250112,1.3883,1.148,141,before
273216,20250112,1.2908,,139,before
273217,20250112,1.2591,1.496,158,before
273218,20250112,1.2402,,158,before
273219,20250112,1.2377,,157,before
273343,20250113,1.5129,1.239,116,before
273344,20250113,1.5614,,113,before
273345,20250113,1.1683,0.942,107,before
273348,20250113,1.2465,1.118,95,before
273349,20250113,1.3242,,98,before
273365,20250113,1.1997,1.128,100,before
273366,20250113,1.1495,,99,before
273367,20250113,1.139,0.929,116,before
273368,20250113,1.103,,116,before
273518,20250114,1.2072,1.039,96,before
273522,20250114,1.7391,1.036,101,before
273523,20250114,1.8295,,93,before
273524,20250114,1.5398,1.16,101,before
273525,20250114,1.4642,,100,before
273530,20250114,1.2624,0.979,97,before
273531,20250114,1.212,,96,before
273533,20250114,1.1309,0.991,95,before
273534,20250114,1.1297,0.966,108,before
273535,20250114,1.1268,0.878,104,before
273536,20250114,1.3091,0.945,188,before
273537,20250114,1.2322,0.974,211,before
273538,20250114,1.2366,0.942,221,before
273539,20250114,1.205,0.908,249,before
273540,20250114,1.1769,0.967,270,before
273541,20250114,1.2769,1.336,105,before
273542,20250114,1.2517,0.997,109,before
273662,20250115,1.3392,1.179,118,before
273663,20250115,1.371,,119,before
273664,20250115,1.4352,1.211,113,before
273667,20250115,1.2014,1.068,101,before
273678,20250115,1.7413,1.313,95,before
273686,20250115,1.3895,1.023,99,before
273687,20250115,1.2937,1.099,100,before
273688,20250115,1.3095,1.086,102,before
273689,20250115,1.2162,1.04,122,before
273690,20250115,1.1336,0.842,124,before
273691,20250115,1.1242,0.813,114,before
273692,20250115,1.0872,0.839,112,before
273693,20250115,1.0708,0.914,121,before
273694,20250115,1.3497,0.961,220,before
273695,20250115,1.2807,1.08,259,before
273696,20250115,1.1792,1.026,242,before
273697,20250115,1.0982,0.945,142,before
273698,20250115,1.099,1.119,149,before
273699,20250115,1.1484,1.12,242,before
273700,20250115,1.1898,1.377,259,before
274052,20250117,1.2135,1.424,98,before
274054,20250117,1.2408,1.437,110,before
274055,20250117,1.226,1.122,106,before
274060,20250117,1.6248,1.681,100,before
274061,20250117,1.6906,,98,before
274064,20250117,1.2913,0.91,96,before
274065,20250117,1.2405,,92,before
274066,20250117,1.1943,0.944,98,before
274067,20250117,1.1559,,97,before
274068,20250117,1.1343,0.934,99,before
274069,20250117,1.1036,,98,before
274071,20250117,1.1947,1.119,100,before
274072,20250117,1.1115,1.076,98,before
274073,20250117,1.1071,1.016,103,before
274074,20250117,1.1373,1.088,99,before
274075,20250117,1.1072,1.018,102,before
274076,20250117,1.1321,0.989,95,before
274077,20250117,1.1011,1.027,100,before
274078,20250117,1.1028,1.044,102,before
274079,20250117,1.1538,1.01,97,before
274080,20250117,1.0668,1.118,100,before
274081,20250117,1.1119,1.167,101,before
274082,20250117,1.1035,1.024,102,before
274083,20250117,1.1855,1.177,107,before
274084,20250117,1.2615,1.035,101,before
274085,20250117,1.1908,1.221,100,before
274086,20250117,1.1061,1.108,106,before
274087,20250117,1.1234,1.062,107,before
274088,20250117,1.2034,1.056,109,before
274089,20250117,1.0684,1.199,116,before
274090,20250117,1.0554,0.959,109,before
274091,20250117,1.079,0.895,112,before
274092,20250117,1.0617,0.899,109,before
274093,20250117,1.0301,1.022,148,before
274095,20250117,1.0377,1.046,140,before
274096,20250117,1.2565,1.155,102,before
274240,20250118,1.4714,0.971,112,before
274241,20250118,1.4982,1.1,117,before
274242,20250118,1.7075,1.109,98,before
274243,20250118,1.7513,,98,before
274244,20250118,1.8141,,98,before
274246,20250118,1.2931,1.258,96,before
274247,20250118,1.4018,1.004,100,before
274249,20250118,1.6782,1.303,98,before
274250,20250118,1.7504,,99,before
274253,20250118,1.2857,1.248,95,before
274254,20250118,1.2306,,95,before
274255,20250118,1.2026,0.898,99,before
274256,20250118,1.1412,0.923,97,before
274257,20250118,1.1111,,95,before
274258,20250118,1.1125,0.833,98,before
274259,20250118,1.0833,,98,before
274260,20250118,1.081,0.956,100,before
274261,20250118,1.0554,,100,before
274262,20250118,1.0749,0.921,99,before
274263,20250118,1.0566,,98,before
274264,20250118,1.0637,0.886,96,before
274265,20250118,1.0488,,95,before
274266,20250118,1.0226,1.07,98,before
274267,20250118,1.0292,1.03,98,before
274268,20250118,1.0276,1.08,102,before
274269,20250118,1.049,0.946,112,before
274270,20250118,1.0427,0.943,101,before
274271,20250118,1.0586,1.101,103,before
274272,20250118,1.0691,0.939,108,before
274273,20250118,1.0708,1.02,108,before
274275,20250118,1.0592,0.882,114,before
274276,20250118,1.1396,0.909,113,before
274277,20250118,1.0555,0.868,96,before
274278,20250118,1.0502,,96,before
274279,20250118,1.0341,0.832,98,before
274280,20250118,1.0293,,98,before
274281,20250118,1.2959,0.988,101,before
274282,20250118,1.022,0.882,129,before
274425,20250119,1.1871,1.168,101,before
274426,20250119,1.6665,1.366,98,before
274427,20250119,1.718,,97,before
274428,20250119,1.7022,1.023,93,before
274430,20250119,1.6979,1.119,97,before
274431,20250119,1.7784,,96,before
274433,20250119,1.6883,1.087,99,before
274434,20250119,1.8192,1.243,97,before
274435,20250119,1.8845,,93,before
274436,20250119,1.4968,0.965,97,before
274437,20250119,1.4381,0.85,87,before
274438,20250119,1.347,0.968,98,before
274439,20250119,1.3086,0.925,96,before
274440,20250119,1.3872,0.966,85,before
274441,20250119,1.2034,0.986,100,before
274442,20250119,1.1653,,100,before
274443,20250119,1.1692,0.903,96,before
274444,20250119,1.0986,1.0,96,before
274445,20250119,1.0883,1.127,97,before
274446,20250119,1.0641,,95,before
274447,20250119,1.0579,1.254,96,before
274448,20250119,1.038,,97,before
274449,20250119,1.0518,1.164,98,before
274450,20250119,1.0327,,96,before
274451,20250119,1.0392,0.977,97,before
274452,20250119,1.0239,,97,before
274453,20250119,1.0147,0.914,101,before
274454,20250119,1.0369,0.934,98,before
274455,20250119,1.0315,0.925,99,before
274456,20250119,1.0271,0.978,97,before
274457,20250119,1.0261,0.934,98,before
274458,20250119,1.0146,0.928,98,before
274459,20250119,1.014,1.338,153,before
274585,20250120,1.1768,1.714,107,before
274586,20250120,1.2977,1.567,100,before
274589,20250120,1.6379,1.776,100,before
274601,20250120,1.2133,3.152,105,before
274602,20250120,1.1799,,106,before
274603,20250120,1.1942,2.706,125,before
274761,20250121,1.1748,1.471,101,before
274770,20250121,1.7017,1.871,98,before
274771,20250121,1.7863,,96,before
274772,20250121,1.8738,,95,before
274775,20250121,1.1702,1.971,96,before
274776,20250121,1.1142,1.233,98,before
274777,20250121,1.2344,1.72,118,before
274778,20250121,1.2682,1.307,95,before
274779,20250121,1.2296,,93,before
274780,20250121,1.1599,1.576,145,before
274781,20250121,1.1865,1.83,130,before
274782,20250121,1.1924,1.109,161,before
274783,20250121,1.1278,1.072,98,before
274784,20250121,1.1075,1.367,97,before
274785,20250121,1.0884,,97,before
274786,20250121,1.0714,1.14,95,before
274787,20250121,1.0727,1.109,99,before
274788,20250121,1.039,1.137,99,before
274789,20250121,1.0281,,98,before
274790,20250121,1.0028,1.402,104,before
274791,20250121,1.0182,1.392,97,before
274792,20250121,1.0042,1.235,100,before
274793,20250121,1.0002,1.105,99,before
274794,20250121,1.0037,1.193,118,before
274795,20250121,1.0046,1.164,157,before
274796,20250121,1.0045,1.27,160,before
274797,20250121,1.0002,1.161,128,before
274798,20250121,1.0019,0.927,136,before
274799,20250121,1.0014,1.132,137,before
274800,20250121,1.0068,1.339,117,before
274801,20250121,1.0109,1.01,98,before
274802,20250121,1.0171,1.045,98,before
274803,20250121,1.0234,1.055,129,before
274804,20250121,1.0133,1.069,139,before
275023,20250122,1.0247,1.142,98,before
275182,20250123,1.1957,2.103,100,before
275183,20250123,1.1895,2.247,113,before
275184,20250123,1.2812,,110,before
275186,20250123,1.4108,2.326,104,before
275196,20250123,1.0101,1.988,111,before
275197,20250123,1.1094,1.612,126,before
275198,20250123,1.1157,,126,before
275199,20250123,1.1844,1.918,136,before
275200,20250123,1.1598,1.754,179,before
275201,20250123,1.0085,2.247,98,before
275202,20250123,1.0003,1.773,101,before
275205,20250123,1.2916,2.386,190,before
275206,20250123,1.2547,1.395,223,before
275207,20250123,1.3091,1.344,135,before
275208,20250123,1.1856,1.52,200,before
275209,20250123,1.1934,1.735,225,before
275210,20250123,1.1309,1.478,223,before
275211,20250123,1.1342,1.385,240,before
275212,20250123,1.1081,1.316,222,before
275213,20250123,1.112,1.368,250,before
275214,20250123,1.0682,1.333,213,before
275639,20250125,1.2288,1.313,106,before
275642,20250125,1.4446,1.451,99,before
275646,20250125,1.5684,1.236,98,before
275832,20250126,1.1684,1.222,101,before
275833,20250126,1.265,1.245,107,before
275834,20250126,1.6733,1.447,111,before
275835,20250126,1.7739,1.769,114,before
275837,20250126,1.5494,1.778,102,before
275842,20250126,1.2394,1.81,118,before
275843,20250126,1.1549,1.558,92,before
275844,20250126,1.4766,2.143,98,before
275846,20250126,1.3744,1.965,98,before
275847,20250126,1.3047,,98,before
275848,20250126,1.2406,,98,before
275849,20250126,1.2642,1.88,98,before
275850,20250126,1.2333,,98,before
275851,20250126,1.1754,1.507,99,before
275852,20250126,1.1515,,98,before
275853,20250126,1.1346,,97,before
275854,20250126,1.0042,1.334,116,before
275855,20250126,1.0388,1.846,171,before
275856,20250126,1.1706,1.866,168,before
275857,20250126,1.1854,1.787,201,before
275858,20250126,1.19,1.703,176,before
275859,20250126,1.1863,,176,before
275861,20250126,1.005,1.218,101,before
275862,20250126,1.0079,1.463,118,before
275863,20250126,1.0052,1.892,126,before
275864,20250126,1.0036,1.6,152,before
275865,20250126,1.0118,1.615,125,before
275866,20250126,1.0146,1.385,130,before
275867,20250126,1.0093,1.815,144,before
275972,20250127,1.5671,1.978,116,before
275973,20250127,1.7582,1.483,131,before
275975,20250127,1.3904,1.86,102,before
275976,20250127,1.5162,2.389,102,before
276608,20250130,1.2573,1.023,101,before
276610,20250130,1.7847,1.048,97,before
276611,20250130,1.7176,1.018,99,before
276616,20250130,1.7262,1.221,95,before
276617,20250130,1.2796,0.783,96,before
276618,20250130,1.3683,0.731,97,before
276619,20250130,1.3227,0.732,96,before
276620,20250130,1.2021,0.776,99,before
276621,20250130,1.2352,0.802,99,before
276622,20250130,1.2335,0.76,97,before
276623,20250130,1.3327,0.77,98,before
276624,20250130,1.1013,0.778,97,before
276625,20250130,1.2618,0.742,99,before
276626,20250130,1.2097,0.809,98,before
276627,20250130,1.1642,0.807,97,before
276628,20250130,1.1131,0.74,95,before
276629,20250130,1.0631,0.709,96,before
276630,20250130,1.0526,0.777,97,before
276631,20250130,1.0387,0.791,99,before
276632,20250130,1.0561,0.87,98,before
276633,20250130,1.0248,1.318,94,before
276634,20250130,1.0274,0.928,96,before
276635,20250130,1.0303,1.132,95,before
276636,20250130,1.0202,,97,before
276637,20250130,1.0644,1.394,96,before
276638,20250130,1.0427,1.181,97,before
276639,20250130,1.0232,1.417,96,before
276640,20250130,1.0176,,95,before
276641,20250130,1.013,1.012,98,before
276642,20250130,1.0109,0.967,131,before
276643,20250130,1.1964,1.711,274,before
276750,20250131,1.6431,1.181,102,before
276751,20250131,1.7267,1.055,96,before
276752,20250131,1.758,,95,before
276757,20250131,1.2169,1.118,98,before
276758,20250131,1.1855,1.308,109,before
276759,20250131,1.1607,1.357,106,before
276760,20250131,1.1782,1.436,120,before
276761,20250131,1.1298,,119,before
276762,20250131,1.1458,1.091,104,before
276763,20250131,1.1566,1.287,138,before
276764,20250131,1.5076,1.483,99,before
276765,20250131,1.4511,,98,before
276766,20250131,1.4112,,96,before
276783,20250131,1.3094,1.284,226,before
276940,20250201,1.7398,1.118,98,before
276941,20250201,1.7098,1.112,97,before
276942,20250201,1.7165,,97,before
276943,20250201,1.6249,1.577,98,before
276944,20250201,1.6571,,92,before
276946,20250201,1.7207,1.432,98,before
276947,20250201,1.7625,,97,before
276948,20250201,1.8812,0.968,96,before
276949,20250201,1.5995,0.86,98,before
276950,20250201,1.4963,0.885,97,before
276951,20250201,1.4462,0.925,100,before
276952,20250201,1.4213,0.806,99,before
276953,20250201,1.3879,0.831,98,before
276954,20250201,1.3334,0.849,100,before
276955,20250201,1.2816,1.076,96,before
276956,20250201,1.242,0.789,97,before
276957,20250201,1.1839,0.816,99,before
276958,20250201,1.1666,0.905,96,before
276959,20250201,1.131,0.858,96,before
276960,20250201,1.1108,1.048,84,before
276961,20250201,1.1467,0.997,98,before
276962,20250201,1.2531,0.842,99,before
276963,20250201,1.1989,0.862,95,before
276964,20250201,1.0232,1.059,100,before
276965,20250201,1.0234,1.067,97,before
276966,20250201,1.0312,1.114,99,before
276967,20250201,1.0267,0.988,97,before
276968,20250201,1.0178,1.055,98,before
276969,20250201,1.0077,0.919,98,before
276970,20250201,1.0037,0.861,98,before
276971,20250201,1.0097,0.914,99,before
276972,20250201,1.0287,0.866,97,before
276973,20250201,1.0311,0.846,98,before
276974,20250201,1.0797,0.917,256,before
277079,20250202,1.7527,1.333,98,before
277080,20250202,1.708,1.054,99,before
277081,20250202,1.7006,,98,before
277087,20250202,1.7913,1.128,99,before
277089,20250202,1.5864,0.887,97,before
277090,20250202,1.6506,0.816,99,before
277091,20250202,1.5038,0.864,96,before
277093,20250202,1.5955,0.911,100,before
277094,20250202,1.5462,0.934,96,before
277095,20250202,1.4202,,95,before
277096,20250202,1.4052,0.933,98,before
277097,20250202,1.3217,0.893,96,before
277098,20250202,1.2955,0.998,100,before
277099,20250202,1.3581,0.792,97,before
277100,20250202,1.2377,0.762,94,before
277101,20250202,1.1392,0.729,99,before
277102,20250202,1.0615,0.922,99,before
277103,20250202,1.0447,0.826,97,before
277104,20250202,1.0191,0.781,95,before
277105,20250202,1.0207,0.87,98,before
277106,20250202,1.0128,0.904,99,before
277107,20250202,1.0074,0.912,100,before
277108,20250202,1.0019,0.917,99,before
277109,20250202,1.3127,1.023,99,before
277110,20250202,1.0197,0.892,96,before
277111,20250202,1.0194,0.906,100,before
277112,20250202,1.1165,0.932,249,before
277217,20250203,1.6092,0.938,98,before
277218,20250203,1.5972,,96,before
277227,20250203,1.1425,0.871,105,before
277228,20250203,1.4413,0.816,98,before
277229,20250203,1.504,0.844,83,before
277233,20250203,1.4989,1.101,95,before
277234,20250203,1.409,0.982,100,before
277235,20250203,1.3232,,99,before
277236,20250203,1.2633,,98,before
277237,20250203,1.2055,1.088,99,before
277238,20250203,1.2891,1.0,97,before
277239,20250203,1.1916,1.07,94,before
277240,20250203,1.1146,0.896,97,before
277241,20250203,1.1207,0.855,99,before
277242,20250203,1.1684,0.873,100,before
277243,20250203,1.2699,0.887,98,before
277244,20250203,1.0954,1.108,98,before
277246,20250203,1.0372,1.272,97,before
277247,20250203,1.0258,,96,before
277358,20250204,1.9281,1.199,97,before
277359,20250204,1.8412,,96,before
277369,20250204,1.1838,1.232,110,before
277370,20250204,1.6842,1.134,97,before
277371,20250204,1.5703,1.24,89,before
277372,20250204,1.5312,,87,before
277375,20250204,1.4832,1.119,94,before
277376,20250204,1.4471,1.278,98,before
277377,20250204,1.3213,1.316,99,before
277378,20250204,1.2916,1.035,97,before
277379,20250204,1.38,0.919,96,before
277380,20250204,1.1889,1.083,96,before
277381,20250204,1.2012,1.056,99,before
277382,20250204,1.226,1.082,96,before
277383,20250204,1.2597,1.094,97,before
277384,20250204,1.1079,0.884,98,before
277385,20250204,1.0492,0.896,98,before
277386,20250204,1.066,0.901,98,before
277387,20250204,1.039,0.915,96,before
277388,20250204,1.0349,0.908,100,before
277389,20250204,1.0113,0.902,98,before
277390,20250204,1.0176,0.933,99,before
277391,20250204,1.0086,0.795,98,before
277392,20250204,1.0266,0.806,203,before
277393,20250204,1.0125,0.866,194,before
277497,20250205,1.968,1.317,115,before
277499,20250205,1.6305,1.402,125,before
277500,20250205,1.3742,1.004,95,before
277501,20250205,1.7612,1.119,97,before
277502,20250205,1.7655,0.922,98,before
277507,20250205,1.1425,0.999,112,before
277508,20250205,1.0957,1.025,104,before
277509,20250205,1.6593,0.898,95,before
277510,20250205,1.5941,,93,before
277511,20250205,1.6304,0.839,97,before
277512,20250205,1.589,,95,before
277513,20250205,1.6178,0.94,98,before
277514,20250205,1.5864,,97,before
277515,20250205,1.7993,1.093,97,before
277516,20250205,1.6588,,96,before
277517,20250205,1.5556,,95,before
277518,20250205,1.5022,1.112,98,before
277519,20250205,1.4255,1.091,96,before
277520,20250205,1.3294,1.024,96,before
277521,20250205,1.4072,0.938,97,before
277522,20250205,1.2809,0.888,98,before
277523,20250205,1.2205,0.856,97,before
277524,20250205,1.2892,0.848,96,before
277525,20250205,1.1431,0.939,98,before
277526,20250205,1.1186,0.847,100,before
277527,20250205,1.128,0.799,100,before
277528,20250205,1.1244,0.823,96,before
277529,20250205,1.1761,0.946,98,before
277530,20250205,1.0641,0.817,99,before
277531,20250205,1.0367,0.835,97,before
277532,20250205,1.0176,0.826,96,before
277533,20250205,1.0258,1.155,98,before
277534,20250205,1.1736,1.218,275,before
277638,20250206,1.7073,1.173,101,before
277639,20250206,1.8189,1.006,101,before
277644,20250206,1.1448,0.933,125,before
277645,20250206,1.1441,1.135,113,before
277646,20250206,1.2739,1.263,124,before
277647,20250206,1.2951,1.283,156,before
277648,20250206,1.2127,1.2,163,before
277649,20250206,1.1276,1.247,128,before
277650,20250206,1.128,1.245,128,before
277651,20250206,1.1492,0.947,112,before
277652,20250206,1.1557,1.133,111,before
277657,20250206,1.1454,0.943,179,before
277658,20250206,1.5883,1.028,98,before
277659,20250206,1.5177,,97,before
277660,20250206,1.384,1.24,98,before
277661,20250206,1.3172,,98,before
277663,20250206,1.2308,1.179,93,before
277665,20250206,1.1646,1.234,96,before
277666,20250206,1.1361,1.03,98,before
277667,20250206,1.0823,0.962,97,before
277668,20250206,1.1984,0.845,96,before
277669,20250206,1.1524,0.894,97,before
277670,20250206,1.1006,0.926,97,before
277671,20250206,1.0828,0.872,252,before
277779,20250207,1.3226,1.085,101,before
277780,20250207,1.2461,1.034,105,before
277781,20250207,1.2006,0.894,101,before
277782,20250207,1.2013,0.887,99,before
277783,20250207,1.1213,0.916,98,before
277784,20250207,1.1313,0.868,97,before
277785,20250207,1.1308,0.941,96,before
277786,20250207,1.0741,0.925,119,before
277787,20250207,1.103,0.855,118,before
277788,20250207,1.1246,0.855,125,before
277789,20250207,1.1294,0.93,126,before
277790,20250207,1.1745,0.947,139,before
277791,20250207,1.1505,0.96,117,before
277792,20250207,1.0434,0.856,87,before
277793,20250207,1.0267,,87,before
277794,20250207,1.0404,0.866,99,before
277795,20250207,1.0365,0.835,96,before
277796,20250207,1.0462,0.91,99,before
277797,20250207,1.0342,0.938,100,before
277798,20250207,1.0292,0.777,97,before
277799,20250207,1.0283,0.893,99,before
277800,20250207,1.0158,0.768,96,before
277801,20250207,1.0174,0.828,99,before
277802,20250207,1.023,0.911,100,before
277803,20250207,1.0378,0.865,98,before
277804,20250207,1.1256,0.895,98,before
277805,20250207,1.0855,0.812,99,before
277806,20250207,1.0542,0.887,95,before
277807,20250207,1.0317,0.894,99,before
277808,20250207,1.2012,0.86,114,before
277928,20250208,1.3453,0.832,141,before
277929,20250208,1.2904,,139,before
277930,20250208,1.3013,0.849,159,before
277931,20250208,1.2776,,159,before
277934,20250208,1.2932,0.94,136,before
277935,20250208,1.283,,136,before
277936,20250208,1.0911,0.902,97,before
277937,20250208,1.0849,1.099,104,before
277938,20250208,1.0676,0.971,119,before
277939,20250208,1.0382,0.914,107,before
277940,20250208,1.0232,,104,before
277942,20250208,1.0062,0.942,101,before
277943,20250208,1.0292,0.86,97,before
277944,20250208,1.0335,0.812,98,before
277945,20250208,1.3162,0.927,226,before
277946,20250208,1.2166,0.905,241,before
277947,20250208,1.2197,0.901,228,before
277948,20250208,1.2253,0.947,243,before
277949,20250208,1.1509,0.898,99,before
277950,20250208,1.3116,0.842,96,before
277951,20250208,1.2883,,94,before
277952,20250208,1.2371,0.836,99,before
277953,20250208,1.1348,0.948,97,before
277954,20250208,1.0861,0.982,98,before
277955,20250208,1.2013,1.024,105,before
278995,20250212,1.2669,1.043,101,before
278996,20250212,1.1948,0.923,104,before
278997,20250212,1.1781,1.014,290,before
279628,20250215,1.8229,1.387,91,before
279631,20250215,1.2891,1.081,87,before
279632,20250215,1.2491,,86,before
279646,20250215,1.0504,0.998,114,before
279647,20250215,1.051,0.992,110,before
279648,20250215,1.0545,0.949,112,before
279649,20250215,1.0356,0.867,110,before
279650,20250215,1.0194,0.857,106,before
279651,20250215,1.0086,0.817,112,before
279652,20250215,1.0062,0.975,116,before
279653,20250215,1.0068,0.83,97,before
279656,20250215,1.01,1.036,97,before
279657,20250215,1.0174,0.906,98,before
279658,20250215,1.0261,0.823,98,before
279660,20250215,1.0183,1.377,104,before
279661,20250215,1.0816,1.224,114,before
279662,20250215,1.0183,1.237,104,before
279663,20250215,1.0639,1.117,124,before
279664,20250215,1.0427,,122,before
279674,20250215,1.0019,,190,before
279803,20250216,1.0231,0.839,115,before
279804,20250216,1.0224,1.069,123,before
279805,20250216,1.0158,0.985,158,before
279806,20250216,1.014,1.137,147,before
279808,20250216,1.0077,0.876,166,before
279809,20250216,1.0063,0.975,166,before
279810,20250216,1.0179,1.097,192,before
279914,20250217,1.8656,1.573,87,before
279920,20250217,1.1371,1.51,113,before
279922,20250217,1.2338,1.379,95,before
279929,20250217,1.0715,1.143,102,before
279930,20250217,1.0942,1.272,120,before
279931,20250217,1.2135,1.367,138,before
279942,20250217,1.0304,1.263,115,before
279943,20250217,1.1209,1.215,123,before
279944,20250217,1.0957,1.206,128,before
279945,20250217,1.0731,1.6,146,before
279952,20250217,1.0247,0.935,161,before
279953,20250217,1.0028,0.998,165,before
279954,20250217,1.005,0.978,130,before
279955,20250217,1.0056,0.942,133,before
279956,20250217,1.0055,1.434,158,before
279957,20250217,1.0037,1.145,194,before
279958,20250217,1.005,1.283,216,before
280073,20250218,1.2736,1.134,94,before
280075,20250218,1.1467,1.191,97,before
280076,20250218,1.1316,1.224,98,before
280077,20250218,1.095,0.987,99,before
280078,20250218,1.083,1.139,98,before
280079,20250218,1.077,0.959,99,before
280080,20250218,1.0754,1.05,98,before
280081,20250218,1.0585,0.846,98,before
280082,20250218,1.0584,0.972,98,before
280083,20250218,1.048,1.008,97,before
280084,20250218,1.0427,1.042,98,before
280085,20250218,1.0352,0.998,96,before
280086,20250218,1.0242,1.053,99,before
280087,20250218,1.0242,0.906,97,before
280088,20250218,1.0196,1.155,96,before
280089,20250218,1.0257,0.887,99,before
280092,20250218,1.025,1.138,95,before
280093,20250218,1.0169,,94,before
280095,20250218,1.0075,0.852,98,before
280096,20250218,1.0012,0.858,98,before
280097,20250218,1.0014,0.86,97,before
280099,20250218,1.0141,,95,before
280100,20250218,1.0065,0.755,214,before
280102,20250218,1.0005,0.836,194,before
280206,20250219,1.8419,1.136,126,before
280211,20250219,1.1783,1.35,95,before
280212,20250219,1.3503,1.122,97,before
280213,20250219,1.2927,,98,before
280214,20250219,1.2424,,98,before
280215,20250219,1.2163,1.814,99,before
280216,20250219,1.1788,,98,before
280219,20250219,1.0961,1.002,95,before
280220,20250219,1.1009,1.016,99,before
280221,20250219,1.0916,0.96,98,before
280222,20250219,1.1031,0.841,98,before
280223,20250219,1.0929,0.837,98,before
280224,20250219,1.0867,1.026,96,before
280225,20250219,1.0513,0.959,98,before
280226,20250219,1.042,0.922,97,before
280227,20250219,1.0517,0.842,97,before
280228,20250219,1.037,0.804,99,before
280229,20250219,1.0313,0.917,99,before
280230,20250219,1.0224,0.782,99,before
280231,20250219,1.0291,0.765,99,before
280232,20250219,1.0427,0.812,99,before
280233,20250219,1.0381,0.773,99,before
280237,20250219,1.0106,0.907,98,before
280238,20250219,1.0019,0.771,100,before
280239,20250219,1.0032,0.776,99,before
280240,20250219,1.0136,0.86,98,before
280241,20250219,1.0176,0.776,100,before
280242,20250219,1.0114,0.8,99,before
280243,20250219,1.0075,0.783,99,before
280357,20250220,1.2279,1.052,100,before
280358,20250220,1.3401,1.0,96,before
280361,20250220,1.09,0.964,110,before
280362,20250220,1.0836,0.957,102,before
280363,20250220,1.2578,1.004,98,before
280364,20250220,1.2242,,96,before
280365,20250220,1.2441,0.986,91,before
280366,20250220,1.2221,,90,before
280367,20250220,1.2088,,90,before
280368,20250220,1.154,0.881,99,before
280369,20250220,1.1413,0.904,96,before
280370,20250220,1.1157,0.942,95,before
280371,20250220,1.066,0.987,99,before
280372,20250220,1.0893,1.069,98,before
280373,20250220,1.0917,1.023,97,before
280374,20250220,1.083,,96,before
280375,20250220,1.0449,0.846,98,before
280376,20250220,1.036,0.919,99,before
280377,20250220,1.0405,0.932,97,before
280378,20250220,1.0226,0.844,97,before
280379,20250220,1.0158,0.806,98,before
280380,20250220,1.013,0.822,100,before
280381,20250220,1.0137,0.811,95,before
280382,20250220,1.024,0.807,99,before
280383,20250220,1.0152,0.864,98,before
280384,20250220,1.0348,1.089,100,before
280385,20250220,1.0348,1.008,98,before
280386,20250220,1.0061,0.862,96,before
280387,20250220,1.0161,0.848,99,before
280388,20250220,1.0267,0.881,97,before
280389,20250220,1.0037,0.956,99,before
280390,20250220,1.0053,0.95,100,before
280391,20250220,1.0003,0.865,190,before
280392,20250220,1.0063,0.946,157,before
280496,20250221,1.9037,1.405,100,before
280497,20250221,1.4468,1.199,93,before
280498,20250221,1.4465,1.033,96,before
280499,20250221,1.3516,1.04,97,before
280500,20250221,1.3059,0.981,100,before
280502,20250221,1.3318,1.001,85,before
280503,20250221,1.2427,0.961,99,before
280504,20250221,1.1024,0.986,97,before
280505,20250221,1.091,1.039,99,before
280506,20250221,1.081,0.935,99,before
280507,20250221,1.0892,0.903,97,before
280508,20250221,1.0763,0.867,98,before
280509,20250221,1.0774,0.8,98,before
280510,20250221,1.0488,0.859,98,before
280511,20250221,1.0659,0.922,100,before
280512,20250221,1.0518,1.077,96,before
280513,20250221,1.0577,0.941,94,before
280514,20250221,1.0302,1.422,95,before
280515,20250221,1.0158,,95,before
280517,20250221,1.0172,1.166,126,before
280518,20250221,1.0367,0.992,99,before
280519,20250221,1.0295,1.089,100,before
280520,20250221,1.0219,1.227,95,before
280522,20250221,1.0426,1.224,104,before
280523,20250221,1.0065,1.089,146,before
280524,20250221,1.0045,1.257,100,before
280525,20250221,1.0123,1.143,97,before
280526,20250221,1.011,1.612,98,before
280527,20250221,1.0094,,97,before
280528,20250221,1.0209,1.097,99,before
280529,20250221,1.0241,,98,before
280530,20250221,1.0027,1.298,99,before
280531,20250221,1.0309,1.332,271,before
280634,20250222,1.7854,1.322,109,before
280635,20250222,1.7433,1.327,99,before
280636,20250222,1.4964,0.901,98,before
280637,20250222,1.3801,0.956,97,before
280638,20250222,1.3243,0.892,99,before
280639,20250222,1.335,0.868,99,before
280641,20250222,1.2542,0.816,99,before
280642,20250222,1.2065,0.895,96,before
280643,20250222,1.3309,0.936,90,before
280644,20250222,1.2716,0.959,92,before
280645,20250222,1.2033,0.967,98,before
280646,20250222,1.1759,0.836,95,before
280647,20250222,1.102,0.956,98,before
280648,20250222,1.1189,0.862,97,before
280649,20250222,1.0911,0.972,99,before
280650,20250222,1.0789,0.992,98,before
280651,20250222,1.0862,0.908,99,before
280652,20250222,1.0455,1.305,98,before
280653,20250222,1.0372,0.959,100,before
280654,20250222,1.0339,1.07,99,before
280655,20250222,1.0209,,99,before
280656,20250222,1.0414,1.178,96,before
280657,20250222,1.0118,1.23,98,before
280658,20250222,1.0187,1.244,98,before
280659,20250222,1.0153,1.953,95,before
280660,20250222,1.0429,1.724,195,before
280662,20250222,1.2165,1.731,273,before
280663,20250222,1.2127,1.552,282,before
280664,20250222,1.2328,1.477,211,before
280665,20250222,1.0066,1.185,99,before
280666,20250222,1.0023,1.083,97,before
280667,20250222,1.015,1.25,98,before
280668,20250222,1.0302,1.507,269,before
280772,20250223,1.7618,1.469,94,before
280773,20250223,1.6019,1.225,99,before
280774,20250223,1.6404,,96,before
280775,20250223,1.7093,,93,before
280776,20250223,1.8038,,97,before
280778,20250223,1.355,1.077,99,before
280779,20250223,1.2903,1.029,98,before
280780,20250223,1.247,,96,before
280781,20250223,1.3725,1.229,91,before
280782,20250223,1.2954,1.204,99,before
280783,20250223,1.267,,98,before
280784,20250223,1.2007,2.335,96,before
280785,20250223,1.1431,1.071,98,before
280786,20250223,1.1114,1.223,97,before
280787,20250223,1.0703,0.997,97,before
280788,20250223,1.0851,0.945,97,before
280789,20250223,1.0739,0.923,99,before
280790,20250223,1.0592,0.926,98,before
280791,20250223,1.0096,1.276,96,before
280792,20250223,1.0164,1.399,98,before
280793,20250223,1.0429,1.023,97,before
280794,20250223,1.007,0.973,96,before
280795,20250223,1.0347,1.115,97,before
280796,20250223,1.0035,1.064,97,before
280797,20250223,1.003,1.015,98,before
280798,20250223,1.0081,0.942,100,before
280799,20250223,1.002,0.923,96,before
280800,20250223,1.0138,0.814,96,before
280801,20250223,1.0245,0.754,99,before
280802,20250223,1.0686,0.764,99,before
280803,20250223,1.0841,0.794,287,before
280804,20250223,1.1213,0.815,278,before
280906,20250224,1.8906,0.989,93,before
280907,20250224,1.694,0.93,99,before
280908,20250224,1.7187,1.024,99,before
280909,20250224,1.7702,,96,before
280910,20250224,1.7346,1.084,98,before
280911,20250224,1.7922,,99,before
280913,20250224,1.8724,1.016,92,before
280914,20250224,1.4725,0.937,94,before
280915,20250224,1.4014,0.936,97,before
280916,20250224,1.3337,0.899,97,before
280917,20250224,1.2892,0.966,97,before
280918,20250224,1.2945,1.022,99,before
280919,20250224,1.3152,1.024,98,before
280920,20250224,1.3323,0.952,100,before
280921,20250224,1.1738,0.96,99,before
280922,20250224,1.1029,0.943,98,before
280923,20250224,1.0956,0.914,98,before
280924,20250224,1.2,0.915,99,before
280925,20250224,1.1561,0.884,99,before
280926,20250224,1.1062,0.889,99,before
280927,20250224,1.082,0.934,99,before
280928,20250224,1.0209,0.963,99,before
280929,20250224,1.0168,0.864,96,before
280930,20250224,1.0072,0.899,97,before
280931,20250224,1.0041,0.794,97,before
280932,20250224,1.0157,0.857,98,before
280933,20250224,1.0253,0.862,98,before
280934,20250224,1.0161,0.841,100,before
280935,20250224,1.3224,1.018,99,before
280936,20250224,1.0098,0.906,98,before
280937,20250224,1.013,0.835,99,before
280938,20250224,1.0259,0.889,98,before
280939,20250224,1.04,0.757,98,before
280940,20250224,1.0261,0.768,97,before
280941,20250224,1.0462,0.784,100,before
280943,20250224,1.1083,0.938,290,before
281046,20250225,1.9079,1.341,93,before
281047,20250225,1.3858,1.007,93,before
281048,20250225,1.3154,,93,before
281049,20250225,1.2735,1.45,98,before
281050,20250225,1.2207,,97,before
281052,20250225,1.1629,0.992,97,before
281053,20250225,1.1135,1.128,96,before
281054,20250225,1.1105,1.005,95,before
281055,20250225,1.0926,0.907,97,before
281056,20250225,1.0683,,97,before
281057,20250225,1.0805,1.126,100,before
281058,20250225,1.0525,1.13,96,before
281059,20250225,1.0581,0.988,100,before
281060,20250225,1.0526,0.931,98,before
281061,20250225,1.0539,1.053,97,before
281062,20250225,1.0466,0.891,98,before
281063,20250225,1.0206,0.828,96,before
281064,20250225,1.02,0.998,99,before
281065,20250225,1.0087,0.89,98,before
281066,20250225,1.0126,0.812,99,before
281067,20250225,1.0142,0.785,99,before
281068,20250225,1.02,0.839,96,before
281069,20250225,1.0105,1.105,97,before
281070,20250225,1.01,0.852,99,before
281071,20250225,1.0033,1.133,99,before
281072,20250225,1.0031,0.802,98,before
281073,20250225,1.0236,0.999,97,before
281074,20250225,1.0265,0.936,98,before
281075,20250225,1.0119,0.91,98,before
281076,20250225,1.0046,0.774,95,before
281077,20250225,1.0186,0.839,98,before
281078,20250225,1.0232,0.822,97,before
281079,20250225,1.0102,0.817,97,before
281080,20250225,1.1685,0.884,296,before
281230,20250226,1.8933,1.208,100,before
281231,20250226,1.4751,1.021,94,before
281232,20250226,1.3551,1.023,97,before
281233,20250226,1.2954,1.412,93,before
281235,20250226,1.2054,1.076,95,before
281237,20250226,1.2935,0.965,84,before
281238,20250226,1.1077,0.979,98,before
281239,20250226,1.09,1.04,98,before
281241,20250226,1.0978,0.864,98,before
281242,20250226,1.1066,0.947,96,before
281243,20250226,1.0822,0.982,99,before
281244,20250226,1.0777,1.032,96,before
281245,20250226,1.0795,0.882,96,before
281246,20250226,1.0709,1.116,98,before
281247,20250226,1.0638,0.979,97,before
281248,20250226,1.0414,0.956,99,before
281249,20250226,1.0353,0.851,96,before
281250,20250226,1.0446,0.852,98,before
281251,20250226,1.0313,0.877,99,before
281252,20250226,1.2034,0.868,100,before
281253,20250226,1.0392,0.838,97,before
281254,20250226,1.0121,0.994,99,before
281255,20250226,1.0023,0.893,99,before
281256,20250226,1.0336,0.866,97,before
281257,20250226,1.0189,0.914,99,before
281258,20250226,1.0134,0.88,99,before
281259,20250226,1.0125,0.834,97,before
281260,20250226,1.0118,0.801,97,before
281261,20250226,1.0109,0.903,98,before
281262,20250226,1.0041,0.819,98,before
281263,20250226,1.0224,0.862,99,before
281264,20250226,1.0331,0.931,99,before
281265,20250226,1.011,0.884,97,before
281266,20250226,1.145,1.024,278,before
281267,20250226,1.089,1.047,288,before
281341,20250227,1.691,1.208,124,before
281342,20250227,1.6035,1.205,99,before
281343,20250227,1.4671,1.217,97,before
281344,20250227,1.4014,,99,before
281345,20250227,1.3219,1.374,96,before
281346,20250227,1.275,,96,before
281347,20250227,1.2332,,94,before
281349,20250227,1.3012,1.51,94,before
281350,20250227,1.2754,,95,before
281351,20250227,1.123,1.122,99,before
281352,20250227,1.1406,1.283,98,before
281353,20250227,1.1376,1.209,95,before
281354,20250227,1.1551,1.865,99,before
281355,20250227,1.142,,99,before
281356,20250227,1.1052,1.429,96,before
281357,20250227,1.0925,,96,before
281358,20250227,1.077,1.274,99,before
281359,20250227,1.0672,,100,before
281360,20250227,1.0568,1.174,97,before
281361,20250227,1.0511,2.18,98,before
281362,20250227,1.0442,,98,before
281363,20250227,1.0168,1.806,95,before
281364,20250227,1.0122,,93,before
281365,20250227,1.0114,,94,before
281366,20250227,1.0065,2.188,148,before
281367,20250227,1.1691,1.931,256,before
281368,20250227,1.1718,1.323,293,before
281369,20250227,1.022,1.34,98,before
281370,20250227,1.0256,,98,before
281371,20250227,1.0202,1.155,99,before
281372,20250227,1.0384,1.255,95,before
281373,20250227,1.0336,1.212,96,before
281374,20250227,1.0079,1.311,178,before
281512,20250228,1.1601,0.879,100,before
281513,20250228,1.1598,1.194,96,before
281514,20250228,1.109,0.945,97,before
281515,20250228,1.0718,0.895,100,before
281516,20250228,1.0894,0.875,97,before
281517,20250228,1.0916,0.836,99,before
281518,20250228,1.0774,0.936,97,before
281519,20250228,1.0531,0.966,99,before
281520,20250228,1.044,1.055,100,before
281521,20250228,1.0553,0.907,99,before
281522,20250228,1.0548,0.856,96,before
281523,20250228,1.0408,0.852,99,before
281524,20250228,1.0442,0.897,98,before
281525,20250228,1.0283,0.904,101,before
281526,20250228,1.0153,0.861,98,before
281527,20250228,1.0325,0.881,98,before
281529,20250228,1.015,0.897,98,before
281530,20250228,1.0273,0.825,100,before
281531,20250228,1.009,0.992,98,before
281532,20250228,1.0118,1.246,96,before
281533,20250228,1.0071,,92,before
281534,20250228,1.0048,1.036,96,before
281535,20250228,1.0135,1.221,170,before
281536,20250228,1.0266,1.274,179,before
281537,20250228,1.0723,1.238,243,before
281538,20250228,1.0732,1.558,222,before
281539,20250228,1.1028,1.48,257,before
281540,20250228,1.0087,1.091,98,before
281541,20250228,1.0143,0.862,96,before
281542,20250228,1.0335,0.955,97,before
281544,20250228,1.0082,0.931,207,before
281862,20250302,1.1151,0.895,96,before
281863,20250302,1.1104,0.853,96,before
281864,20250302,1.3155,1.108,98,before
281865,20250302,1.2599,,96,before
281868,20250302,1.1464,1.182,98,before
281886,20250302,1.1193,1.214,287,before
281887,20250302,1.0514,1.29,292,before
281888,20250302,1.052,1.584,292,before
281889,20250302,1.0085,1.658,109,before
281890,20250302,1.0054,1.59,134,before
281891,20250302,1.0177,1.627,121,before
281892,20250302,1.0172,2.002,136,before
281894,20250302,1.0161,1.998,142,before
282087,20250303,1.2789,2.255,275,before
282088,20250303,1.253,,270,before
282093,20250303,1.1433,1.894,287,before
282094,20250303,1.1391,1.378,257,before
282095,20250303,1.0078,1.285,96,before
282096,20250303,1.0064,1.565,204,before
282219,20250304,1.2162,0.837,95,before
282220,20250304,1.2087,0.904,99,before
282223,20250304,1.1304,0.881,134,before
282224,20250304,1.37,0.884,86,before
282225,20250304,1.3426,,84,before
282226,20250304,1.2976,0.876,93,before
282228,20250304,1.2157,0.866,98,before
282229,20250304,1.1852,0.812,93,before
282230,20250304,1.142,0.78,99,before
282231,20250304,1.1454,0.877,98,before
282232,20250304,1.0905,0.818,98,before
282233,20250304,1.0329,0.875,98,before
282234,20250304,1.0285,0.901,98,before
282235,20250304,1.0284,0.853,98,before
282236,20250304,1.0379,0.799,98,before
282237,20250304,1.046,0.804,97,before
282238,20250304,1.0536,0.775,99,before
282239,20250304,1.0604,0.751,97,before
282240,20250304,1.0462,0.79,98,before
282241,20250304,1.0394,0.918,99,before
282242,20250304,1.0219,0.802,100,before
282243,20250304,1.0271,0.763,97,before
282244,20250304,1.0392,0.836,96,before
282245,20250304,1.0211,0.939,97,before
282246,20250304,1.0233,0.996,98,before
282247,20250304,1.0119,1.0,99,before
282248,20250304,1.0249,0.957,97,before
282249,20250304,1.0139,0.899,96,before
282250,20250304,1.0058,0.864,96,before
282251,20250304,1.0125,1.002,99,before
282252,20250304,1.0153,1.011,99,before
282253,20250304,1.0106,1.12,97,before
282254,20250304,1.0068,1.192,97,before
282255,20250304,1.0105,1.095,213,before
282563,20250306,1.1088,,102,before
282565,20250306,1.1298,1.97,101,before
282566,20250306,1.0973,,101,before
282567,20250306,1.1242,1.686,103,before
283011,20250308,1.9443,1.712,147,before
283013,20250308,1.6507,1.368,158,before
283014,20250308,1.5279,,154,before
283016,20250308,1.3909,1.056,133,before
283017,20250308,1.2835,1.064,140,before
283018,20250308,1.3512,1.235,145,before
283019,20250308,1.3681,1.083,128,before
283020,20250308,1.2671,1.131,166,before
283022,20250308,1.0939,0.956,147,before
283023,20250308,1.2885,1.384,197,before
283024,20250308,1.2107,1.762,190,before
283025,20250308,1.2011,,192,before
283026,20250308,1.1586,1.343,204,before
283027,20250308,1.17,1.403,211,before
283031,20250308,1.3272,1.507,268,before
283032,20250308,1.3191,1.28,248,before
283033,20250308,1.3168,1.258,194,before
283034,20250308,1.2724,1.241,279,before
283035,20250308,1.0076,0.981,98,before
283036,20250308,1.0149,1.07,97,before
283037,20250308,1.0204,0.931,98,before
283038,20250308,1.0316,1.286,98,before
283039,20250308,1.0034,1.373,98,before
283041,20250308,1.134,1.658,159,before
283147,20250309,1.8882,1.701,103,before
283154,20250309,1.6084,1.556,195,before
283155,20250309,1.4687,,188,before
283156,20250309,1.3896,,191,before
283157,20250309,1.3692,1.198,202,before
283158,20250309,1.3228,,203,before
283164,20250309,1.1248,1.13,201,before
283165,20250309,1.1299,1.136,207,before
283166,20250309,1.1945,1.266,265,before
283167,20250309,1.1927,1.309,278,before
283168,20250309,1.2098,1.16,295,before
283169,20250309,1.2566,1.323,266,before
283170,20250309,1.2434,,268,before
283171,20250309,1.228,1.252,264,before
283172,20250309,1.1699,1.218,293,before
283173,20250309,1.144,1.198,280,before
283174,20250309,1.1795,1.391,281,before
283175,20250309,1.1672,1.348,294,before
283176,20250309,1.0036,1.073,98,before
283177,20250309,1.0232,0.973,94,before
283178,20250309,1.1338,1.167,165,before
283306,20250310,1.2638,1.522,195,before
283307,20250310,1.2629,,195,before
283312,20250310,1.0105,1.168,171,before
283313,20250310,1.0068,1.273,142,before
283314,20250310,1.0265,1.137,127,before
283315,20250310,1.0136,1.091,128,before
283316,20250310,1.0123,1.12,124,before
283317,20250310,1.0081,1.12,143,before
283318,20250310,1.0082,1.057,148,before
283319,20250310,1.0101,1.223,177,before
283320,20250310,1.0099,1.691,192,before
283321,20250310,1.0087,1.262,150,before
283322,20250310,1.0141,0.998,167,before
283323,20250310,1.0119,0.927,193,before
283324,20250310,1.0112,1.166,199,before
283325,20250310,1.0108,1.392,179,before
284237,20250316,1.1031,1.364,95,before
284239,20250316,1.0624,1.154,105,before
284240,20250316,1.1324,1.333,100,before
284241,20250316,1.1592,1.383,97,before
284242,20250316,1.1137,,95,before
284243,20250316,1.0997,1.124,98,before
284259,20250316,1.0201,,122,before
284261,20250316,1.0351,,148,before
284263,20250316,1.0341,1.317,135,before
284264,20250316,1.0132,1.037,133,before
284265,20250316,1.0119,1.013,148,before
284266,20250316,1.015,1.097,172,before
284268,20250316,1.0097,1.465,220,before
284269,20250316,1.0225,1.445,176,before
284458,20250318,1.1312,1.318,95,before
284459,20250318,1.0642,1.274,97,before
284460,20250318,1.2181,1.287,98,before
284461,20250318,1.1731,1.648,97,before
284462,20250318,1.1344,1.189,96,before
284463,20250318,1.1265,1.122,100,before
284464,20250318,1.0642,1.265,100,before
284465,20250318,1.0342,1.178,97,before
284466,20250318,1.0268,1.173,98,before
284467,20250318,1.0201,1.05,97,before
284468,20250318,1.0242,1.103,95,before
284469,20250318,1.0107,,95,before
284470,20250318,1.007,0.951,107,before
284471,20250318,1.0062,1.039,110,before
284472,20250318,1.0288,1.059,97,before
284473,20250318,1.0184,,96,before
284474,20250318,1.0484,1.137,112,before
284475,20250318,1.0582,1.071,196,before
284476,20250318,1.0449,1.376,203,before
284477,20250318,1.0264,1.126,216,before
284478,20250318,1.0141,0.965,215,before
284479,20250318,1.0098,1.04,173,before
284480,20250318,1.0109,1.039,157,before
284481,20250318,1.0111,1.155,181,before
284482,20250318,1.0114,1.165,166,before
284483,20250318,1.0122,1.063,180,before
284484,20250318,1.0034,1.101,173,before
284485,20250318,1.0116,1.025,199,before
284486,20250318,1.0138,1.079,194,before
284487,20250318,1.0133,1.051,192,before
284488,20250318,1.0086,1.094,211,before
284489,20250318,1.0107,1.201,197,before
284490,20250318,1.0126,1.094,264,before
284491,20250318,1.016,1.198,258,before
284600,20250319,1.1329,1.08,116,before
284601,20250319,1.1144,1.069,145,before
284602,20250319,1.3322,0.972,96,before
284603,20250319,1.2589,0.888,96,before
284604,20250319,1.3148,1.032,99,before
284605,20250319,1.1863,0.864,99,before
284606,20250319,1.1083,0.896,97,before
284607,20250319,1.1237,0.838,96,before
284609,20250319,1.1123,0.971,98,before
284610,20250319,1.0777,1.023,98,before
284611,20250319,1.0581,0.959,98,before
284612,20250319,1.0641,0.902,99,before
284613,20250319,1.0523,1.036,99,before
284614,20250319,1.0416,0.945,97,before
284615,20250319,1.0165,1.58,96,before
284616,20250319,1.0306,0.989,94,before
284617,20250319,1.0253,0.978,96,before
284618,20250319,1.0149,,96,before
284619,20250319,1.0454,0.997,96,before
284620,20250319,1.0345,,98,before
284621,20250319,1.0179,0.903,98,before
284622,20250319,1.0172,0.845,98,before
284623,20250319,1.0147,,98,before
284624,20250319,1.0183,1.316,182,before
284625,20250319,1.0157,1.188,209,before
284626,20250319,1.0169,1.154,213,before
284627,20250319,1.0148,1.326,209,before
284629,20250319,1.0218,1.195,268,before
284630,20250319,1.0087,1.169,225,before
284631,20250319,1.0059,1.094,220,before
284632,20250319,1.0048,1.287,194,before
284738,20250320,1.1565,0.892,118,before
284739,20250320,1.3848,1.083,97,before
284740,20250320,1.4246,1.01,99,before
284741,20250320,1.2549,1.002,95,before
284742,20250320,1.1609,0.907,98,before
284743,20250320,1.2214,0.866,96,before
284744,20250320,1.2546,0.889,99,before
284745,20250320,1.1188,0.958,100,before
284746,20250320,1.119,0.86,95,before
284747,20250320,1.1487,1.021,95,before
284748,20250320,1.1204,0.863,97,before
284749,20250320,1.066,0.814,97,before
284750,20250320,1.0241,0.933,99,before
284751,20250320,1.0228,0.963,98,before
284752,20250320,1.036,0.886,97,before
284753,20250320,1.0421,0.86,99,before
284754,20250320,1.034,0.885,98,before
284755,20250320,1.0235,0.928,97,before
284756,20250320,1.008,0.928,96,before
284757,20250320,1.0221,1.051,98,before
284758,20250320,1.01,0.878,98,before
284759,20250320,1.0086,0.997,98,before
284760,20250320,1.0054,0.967,98,before
284761,20250320,1.021,0.902,99,before
284762,20250320,1.0231,1.032,96,before
284763,20250320,1.0335,1.0,97,before
284764,20250320,1.0378,0.853,100,before
284765,20250320,1.0153,0.837,97,before
284766,20250320,1.0064,0.952,195,before
284767,20250320,1.017,0.888,259,before
284870,20250321,1.0852,1.29,112,before
284871,20250321,1.1665,1.44,107,before
284872,20250321,1.1387,1.153,111,before
284873,20250321,1.0716,1.17,120,before
284874,20250321,1.1312,1.324,99,before
284875,20250321,1.1046,0.951,96,before
284876,20250321,1.0866,0.877,94,before
284877,20250321,1.0762,1.411,98,before
284880,20250321,1.043,1.25,95,before
284881,20250321,1.035,0.742,99,before
284882,20250321,1.0646,0.773,98,before
284883,20250321,1.0597,0.789,94,before
284884,20250321,1.0679,0.817,98,before
284885,20250321,1.0225,0.919,98,before
284887,20250321,1.0312,0.939,97,before
284888,20250321,1.0454,0.894,96,before
284889,20250321,1.0383,0.793,98,before
284890,20250321,1.0206,0.795,99,before
284891,20250321,1.013,0.857,97,before
284892,20250321,1.0312,0.875,96,before
284893,20250321,1.0325,0.797,98,before
284894,20250321,1.0206,0.806,98,before
284895,20250321,1.0141,0.757,99,before
284896,20250321,1.0125,0.797,98,before
284897,20250321,1.0044,0.777,99,before
284898,20250321,1.0202,0.763,99,before
284899,20250321,1.0233,0.769,98,before
284900,20250321,1.0408,0.904,98,before
284901,20250321,1.0255,0.782,96,before
284902,20250321,1.0157,0.747,99,before
284904,20250321,1.0184,0.756,98,before
284905,20250321,1.0098,0.777,153,before
284906,20250321,1.0154,0.768,186,before
285009,20250322,1.0728,0.964,104,before
285010,20250322,1.0604,0.965,105,before
285011,20250322,1.2206,0.912,95,before
285012,20250322,1.159,0.889,97,before
285013,20250322,1.2077,0.902,97,before
285014,20250322,1.1679,0.822,97,before
285015,20250322,1.1124,0.817,98,before
285016,20250322,1.0966,0.808,97,before
285017,20250322,1.0964,0.81,100,before
285019,20250322,1.1147,0.959,99,before
285020,20250322,1.0868,0.935,97,before
285021,20250322,1.1185,0.937,98,before
285022,20250322,1.141,0.843,99,before
285023,20250322,1.1018,0.845,99,before
285024,20250322,1.0357,0.818,99,before
285025,20250322,1.042,0.852,98,before
285026,20250322,1.0554,0.811,99,before
285027,20250322,1.0649,0.829,98,before
285028,20250322,1.0532,0.864,100,before
285029,20250322,1.0153,0.889,99,before
285030,20250322,1.0248,0.875,97,before
285031,20250322,1.0122,0.825,98,before
285032,20250322,1.0205,0.798,95,before
285033,20250322,1.0114,0.814,99,before
285034,20250322,1.0107,0.803,97,before
285035,20250322,1.0011,0.828,99,before
285036,20250322,1.0114,0.786,100,before
285037,20250322,1.0113,0.888,98,before
285038,20250322,1.0198,0.797,98,before
285039,20250322,1.0323,0.759,100,before
285040,20250322,1.0489,0.789,97,before
285041,20250322,1.0449,0.797,97,before
285042,20250322,1.0613,0.783,99,before
285043,20250322,1.055,0.799,99,before
285044,20250322,1.0348,0.82,99,before
285045,20250322,1.0056,0.858,98,before
285046,20250322,1.004,0.832,99,before
285047,20250322,1.0298,0.861,246,before
285048,20250322,1.0565,0.906,189,before
285151,20250323,1.0811,1.013,96,before
285152,20250323,1.095,0.888,99,before
285153,20250323,1.3405,0.838,86,before
285154,20250323,1.2727,0.995,98,before
285155,20250323,1.2257,1.065,96,before
285156,20250323,1.3112,0.937,100,before
285157,20250323,1.2457,0.871,97,before
285158,20250323,1.1954,0.859,96,before
285160,20250323,1.1451,0.952,95,before
285161,20250323,1.2051,0.99,98,before
285162,20250323,1.2521,0.861,96,before
285163,20250323,1.1775,0.817,98,before
285164,20250323,1.1315,0.854,99,before
285165,20250323,1.0904,0.868,98,before
285166,20250323,1.1078,0.854,97,before
285167,20250323,1.1315,0.85,97,before
285168,20250323,1.1068,0.86,99,before
285169,20250323,1.0866,0.842,97,before
285170,20250323,1.0215,0.867,100,before
285171,20250323,1.0259,0.88,98,before
285172,20250323,1.0145,0.849,99,before
285173,20250323,1.0204,0.869,95,before
285174,20250323,1.0334,0.96,96,before
285175,20250323,1.0323,0.967,99,before
285176,20250323,1.0512,0.974,98,before
285177,20250323,1.0702,0.941,99,before
285178,20250323,1.0906,1.004,99,before
285179,20250323,1.0838,0.935,97,before
285180,20250323,1.0748,0.943,100,before
285181,20250323,1.0551,0.918,97,before
285182,20250323,1.0355,1.247,99,before
285183,20250323,1.057,0.975,183,before
285311,20250324,1.1389,1.442,91,before
285312,20250324,1.1175,1.226,96,before
285313,20250324,1.0594,1.27,105,before
285314,20250324,1.5536,1.542,98,before
285315,20250324,1.4827,,98,before
285316,20250324,1.4321,,97,before
285317,20250324,1.3515,1.506,98,before
285318,20250324,1.3147,,99,before
285320,20250324,1.3135,1.182,98,before
285321,20250324,1.2481,1.415,96,before
285322,20250324,1.2203,,98,before
285323,20250324,1.2934,1.408,99,before
285324,20250324,1.2779,,100,before
285326,20250324,1.0307,1.922,112,before
285327,20250324,1.0436,2.046,165,before
285328,20250324,1.0717,2.063,210,before
285329,20250324,1.0978,1.686,254,before
285330,20250324,1.1314,1.737,252,before
285331,20250324,1.1584,1.487,266,before
285332,20250324,1.1629,1.374,265,before
285333,20250324,1.0532,1.415,96,before
285334,20250324,1.0554,,95,before
285335,20250324,1.0183,1.654,105,before
285336,20250324,1.0176,1.337,123,before
285337,20250324,1.1189,1.31,99,before
285338,20250324,1.1221,,99,before
285339,20250324,1.118,1.522,99,before
285340,20250324,1.1229,,97,before
285341,20250324,1.0503,1.413,238,before
285342,20250324,1.037,1.252,95,before
285343,20250324,1.031,1.131,130,before
285471,20250325,1.0842,1.151,107,before
285472,20250325,1.0818,1.12,118,before
285473,20250325,1.0358,1.053,116,before
285474,20250325,1.1463,1.048,100,before
285475,20250325,1.1227,,99,before
285476,20250325,1.1351,1.012,97,before
285477,20250325,1.0695,0.979,99,before
285478,20250325,1.071,0.975,98,before
285485,20250325,1.0154,0.966,99,before
285486,20250325,1.0026,1.184,104,before
285487,20250325,1.0024,0.979,118,before
285488,20250325,1.0101,0.932,99,before
285495,20250325,1.1024,1.106,179,before
285496,20250325,1.1547,0.993,191,before
285524,20250325,1.03,1.405,119,before
285709,20250327,1.083,1.113,96,before
285710,20250327,1.0428,1.1,99,before
285711,20250327,1.193,1.172,100,before
285712,20250327,1.1675,,100,before
285713,20250327,1.1425,1.161,98,before
285714,20250327,1.1396,0.957,96,before
285715,20250327,1.0906,1.974,99,before
285716,20250327,1.057,,99,before
285717,20250327,1.022,1.246,97,before
285718,20250327,1.0637,0.858,100,before
285719,20250327,1.056,1.002,98,before
285720,20250327,1.0273,1.433,99,before
285721,20250327,1.036,1.199,98,before
285722,20250327,1.0498,1.083,97,before
286150,20250329,1.0602,1.051,113,before
286152,20250329,1.1332,1.209,93,before
286153,20250329,1.2402,0.998,99,before
286154,20250329,1.2207,,97,before
286155,20250329,1.1664,1.1,97,before
286156,20250329,1.1496,,97,before
286158,20250329,1.1009,1.216,99,before
286159,20250329,1.1191,1.047,99,before
286160,20250329,1.0767,1.213,98,before
286161,20250329,1.0654,,97,before
286162,20250329,1.0872,1.112,98,before
286163,20250329,1.0787,,98,before
286164,20250329,1.0476,0.912,98,before
286165,20250329,1.0256,0.932,99,before
286166,20250329,1.0057,1.138,96,before
286167,20250329,1.0095,0.925,97,before
286168,20250329,1.0131,1.006,97,before
286169,20250329,1.0063,0.958,96,before
286170,20250329,1.0127,,97,before
286171,20250329,1.0282,0.903,97,before
286172,20250329,1.0259,0.96,95,before
286173,20250329,1.0313,1.137,95,before
286174,20250329,1.0194,1.057,102,before
286175,20250329,1.007,0.972,98,before
286176,20250329,1.006,0.864,93,before
286177,20250329,1.0648,0.9,283,before
286306,20250330,1.0484,1.098,105,before
286307,20250330,1.0403,1.112,101,before
286308,20250330,1.3234,1.168,95,before
286312,20250330,1.166,1.75,120,before
286313,20250330,1.0964,1.226,110,before
286314,20250330,1.1338,1.36,122,before
286316,20250330,1.1373,0.956,166,before
286317,20250330,1.0766,1.06,98,before
286319,20250330,1.1149,1.085,97,before
286320,20250330,1.1444,0.894,96,before
286321,20250330,1.0991,0.991,97,before
286322,20250330,1.0437,0.942,98,before
286323,20250330,1.0839,1.059,96,before
286324,20250330,1.0728,,95,before
286325,20250330,1.024,0.922,100,before
286326,20250330,1.0284,0.898,97,before
286327,20250330,1.0328,0.851,100,before
286328,20250330,1.0087,1.144,96,before
286329,20250330,1.0145,1.525,100,before
286330,20250330,1.0223,0.965,97,before
286331,20250330,1.0371,0.905,99,before
286332,20250330,1.0465,0.936,97,before
286333,20250330,1.0428,1.06,98,before
286334,20250330,1.0568,0.954,96,before
286335,20250330,1.0509,1.009,98,before
286336,20250330,1.0449,1.054,97,before
286337,20250330,1.0309,0.874,99,before
286338,20250330,1.0184,1.24,98,before
286339,20250330,1.006,0.998,94,before
286341,20250330,1.0506,1.456,262,before
286484,20250331,1.0626,1.047,130,before
286486,20250331,1.1078,1.351,147,before
286487,20250331,1.1825,0.917,98,before
286488,20250331,1.2021,0.919,98,before
286489,20250331,1.2592,1.028,97,before
286493,20250331,1.1819,1.278,197,before
286494,20250331,1.187,1.861,231,before
286495,20250331,1.295,1.322,236,before
286496,20250331,1.0534,1.048,100,before
286497,20250331,1.0431,,99,before
286498,20250331,1.0299,1.273,97,before
286499,20250331,1.0224,,96,before
286920,20250402,1.2759,1.613,164,before
286921,20250402,1.0659,1.63,115,before
286922,20250402,1.0643,1.313,135,before
286923,20250402,1.0901,1.624,137,before
286924,20250402,1.1215,1.506,155,before
286925,20250402,1.1224,1.346,166,before
286927,20250402,1.1593,1.424,178,before
286928,20250402,1.1281,1.331,163,before
286929,20250402,1.1707,1.273,163,before
286930,20250402,1.1251,1.259,98,before
286931,20250402,1.1156,,98,before
286932,20250402,1.1055,1.176,96,before
287452,20250415,1.056,1.893,107,before
287453,20250415,1.0756,2.037,136,before
287454,20250415,1.1147,2.172,148,before
287455,20250415,1.1386,1.309,145,before
287459,20250415,1.0144,1.315,188,before
287460,20250415,1.0133,0.887,243,before
287461,20250415,1.0175,0.853,158,before
287462,20250415,1.0247,0.882,143,before
287463,20250415,1.0348,1.168,141,before
287464,20250415,1.0507,1.054,111,before
287465,20250415,1.0672,0.872,108,before
287466,20250415,1.0189,0.811,88,before
287467,20250415,1.0307,,88,before
287881,20250417,1.0171,1.324,103,before
287882,20250417,1.0194,1.072,108,before
287883,20250417,1.062,1.088,99,before
287884,20250417,1.0499,,96,before
288427,20250419,1.036,1.368,127,before
288428,20250419,1.1393,1.512,166,before
288442,20250419,1.1332,1.282,158,before
288443,20250419,1.0402,0.994,99,before
288444,20250419,1.0474,0.81,97,before
288445,20250419,1.048,0.771,99,before
288446,20250419,1.0308,0.783,98,before
288447,20250419,1.0237,0.835,99,before
288448,20250419,1.0065,0.809,96,before
288449,20250419,1.013,0.876,95,before
288450,20250419,1.0184,0.831,100,before
288465,20250419,1.036,1.779,97,before
288466,20250419,1.0571,,96,before
288468,20250419,1.1537,1.807,284,before
288469,20250419,1.1735,,283,before
288607,20250420,1.0181,1.102,120,before
288608,20250420,1.1058,0.94,97,before
288609,20250420,1.2693,1.333,97,before
288610,20250420,1.225,1.199,97,before
288611,20250420,1.0573,1.051,95,before
288612,20250420,1.0696,0.915,98,before
288614,20250420,1.0913,0.962,95,before
288615,20250420,1.0788,1.045,98,before
288616,20250420,1.0591,0.92,98,before
288617,20250420,1.0415,0.96,98,before
288618,20250420,1.0226,0.962,96,before
288619,20250420,1.0208,0.91,96,before
288620,20250420,1.0371,0.882,97,before
288621,20250420,1.0126,0.903,94,before
288622,20250420,1.0166,1.034,96,before
288623,20250420,1.0153,0.925,98,before
288624,20250420,1.0295,0.948,98,before
288625,20250420,1.0265,0.942,98,before
288626,20250420,1.036,0.836,99,before
288627,20250420,1.0592,0.853,95,before
288628,20250420,1.0293,0.853,94,before
288629,20250420,1.0249,0.811,99,before
288630,20250420,1.0202,0.86,97,before
288631,20250420,1.0391,0.784,97,before
288632,20250420,1.0118,0.868,97,before
288633,20250420,1.0349,0.816,98,before
288634,20250420,1.0177,0.823,102,before
288635,20250420,1.1051,0.773,262,before
288636,20250420,1.1711,0.748,121,before
288764,20250421,1.2178,1.229,150,before
288765,20250421,1.1057,1.276,127,before
288766,20250421,1.082,1.061,98,before
288767,20250421,1.1127,1.118,94,before
288768,20250421,1.096,1.088,97,before
288769,20250421,1.1119,1.2,95,before
288771,20250421,1.1153,0.975,98,before
288772,20250421,1.0987,1.074,97,before
288773,20250421,1.0779,1.075,97,before
288774,20250421,1.0496,0.95,97,before
288775,20250421,1.0643,1.062,97,before
288776,20250421,1.0829,1.011,97,before
288777,20250421,1.0622,0.899,99,before
288778,20250421,1.0342,0.93,98,before
288779,20250421,1.0493,0.928,96,before
288780,20250421,1.0663,0.789,100,before
288781,20250421,1.0467,0.838,98,before
288782,20250421,1.0416,0.863,97,before
288783,20250421,1.0644,0.841,97,before
288784,20250421,1.0794,0.901,99,before
288785,20250421,1.0979,0.927,95,before
288786,20250421,1.0711,0.862,97,before
288787,20250421,1.0537,0.813,96,before
288788,20250421,1.0548,0.897,99,before
288789,20250421,1.0421,0.892,98,before
288790,20250421,1.0052,0.806,102,before
288791,20250421,1.0588,0.792,97,before
288792,20250421,1.0621,0.827,99,before
288794,20250421,1.1066,0.822,112,before
288795,20250421,1.2514,0.785,98,before
288972,20250422,1.0946,1.089,119,before
288973,20250422,1.1138,1.306,94,before
288974,20250422,1.0977,,93,before
288975,20250422,1.0884,,93,before
288976,20250422,1.1326,2.262,176,before
288977,20250422,1.1784,1.421,219,before
288978,20250422,1.1445,1.033,94,before
288980,20250422,1.1696,0.9,98,before
288981,20250422,1.1397,0.914,99,before
288982,20250422,1.2156,1.042,97,before
288983,20250422,1.1561,0.901,97,before
288984,20250422,1.107,1.294,93,before
288985,20250422,1.1249,0.828,95,before
288986,20250422,1.0867,0.91,98,before
288987,20250422,1.1072,1.092,95,before
288988,20250422,1.1062,,94,before
288989,20250422,1.0876,1.028,94,before
288990,20250422,1.113,1.167,96,before
288991,20250422,1.1448,1.034,97,before
288992,20250422,1.1301,0.868,97,before
288994,20250422,1.0931,0.822,100,before
288995,20250422,1.1219,0.784,96,before
288996,20250422,1.0754,0.742,96,before
288997,20250422,1.1001,0.761,98,before
288998,20250422,1.0648,0.782,98,before
288999,20250422,1.0863,0.742,99,before
289000,20250422,1.1364,0.818,99,before
289001,20250422,1.1558,0.758,98,before
289002,20250422,1.1258,0.787,100,before
289003,20250422,1.3808,0.83,96,before
289004,20250422,1.1456,0.893,118,before
289216,20250423,1.0122,0.914,110,before
289217,20250423,1.0281,1.07,115,before
289218,20250423,1.1373,0.964,96,before
289219,20250423,1.1548,0.885,95,before
289220,20250423,1.1739,0.996,99,before
289221,20250423,1.1647,,99,before
289378,20250423,1.0816,1.858,274,before
289379,20250423,1.0233,1.339,246,before
289380,20250423,1.1709,1.058,95,before
289381,20250423,1.2139,1.005,98,before
289382,20250423,1.2717,0.843,97,before
289383,20250423,1.1959,0.842,98,before
289384,20250423,1.0958,0.868,95,before
289385,20250423,1.2124,0.82,106,before
289386,20250423,1.3134,0.92,100,before
289555,20250424,1.0371,1.003,114,before
289556,20250424,1.0633,0.945,119,before
289557,20250424,1.2018,1.616,95,before
289559,20250424,1.0275,1.417,161,before
289560,20250424,1.0474,1.408,129,before
289561,20250424,1.105,1.296,184,before
289562,20250424,1.2308,1.047,99,before
289564,20250424,1.3091,0.941,96,before
289566,20250424,1.2665,1.338,99,before
289567,20250424,1.2635,,98,before
289568,20250424,1.156,1.807,95,before
289569,20250424,1.1548,,96,before
289570,20250424,1.1484,1.282,94,before
289571,20250424,1.1471,,95,before
289572,20250424,1.1403,1.071,98,before
289573,20250424,1.1413,,97,before
289574,20250424,1.1857,1.063,98,before
289575,20250424,1.168,1.076,98,before
289576,20250424,1.1711,,98,before
289577,20250424,1.1809,1.91,98,before
289578,20250424,1.185,,98,before
289579,20250424,1.1928,,98,before
289580,20250424,1.0862,1.487,97,before
289581,20250424,1.0385,1.272,100,before
289582,20250424,1.0256,1.064,99,before
289583,20250424,1.0828,1.145,165,before
289584,20250424,1.2577,0.965,114,before
289733,20250425,1.0188,0.836,102,before
289734,20250425,1.0103,0.919,118,before
289735,20250425,1.3437,0.917,95,before
289736,20250425,1.4151,1.067,89,before
289737,20250425,1.4068,,90,before
289738,20250425,1.2801,1.259,98,before
289739,20250425,1.2781,,98,before
289741,20250425,1.3862,0.931,93,before
289742,20250425,1.3278,0.991,96,before
289743,20250425,1.3232,,95,before
289744,20250425,1.236,1.567,99,before
289745,20250425,1.1911,1.021,96,before
289746,20250425,1.2292,1.082,97,before
289747,20250425,1.2297,,96,before
289748,20250425,1.197,1.352,99,before
289749,20250425,1.2314,1.275,94,before
289750,20250425,1.2357,,95,before
289751,20250425,1.2132,1.368,97,before
289752,20250425,1.2193,,97,before
289753,20250425,1.2384,1.09,98,before
289754,20250425,1.2437,,96,before
289755,20250425,1.3193,1.116,98,before
289756,20250425,1.3256,,96,before
289757,20250425,1.3293,1.365,99,before
289758,20250425,1.3341,,100,before
289760,20250425,1.1296,0.912,132,before
289889,20250426,1.0259,1.171,115,before
289890,20250426,1.0209,1.41,102,before
289891,20250426,1.0207,1.35,105,before
289892,20250426,1.0154,1.52,104,before
289893,20250426,1.005,1.267,100,before
289894,20250426,1.0092,1.564,123,before
289897,20250426,1.0183,1.663,104,before
289898,20250426,1.4445,2.316,100,before
289899,20250426,1.3771,1.652,99,before
289900,20250426,1.4427,1.778,101,before
289901,20250426,1.0032,1.454,144,before
289902,20250426,1.0045,1.432,156,before
289903,20250426,1.0046,1.579,186,before
290064,20250427,1.0188,1.131,140,before
290065,20250427,1.0886,1.112,134,before
290070,20250427,1.0081,3.089,104,before
290074,20250427,1.0112,1.613,115,before
290075,20250427,1.0378,1.684,111,before
290076,20250427,1.1611,1.069,102,before
290077,20250427,1.0258,1.416,96,before
290078,20250427,1.0228,,97,before
290079,20250427,1.0533,1.225,137,before
290080,20250427,1.0444,0.859,95,before
290081,20250427,1.0199,0.8,97,before
290082,20250427,1.0304,0.822,100,before
290083,20250427,1.0437,0.848,96,before
290084,20250427,1.0303,1.005,97,before
290085,20250427,1.0446,0.994,100,before
290086,20250427,1.0404,0.946,98,before
290087,20250427,1.0314,0.9,96,before
290088,20250427,1.0555,0.881,95,before
290089,20250427,1.0274,0.88,100,before
290090,20250427,1.0475,0.833,98,before
290091,20250427,1.0249,0.831,96,before
290092,20250427,1.0189,0.888,98,before
290093,20250427,1.0366,0.982,97,before
290094,20250427,1.0296,0.846,98,before
290095,20250427,1.0286,0.967,98,before
290096,20250427,1.0205,0.95,95,before
290098,20250427,1.1146,0.912,140,before
290250,20250428,1.2781,1.077,167,before
290260,20250428,1.0292,1.115,95,before
290261,20250428,1.0264,,96,before
290262,20250428,1.0104,1.079,96,before
290263,20250428,1.0132,,97,before
290264,20250428,1.0111,1.109,93,before
290265,20250428,1.0604,1.068,97,before
290266,20250428,1.0641,1.311,98,before
290267,20250428,1.0608,1.079,97,before
290268,20250428,1.0843,1.121,94,before
290269,20250428,1.063,0.924,98,before
290270,20250428,1.0549,0.954,95,before
290271,20250428,1.0467,1.095,99,before
290272,20250428,1.066,0.964,96,before
290273,20250428,1.0411,0.803,99,before
290274,20250428,1.0124,1.099,96,before
290275,20250428,1.0443,1.032,97,before
290276,20250428,1.5886,1.731,247,before
290405,20250429,1.2319,2.05,172,before
290406,20250429,1.2373,1.619,169,before
290409,20250429,1.2118,1.882,189,before
290410,20250429,1.2193,1.424,217,before
290412,20250429,1.2742,1.892,223,before
290413,20250429,1.2433,1.353,253,before
290414,20250429,1.0414,1.316,96,before
290415,20250429,1.0186,1.121,94,before
290416,20250429,1.0231,1.228,99,before
290417,20250429,1.0118,1.002,99,before
290418,20250429,1.0052,1.042,97,before
290419,20250429,1.0148,1.331,94,before
290420,20250429,1.0352,1.159,98,before
290421,20250429,1.0293,1.688,99,before
290422,20250429,1.0441,1.069,93,before
290423,20250429,1.0374,1.051,94,before
290424,20250429,1.0259,0.999,98,before
290425,20250429,1.0415,0.835,96,before
290426,20250429,1.0257,1.034,99,before
290427,20250429,1.0306,1.127,96,before
290428,20250429,1.0167,0.898,97,before
290429,20250429,1.0323,0.929,94,before
290430,20250429,1.0402,0.961,96,before
290431,20250429,1.0648,0.882,97,before
290432,20250429,1.0625,0.758,99,before
290434,20250429,1.638,1.03,186,before
290564,20250430,1.3137,1.256,141,before
290566,20250430,1.0506,1.041,94,before
290567,20250430,1.0419,,94,before
290569,20250430,1.048,0.988,96,before
290570,20250430,1.0309,0.925,99,before
290572,20250430,1.0377,1.409,98,before
290573,20250430,1.0263,0.957,97,before
290574,20250430,1.0094,0.962,97,before
290575,20250430,1.0222,1.191,97,before
290576,20250430,1.0228,,96,before
290577,20250430,1.0238,1.074,100,before
290578,20250430,1.0343,1.099,97,before
290579,20250430,1.0552,1.283,94,before
290580,20250430,1.0588,,95,before
290581,20250430,1.0429,0.797,99,before
290582,20250430,1.0674,0.88,93,before
290583,20250430,1.0307,0.88,98,before
290584,20250430,1.054,0.86,99,before
290585,20250430,1.0298,0.842,98,before
290586,20250430,1.0504,0.78,101,before
290587,20250430,1.041,0.805,97,before
290588,20250430,1.0487,0.869,100,before
290589,20250430,1.0287,0.918,98,before
290590,20250430,1.0765,0.916,99,before
290591,20250430,1.6726,1.053,205,before
290592,20250430,1.2284,0.943,266,before
290726,20250501,1.2163,1.151,183,before
290727,20250501,1.09,1.485,144,before
290728,20250501,1.0509,1.154,98,before
290729,20250501,1.0431,,99,before
290730,20250501,1.064,1.126,97,before
290732,20250501,1.0473,0.943,99,before
290733,20250501,1.0296,0.858,95,before
290734,20250501,1.0223,0.905,97,before
290735,20250501,1.0208,0.847,97,before
290736,20250501,1.0041,0.796,96,before
290737,20250501,1.0171,0.813,97,before
290738,20250501,1.0285,0.818,98,before
290739,20250501,1.0407,0.805,100,before
290740,20250501,1.0382,0.812,95,before
290741,20250501,1.0378,0.828,98,before
290742,20250501,1.0569,0.809,97,before
290743,20250501,1.0504,0.785,99,before
290744,20250501,1.0732,0.761,97,before
290746,20250501,1.1014,0.808,97,before
290747,20250501,1.0793,0.839,97,before
290748,20250501,1.0576,0.827,97,before
290749,20250501,1.0695,0.821,98,before
290750,20250501,1.0814,0.871,98,before
290751,20250501,1.0611,0.809,99,before
290752,20250501,1.103,0.871,97,before
290753,20250501,1.0736,0.837,98,before
290754,20250501,1.0902,1.086,99,before
290755,20250501,1.3322,1.017,100,before
290756,20250501,1.0692,0.866,99,before
290757,20250501,1.0565,0.981,95,before
290759,20250501,1.1992,0.921,256,before
290870,20250502,1.0768,1.346,177,before
290871,20250502,1.08,1.488,132,before
290872,20250502,1.1272,1.292,160,before
290873,20250502,1.1531,1.279,185,before
290874,20250502,1.0553,1.086,98,before
290875,20250502,1.0458,,96,before
290876,20250502,1.0465,0.978,97,before
290881,20250502,1.3045,1.287,104,before
290882,20250502,1.1508,1.471,243,before
290883,20250502,1.1291,1.258,246,before
290884,20250502,1.1335,1.325,260,before
290885,20250502,1.1361,1.342,269,before
290886,20250502,1.1419,1.228,267,before
290887,20250502,1.1093,1.57,293,before
290888,20250502,1.0983,1.307,245,before
290889,20250502,1.1067,1.428,260,before
290890,20250502,1.1117,1.43,287,before
290891,20250502,1.0763,1.653,274,before
290892,20250502,1.0699,1.365,290,before
290893,20250502,1.1441,2.292,277,before
290895,20250502,1.0947,1.699,294,before
290896,20250502,1.0697,1.366,285,before
290898,20250502,1.0776,1.58,251,before
290899,20250502,1.0592,1.175,283,before
290900,20250502,1.0368,1.319,100,before
290901,20250502,1.0409,1.169,96,before
290902,20250502,1.0775,1.058,98,before
290903,20250502,1.0699,0.861,96,before
290904,20250502,1.1791,0.852,128,before
290905,20250502,1.225,0.875,105,before
291035,20250503,1.226,1.512,148,before
291056,20250503,1.3598,1.223,102,before
291058,20250503,1.4369,1.156,96,before
291059,20250503,1.022,1.008,94,before
291060,20250503,1.021,,94,before
291061,20250503,1.0295,1.106,97,before
291062,20250503,1.0306,,95,before
291063,20250503,1.3271,1.902,107,before
291064,20250503,1.2318,1.697,115,before
291065,20250503,1.0183,1.185,175,before
291066,20250503,1.069,1.275,99,before
291067,20250503,1.0434,1.288,95,before
291068,20250503,1.0487,,95,before
291069,20250503,1.0487,1.203,97,before
291070,20250503,1.0542,,95,before
291071,20250503,1.1221,1.798,290,before
291072,20250503,1.0756,1.629,153,before
291073,20250503,1.1163,1.384,149,before
291074,20250503,1.1701,1.485,145,before
291636,20250506,1.1633,1.093,99,before
291637,20250506,1.3328,1.122,97,before
291638,20250506,1.395,0.967,97,before
291639,20250506,1.2848,1.198,99,before
291640,20250506,1.3419,1.019,101,before
291641,20250506,1.2412,0.958,103,before
291642,20250506,1.1091,0.938,110,before
291644,20250506,1.0386,1.435,98,before
291645,20250506,1.0776,1.434,121,before
291646,20250506,1.0789,1.266,121,before
291647,20250506,1.011,1.038,187,before
291648,20250506,1.0662,1.157,242,before
291649,20250506,1.0821,1.845,263,before
291650,20250506,1.0663,0.951,250,before
291651,20250506,1.0716,0.983,243,before
291652,20250506,1.0745,1.169,252,before
291653,20250506,1.1235,1.054,277,before
291654,20250506,1.0629,1.04,281,before
291655,20250506,1.0483,1.009,268,before
291656,20250506,1.0554,0.913,273,before
291657,20250506,1.0947,0.928,291,before
291658,20250506,1.0799,1.009,110,before
291659,20250506,1.053,,110,before
291660,20250506,1.0289,0.933,108,before
291661,20250506,1.013,0.833,110,before
291662,20250506,1.0469,0.79,95,before
291663,20250506,1.078,0.802,96,before
291664,20250506,1.1,0.933,96,before
291665,20250506,1.0643,0.863,97,before
291666,20250506,1.1375,0.841,95,before
291667,20250506,1.1064,0.837,100,before
291668,20250506,1.4312,1.012,98,before
291669,20250506,1.355,0.879,110,before
291828,20250507,1.0716,1.335,101,before
291829,20250507,1.4132,1.2,96,before
291831,20250507,1.1319,1.215,108,before
291832,20250507,1.1036,1.053,106,before
291833,20250507,1.1277,1.192,103,before
291834,20250507,1.0545,1.098,117,before
291835,20250507,1.0361,0.967,152,before
291836,20250507,1.0063,0.895,171,before
291837,20250507,1.0141,0.865,183,before
291838,20250507,1.0505,1.057,224,before
291839,20250507,1.0535,1.037,262,before
291840,20250507,1.0572,0.99,247,before
291841,20250507,1.0423,1.144,262,before
291842,20250507,1.0395,1.132,273,before
291843,20250507,1.029,1.059,279,before
291844,20250507,1.1216,1.166,280,before
291845,20250507,1.0147,0.993,187,before
291846,20250507,1.0305,1.055,235,before
291847,20250507,1.0746,0.9,132,before
291848,20250507,1.202,0.869,117,before
291849,20250507,1.1424,0.98,93,before
291850,20250507,1.1474,,92,before
291851,20250507,1.0924,0.937,100,before
291852,20250507,1.1651,0.771,98,before
291853,20250507,1.2103,0.86,99,before
291854,20250507,1.1595,0.829,94,before
291855,20250507,1.2691,0.824,102,before
291856,20250507,1.2204,0.8,126,before
291857,20250507,1.2549,0.819,153,before
291987,20250508,1.0325,1.112,105,before
291988,20250508,1.0369,1.371,108,before
291989,20250508,1.5223,1.306,94,before
291990,20250508,1.4945,,96,before
291994,20250508,1.3673,1.016,97,before
291995,20250508,1.1591,0.93,108,before
291996,20250508,1.1947,0.918,115,before
291997,20250508,1.0972,0.931,120,before
291998,20250508,1.0706,1.018,125,before
291999,20250508,1.0494,0.943,121,before
292000,20250508,1.0472,0.985,113,before
292001,20250508,1.0289,0.943,140,before
292002,20250508,1.0177,1.475,138,before
292003,20250508,1.0554,1.212,152,before
292004,20250508,1.0269,0.91,233,before
292005,20250508,1.0173,0.869,238,before
292006,20250508,1.0102,0.88,217,before
292007,20250508,1.0575,0.892,130,before
292008,20250508,1.109,0.899,120,before
292009,20250508,1.0869,1.297,101,before
292010,20250508,1.1519,1.184,104,before
292011,20250508,1.3072,1.186,105,before
292012,20250508,1.2115,1.056,120,before
292013,20250508,1.0947,1.214,173,before
292014,20250508,1.1344,1.148,133,before
292016,20250508,1.3535,1.079,100,before
292017,20250508,1.0786,1.113,100,before
292018,20250508,1.1035,0.949,97,before
292019,20250508,1.3183,1.114,146,before
292150,20250509,1.0167,1.116,109,before
292151,20250509,1.0194,1.114,99,before
292152,20250509,1.0329,1.01,110,before
292153,20250509,1.0427,1.012,112,before
292154,20250509,1.3675,1.059,97,before
292156,20250509,1.1931,1.063,107,before
292157,20250509,1.2345,0.948,124,before
292158,20250509,1.1574,0.9,106,before
292159,20250509,1.1217,0.992,106,before
292160,20250509,1.0906,1.059,119,before
292161,20250509,1.1165,1.017,110,before
292162,20250509,1.0433,1.018,133,before
292163,20250509,1.0387,1.074,141,before
292164,20250509,1.0232,0.954,130,before
292165,20250509,1.0661,1.078,130,before
292166,20250509,1.0543,1.058,148,before
292167,20250509,1.126,0.97,128,before
292168,20250509,1.169,1.013,110,before
292169,20250509,1.3517,1.056,103,before
292170,20250509,1.4326,0.939,99,before
292171,20250509,1.2512,0.968,124,before
292172,20250509,1.1691,1.126,119,before
292173,20250509,1.3426,1.113,103,before
292174,20250509,1.2623,0.989,120,before
292175,20250509,1.3486,1.382,121,before
292176,20250509,1.3963,,119,before
293415,20250515,1.1166,1.037,173,before
293416,20250515,1.1247,0.961,203,before
293417,20250515,1.0572,0.923,98,before
293418,20250515,1.0556,0.894,96,before
293419,20250515,1.0617,0.907,96,before
293420,20250515,1.0508,0.798,98,before
293421,20250515,1.056,0.836,98,before
293422,20250515,1.0229,0.81,94,before
293423,20250515,1.0074,0.913,97,before
293424,20250515,1.0213,0.975,98,before
293425,20250515,1.0363,1.14,96,before
293634,20250516,1.1501,1.266,141,before
293635,20250516,1.1397,1.161,196,before
293636,20250516,1.0823,0.98,98,before
293637,20250516,1.106,0.911,95,before
293638,20250516,1.0934,1.854,98,before
293639,20250516,1.0885,,98,before
293640,20250516,1.0545,1.13,99,before
293641,20250516,1.0364,0.93,99,before
293642,20250516,1.0514,1.042,95,before
293643,20250516,1.0588,0.866,99,before
293644,20250516,1.0343,0.935,97,before
293645,20250516,1.0728,1.13,97,before
293647,20250516,1.0364,1.349,244,before
293648,20250516,1.0233,1.47,187,before
293649,20250516,1.0459,1.091,228,before
293650,20250516,1.0691,1.084,205,before
293651,20250516,1.0975,1.133,130,before
293652,20250516,1.2193,1.137,115,before
293653,20250516,1.058,0.994,100,before
293655,20250516,1.0519,0.891,98,before
293656,20250516,1.0628,,97,before
293657,20250516,1.0909,0.955,98,before
293658,20250516,1.4704,1.063,110,before
293659,20250516,1.4298,0.982,113,before
293661,20250516,1.5594,2.026,103,before
293662,20250516,1.6216,,101,before
293791,20250517,1.0067,1.002,111,before
293792,20250517,1.0055,1.02,116,before
293793,20250517,1.0224,0.995,221,before
293794,20250517,1.1514,0.987,99,before
293795,20250517,1.1267,1.214,99,before
293796,20250517,1.1212,,98,before
293797,20250517,1.0827,1.179,100,before
293800,20250517,1.1096,1.185,98,before
293801,20250517,1.0793,1.264,97,before
293802,20250517,1.074,1.218,96,before
293803,20250517,1.0494,1.252,99,before
293804,20250517,1.0635,1.187,93,before
293805,20250517,1.0652,,94,before
293806,20250517,1.133,1.199,136,before
293807,20250517,1.1029,1.101,213,before
293808,20250517,1.1172,1.464,215,before
293809,20250517,1.1476,1.012,141,before
293810,20250517,1.2389,1.202,103,before
293811,20250517,1.3663,1.496,111,before
294747,20250521,1.099,1.246,184,before
294748,20250521,1.086,1.238,184,before
294749,20250521,1.0905,1.693,220,before
294750,20250521,1.1777,1.704,99,before
294751,20250521,1.2251,1.047,97,before
294752,20250521,1.1966,1.191,99,before
294754,20250521,1.0787,1.189,97,before
294755,20250521,1.1143,1.156,98,before
294756,20250521,1.1068,1.131,97,before
294757,20250521,1.1298,1.096,98,before
294758,20250521,1.0994,1.031,100,before
294759,20250521,1.0901,1.212,98,before
294760,20250521,1.0626,1.214,98,before
294761,20250521,1.0373,1.049,95,before
294762,20250521,1.0761,0.963,97,before
294763,20250521,1.0884,1.119,99,before
294764,20250521,1.0879,1.285,95,before
294765,20250521,1.0762,1.142,99,before
294766,20250521,1.1284,0.925,99,before
294767,20250521,1.1419,0.98,97,before
294768,20250521,1.1959,0.901,95,before
294769,20250521,1.1788,0.925,99,before
294770,20250521,1.6665,1.189,99,before
294900,20250522,1.072,0.928,170,before
294901,20250522,1.0768,0.92,153,before
294902,20250522,1.0589,1.093,191,before
294903,20250522,1.0436,1.157,98,before
294904,20250522,1.0332,1.262,96,before
294905,20250522,1.0546,1.035,98,before
294906,20250522,1.0713,0.945,98,before
294908,20250522,1.0468,1.083,99,before
294909,20250522,1.0428,1.154,97,before
294910,20250522,1.0706,0.957,97,before
294911,20250522,1.0506,1.01,97,before
294912,20250522,1.0673,0.956,100,before
294913,20250522,1.0771,0.968,97,before
294914,20250522,1.107,0.923,99,before
294915,20250522,1.1015,0.861,98,before
294916,20250522,1.0637,1.004,98,before
294917,20250522,1.0496,0.855,97,before
294918,20250522,1.0761,0.934,96,before
294919,20250522,1.0538,0.88,96,before
294920,20250522,1.0912,0.771,97,before
294921,20250522,1.1328,0.761,94,before
294922,20250522,1.1012,0.787,99,before
294923,20250522,1.1113,,98,before
294925,20250522,1.1792,0.965,97,before
294926,20250522,1.1629,0.822,97,before
295311,20250524,1.2914,1.593,150,before
295312,20250524,1.1496,1.761,99,before
295313,20250524,1.157,,99,before
295314,20250524,1.8104,1.682,227,before
295315,20250524,1.8209,1.805,157,before
295316,20250524,1.1589,1.16,97,before
295317,20250524,1.2093,0.908,100,before
295450,20250525,1.2829,1.109,259,before
295451,20250525,1.1133,1.062,203,before
295452,20250525,1.0499,0.945,99,before
295454,20250525,1.0961,2.08,247,before
295456,20250525,1.1021,1.702,251,before
295458,20250525,1.0471,1.078,96,before
295459,20250525,1.0347,1.024,99,before
295460,20250525,1.0621,1.096,96,before
295461,20250525,1.0816,1.339,100,before
295462,20250525,1.075,1.072,99,before
295463,20250525,1.092,0.954,99,before
295464,20250525,1.0578,1.009,96,before
295465,20250525,1.086,0.972,100,before
295466,20250525,1.0849,0.935,100,before
295467,20250525,1.1044,0.878,98,before
295468,20250525,1.0648,0.856,98,before
295469,20250525,1.1487,0.889,97,before
295470,20250525,1.1987,0.844,96,before
295471,20250525,1.1212,0.862,99,before
295472,20250525,1.1714,0.858,99,before
295473,20250525,1.1931,0.837,99,before
295474,20250525,1.129,1.131,97,before
295475,20250525,1.1589,0.889,95,before
295476,20250525,1.2546,0.834,99,before
295477,20250525,1.5969,0.92,101,before
295606,20250526,1.3364,1.609,259,before
295607,20250526,1.2747,1.792,277,before
295608,20250526,1.2344,2.261,248,before
295609,20250526,1.2345,1.546,283,before
295610,20250526,1.0496,1.149,98,before
295612,20250526,1.0694,1.355,96,before
295613,20250526,1.0956,1.054,99,before
295614,20250526,1.1212,1.115,98,before
295615,20250526,1.1478,0.958,97,before
295616,20250526,1.1086,0.924,95,before
295617,20250526,1.1285,1.104,96,before
295618,20250526,1.17,1.007,98,before
295619,20250526,1.141,1.247,96,before
295620,20250526,1.1126,0.994,99,before
295621,20250526,1.1348,0.994,97,before
295622,20250526,1.1551,1.312,97,before
295623,20250526,1.2399,0.906,100,before
295624,20250526,1.3065,1.174,96,before
295625,20250526,1.2083,1.051,99,before
295626,20250526,1.2435,0.825,95,before
295627,20250526,1.2711,0.89,98,before
295628,20250526,1.3105,0.83,98,before
295629,20250526,1.5509,0.938,108,before
295759,20250527,1.0334,1.21,163,before
295760,20250527,1.0465,0.982,193,before
295761,20250527,1.0434,1.169,98,before
295762,20250527,1.0377,1.037,97,before
295763,20250527,1.0591,1.054,99,before
295764,20250527,1.0591,0.932,97,before
295766,20250527,1.0757,0.978,96,before
295767,20250527,1.0545,1.064,97,before
295768,20250527,1.0663,0.961,97,before
295769,20250527,1.0852,1.065,97,before
295770,20250527,1.1137,1.02,98,before
295771,20250527,1.1323,1.29,99,before
295772,20250527,1.0797,1.005,96,before
295773,20250527,1.0874,1.086,94,before
295774,20250527,1.0722,0.996,99,before
295775,20250527,1.1026,0.852,95,before
295776,20250527,1.1548,0.802,100,before
295777,20250527,1.1976,0.917,97,before
295778,20250527,1.0994,0.887,97,before
295779,20250527,1.1287,0.863,97,before
295780,20250527,1.1396,0.792,97,before
295781,20250527,1.1883,0.827,97,before
295782,20250527,1.1724,0.779,98,before
295916,20250528,1.1494,1.899,228,before
295917,20250528,1.1267,1.468,244,before
295918,20250528,1.1117,1.481,212,before
295919,20250528,1.0854,1.176,94,before
295920,20250528,1.1012,1.135,97,before
295921,20250528,1.0387,1.313,238,before
295925,20250528,1.0443,0.85,177,before
295926,20250528,1.0525,0.952,163,before
295927,20250528,1.0479,0.978,152,before
295928,20250528,1.1154,1.012,94,before
295930,20250528,1.1179,,95,before
295933,20250528,1.3757,,107,before
295934,20250528,1.4571,1.129,108,before
295935,20250528,1.1527,1.144,96,before
295936,20250528,1.2572,1.281,97,before
295937,20250528,1.2702,,98,before
295938,20250528,1.2082,1.157,98,before
295939,20250528,1.2214,,97,before
296070,20250529,1.3479,1.524,279,before
296071,20250529,1.0848,1.076,212,before
296072,20250529,1.0642,1.114,97,before
296073,20250529,1.0485,1.047,100,before
296074,20250529,1.107,1.034,96,before
296075,20250529,1.0681,0.991,95,before
296077,20250529,1.0525,0.965,91,before
296078,20250529,1.0694,1.06,97,before
296079,20250529,1.0866,1.116,99,before
296080,20250529,1.0818,1.101,99,before
296081,20250529,1.1113,0.955,98,before
296082,20250529,1.0989,1.033,98,before
296083,20250529,1.0867,1.012,99,before
296084,20250529,1.1159,1.0,95,before
296085,20250529,1.163,0.972,100,before
296086,20250529,1.0989,0.947,96,before
296087,20250529,1.0831,0.884,98,before
296088,20250529,1.1186,0.888,97,before
296090,20250529,1.1753,,94,before
296091,20250529,1.1399,1.006,100,before
296092,20250529,1.2046,1.01,99,before
296093,20250529,1.1497,1.157,100,before
296223,20250530,1.0611,2.603,206,before
296224,20250530,1.0857,1.475,223,before
296225,20250530,1.0772,1.454,213,before
296226,20250530,1.064,1.352,232,before
296227,20250530,1.1065,1.572,235,before
296228,20250530,1.2667,1.444,272,before
296229,20250530,1.0381,1.338,225,before
296230,20250530,1.1212,1.19,98,before
296231,20250530,1.1571,1.054,97,before
296232,20250530,1.1403,1.089,98,before
296233,20250530,1.1885,1.07,99,before
296234,20250530,1.2387,0.977,98,before
296235,20250530,1.2144,1.027,99,before
296236,20250530,1.1539,1.573,96,before
296237,20250530,1.2331,1.129,100,before
296238,20250530,1.2399,,98,before
296239,20250530,1.2024,0.973,96,before
296240,20250530,1.2133,,96,before
296377,20250531,1.2927,1.19,280,before
296378,20250531,1.2541,1.265,274,before
296379,20250531,1.2816,1.302,256,before
296380,20250531,1.0485,1.149,99,before
296382,20250531,1.0626,1.152,100,before
296383,20250531,1.077,1.172,100,before
296384,20250531,1.0696,1.145,95,before
296385,20250531,1.0737,,100,before
296628,20250602,1.6733,0.966,105,before
296629,20250602,1.1519,0.975,100,before
296630,20250602,1.2251,0.9,100,before
296631,20250602,1.2787,0.913,98,before
296738,20250603,1.2816,1.164,115,before
296739,20250603,1.1428,1.034,98,before
296740,20250603,1.1433,,97,before
296741,20250603,1.4267,1.412,99,before
296742,20250603,1.409,1.312,97,before
296743,20250603,1.0916,1.03,99,before
296744,20250603,1.122,1.045,97,before
296745,20250603,1.1097,0.964,99,before
296746,20250603,1.1956,0.991,98,before
296747,20250603,1.1554,1.045,97,before
296748,20250603,1.1532,1.078,96,before
296749,20250603,1.2648,1.011,100,before
296750,20250603,1.2522,1.316,97,before
296751,20250603,1.1842,1.329,96,before
296752,20250603,1.3303,1.206,99,before
296753,20250603,1.3425,,100,before
296754,20250603,1.6991,1.081,186,before
296940,20250604,1.2817,1.067,112,before
296941,20250604,1.1219,1.568,107,before
296947,20250604,1.3784,1.221,106,before
296948,20250604,1.4798,,106,before
296949,20250604,1.6997,1.324,103,before
296950,20250604,1.8603,,95,before
296961,20250604,1.0954,1.143,98,before
296962,20250604,1.1207,0.93,100,before
296963,20250604,1.1656,1.079,101,before
296964,20250604,1.1732,0.995,98,before
296965,20250604,1.2095,0.966,99,before
296966,20250604,1.1703,0.819,100,before
296967,20250604,1.2649,0.905,96,before
296968,20250604,1.3081,0.988,96,before
296969,20250604,1.4092,0.902,95,before
296970,20250604,1.6901,1.08,200,before
297107,20250605,1.0213,1.108,171,before
297108,20250605,1.0399,1.032,171,before
297109,20250605,1.0755,1.008,200,before
297110,20250605,1.1071,0.973,191,before
297111,20250605,1.1643,1.013,162,before
297112,20250605,1.1898,0.976,122,before
297113,20250605,1.3168,1.195,186,before
297114,20250605,1.4188,,182,before
297115,20250605,1.4614,1.392,134,before
297123,20250605,1.2051,0.934,97,before
297124,20250605,1.2102,,98,before
297125,20250605,1.3675,0.983,94,before
297126,20250605,1.3167,0.86,99,before
297127,20250605,1.2975,0.968,99,before
297128,20250605,1.4312,0.951,97,before
297129,20250605,1.1672,0.907,111,before
297130,20250605,1.3743,1.065,95,before
297266,20250606,1.0265,1.02,200,before
297267,20250606,1.043,1.098,202,before
297268,20250606,1.0865,0.99,189,before
297269,20250606,1.1566,0.911,174,before
297270,20250606,1.2519,0.934,187,before
297271,20250606,1.2895,0.901,175,before
297272,20250606,1.4089,0.862,196,before
297273,20250606,1.5333,0.918,115,before
297274,20250606,1.8198,0.95,158,before
297275,20250606,1.8693,0.946,105,before
297282,20250606,1.3216,0.856,99,before
297283,20250606,1.3328,,99,before
297284,20250606,1.2974,1.185,97,before
297285,20250606,1.2142,1.018,100,before
297286,20250606,1.1629,1.089,107,before
297287,20250606,1.1596,0.926,114,before
297288,20250606,1.4303,1.001,124,before
297289,20250606,1.3091,0.954,107,before
297423,20250607,1.0349,1.033,198,before
297424,20250607,1.0389,,188,before
297427,20250607,1.104,1.185,210,before
297428,20250607,1.1428,,210,before
297431,20250607,1.2211,1.339,157,before
297432,20250607,1.281,,157,before
297433,20250607,1.5369,1.12,171,before
297434,20250607,1.6873,,165,before
297445,20250607,1.9103,1.366,108,before
297446,20250607,1.8439,1.172,100,before
297447,20250607,1.1928,1.055,115,before
297448,20250607,1.1358,0.989,101,before
297449,20250607,1.1476,1.022,108,before
297450,20250607,1.4788,0.991,96,before
297579,20250608,1.0303,0.896,154,before
297580,20250608,1.0356,0.975,204,before
297589,20250608,1.2554,1.059,201,before
297590,20250608,1.3549,0.99,194,before
297606,20250608,1.7997,1.625,112,before
297608,20250608,1.7065,1.235,108,before
297609,20250608,1.3851,1.196,102,before
297748,20250609,1.1316,1.172,223,before
297749,20250609,1.1727,,219,before
297771,20250609,1.8852,1.378,101,before
297773,20250609,1.6537,1.354,103,before
297774,20250609,1.5054,,102,before
297918,20250610,1.1291,0.942,96,before
297924,20250610,1.1875,1.034,97,before
297925,20250610,1.2739,,97,before
297926,20250610,1.3488,,96,before
297934,20250610,1.6153,1.354,118,before
298086,20250611,1.0336,1.152,198,before
298087,20250611,1.015,1.25,155,before
298088,20250611,1.2933,1.317,276,before
298089,20250611,1.3238,,275,before
298090,20250611,1.1294,1.102,97,before
298092,20250611,1.1391,1.013,98,before
298093,20250611,1.1337,,98,before
298094,20250611,1.1023,0.949,96,before
298095,20250611,1.1016,,97,before
298103,20250611,1.1838,1.027,99,before
298104,20250611,1.2344,,100,before
298105,20250611,1.3324,1.035,99,before
298106,20250611,1.4721,,97,before
298107,20250611,1.6089,,94,before
298110,20250611,1.5509,1.262,119,before
298111,20250611,1.7114,1.093,121,before
298699,20250620,1.0932,1.213,146,before
298700,20250620,1.088,1.17,96,before
298704,20250620,1.117,1.117,98,before
298705,20250620,1.0952,1.264,99,before
298706,20250620,1.1221,1.279,99,before
298707,20250620,1.1495,1.007,98,before
298708,20250620,1.1101,0.9,98,before
298709,20250620,1.1327,0.989,96,before
298710,20250620,1.1755,0.98,99,before
298711,20250620,1.1875,0.974,95,before
298712,20250620,1.2944,1.268,97,before
298713,20250620,1.3916,1.451,98,before
298714,20250620,1.4053,,95,before
298715,20250620,1.4214,,94,before
298716,20250620,1.1571,1.152,98,before
298717,20250620,1.1565,,100,before
298718,20250620,1.1651,1.571,101,before
298719,20250620,1.1294,,101,before
299232,20250624,1.1591,1.073,98,before
299236,20250624,1.2267,1.029,90,before
299253,20250624,1.3723,1.098,99,before
299254,20250624,1.0414,0.977,97,before
299256,20250624,1.0113,1.467,98,before
299257,20250624,1.0369,1.06,99,before
299258,20250624,1.1439,1.392,102,before
299264,20250624,1.1139,1.247,101,before
299265,20250624,1.6825,1.376,100,before
299266,20250624,1.0554,0.937,102,before
299267,20250624,1.0357,0.925,97,before
299268,20250624,1.0771,0.95,101,before
299270,20250624,1.1677,0.996,98,before
299404,20250625,1.3136,1.352,97,before
299405,20250625,1.2378,1.431,98,before
299406,20250625,1.0816,1.438,99,before
299407,20250625,1.1463,1.055,98,before
299408,20250625,1.18,1.022,98,before
299409,20250625,1.3463,1.05,89,before
299410,20250625,1.2019,1.356,97,before
299411,20250625,1.258,1.032,95,before
299412,20250625,1.44,1.021,96,before
299413,20250625,1.4495,,97,before
299414,20250625,1.0527,1.032,100,before
299415,20250625,1.0364,1.078,96,before
299416,20250625,1.0229,1.003,100,before
299417,20250625,1.1439,0.884,103,before
299418,20250625,1.0992,1.066,100,before
299419,20250625,1.2371,1.262,104,before
299420,20250625,1.29,1.073,107,before
299421,20250625,1.3957,0.993,97,before
299422,20250625,1.3414,1.075,98,before
299423,20250625,1.345,,96,before
299424,20250625,1.381,1.066,99,before
299549,20250626,1.3667,1.275,236,before
299550,20250626,1.1765,1.091,99,before
299551,20250626,1.1229,0.949,96,before
299552,20250626,1.201,0.972,96,before
299553,20250626,1.2821,1.324,98,before
299555,20250626,1.3961,1.531,97,before
299556,20250626,1.0653,0.906,99,before
299557,20250626,1.0343,1.034,101,before
299558,20250626,1.0144,0.999,98,before
299559,20250626,1.002,0.878,104,before
299560,20250626,1.0056,0.958,117,before
299561,20250626,1.0659,1.39,99,before
299562,20250626,1.127,0.948,102,before
299563,20250626,1.158,1.034,104,before
299564,20250626,1.2686,1.109,98,before
299565,20250626,1.2008,1.028,104,before
299566,20250626,1.3859,1.1,98,before
299567,20250626,1.0444,0.93,98,before
299568,20250626,1.0325,0.857,99,before
299569,20250626,1.4674,0.93,144,before
299570,20250626,1.532,0.896,114,before
299703,20250627,1.2522,1.289,98,before
299704,20250627,1.2086,1.753,99,before
299705,20250627,1.252,1.066,98,before
299707,20250627,1.3179,1.275,96,before
299708,20250627,1.3257,,96,before
299709,20250627,1.2692,0.973,97,before
299710,20250627,1.0034,1.078,112,before
299711,20250627,1.006,1.107,110,before
299712,20250627,1.0153,1.272,115,before
299713,20250627,1.0049,0.975,120,before
299714,20250627,1.0033,1.157,113,before
299715,20250627,1.0145,1.072,108,before
299716,20250627,1.0842,1.013,100,before
299717,20250627,1.1216,1.24,96,before
299718,20250627,1.185,1.49,103,before
299719,20250627,1.1583,,104,before
299720,20250627,1.1249,1.117,102,before
299721,20250627,1.1669,1.143,107,before
299722,20250627,1.1639,,107,before
299723,20250627,1.0466,0.907,96,before
299724,20250627,1.0193,0.937,99,before
299862,20250628,1.2508,1.113,97,before
299863,20250628,1.0798,1.084,100,before
299864,20250628,1.4462,1.115,93,before
299865,20250628,1.4576,,97,before
299866,20250628,1.0157,0.986,101,before
299867,20250628,1.0095,0.914,95,before
299868,20250628,1.0052,0.845,104,before
299869,20250628,1.0022,0.841,105,before
299870,20250628,1.0004,0.986,108,before
299871,20250628,1.0066,0.85,117,before
299872,20250628,1.0263,0.997,101,before
299873,20250628,1.0684,0.936,103,before
299874,20250628,1.145,0.962,98,before
299875,20250628,1.1308,0.962,100,before
299876,20250628,1.177,1.231,110,before
299877,20250628,1.1458,,106,before
299878,20250628,1.2685,1.01,105,before
299879,20250628,1.2154,1.015,109,before
299880,20250628,1.173,1.206,105,before
299881,20250628,1.188,1.08,106,before
299882,20250628,1.0261,0.992,94,before
299883,20250628,1.5977,1.126,144,before
300017,20250629,1.108,1.893,98,before
300018,20250629,1.1202,,98,before
300019,20250629,1.2943,0.936,96,before
300020,20250629,1.3142,,93,before
300021,20250629,1.0026,0.994,98,before
300022,20250629,1.001,0.951,107,before
300023,20250629,1.0005,1.055,104,before
300024,20250629,1.0073,1.111,117,before
300025,20250629,1.0306,1.068,119,before
300026,20250629,1.0597,0.978,104,before
300027,20250629,1.0432,1.016,103,before
300036,20250629,1.0235,0.963,101,before
300037,20250629,1.0193,0.964,92,before
300038,20250629,1.1541,1.009,102,before
300039,20250629,1.429,1.163,96,before
300040,20250629,1.7555,1.242,118,before
300794,20250705,1.1999,0.976,93,before
300795,20250705,1.2069,,94,before
300796,20250705,1.2093,0.973,97,before
300797,20250705,1.2192,,99,before
300798,20250705,1.3106,0.989,97,before
300799,20250705,1.3277,,96,before
300800,20250705,1.3713,0.99,100,before
300801,20250705,1.3232,1.138,98,before
300802,20250705,1.3277,,98,before
300803,20250705,1.4112,1.048,98,before
300804,20250705,1.4511,1.118,97,before
300805,20250705,1.7707,1.14,96,before
300938,20250706,1.0676,0.92,120,before
300939,20250706,1.0895,0.934,97,before
300940,20250706,1.1094,0.926,110,before
300941,20250706,1.1271,0.935,98,before
300942,20250706,1.1319,1.162,95,before
300943,20250706,1.2481,1.401,97,before
300944,20250706,1.1321,1.168,93,before
300945,20250706,1.1871,1.026,96,before
300946,20250706,1.2841,0.954,95,before
300947,20250706,1.2712,0.908,98,before
300948,20250706,1.4068,0.989,99,before
300949,20250706,1.3548,1.009,95,before
300950,20250706,1.507,1.327,97,before
300951,20250706,1.5485,1.148,98,before
300960,20250706,1.418,1.04,97,before
300961,20250706,1.0536,0.958,97,before
300962,20250706,1.0394,1.009,99,before
300963,20250706,1.0291,0.979,99,before
300964,20250706,1.4478,0.952,99,before
300965,20250706,1.725,1.008,100,before
301095,20250707,1.5495,0.953,94,before
301096,20250707,1.6785,1.095,94,before
301226,20250708,1.3679,1.45,156,before
301227,20250708,1.4946,,150,before
301237,20250708,1.2114,0.905,95,before
301238,20250708,1.5012,1.002,106,before
301240,20250708,1.9217,1.093,119,before
301241,20250708,1.453,0.99,97,before
301242,20250708,1.6949,1.102,124,before
301376,20250709,1.0843,1.01,117,before
301377,20250709,1.1145,0.97,98,before
301378,20250709,1.1208,1.049,95,before
301379,20250709,1.0755,1.066,96,before
301381,20250709,1.1159,,96,before
301532,20250710,1.138,1.062,96,before
301533,20250710,1.081,0.822,98,before
302350,20250717,1.2976,0.999,92,before
302351,20250717,1.3251,,91,before
302352,20250717,1.3393,1.003,98,before
302353,20250717,1.3513,,98,before
302354,20250717,1.3704,,97,before
302355,20250717,1.3982,1.138,97,before
302356,20250717,1.4455,,98,before
302357,20250717,1.5089,,96,before
302358,20250717,1.0878,0.953,104,before
303078,20250722,1.1931,0.922,98,before
303079,20250722,1.3255,1.248,98,before
303083,20250722,1.0502,1.165,101,before
303084,20250722,1.0249,,101,before
303085,20250722,1.0101,,99,before
303086,20250722,1.0771,1.463,98,before
303087,20250722,1.1117,,97,before
303088,20250722,1.1458,,98,before
303089,20250722,1.0965,1.214,103,before
303090,20250722,1.1353,1.395,96,before
303091,20250722,1.0004,0.854,102,before
303092,20250722,1.005,0.843,104,before
303223,20250723,1.4706,1.169,119,before
303224,20250723,1.0749,1.064,101,before
303225,20250723,1.0824,0.922,97,before
303226,20250723,1.104,0.97,96,before
303227,20250723,1.1378,0.842,98,before
303228,20250723,1.1815,0.87,98,before
303229,20250723,1.2455,0.861,98,before
303230,20250723,1.306,0.958,98,before
303231,20250723,1.2021,1.096,96,before
303232,20250723,1.3114,1.04,99,before
303233,20250723,1.2741,0.992,96,before
303234,20250723,1.394,1.109,88,before
303235,20250723,1.1634,0.995,110,before
303236,20250723,1.194,0.964,109,before
303237,20250723,1.182,0.945,96,before
303238,20250723,1.1861,1.031,109,before
303239,20250723,1.0303,1.019,99,before
303240,20250723,1.0155,0.908,99,before
303241,20250723,1.0413,0.965,99,before
303242,20250723,1.0642,1.062,103,before
303243,20250723,1.0925,0.961,100,before
303374,20250724,1.1085,1.052,98,before
303375,20250724,1.0931,1.085,97,before
303376,20250724,1.1449,1.022,98,before
303377,20250724,1.2194,0.956,95,before
303378,20250724,1.2248,,95,before
303379,20250724,1.2327,,95,before
303380,20250724,1.3875,1.187,97,before
303381,20250724,1.3532,1.121,95,before
303382,20250724,1.1398,1.037,104,before
303383,20250724,1.1818,0.891,99,before
303384,20250724,1.2758,1.126,96,before
303385,20250724,1.252,1.215,110,before
303386,20250724,1.2578,1.172,114,before
303387,20250724,1.2238,1.069,106,before
303388,20250724,1.1978,0.991,107,before
303389,20250724,1.1664,1.068,100,before
303390,20250724,1.177,1.023,95,before
303391,20250724,1.1416,0.969,98,before
303392,20250724,1.1546,0.952,99,before
303393,20250724,1.2002,1.117,96,before
303394,20250724,1.1739,1.011,96,before
303395,20250724,1.1788,1.069,100,before
303396,20250724,1.734,1.074,93,before
303528,20250725,1.0968,1.437,99,before
303529,20250725,1.0624,1.403,91,before
303530,20250725,1.1276,1.125,97,before
303531,20250725,1.1811,1.05,97,before
303532,20250725,1.2285,1.099,96,before
303533,20250725,1.2998,1.094,99,before
303534,20250725,1.2443,1.051,97,before
303535,20250725,1.3075,1.033,98,before
303536,20250725,1.3587,1.144,89,before
303537,20250725,1.4154,1.19,97,before
303538,20250725,1.1219,1.238,107,before
303539,20250725,1.1449,1.135,112,before
303540,20250725,1.0579,0.968,101,before
303541,20250725,1.042,1.009,100,before
303542,20250725,1.0315,0.955,104,before
303543,20250725,1.0279,0.955,99,before
303544,20250725,1.0513,0.819,96,before
303545,20250725,1.0501,1.171,101,before
303546,20250725,1.1953,1.025,97,before
303547,20250725,1.1673,0.96,99,before
303548,20250725,1.1435,0.938,99,before
303549,20250725,1.1562,1.118,129,before
303550,20250725,1.6446,1.093,100,before
303681,20250726,1.08,0.902,98,before
303682,20250726,1.1089,0.976,97,before
303683,20250726,1.1211,0.934,100,before
303684,20250726,1.1261,,100,before
303685,20250726,1.0035,1.119,110,before
303686,20250726,1.0092,1.087,115,before
303687,20250726,1.0117,,113,before
303688,20250726,1.0244,1.202,117,before
303689,20250726,1.0597,1.06,115,before
303690,20250726,1.3737,1.143,107,before
303691,20250726,1.327,,106,before
303693,20250726,1.4274,1.226,215,before
303694,20250726,1.3572,,218,before
303695,20250726,1.402,1.918,98,before
303696,20250726,1.0448,1.067,196,before
303697,20250726,1.0187,1.08,126,before
303698,20250726,1.0499,1.01,100,before
303699,20250726,1.0254,1.003,100,before
303700,20250726,1.0493,0.97,102,before
303701,20250726,1.1197,0.929,100,before
303702,20250726,1.1597,0.972,97,before
303703,20250726,1.176,0.898,95,before
303704,20250726,1.1487,0.944,99,before
303706,20250726,1.7886,1.021,94,before
303837,20250727,1.1007,0.98,98,before
303838,20250727,1.1274,0.853,96,before
303839,20250727,1.1685,0.869,98,before
303840,20250727,1.1475,0.982,99,before
303841,20250727,1.1892,0.968,98,before
303842,20250727,1.2727,1.033,99,before
303843,20250727,1.2412,0.904,99,before
303844,20250727,1.2041,0.914,96,before
303845,20250727,1.3155,0.945,97,before
303846,20250727,1.3896,0.93,93,before
303847,20250727,1.456,0.916,93,before
303848,20250727,1.3174,0.964,107,before
303849,20250727,1.3463,0.908,105,before
303850,20250727,1.2851,1.149,105,before
303851,20250727,1.2759,,105,before
303852,20250727,1.1682,1.206,105,before
303853,20250727,1.1613,,105,before
303856,20250727,1.1872,1.018,290,before
303858,20250727,1.034,0.963,103,before
303859,20250727,1.0475,,102,before
303860,20250727,1.159,0.984,100,before
303866,20250727,1.7829,1.187,72,before
303867,20250727,1.4268,1.025,140,before
304001,20250728,1.333,0.883,98,before
304002,20250728,1.2965,0.875,97,before
304003,20250728,1.4412,1.046,98,before
304004,20250728,1.376,1.038,107,before
304005,20250728,1.3314,1.101,101,before
304006,20250728,1.4118,1.019,97,before
304007,20250728,1.0238,0.973,98,before
304008,20250728,1.1722,1.01,98,before
304009,20250728,1.1534,1.017,102,before
304010,20250728,1.197,0.985,100,before
304011,20250728,1.1663,0.917,101,before
304012,20250728,1.1377,0.889,98,before
304013,20250728,1.1443,0.914,99,before
304014,20250728,1.187,0.933,100,before
304015,20250728,1.6766,0.967,100,before
304016,20250728,1.6746,0.961,88,before
304147,20250729,1.08,1.053,96,before
304148,20250729,1.1195,0.953,96,before
304149,20250729,1.1369,0.946,99,before
304150,20250729,1.1505,1.026,97,before
304151,20250729,1.2245,0.918,98,before
304152,20250729,1.3125,1.048,97,before
304153,20250729,1.317,,98,before
304154,20250729,1.3976,1.079,100,before
304155,20250729,1.4099,,100,before
304156,20250729,1.22,1.091,100,before
304157,20250729,1.131,1.201,109,before
304158,20250729,1.1104,,108,before
304159,20250729,1.1507,1.347,105,before
304160,20250729,1.1384,,105,before
304161,20250729,1.1764,1.185,105,before
304162,20250729,1.1788,1.22,113,before
304163,20250729,1.1933,1.339,101,before
304164,20250729,1.1747,1.031,106,before
304165,20250729,1.1872,1.092,103,before
304166,20250729,1.1908,0.959,99,before
304167,20250729,1.2097,0.938,97,before
304168,20250729,1.2087,1.037,100,before
304169,20250729,1.1123,1.024,97,before
304170,20250729,1.1573,1.083,97,before
304171,20250729,1.1626,1.054,120,before
304172,20250729,1.1359,1.016,149,before
304287,20250730,1.3456,1.249,97,before
304288,20250730,1.3119,1.063,99,before
304289,20250730,1.4658,0.976,98,before
304290,20250730,1.3944,1.034,108,before
304291,20250730,1.3608,1.04,100,before
304292,20250730,1.2091,0.925,101,before
304293,20250730,1.1665,0.888,103,before
304294,20250730,1.1811,0.937,95,before
304295,20250730,1.1866,0.915,101,before
304296,20250730,1.0052,0.962,103,before
304297,20250730,1.0065,1.017,156,before
304298,20250730,1.0549,0.966,95,before
304299,20250730,1.1793,1.084,97,before
304300,20250730,1.1174,0.896,100,before
304301,20250730,1.1491,0.902,95,before
304302,20250730,1.7015,1.027,103,before
304303,20250730,1.3563,0.942,128,before
304304,20250730,1.3687,0.941,141,before
304436,20250731,1.1739,0.937,97,before
304437,20250731,1.3891,1.231,96,before
304438,20250731,1.3909,,95,before
304439,20250731,1.2121,0.902,99,before
304440,20250731,1.3861,1.013,97,before
304441,20250731,1.2429,0.961,108,before
304442,20250731,1.3062,0.914,91,before
304443,20250731,1.3167,0.924,109,before
304444,20250731,1.3258,0.995,110,before
304445,20250731,1.3886,0.988,101,before
304446,20250731,1.2042,1.185,103,before
304447,20250731,1.1719,0.985,105,before
304448,20250731,1.201,0.945,99,before
304449,20250731,1.1796,0.892,98,before
304450,20250731,1.1946,0.936,103,before
304451,20250731,1.163,0.837,102,before
304452,20250731,1.2095,0.871,97,before
304453,20250731,1.2651,0.902,99,before
304454,20250731,1.2292,0.86,95,before
304455,20250731,1.1955,0.894,96,before
304456,20250731,1.7412,1.23,106,before
304597,20250801,1.465,1.16,97,before
304598,20250801,1.4211,,96,before
304599,20250801,1.1375,1.014,111,before
304600,20250801,1.1554,1.015,108,before
304601,20250801,1.1547,0.992,107,before
304602,20250801,1.157,0.904,115,before
304603,20250801,1.162,1.043,107,before
304604,20250801,1.2079,0.968,98,before
304605,20250801,1.149,0.903,98,before
304606,20250801,1.1247,0.98,98,before
304607,20250801,1.1318,0.958,96,before
304608,20250801,1.1372,0.924,96,before
304609,20250801,1.2111,1.012,98,before
304610,20250801,1.1564,0.997,97,before
304611,20250801,1.1655,0.874,96,before
304612,20250801,1.7195,1.002,96,before
304613,20250801,1.7535,0.978,94,before
304746,20250802,1.1264,0.973,92,before
304747,20250802,1.1364,0.977,100,before
304748,20250802,1.1791,0.926,96,before
304749,20250802,1.3227,0.979,96,before
304750,20250802,1.3273,,95,before
304751,20250802,1.3051,0.998,97,before
304752,20250802,1.3234,,98,before
304753,20250802,1.1592,0.85,100,before
304754,20250802,1.1362,0.926,100,before
304755,20250802,1.1122,1.254,110,before
304756,20250802,1.1382,1.089,104,before
304757,20250802,1.218,1.232,108,before
304759,20250802,1.2328,1.251,101,before
304760,20250802,1.2021,1.116,102,before
304761,20250802,1.1455,0.973,104,before
304762,20250802,1.2345,1.033,100,before
304763,20250802,1.2395,0.942,98,before
304764,20250802,1.2025,0.923,101,before
304765,20250802,1.2147,0.919,99,before
304766,20250802,1.2259,0.965,100,before
304767,20250802,1.2323,0.874,94,before
304768,20250802,1.2033,0.949,97,before
304769,20250802,1.1382,0.872,137,before
304770,20250802,1.1753,0.961,128,before
304902,20250803,1.1067,0.87,95,before
304903,20250803,1.1414,0.805,97,before
304904,20250803,1.2157,0.828,97,before
304905,20250803,1.3833,0.842,96,before
304909,20250803,1.2545,0.898,100,before
304910,20250803,1.2793,,100,before
304911,20250803,1.1824,1.018,100,before
304912,20250803,1.1849,,100,before
304913,20250803,1.1915,1.047,111,before
304914,20250803,1.1503,,106,before
304915,20250803,1.3174,0.963,108,before
304916,20250803,1.2988,,107,before
304917,20250803,1.2274,0.883,107,before
304918,20250803,1.1474,0.909,105,before
304919,20250803,1.1316,0.889,106,before
304920,20250803,1.1351,0.812,105,before
304921,20250803,1.139,0.79,101,before
304922,20250803,1.1504,0.87,98,before
304923,20250803,1.1207,0.796,98,before
304924,20250803,1.1306,0.93,97,before
304925,20250803,1.1351,0.892,98,before
304926,20250803,1.1127,0.924,97,before
304927,20250803,1.1136,,97,before
304928,20250803,1.0015,0.998,99,before
304929,20250803,1.0016,1.053,100,before
304930,20250803,1.0084,0.986,101,before
304931,20250803,1.0052,0.969,102,before
305048,20250804,1.1013,1.44,96,before
305051,20250804,1.6369,1.307,238,before
305052,20250804,1.5221,,236,before
305053,20250804,1.5236,1.094,251,before
305054,20250804,1.4392,1.125,235,before
305069,20250804,1.2793,0.98,162,before
305070,20250804,1.146,0.948,103,before
305071,20250804,1.1407,,104,before
305072,20250804,1.2235,0.943,100,before
305073,20250804,1.2127,,100,before
305074,20250804,1.2161,0.957,101,before
305075,20250804,1.2306,0.996,101,before
305076,20250804,1.2354,0.887,96,before
305077,20250804,1.246,1.021,97,before
305078,20250804,1.2521,1.051,98,before
305079,20250804,1.2711,0.941,100,before
305080,20250804,1.2141,0.974,97,before
305081,20250804,1.1585,0.88,98,before
305082,20250804,1.1681,0.907,99,before
305083,20250804,1.0041,0.878,103,before
305267,20250805,1.2117,1.109,146,before
305268,20250805,1.1634,,145,before
305269,20250805,1.1646,1.048,183,before
305270,20250805,1.1498,0.975,192,before
305271,20250805,1.1045,,188,before
305272,20250805,1.1518,1.076,181,before
305273,20250805,1.0875,1.0,165,before
305274,20250805,1.0864,1.001,170,before
305275,20250805,1.062,0.939,169,before
305276,20250805,1.0643,0.918,111,before
305277,20250805,1.0675,0.948,129,before
305278,20250805,1.0518,,130,before
305279,20250805,1.0559,0.906,131,before
305280,20250805,1.0702,0.978,125,before
305281,20250805,1.0908,0.987,104,before
305282,20250805,1.1166,0.943,98,before
305283,20250805,1.0922,0.923,96,before
305284,20250805,1.1196,0.973,98,before
305285,20250805,1.1869,0.883,98,before
305286,20250805,1.1982,0.926,97,before
305287,20250805,1.1766,1.188,95,before
305423,20250806,1.1884,1.229,192,before
306402,20250812,1.2465,1.228,96,before
306403,20250812,1.6605,1.393,98,before
306411,20250812,1.032,1.1,173,before
306412,20250812,1.0396,,171,before
306539,20250813,1.1522,0.897,145,before
306540,20250813,1.2078,,144,before
306775,20250815,1.0048,1.224,103,before
306776,20250815,1.0064,1.455,119,before
306777,20250815,1.0118,,119,before
306780,20250815,1.2577,2.001,133,before
306915,20250816,1.2048,0.873,99,before
306916,20250816,1.0833,0.906,99,before
306917,20250816,1.0941,0.881,102,before
306918,20250816,1.1008,0.954,112,before
306919,20250816,1.1164,1.077,108,before
306920,20250816,1.1921,0.983,110,before
306921,20250816,1.0348,1.479,101,before
306922,20250816,1.0185,1.146,152,before
306923,20250816,1.0199,1.322,112,before
306924,20250816,1.0069,1.096,132,before
306925,20250816,1.0112,1.169,103,before
306926,20250816,1.0186,1.282,116,before
306927,20250816,1.0078,1.27,91,before
306928,20250816,1.0086,1.245,108,before
306929,20250816,1.01,1.505,119,before
306930,20250816,1.0051,1.216,112,before
306931,20250816,1.0599,1.234,123,before
306932,20250816,1.0032,0.924,99,before
306933,20250816,1.0065,0.954,101,before
306934,20250816,1.0324,0.899,98,before
306935,20250816,1.0291,0.774,97,before
306936,20250816,1.0504,0.821,103,before
306937,20250816,1.082,0.821,117,before
307067,20250817,1.4065,0.889,96,before
307072,20250817,1.4831,1.111,124,before
307494,20250820,1.0367,0.967,181,before
307495,20250820,1.024,0.923,102,before
307509,20250820,1.0319,0.875,94,before
307510,20250820,1.1251,1.1,101,before
307511,20250820,1.1589,0.983,100,before
307512,20250820,1.3003,1.059,97,before
307513,20250820,1.3919,,95,before
307514,20250820,1.0076,0.998,98,before
307515,20250820,1.005,1.159,99,before
307516,20250820,1.0001,0.979,100,before
307517,20250820,1.0037,1.024,100,before
307518,20250820,1.0345,1.021,98,before
307771,20250822,1.1213,1.093,100,before
307772,20250822,1.1205,,99,before
307773,20250822,1.1291,,99,before
307774,20250822,1.2932,1.295,97,before
307775,20250822,1.2818,,97,before
307783,20250822,1.1771,1.184,98,before
307784,20250822,1.0199,1.004,99,before
307785,20250822,1.008,,99,before
307991,20250823,1.0046,0.859,108,before
307992,20250823,1.3024,0.954,98,before
307993,20250823,1.2233,0.954,101,before
307994,20250823,1.246,0.89,97,before
307995,20250823,1.2494,0.947,97,before
307996,20250823,1.2476,,97,before
307997,20250823,1.2144,1.048,96,before
307998,20250823,1.1941,1.114,101,before
307999,20250823,1.0249,1.439,99,before
308000,20250823,1.0263,,95,before
308002,20250823,1.0239,1.362,97,before
308003,20250823,1.0448,1.065,96,before
308004,20250823,1.0535,0.942,99,before
308005,20250823,1.0454,,99,before
308006,20250823,1.8074,1.406,96,before
308438,20250826,1.1817,0.975,94,before
308439,20250826,1.1265,1.012,108,before
308440,20250826,1.1386,0.87,96,before
308441,20250826,1.1423,0.833,101,before
308442,20250826,1.096,0.895,99,before
308443,20250826,1.1019,0.795,97,before
308444,20250826,1.1065,0.894,98,before
308445,20250826,1.202,0.981,101,before
308446,20250826,1.1862,0.909,97,before
308452,20250826,1.0038,0.838,99,before
308453,20250826,1.0057,0.878,99,before
308454,20250826,1.0126,1.027,97,before
308601,20250827,1.2048,0.982,99,before
308602,20250827,1.1749,0.914,99,before
308603,20250827,1.1786,0.868,93,before
308604,20250827,1.1957,0.816,96,before
308605,20250827,1.1935,0.903,97,before
308606,20250827,1.1849,0.876,99,before
308886,20250829,1.113,1.096,99,before
308887,20250829,1.5227,1.048,194,before
308888,20250829,1.4025,0.853,96,before
308889,20250829,1.3311,0.838,97,before
308890,20250829,1.0945,0.78,95,before
308891,20250829,1.2487,0.706,98,before
308892,20250829,1.1801,0.788,98,before
308893,20250829,1.095,0.809,101,before
308894,20250829,1.0966,0.858,107,before
308895,20250829,1.0783,,108,before
308896,20250829,1.1307,1.554,107,before
308897,20250829,1.1236,,107,before
308898,20250829,1.1346,1.068,99,before
308899,20250829,1.1132,0.902,95,before
308900,20250829,1.1152,0.906,96,before
308901,20250829,1.1225,,95,before
308902,20250829,1.1376,,97,before
308904,20250829,1.0021,0.967,95,before
308905,20250829,1.0085,0.867,95,before
308906,20250829,1.0255,0.997,96,before
308907,20250829,1.0264,0.861,97,before
308908,20250829,1.0163,0.859,95,before
308909,20250829,1.0109,,94,before
309049,20250830,1.5442,1.612,243,before
309050,20250830,1.5416,1.627,206,before
309060,20250830,1.3538,1.169,186,before
309061,20250830,1.3619,1.398,196,before
309062,20250830,1.3484,1.083,184,before
309063,20250830,1.2578,0.962,99,before
309064,20250830,1.2472,,100,before
309065,20250830,1.2258,1.073,101,before
309066,20250830,1.2908,1.062,98,before
309067,20250830,1.2128,0.985,98,before
309068,20250830,1.2553,1.071,100,before
309069,20250830,1.2761,0.997,97,before
309070,20250830,1.2418,1.095,100,before
309072,20250830,1.1682,1.087,97,before
309073,20250830,1.1811,0.959,100,before
309074,20250830,1.1836,0.933,99,before
309075,20250830,1.1882,0.909,95,before
309076,20250830,1.1996,0.894,99,before
309077,20250830,1.1691,0.926,100,before
309078,20250830,1.1685,,100,before
309079,20250830,1.8573,1.154,95,before
309935,20250907,1.1795,0.896,98,before
309936,20250907,1.1409,,100,before
309937,20250907,1.1826,0.875,94,before
309938,20250907,1.1433,,93,before
309939,20250907,1.2356,1.257,94,before
309940,20250907,1.1676,,95,before
309942,20250907,1.5063,,113,before
309943,20250907,1.4152,,113,before
309944,20250907,1.0469,0.911,96,before
309945,20250907,1.0274,,95,before
309961,20250907,1.7287,1.1,94,before
309962,20250907,1.4522,1.03,100,before
310097,20250908,1.5732,1.288,273,before
310098,20250908,1.4768,,270,before
310099,20250908,1.4702,1.168,226,before
310100,20250908,1.3719,,223,before
310107,20250908,1.2479,1.031,100,before
310108,20250908,1.1858,,100,before
310109,20250908,1.0631,1.08,137,before
310110,20250908,1.0839,,135,before
310111,20250908,1.1504,1.066,174,before
310112,20250908,1.1993,,173,before
310113,20250908,1.2734,1.015,202,before
310114,20250908,1.3457,,199,before
310115,20250908,1.9228,1.142,94,before
310117,20250908,1.8647,1.032,98,before
310135,20250908,1.7972,1.026,93,before
310320,20250909,1.1365,1.156,100,before
310321,20250909,1.4114,1.124,96,before
310322,20250909,1.4353,,96,before
310323,20250909,1.5035,1.137,96,before
310326,20250909,1.5569,1.681,253,before
310327,20250909,1.4822,,248,before
310342,20250909,1.3587,1.855,181,before
310343,20250909,1.4312,,177,before
310344,20250909,1.3572,1.364,166,before
310350,20250909,1.9011,1.328,96,before
310351,20250909,1.8153,,94,before
310352,20250909,1.8296,1.027,98,before
310353,20250909,1.7889,,98,before
310873,20250912,1.3798,1.758,180,before
310874,20250912,1.2694,1.906,102,before
310875,20250912,1.2543,,102,before
310877,20250912,1.0489,1.169,159,before
310878,20250912,1.1641,1.081,94,before
310879,20250912,1.0054,1.082,102,before
310881,20250912,1.0736,1.251,98,before
310885,20250912,1.0134,1.42,110,before
310887,20250912,1.2042,1.303,143,before
310888,20250912,1.6131,1.19,100,before
310889,20250912,1.4595,1.209,100,before
310890,20250912,1.4337,,100,before
310891,20250912,1.7324,1.983,101,before
310892,20250912,1.531,1.095,119,before
310894,20250912,1.7099,1.174,96,before
310895,20250912,1.656,,95,before
310896,20250912,1.6085,,93,before
311032,20250913,1.4793,1.114,193,before
311033,20250913,1.4182,0.961,100,before
311034,20250913,1.3034,0.912,97,before
311035,20250913,1.0583,0.91,104,before
311036,20250913,1.105,0.962,101,before
311037,20250913,1.2868,0.993,101,before
311038,20250913,1.3782,1.083,105,before
311039,20250913,1.3647,,106,before
311040,20250913,1.2509,1.566,104,before
311041,20250913,1.24,1.239,97,before
311042,20250913,1.2383,,96,before
311043,20250913,1.2923,1.034,98,before
311044,20250913,1.3036,1.049,99,before
311045,20250913,1.271,0.902,99,before
311046,20250913,1.0185,0.781,98,before
311047,20250913,1.0016,0.721,97,before
311048,20250913,1.0065,0.782,99,before
311049,20250913,1.0045,0.814,98,before
311050,20250913,1.0107,1.24,96,before
311186,20250914,1.1445,1.251,96,before
311187,20250914,1.3742,0.964,236,before
311188,20250914,1.029,0.942,99,before
311189,20250914,1.0381,0.865,99,before
311190,20250914,1.1141,0.864,105,before
311191,20250914,1.442,0.939,103,before
311193,20250914,1.2414,1.083,110,before
311194,20250914,1.2385,0.884,111,before
311195,20250914,1.252,0.893,101,before
311196,20250914,1.2536,1.295,102,before
311198,20250914,1.2167,1.018,100,before
311199,20250914,1.1027,0.999,100,before
311200,20250914,1.1036,0.982,97,before
311201,20250914,1.1838,0.883,99,before
311202,20250914,1.2395,0.888,99,before
311203,20250914,1.214,0.876,98,before
311204,20250914,1.215,0.899,100,before
311205,20250914,1.4346,0.919,98,before
311206,20250914,1.2039,0.844,97,before
311207,20250914,1.1768,0.806,96,before
311208,20250914,1.1761,0.847,99,before
311209,20250914,1.1736,,99,before
311210,20250914,1.2056,0.88,99,before
311211,20250914,1.3134,0.835,99,before
311212,20250914,1.1882,0.916,98,before
311346,20250915,1.4256,1.037,204,before
311347,20250915,1.0621,0.888,106,before
311350,20250915,1.0953,1.363,157,before
311941,20250919,1.1156,0.905,99,before
311942,20250919,1.0963,0.877,99,before
311943,20250919,1.0838,0.855,99,before
311944,20250919,1.0868,0.867,96,before
311945,20250919,1.1215,0.912,95,before
311946,20250919,1.2245,0.94,99,before
311947,20250919,1.1647,0.839,96,before
311948,20250919,1.139,0.885,96,before
311949,20250919,1.694,0.93,96,before
311950,20250919,1.6278,0.955,96,before
311951,20250919,1.6344,0.955,97,before
311952,20250919,1.7102,0.928,99,before
311953,20250919,1.6656,0.912,99,before
311954,20250919,1.6469,0.917,100,before
311955,20250919,1.7238,0.879,97,before
311956,20250919,1.5802,0.871,98,before
311957,20250919,1.7567,0.822,95,before
311958,20250919,1.6718,0.937,98,before
312097,20250920,1.1604,1.094,105,before
312098,20250920,1.3919,1.034,101,before
312099,20250920,1.3606,,100,before
312100,20250920,1.2954,0.963,102,before
312101,20250920,1.2765,0.835,101,before
312102,20250920,1.2823,0.822,102,before
312103,20250920,1.2646,0.926,100,before
312104,20250920,1.2653,0.911,101,before
312105,20250920,1.2726,0.916,96,before
312106,20250920,1.2903,1.063,99,before
312107,20250920,1.2304,0.877,97,before
312108,20250920,1.2862,0.878,99,before
312109,20250920,1.2913,0.942,95,before
312110,20250920,1.2503,0.915,99,before
312111,20250920,1.2089,0.864,99,before
312112,20250920,1.6052,1.127,98,before
312113,20250920,1.65,0.916,95,before
312114,20250920,1.6847,1.091,97,before
312115,20250920,1.7007,0.958,96,before
312116,20250920,1.6095,0.968,97,before
312117,20250920,1.8069,0.885,96,before
312118,20250920,1.6671,0.842,98,before
312119,20250920,1.6643,1.019,96,before
312260,20250921,1.2699,1.058,101,before
312261,20250921,1.2733,1.007,100,before
312262,20250921,1.2744,,100,before
312263,20250921,1.301,0.997,96,before
312264,20250921,1.2969,,93,before
312265,20250921,1.1314,1.072,100,before
312266,20250921,1.1297,0.868,99,before
312267,20250921,1.1342,0.959,97,before
312268,20250921,1.1442,0.84,96,before
312269,20250921,1.1885,0.849,99,before
312270,20250921,1.7137,0.883,95,before
312271,20250921,1.6769,0.891,97,before
312272,20250921,1.6462,0.979,100,before
312273,20250921,1.6514,0.884,98,before
312274,20250921,1.6183,0.93,96,before
312275,20250921,1.6225,0.888,97,before
312276,20250921,1.6482,0.851,99,before
312277,20250921,1.8269,1.126,97,before
312409,20250922,1.5205,0.916,257,before
312410,20250922,1.0437,0.844,102,before
312411,20250922,1.1561,0.811,108,before
312412,20250922,1.3874,0.814,105,before
312413,20250922,1.411,0.789,103,before
312414,20250922,1.2681,0.779,112,before
312415,20250922,1.3052,0.839,102,before
312416,20250922,1.299,,103,before
312417,20250922,1.262,0.792,97,before
312418,20250922,1.3256,0.816,98,before
312419,20250922,1.3422,0.856,96,before
312420,20250922,1.3503,0.856,100,before
312421,20250922,1.3115,0.856,96,before
312422,20250922,1.2908,0.824,98,before
312423,20250922,1.2454,0.79,96,before
312424,20250922,1.2502,0.768,94,before
312425,20250922,1.2164,0.808,92,before
312426,20250922,1.2205,0.841,99,before
312427,20250922,1.7383,0.828,98,before
312428,20250922,1.4625,0.797,99,before
312429,20250922,1.7058,0.925,98,before
312430,20250922,1.5934,0.815,95,before
312431,20250922,1.7894,0.901,97,before
312432,20250922,1.8494,,98,before
312433,20250922,1.8037,0.835,98,before
312434,20250922,1.7218,0.836,96,before
312435,20250922,1.9375,0.884,107,before
312436,20250922,1.7889,0.91,99,before
312568,20250923,1.5846,1.106,239,before
312569,20250923,1.0957,0.994,100,before
312570,20250923,1.112,0.937,95,before
312571,20250923,1.0946,1.036,105,before
312572,20250923,1.103,0.891,97,before
312573,20250923,1.1209,0.935,108,before
312574,20250923,1.1055,0.913,101,before
312575,20250923,1.1059,0.824,97,before
312576,20250923,1.1141,0.88,95,before
312577,20250923,1.0924,0.851,100,before
312578,20250923,1.0768,0.888,100,before
312579,20250923,1.0869,0.928,99,before
312580,20250923,1.0958,0.888,100,before
312581,20250923,1.1257,0.89,98,before
312582,20250923,1.1325,0.938,98,before
312583,20250923,1.1436,0.892,99,before
312584,20250923,1.1577,0.881,97,before
312585,20250923,1.7083,0.927,96,before
312586,20250923,1.4279,0.91,97,before
312587,20250923,1.743,1.033,96,before
312588,20250923,1.6528,0.899,95,before
312589,20250923,1.8177,0.916,100,before
312590,20250923,1.7447,1.0,98,before
312591,20250923,1.726,0.901,95,before
312592,20250923,1.6878,0.893,98,before
312593,20250923,1.7973,0.868,101,before
312594,20250923,1.9205,0.868,98,before
312773,20250924,1.547,0.979,275,before
312774,20250924,1.0774,0.831,99,before
312775,20250924,1.1399,0.935,103,before
312776,20250924,1.1345,0.908,117,before
312777,20250924,1.1344,0.997,105,before
312778,20250924,1.1435,0.999,107,before
312779,20250924,1.2891,0.989,108,before
312780,20250924,1.2942,1.056,102,before
312781,20250924,1.3178,0.968,98,before
312782,20250924,1.322,0.911,98,before
312783,20250924,1.3424,0.952,97,before
312784,20250924,1.3037,0.821,96,before
312785,20250924,1.3189,0.844,99,before
312786,20250924,1.3275,0.909,99,before
312787,20250924,1.2966,0.929,97,before
312788,20250924,1.2588,0.938,99,before
312789,20250924,1.2254,0.917,97,before
312790,20250924,1.2271,0.857,96,before
312791,20250924,1.1712,0.854,96,before
312792,20250924,1.1654,0.913,99,before
312793,20250924,1.7149,0.813,97,before
312794,20250924,1.7406,0.895,97,before
312795,20250924,1.6749,0.941,96,before
312796,20250924,1.6916,0.938,100,before
312797,20250924,1.6352,1.036,98,before
312798,20250924,1.7268,1.004,97,before
312799,20250924,1.8298,0.979,94,before
312800,20250924,1.9132,0.981,97,before
313344,20250927,1.4719,1.166,210,before
313345,20250927,1.2049,1.406,106,before
313346,20250927,1.1479,,106,before
313354,20250927,1.0308,1.041,93,before
313355,20250927,1.0809,1.638,96,before
313356,20250927,1.0822,,93,before
313357,20250927,1.0974,1.06,96,before
313367,20250927,1.818,1.347,100,before
313368,20250927,1.7937,1.297,97,before
313369,20250927,1.6644,1.36,98,before
313370,20250927,1.7032,,97,before
313371,20250927,1.7652,1.074,110,before
313372,20250927,1.9057,1.071,101,before
313507,20250928,1.5664,0.983,235,before
313508,20250928,1.1984,0.89,103,before
313509,20250928,1.1448,,102,before
313510,20250928,1.4062,1.056,103,before
313511,20250928,1.3686,,103,before
313512,20250928,1.3421,1.105,106,before
313513,20250928,1.3341,,105,before
313514,20250928,1.3169,1.218,95,before
313517,20250928,1.0169,1.078,94,before
313518,20250928,1.1088,1.44,96,before
313519,20250928,1.1446,1.079,96,before
313520,20250928,1.1502,1.14,99,before
313521,20250928,1.1386,,99,before
313522,20250928,1.1539,1.058,93,before
313523,20250928,1.1656,0.938,97,before
313524,20250928,1.1608,0.94,97,before
313525,20250928,1.2057,0.905,100,before
313526,20250928,1.6616,0.902,96,before
313527,20250928,1.6778,0.914,98,before
313528,20250928,1.6507,0.897,97,before
313529,20250928,1.7994,0.878,97,before
313530,20250928,1.6041,0.859,98,before
313531,20250928,1.6639,0.87,98,before
313532,20250928,1.6534,0.885,97,before
313533,20250928,1.9052,0.922,109,before
313534,20250928,1.7752,0.849,93,before
313698,20250929,1.3755,1.105,209,before
313699,20250929,1.0902,1.049,105,before
313700,20250929,1.0588,,105,before
313701,20250929,1.0403,,103,before
313702,20250929,1.0943,1.02,103,before
313703,20250929,1.0904,,103,before
313704,20250929,1.095,,103,before
313705,20250929,1.0894,1.15,95,before
313706,20250929,1.0776,0.965,97,before
313707,20250929,1.0756,0.896,99,before
313708,20250929,1.0806,0.875,98,before
313709,20250929,1.0662,0.951,93,before
313710,20250929,1.0918,0.965,98,before
313711,20250929,1.0966,0.895,98,before
313712,20250929,1.1028,0.956,97,before
313713,20250929,1.1068,0.852,99,before
313714,20250929,1.1501,0.789,97,before
313715,20250929,1.153,0.892,95,before
313716,20250929,1.1567,0.836,99,before
313717,20250929,1.1409,0.954,101,before
313718,20250929,1.1465,0.929,99,before
313719,20250929,1.1922,0.858,100,before
313720,20250929,1.165,0.958,97,before
313721,20250929,1.689,0.853,94,before
313722,20250929,1.6986,0.934,89,before
313723,20250929,1.6891,0.888,94,before
313724,20250929,1.6041,0.873,98,before
313725,20250929,1.739,1.11,96,before
313726,20250929,1.7925,,95,before
313727,20250929,1.7737,1.086,101,before
313913,20250930,1.3525,0.862,188,before
313914,20250930,1.1907,0.889,102,before
313915,20250930,1.1381,,102,before
313916,20250930,1.0663,1.066,100,before
313917,20250930,1.0378,,100,before
313919,20250930,1.1151,1.393,160,before
313920,20250930,1.1118,1.244,150,before
313921,20250930,1.155,1.128,97,before
313922,20250930,1.126,1.369,96,before
313923,20250930,1.124,1.363,99,before
313924,20250930,1.0982,1.132,98,before
313925,20250930,1.1455,1.17,97,before
313926,20250930,1.0627,1.454,99,before
313927,20250930,1.0603,,98,before
313928,20250930,1.0821,1.192,99,before
313929,20250930,1.0843,0.983,98,before
313930,20250930,1.114,0.944,98,before
313931,20250930,1.1157,0.967,97,before
313932,20250930,1.1243,1.03,96,before
313933,20250930,1.2244,0.923,98,before
313934,20250930,1.2117,1.064,96,before
313935,20250930,1.2369,1.319,97,before
313936,20250930,1.2488,1.013,98,before
313937,20250930,1.2442,,97,before
313939,20250930,1.184,0.991,99,before
313940,20250930,1.7266,0.929,98,before
313941,20250930,1.7636,0.906,94,before
313942,20250930,1.8394,0.97,97,before
314104,20251001,1.1983,1.68,149,before
314105,20251001,1.1289,1.178,139,before
314106,20251001,1.1187,1.463,169,before
314107,20251001,1.1129,1.246,206,before
314108,20251001,1.1114,1.121,160,before
314109,20251001,1.0626,1.0,206,before
314110,20251001,1.0457,1.038,186,before
314111,20251001,1.0456,1.103,146,before
314112,20251001,1.1471,1.182,98,before
314113,20251001,1.1256,1.06,100,before
314114,20251001,1.1196,1.1,98,before
314115,20251001,1.0942,1.036,98,before
314116,20251001,1.1049,1.143,99,before
314117,20251001,1.0815,1.102,97,before
314118,20251001,1.1247,0.984,98,before
314119,20251001,1.0728,1.004,99,before
314120,20251001,1.0663,,98,before
314121,20251001,1.1067,1.002,97,before
314122,20251001,1.1004,,97,before
314123,20251001,1.108,0.792,98,before
314124,20251001,1.1179,0.816,97,before
314125,20251001,1.1185,0.776,99,before
314126,20251001,1.1343,0.798,96,before
314127,20251001,1.1302,0.872,100,before
314128,20251001,1.1546,0.843,97,before
314129,20251001,1.1602,0.913,100,before
314130,20251001,1.7068,0.821,97,before
314131,20251001,1.6748,0.897,96,before
314132,20251001,1.6682,0.849,98,before
314133,20251001,1.6533,0.942,99,before
314134,20251001,1.7861,0.946,100,before
314135,20251001,1.6553,0.838,97,before
314136,20251001,1.7275,0.929,110,before
314259,20251002,1.1976,0.974,99,before
314260,20251002,1.2118,1.264,190,before
314261,20251002,1.3536,1.266,115,before
314262,20251002,1.4002,1.269,94,before
314263,20251002,1.3125,1.264,96,before
314264,20251002,1.2481,1.296,96,before
314265,20251002,1.1908,1.159,96,before
314266,20251002,1.1905,0.967,99,before
314267,20251002,1.1698,1.044,98,before
314268,20251002,1.0359,1.104,99,before
314269,20251002,1.0399,0.964,104,before
314270,20251002,1.1494,0.905,94,before
314271,20251002,1.0192,0.92,113,before
314272,20251002,1.0221,0.843,99,before
314273,20251002,1.0177,,97,before
314274,20251002,1.7334,1.011,109,before
314275,20251002,1.2806,0.992,95,before
314276,20251002,1.2659,,95,before
314277,20251002,1.2205,0.819,98,before
314278,20251002,1.2114,,94,before
314279,20251002,1.1438,0.856,96,before
314280,20251002,1.1375,,95,before
314281,20251002,1.1556,0.833,99,before
314282,20251002,1.2295,0.792,99,before
314283,20251002,1.6438,0.784,94,before
314284,20251002,1.6681,,91,before
314285,20251002,1.7817,0.93,100,before
314292,20251002,1.6224,0.921,98,before
314293,20251002,1.8174,0.867,104,before
314444,20251003,1.1909,1.101,99,before
314447,20251003,1.4695,1.13,96,before
314448,20251003,1.355,,93,before
314449,20251003,1.3326,1.067,94,before
314450,20251003,1.2682,1.024,94,before
314451,20251003,1.2256,0.902,97,before
314452,20251003,1.214,0.933,99,before
314453,20251003,1.1774,1.252,98,before
314454,20251003,1.2053,1.06,97,before
314455,20251003,1.1049,1.444,117,before
314456,20251003,1.0571,1.189,89,before
314457,20251003,1.0583,1.063,118,before
314458,20251003,1.0249,1.025,93,before
314459,20251003,1.0209,1.119,105,before
314460,20251003,1.7613,1.4,103,before
314461,20251003,1.7159,,102,before
314462,20251003,1.5719,1.346,97,before
314463,20251003,1.5609,,97,before
314464,20251003,1.7172,1.419,97,before
314465,20251003,1.7256,,98,before
314466,20251003,1.0387,1.144,35,before
314467,20251003,1.0406,1.337,36,before
314468,20251003,1.0573,1.337,74,before
314469,20251003,1.0599,1.169,88,before
314470,20251003,1.0822,1.393,91,before
314471,20251003,1.0811,1.025,109,before
314472,20251003,1.2824,1.55,96,before
314473,20251003,1.2584,,94,before
314474,20251003,1.2049,1.093,83,before
314475,20251003,1.1862,,83,before
314476,20251003,1.1446,0.972,95,before
314477,20251003,1.3267,1.06,101,before
314597,20251004,1.6188,1.062,98,before
314609,20251004,1.1593,1.513,93,before
314610,20251004,1.123,1.08,109,before
314611,20251004,1.0527,0.885,35,before
314612,20251004,1.0421,0.796,53,before
314613,20251004,1.0544,1.144,105,before
314614,20251004,1.0301,0.829,99,before
314619,20251004,1.0214,0.844,95,before
314620,20251004,1.1038,0.857,104,before
314621,20251004,1.1517,0.925,104,before
314622,20251004,1.707,0.944,97,before
314623,20251004,1.7879,0.938,98,before
314625,20251004,1.8578,1.5,95,before
314626,20251004,1.5155,1.074,113,before
314627,20251004,1.6774,1.355,104,before
314628,20251004,1.9021,1.23,102,before
314629,20251004,1.753,1.119,99,before
314768,20251005,1.5008,0.853,88,before
314769,20251005,1.3977,,85,before
314770,20251005,1.5073,0.904,82,before
314771,20251005,1.3831,,83,before
314772,20251005,1.1676,1.012,225,before
314773,20251005,1.206,,220,before
314774,20251005,1.3677,1.078,162,before
314775,20251005,1.481,,157,before
314777,20251005,1.6212,1.273,88,before
314779,20251005,1.512,0.883,107,before
314780,20251005,1.3979,,106,before
314782,20251005,1.7299,,101,before
314783,20251005,1.6762,,102,before
314784,20251005,1.775,1.157,86,before
314785,20251005,1.7509,,84,before
314786,20251005,1.7564,0.929,83,before
314787,20251005,1.7695,,82,before
314788,20251005,1.7304,0.881,98,before
314789,20251005,1.641,0.82,102,before
314790,20251005,1.6872,0.807,87,before
314791,20251005,1.8735,0.976,92,before
314792,20251005,1.6925,0.957,95,before
314941,20251006,1.1116,,144,before
314944,20251006,1.4587,1.036,197,before
314945,20251006,1.4241,,197,before
314948,20251006,1.0156,1.0,151,before
314949,20251006,1.0345,,153,before
314971,20251006,1.6868,0.988,87,before
314972,20251006,1.7581,,87,before
314977,20251006,1.6312,1.034,96,before
314978,20251006,1.7039,,94,before
314979,20251006,1.7947,,92,before
315152,20251007,1.5406,1.291,87,before
315153,20251007,1.462,,87,before
315154,20251007,1.3214,0.936,83,before
315155,20251007,1.3066,,86,before
316228,20251014,1.3075,1.398,95,before
316229,20251014,1.3425,2.088,96,before
316230,20251014,1.2919,1.595,84,before
316231,20251014,1.2441,1.85,98,before
316232,20251014,1.1793,1.705,98,before
316233,20251014,1.1596,2.001,97,before
316234,20251014,1.1266,1.405,99,before
316235,20251014,1.1696,1.317,96,before
316236,20251014,1.1051,1.534,72,before
316237,20251014,1.1212,1.994,31,before
316238,20251014,1.0459,2.996,131,before
316239,20251014,1.0482,2.058,133,before
316240,20251014,1.0567,1.19,111,before
316241,20251014,1.0138,1.314,118,before
316242,20251014,1.0008,1.337,102,before
316243,20251014,1.0071,,102,before
316244,20251014,1.0039,1.064,97,before
316245,20251014,1.0132,,96,before
316246,20251014,1.0006,1.286,98,before
316247,20251014,1.0929,1.768,102,before
316258,20251014,1.2116,0.915,99,before
316259,20251014,1.3705,1.187,102,before
316260,20251014,1.2219,1.018,89,before
316261,20251014,1.5374,1.997,96,before
316262,20251014,1.4806,,94,before
316397,20251015,1.2536,1.551,175,before
316398,20251015,1.2868,1.303,226,before
316399,20251015,1.3627,1.243,101,before
316400,20251015,1.3346,,101,before
316402,20251015,1.275,1.347,97,before
316403,20251015,1.2858,1.678,105,before
316404,20251015,1.3329,1.704,98,before
316405,20251015,1.3793,2.256,102,before
316406,20251015,1.3613,1.353,99,before
316407,20251015,1.3465,,99,before
316408,20251015,1.2244,1.142,97,before
316409,20251015,1.3214,1.057,97,before
316410,20251015,1.3045,1.124,100,before
316411,20251015,1.2596,1.14,96,before
316412,20251015,1.2564,,97,before
316413,20251015,1.2328,1.066,100,before
316414,20251015,1.2322,1.032,99,before
316415,20251015,1.2451,1.033,96,before
316416,20251015,1.2098,0.958,97,before
316417,20251015,1.1995,0.928,99,before
316418,20251015,1.6452,0.921,97,before
316419,20251015,1.7694,0.904,98,before
316420,20251015,1.7756,1.021,99,before
316421,20251015,1.6492,0.997,99,before
316422,20251015,1.5888,1.205,98,before
316423,20251015,1.6804,1.446,99,before
316424,20251015,1.6788,,94,before
316425,20251015,1.6281,1.297,99,before
316426,20251015,1.6751,,98,before
316564,20251016,1.2503,1.803,121,before
316565,20251016,1.2457,1.405,159,before
316566,20251016,1.3271,1.201,100,before
316567,20251016,1.3927,1.048,100,before
316568,20251016,1.3882,,100,before
316569,20251016,1.3243,1.358,95,before
316570,20251016,1.3417,0.958,100,before
316571,20251016,1.4128,1.053,98,before
316572,20251016,1.3149,1.046,99,before
316573,20251016,1.3758,1.106,98,before
316574,20251016,1.3396,1.115,100,before
316575,20251016,1.3068,0.9,96,before
316576,20251016,1.3041,,96,before
316577,20251016,1.2732,1.018,100,before
316593,20251016,1.6178,1.109,96,before
316594,20251016,1.6583,,93,before
316599,20251016,1.843,1.43,114,before
316601,20251016,1.5919,1.033,99,before
316742,20251017,1.2679,1.811,166,before
316743,20251017,1.1849,1.86,166,before
316744,20251017,1.1815,1.582,158,before
316745,20251017,1.2503,1.818,188,before
316746,20251017,1.2803,2.13,97,before
316747,20251017,1.3873,1.721,99,before
316748,20251017,1.4518,1.422,101,before
316749,20251017,1.4297,1.394,98,before
316750,20251017,1.4122,,96,before
316751,20251017,1.3967,1.648,97,before
316752,20251017,1.382,,97,before
316753,20251017,1.3844,,97,before
316754,20251017,1.3128,1.248,97,before
316755,20251017,1.3046,,95,before
316756,20251017,1.2776,1.09,100,before
316757,20251017,1.2482,1.308,100,before
316758,20251017,1.2406,1.117,98,before
316759,20251017,1.2381,,97,before
316760,20251017,1.2211,1.196,96,before
316761,20251017,1.2144,,96,before
316762,20251017,1.638,1.052,97,before
316763,20251017,1.6389,,96,before
316764,20251017,1.6804,1.118,99,before
316766,20251017,1.6391,1.654,99,before
316767,20251017,1.6919,,97,before
316768,20251017,1.5836,1.26,98,before
316769,20251017,1.6085,,97,before
316770,20251017,1.7385,1.515,99,before
316906,20251018,1.4344,0.864,253,before
316907,20251018,1.4924,0.871,243,before
316908,20251018,1.4202,0.906,107,before
316909,20251018,1.0965,0.798,100,before
316910,20251018,1.1082,0.898,97,before
316911,20251018,1.1092,0.924,97,before
316912,20251018,1.1091,0.9,100,before
316914,20251018,1.0552,0.789,98,before
316915,20251018,1.0455,0.812,88,before
316916,20251018,1.0746,0.85,99,before
316917,20251018,1.0641,0.854,97,before
316918,20251018,1.0701,0.926,97,before
316919,20251018,1.0743,0.827,99,before
316920,20251018,1.098,0.889,98,before
316921,20251018,1.1156,1.002,100,before
316922,20251018,1.1279,0.896,100,before
316923,20251018,1.1301,0.902,98,before
316924,20251018,1.1258,0.884,99,before
316925,20251018,1.1361,0.926,94,before
316926,20251018,1.1291,0.821,98,before
316927,20251018,1.2063,0.834,96,before
316928,20251018,1.2286,0.878,98,before
316929,20251018,1.6768,0.811,98,before
316930,20251018,1.7349,0.823,100,before
316931,20251018,1.6219,0.788,96,before
316932,20251018,1.7348,0.914,93,before
316933,20251018,1.5988,0.798,98,before
316934,20251018,1.624,0.943,96,before
316935,20251018,1.6806,1.051,100,before
316936,20251018,1.7482,0.911,98,before
316937,20251018,1.461,0.856,92,before
317075,20251019,1.1719,1.227,158,before
317076,20251019,1.1416,1.187,177,before
317077,20251019,1.0461,1.044,103,before
317078,20251019,1.0474,0.911,104,before
317079,20251019,1.0531,0.975,101,before
317080,20251019,1.0242,1.013,98,before
317081,20251019,1.0046,1.238,107,before
317082,20251019,1.0122,,106,before
317083,20251019,1.0089,0.967,98,before
317084,20251019,1.0007,1.187,98,before
317085,20251019,1.0061,,97,before
317086,20251019,1.004,1.216,91,before
317087,20251019,1.0056,0.979,88,before
317088,20251019,1.023,0.903,97,before
317089,20251019,1.0144,0.955,89,before
317090,20251019,1.0026,0.827,88,before
317091,20251019,1.0045,0.84,91,before
317092,20251019,1.0089,0.816,89,before
317093,20251019,1.0235,0.854,97,before
317094,20251019,1.0503,0.779,89,before
317095,20251019,1.1678,0.868,87,before
317096,20251019,1.3163,0.88,97,before
317097,20251019,1.6396,0.928,96,before
317098,20251019,1.651,0.921,88,before
317099,20251019,1.6454,1.02,89,before
317100,20251019,1.688,,88,before
317101,20251019,1.6795,0.992,88,before
317102,20251019,1.7271,,88,before
317103,20251019,1.83,1.022,133,before
317242,20251020,1.2192,0.982,182,before
317243,20251020,1.5139,1.004,219,before
317244,20251020,1.4759,1.19,102,before
317245,20251020,1.4368,,100,before
317246,20251020,1.3222,1.097,103,before
317247,20251020,1.3096,,102,before
317248,20251020,1.3801,0.981,101,before
317249,20251020,1.3315,0.929,101,before
317250,20251020,1.3556,0.998,96,before
317251,20251020,1.37,1.016,96,before
317252,20251020,1.3333,1.026,97,before
317253,20251020,1.3326,,96,before
317254,20251020,1.3188,1.017,97,before
317256,20251020,1.29,1.353,100,before
317257,20251020,1.2854,,100,before
317258,20251020,1.2618,1.076,98,before
317259,20251020,1.2604,,99,before
317260,20251020,1.2592,1.345,97,before
317261,20251020,1.2492,,97,before
317262,20251020,1.7217,1.15,99,before
317263,20251020,1.7349,,96,before
317264,20251020,1.6658,0.943,95,before
317265,20251020,1.7032,,93,before
317266,20251020,1.7771,0.961,98,before
317267,20251020,1.8225,,95,before
317268,20251020,1.8895,,95,before
317269,20251020,1.8112,1.075,99,before
317270,20251020,1.8988,,99,before
317271,20251020,1.1347,1.295,100,before
317409,20251021,1.3033,0.998,149,before
317410,20251021,1.3697,1.155,98,before
317411,20251021,1.3053,0.902,101,before
317412,20251021,1.3932,0.926,97,before
317413,20251021,1.4011,0.964,95,before
317414,20251021,1.362,0.956,90,before
317415,20251021,1.3867,1.173,86,before
317416,20251021,1.393,,84,before
317417,20251021,1.2699,1.082,87,before
317571,20251022,1.5263,1.036,222,before
317572,20251022,1.4862,0.956,107,before
317573,20251022,1.4504,,107,before
317574,20251022,1.3658,1.107,98,before
317575,20251022,1.3622,1.018,99,before
317576,20251022,1.3536,,98,before
317577,20251022,1.3603,,96,before
317578,20251022,1.0392,1.25,99,before
317579,20251022,1.0304,0.959,84,before
317580,20251022,1.0583,0.977,100,before
317581,20251022,1.0731,1.227,96,before
317583,20251022,1.0755,0.887,97,before
317584,20251022,1.0346,0.884,100,before
317585,20251022,1.0208,1.112,98,before
317586,20251022,1.0348,1.051,97,before
317587,20251022,1.024,,96,before
317588,20251022,1.0231,,94,before
317589,20251022,1.0599,0.84,100,before
317590,20251022,1.299,1.116,101,before
317591,20251022,1.0397,0.926,101,before
317592,20251022,1.0557,0.923,99,before
317593,20251022,1.0818,,100,before
317594,20251022,1.3006,1.228,95,before
317595,20251022,1.2815,,96,before
317596,20251022,1.2328,1.051,88,before
317597,20251022,1.1381,1.198,99,before
317598,20251022,1.1008,0.911,98,before
317599,20251022,1.5027,1.44,94,before
317600,20251022,1.3231,1.146,100,before
317601,20251022,1.1351,1.093,99,before
317747,20251023,1.2505,1.567,119,before
317748,20251023,1.2589,1.292,151,before
317749,20251023,1.0802,1.006,102,before
317750,20251023,1.0708,,102,before
317751,20251023,1.2636,1.681,97,before
317752,20251023,1.1852,0.884,95,before
317753,20251023,1.0803,0.875,99,before
317754,20251023,1.0583,1.74,98,before
317755,20251023,1.0574,1.852,96,before
317756,20251023,1.0303,1.714,98,before
317757,20251023,1.0387,1.642,99,before
317758,20251023,1.0143,1.213,98,before
317759,20251023,1.0376,1.282,99,before
317760,20251023,1.1937,1.814,99,before
317761,20251023,1.2752,1.417,100,before
317762,20251023,1.2705,1.508,100,before
317764,20251023,1.2612,1.479,98,before
317765,20251023,1.251,,97,before
317766,20251023,1.2308,1.307,98,before
317767,20251023,1.2622,1.136,98,before
317768,20251023,1.2618,,98,before
317769,20251023,1.7563,1.03,100,before
317770,20251023,1.7864,,98,before
317771,20251023,1.83,,93,before
317772,20251023,1.6252,1.43,96,before
317773,20251023,1.6718,,98,before
317774,20251023,1.7811,1.211,98,before
317775,20251023,1.8197,,95,before
317776,20251023,1.4104,1.102,83,before
317777,20251023,1.3842,,82,before
317778,20251023,1.1763,1.018,94,before
317779,20251023,1.084,1.128,98,before
317915,20251024,1.4201,1.274,247,before
317916,20251024,1.5222,1.207,196,before
317917,20251024,1.0936,1.09,101,before
317918,20251024,1.0502,0.941,104,before
317919,20251024,1.0796,0.965,97,before
317920,20251024,1.0992,0.975,100,before
317921,20251024,1.089,0.908,97,before
317922,20251024,1.0894,,97,before
317923,20251024,1.0581,0.89,95,before
317924,20251024,1.0464,0.94,99,before
317925,20251024,1.0761,0.938,99,before
317926,20251024,1.0555,0.949,98,before
317927,20251024,1.0778,0.893,100,before
317928,20251024,1.0845,0.933,100,before
317929,20251024,1.0939,0.889,96,before
317930,20251024,1.1046,1.028,99,before
317931,20251024,1.1161,0.854,96,before
317932,20251024,1.1077,1.063,98,before
317933,20251024,1.2439,0.974,98,before
317934,20251024,1.2329,,97,before
317935,20251024,1.7271,1.196,99,before
317936,20251024,1.7337,,97,before
317937,20251024,1.6667,1.148,97,before
317938,20251024,1.6968,,94,before
317939,20251024,1.6547,1.267,99,before
317940,20251024,1.6971,,98,before
317941,20251024,1.6766,1.051,98,before
317942,20251024,1.7278,,98,before
317943,20251024,1.7879,,99,before
317944,20251024,1.4348,0.768,95,before
317945,20251024,1.094,0.844,99,before
317946,20251024,1.0981,0.85,101,before
318084,20251025,1.6595,1.118,145,before
318085,20251025,1.087,0.906,102,before
318086,20251025,1.0903,0.829,102,before
318087,20251025,1.1174,0.944,99,before
318088,20251025,1.1083,,96,before
318089,20251025,1.0923,0.936,100,before
318090,20251025,1.0877,,99,before
318091,20251025,1.0559,1.089,98,before
318092,20251025,1.0553,,98,before
318093,20251025,1.0575,1.323,97,before
318094,20251025,1.0546,1.176,99,before
318095,20251025,1.1047,0.89,97,before
318096,20251025,1.1045,,95,before
318097,20251025,1.0884,1.302,98,before
318098,20251025,1.0874,,99,before
318100,20251025,1.6537,2.293,96,before
318101,20251025,1.7614,1.314,99,before
318102,20251025,1.2827,1.79,97,before
318103,20251025,1.2779,,97,before
318104,20251025,1.7525,1.313,100,before
318105,20251025,1.7478,,98,before
318106,20251025,1.7442,1.088,99,before
318107,20251025,1.7666,,98,before
318108,20251025,1.6897,1.391,93,before
318109,20251025,1.7607,,85,before
318111,20251025,1.7553,1.319,93,before
318112,20251025,1.823,,92,before
318114,20251025,1.465,1.087,96,before
318251,20251026,1.2498,0.99,141,before
318252,20251026,1.3685,0.935,100,before
318253,20251026,1.4378,0.92,98,before
318254,20251026,1.3833,0.925,100,before
318255,20251026,1.3822,0.95,96,before
318256,20251026,1.3994,0.906,100,before
318257,20251026,1.4165,1.0,99,before
318258,20251026,1.4168,,99,before
318259,20251026,1.404,0.956,101,before
318260,20251026,1.3462,1.047,96,before
318261,20251026,1.3715,0.956,97,before
318262,20251026,1.2786,1.109,99,before
318263,20251026,1.2775,0.984,97,before
318264,20251026,1.2924,0.911,96,before
318265,20251026,1.2516,0.878,98,before
318266,20251026,1.2557,0.834,97,before
318267,20251026,1.281,0.817,97,before
318268,20251026,1.2777,0.819,95,before
318269,20251026,1.7308,0.884,99,before
318270,20251026,1.7257,0.902,97,before
318271,20251026,1.7242,0.973,100,before
318272,20251026,1.631,1.022,99,before
318273,20251026,1.663,0.961,98,before
318274,20251026,1.7267,0.84,97,before
318275,20251026,1.0468,0.872,98,before
318276,20251026,1.4436,0.883,86,before
318278,20251026,1.1116,0.88,102,before
318415,20251027,1.3088,1.118,127,before
318416,20251027,1.3437,1.126,143,before
318417,20251027,1.0418,0.922,105,before
318418,20251027,1.0437,0.91,101,before
318419,20251027,1.0831,1.019,99,before
318420,20251027,1.071,0.878,97,before
318421,20251027,1.0544,1.071,98,before
318422,20251027,1.0543,,99,before
318424,20251027,1.0605,1.105,96,before
318425,20251027,1.0538,,97,before
318426,20251027,1.0811,1.086,101,before
318427,20251027,1.0822,0.939,98,before
318428,20251027,1.0917,0.857,98,before
318429,20251027,1.0915,1.067,95,before
318430,20251027,1.0934,0.895,96,before
318431,20251027,1.1072,0.946,96,before
318432,20251027,1.1012,1.013,96,before
318433,20251027,1.303,1.015,97,before
318434,20251027,1.2894,0.922,96,before
318435,20251027,1.2043,1.004,96,before
318436,20251027,1.762,1.061,97,before
318437,20251027,1.7455,0.941,99,before
318438,20251027,1.7295,0.908,95,before
318439,20251027,1.7093,1.003,95,before
318440,20251027,1.1265,0.97,97,before
318441,20251027,1.0699,0.804,99,before
318442,20251027,1.4572,0.9,87,before
318443,20251027,1.2865,0.842,96,before
318444,20251027,1.3917,0.858,95,before
318445,20251027,1.0804,1.221,99,before
318584,20251028,1.3035,1.407,100,before
318585,20251028,1.2474,,99,before
318586,20251028,1.3372,1.672,99,before
318587,20251028,1.2817,,98,before
318588,20251028,1.3642,1.282,100,before
318589,20251028,1.1097,1.351,96,before
318590,20251028,1.0869,1.218,85,before
318591,20251028,1.087,1.158,97,before
318592,20251028,1.043,0.986,99,before
318593,20251028,1.0445,0.957,98,before
318594,20251028,1.0445,1.09,98,before
318595,20251028,1.0591,1.043,99,before
318596,20251028,1.0558,,99,before
318597,20251028,1.0856,1.182,98,before
318598,20251028,1.0854,,98,before
318600,20251028,1.7019,2.158,105,before
318601,20251028,1.6349,2.302,105,before
318602,20251028,1.8038,1.611,104,before
318604,20251028,1.2902,1.062,99,before
318605,20251028,1.2537,0.956,96,before
318606,20251028,1.6697,0.99,97,before
318607,20251028,1.6601,0.954,99,before
318608,20251028,1.6746,,98,before
318609,20251028,1.6635,1.252,100,before
318610,20251028,1.6947,,96,before
318611,20251028,1.7552,1.165,100,before
318612,20251028,1.8124,,97,before
318613,20251028,1.0421,1.041,97,before
318614,20251028,1.0297,0.945,98,before
318616,20251028,1.3943,1.172,94,before
318617,20251028,1.0914,0.944,96,before
318618,20251028,1.0809,1.278,129,before
318737,20251029,1.2313,1.104,129,before
318738,20251029,1.0634,0.897,105,before
318739,20251029,1.0415,,105,before
318740,20251029,1.0324,1.098,102,before
318741,20251029,1.0195,,101,before
318742,20251029,1.0361,0.866,97,before
318743,20251029,1.0247,,96,before
318744,20251029,1.0428,0.901,98,before
318745,20251029,1.042,,98,before
318746,20251029,1.0407,0.888,99,before
318747,20251029,1.0367,,98,before
318748,20251029,1.0625,1.0,96,before
318749,20251029,1.0668,0.824,97,before
318750,20251029,1.1014,0.83,96,before
318751,20251029,1.0954,0.869,98,before
318752,20251029,1.0928,0.87,99,before
318753,20251029,1.0893,,99,before
318754,20251029,1.3089,0.886,99,before
318755,20251029,1.3518,0.854,99,before
318756,20251029,1.3429,0.866,98,before
318757,20251029,1.2424,1.024,99,before
318758,20251029,1.6858,0.961,96,before
318759,20251029,1.6706,0.911,98,before
318760,20251029,1.6909,,97,before
318761,20251029,1.7978,0.988,98,before
318762,20251029,1.8417,,93,before
318763,20251029,1.7946,1.267,98,before
318764,20251029,1.8854,,99,before
318765,20251029,1.8724,1.115,100,before
318766,20251029,1.0408,0.896,100,before
318767,20251029,1.3734,1.032,92,before
318768,20251029,1.0727,0.925,130,before
318905,20251030,1.3304,0.966,96,before
318906,20251030,1.2977,1.025,94,before
318907,20251030,1.0814,1.069,99,before
318908,20251030,1.0477,,98,before
318909,20251030,1.0285,,98,before
318910,20251030,1.0266,0.987,96,before
318911,20251030,1.0092,,94,before
318912,20251030,1.0038,0.806,98,before
318913,20251030,1.0005,,98,before
318914,20251030,1.0492,0.781,96,before
318915,20251030,1.0637,0.86,96,before
318916,20251030,1.0587,,97,before
318917,20251030,1.0666,0.948,100,before
318918,20251030,1.0815,0.866,97,before
318919,20251030,1.0771,,97,before
318920,20251030,1.1,0.815,98,before
318921,20251030,1.08,0.794,98,before
318922,20251030,1.0823,,98,before
318923,20251030,1.3423,0.808,99,before
318924,20251030,1.3291,0.898,96,before
318925,20251030,1.2331,0.839,97,before
318926,20251030,1.6903,0.894,97,before
318927,20251030,1.6194,0.817,95,before
318928,20251030,1.7534,0.842,96,before
318929,20251030,1.237,0.903,99,before
318930,20251030,1.2237,0.775,99,before
318931,20251030,1.3335,0.809,98,before
318932,20251030,1.0507,0.755,99,before
318933,20251030,1.0984,0.712,95,before
318934,20251030,1.0614,0.696,95,before
318935,20251030,1.4402,0.718,90,before
318936,20251030,1.0013,0.704,97,before
318937,20251030,1.0018,0.712,99,before
318938,20251030,1.0969,0.79,130,before
318939,20251030,1.06,0.775,103,before
319078,20251031,1.303,0.961,96,before
319079,20251031,1.2391,0.895,97,before
319080,20251031,1.2215,0.928,94,before
319081,20251031,1.3676,0.968,98,before
319082,20251031,1.2694,,98,before
319083,20251031,1.1818,,98,before
319084,20251031,1.1489,1.043,96,before
319085,20251031,1.091,,93,before
319086,20251031,1.0563,0.9,99,before
319087,20251031,1.0283,,99,before
319088,20251031,1.0199,0.847,98,before
319089,20251031,1.0119,,97,before
319090,20251031,1.0156,0.991,97,before
319091,20251031,1.0931,0.95,98,before
319092,20251031,1.0856,,96,before
319093,20251031,1.3599,0.93,99,before
319094,20251031,1.3438,,98,before
319095,20251031,1.3104,1.045,97,before
319096,20251031,1.2977,,95,before
319097,20251031,1.7095,0.994,97,before
319098,20251031,1.7092,,94,before
319099,20251031,1.6879,1.08,98,before
319100,20251031,1.7013,1.031,100,before
319101,20251031,1.7504,,94,before
319102,20251031,1.0397,0.978,98,before
319103,20251031,1.0184,0.877,98,before
319104,20251031,1.0111,0.92,95,before
319105,20251031,1.3925,1.024,96,before
319106,20251031,1.1147,1.001,97,before
319245,20251101,1.2872,0.916,94,before
319246,20251101,1.2103,,94,before
319247,20251101,1.1664,0.97,93,before
319248,20251101,1.1311,0.956,97,before
319249,20251101,1.0877,0.852,95,before
319250,20251101,1.0891,0.774,95,before
319251,20251101,1.0668,0.796,100,before
319252,20251101,1.1042,0.835,96,before
319253,20251101,1.1284,0.93,57,before
319254,20251101,1.1155,0.887,87,before
319255,20251101,1.1017,0.938,99,before
319256,20251101,1.1225,0.925,98,before
319257,20251101,1.0748,0.906,100,before
319258,20251101,1.6964,0.915,98,before
319259,20251101,1.586,0.899,94,before
319260,20251101,1.5439,,94,before
319261,20251101,1.5365,,94,before
319262,20251101,1.5478,,95,before
319263,20251101,1.7991,0.932,97,before
319264,20251101,1.6679,1.013,103,before
319265,20251101,1.8621,0.923,97,before
319266,20251101,1.7271,0.958,96,before
319267,20251101,1.7154,,90,before
319268,20251101,1.731,,92,before
319269,20251101,1.7298,0.966,99,before
319270,20251101,1.7802,,95,before
319271,20251101,1.0267,0.916,96,before
319272,20251101,1.0143,0.904,100,before
319273,20251101,1.0047,0.784,100,before
319274,20251101,1.4148,1.065,96,before
319275,20251101,1.3688,0.926,96,before
319277,20251101,1.162,0.945,95,before
319413,20251102,1.3433,0.954,243,before
319414,20251102,1.3191,0.905,98,before
319428,20251102,1.3358,0.904,260,before
319429,20251102,1.1642,0.829,185,before
319430,20251102,1.2813,0.885,218,before
319431,20251102,1.5342,0.848,111,before
319432,20251102,1.4375,,110,before
319433,20251102,1.9102,0.903,102,before
319434,20251102,1.818,,98,before
319435,20251102,1.5119,0.905,113,before
319436,20251102,1.7225,0.934,105,before
319437,20251102,1.6949,,105,before
319438,20251102,1.6926,0.905,107,before
319439,20251102,1.544,0.883,111,before
319440,20251102,1.677,0.934,122,before
319441,20251102,1.605,0.94,99,before
319442,20251102,1.7754,0.839,104,before
319447,20251102,1.876,0.888,112,before
319448,20251102,1.0696,0.822,99,before
319449,20251102,1.0063,0.772,99,before
319450,20251102,1.2303,0.794,97,before
319451,20251102,1.0621,0.844,98,before
319622,20251103,1.7762,0.861,93,before
319623,20251103,1.8339,,92,before
319624,20251103,1.7407,0.875,90,before
319625,20251103,1.7969,,84,before
319626,20251103,1.7131,1.07,107,before
319627,20251103,1.7965,,100,before
319628,20251103,1.7925,1.01,98,before
319629,20251103,1.2222,0.997,104,before
319631,20251103,1.1594,0.953,89,before
319632,20251103,1.1013,0.941,100,before
319633,20251103,1.0963,0.935,98,before
319634,20251103,1.0705,0.858,108,before
319785,20251104,1.263,0.81,87,before
319786,20251104,1.3281,0.829,89,before
319787,20251104,1.2667,0.8,88,before
319788,20251104,1.267,,88,before
319789,20251104,1.18,1.201,87,before
319790,20251104,1.1921,,87,before
319791,20251104,1.2726,0.821,89,before
319792,20251104,1.3041,,88,before
319808,20251104,1.2014,0.913,87,before
319809,20251104,1.1679,0.879,88,before
319810,20251104,1.0967,0.809,99,before
319811,20251104,1.1324,0.863,114,before
319978,20251105,1.4864,0.992,94,before
320000,20251105,1.576,0.88,128,before
320001,20251105,1.5652,,129,before
320002,20251105,1.587,0.954,113,before
320003,20251105,1.6048,,109,before
320015,20251105,1.7532,1.078,122,before
320016,20251105,1.8033,,120,before
320017,20251105,1.8796,,118,before
320020,20251105,1.486,1.075,117,before
320021,20251105,1.3906,,115,before
320022,20251105,1.2637,0.988,66,before
320023,20251105,1.287,1.043,128,before
320024,20251105,1.0869,1.062,115,before
320025,20251105,1.0585,0.882,120,before
320160,20251106,1.2789,0.791,99,before
320161,20251106,1.3267,0.865,98,before
320177,20251106,1.0293,0.884,93,before
320178,20251106,1.1723,0.883,100,before
320179,20251106,1.2372,0.806,101,before
320180,20251106,1.3264,0.804,102,before
320181,20251106,1.2508,0.902,138,before
320182,20251106,1.2183,0.833,136,before
320183,20251106,1.2302,0.806,119,before
320184,20251106,1.5587,0.921,97,before
320186,20251106,1.7095,0.863,100,before
320188,20251106,1.6125,0.828,104,before
320189,20251106,1.8206,0.908,106,before
320190,20251106,1.8758,,106,before
320192,20251106,1.7613,0.843,94,before
320193,20251106,1.7628,,93,before
320196,20251106,1.2894,0.847,82,before
320197,20251106,1.3472,0.814,95,before
320199,20251106,1.269,0.808,98,before
320200,20251106,1.1969,0.828,96,before
320201,20251106,1.1413,0.896,99,before
320202,20251106,1.1602,0.83,101,before
320203,20251106,1.4333,0.796,95,before
320204,20251106,1.1035,0.845,101,before
320340,20251107,1.3592,1.258,96,before
320341,20251107,1.3834,1.282,97,before
320342,20251107,1.3721,1.188,101,before
320343,20251107,1.3642,,99,before
320347,20251107,1.0071,1.038,97,before
320348,20251107,1.0068,1.009,91,before
320349,20251107,1.0047,0.937,95,before
320350,20251107,1.025,0.866,99,before
320351,20251107,1.0157,0.869,97,before
320352,20251107,1.0218,1.002,98,before
320353,20251107,1.571,1.209,112,before
320354,20251107,1.5783,1.263,106,before
320355,20251107,1.6084,1.174,129,before
320357,20251107,1.4504,1.057,97,before
320359,20251107,1.6707,0.969,103,before
320360,20251107,1.5583,0.914,99,before
320362,20251107,1.6889,0.848,105,before
320363,20251107,1.7197,0.812,112,before
320365,20251107,1.8495,0.905,103,before
320366,20251107,1.9213,,101,before
320367,20251107,1.4807,0.953,117,before
320368,20251107,1.2196,0.909,98,before
320369,20251107,1.193,0.946,99,before
320370,20251107,1.1465,0.854,110,before
320371,20251107,1.2166,0.864,122,before
320372,20251107,1.1001,0.928,106,before
320373,20251107,1.0937,0.864,100,before
320508,20251108,1.2442,0.978,99,before
320509,20251108,1.373,1.216,96,before
320510,20251108,1.389,1.013,101,before
320511,20251108,1.372,,101,before
320512,20251108,1.3996,1.053,93,before
320513,20251108,1.3893,,93,before
320514,20251108,1.3906,0.923,98,before
320515,20251108,1.372,,98,before
320516,20251108,1.4275,0.943,98,before
320517,20251108,1.405,,98,before
320518,20251108,1.3313,0.878,99,before
320519,20251108,1.3133,,96,before
320520,20251108,1.2955,0.911,94,before
320521,20251108,1.2832,,95,before
320522,20251108,1.4929,0.988,98,before
320523,20251108,1.4526,,96,before
320524,20251108,1.6109,1.054,97,before
320525,20251108,1.578,,96,before
320528,20251108,1.3381,0.998,108,before
320529,20251108,1.7163,0.961,105,before
320530,20251108,1.3827,1.021,116,before
320531,20251108,1.4442,1.084,135,before
320532,20251108,1.5997,1.115,115,before
320533,20251108,1.7042,,113,before
320534,20251108,1.4203,0.976,144,before
320535,20251108,1.411,1.137,114,before
320536,20251108,1.3023,0.957,116,before
320537,20251108,1.2831,0.886,146,before
320538,20251108,1.1655,0.872,125,before
320672,20251109,1.1855,1.264,99,before
320673,20251109,1.394,1.607,95,before
320674,20251109,1.432,1.546,102,before
320675,20251109,1.2407,1.19,96,before
320676,20251109,1.0762,1.661,94,before
320677,20251109,1.0438,1.239,94,before
320678,20251109,1.0537,1.348,94,before
320679,20251109,1.0502,1.248,97,before
320680,20251109,1.0462,,97,before
320681,20251109,1.0398,0.939,97,before
320682,20251109,1.0372,,96,before
320683,20251109,1.0666,0.961,97,before
320684,20251109,1.0617,,97,before
320685,20251109,1.0123,0.96,94,before
320686,20251109,1.0191,0.849,95,before
320687,20251109,1.0838,0.946,97,before
320689,20251109,1.6712,1.158,125,before
320690,20251109,1.7318,1.243,105,before
320691,20251109,1.6746,1.193,108,before
320692,20251109,1.7305,1.241,99,before
320693,20251109,1.2899,0.936,123,before
320694,20251109,1.305,0.954,119,before
320695,20251109,1.2852,0.964,110,before
320696,20251109,1.269,1.094,112,before
320697,20251109,1.299,1.05,115,before
320698,20251109,1.7482,1.078,132,before
320699,20251109,1.2848,1.027,118,before
320701,20251109,1.3819,1.1,85,before
320702,20251109,1.3137,1.034,115,before
320703,20251109,1.3834,0.998,116,before
320704,20251109,1.5378,0.984,133,before
320705,20251109,1.6467,0.939,145,before
320706,20251109,1.6512,1.008,166,before
320707,20251109,1.5458,0.999,148,before
320842,20251110,1.2903,0.848,97,before
320843,20251110,1.4324,0.816,98,before
320844,20251110,1.4271,,98,before
320845,20251110,1.0692,0.827,97,before
320846,20251110,1.0678,,97,before
320847,20251110,1.0401,0.964,100,before
320848,20251110,1.0374,0.916,97,before
320852,20251110,1.3499,0.885,95,before
320853,20251110,1.519,0.806,97,before
320854,20251110,1.3395,0.888,97,before
320855,20251110,1.0805,0.875,95,before
320856,20251110,1.273,0.887,100,before
320857,20251110,1.2702,,99,before
320858,20251110,1.4179,1.037,99,before
320859,20251110,1.4074,,96,before
320860,20251110,1.1943,0.881,95,before
320861,20251110,1.185,,95,before
320862,20251110,1.2232,0.91,101,before
320863,20251110,1.2265,,100,before
320866,20251110,1.3129,0.759,97,before
320867,20251110,1.2996,,92,before
320868,20251110,1.2954,,92,before
320869,20251110,1.3078,0.781,94,before
320870,20251110,1.4741,0.833,98,before
320872,20251110,1.4126,0.88,96,before
321006,20251111,1.1517,0.8,95,before
321007,20251111,1.0883,0.866,100,before
321008,20251111,1.0852,,100,before
321009,20251111,1.0526,0.947,99,before
321010,20251111,1.052,,98,before
321014,20251111,1.0042,0.862,97,before
321015,20251111,1.0193,0.902,95,before
321016,20251111,1.0272,0.925,100,before
321017,20251111,1.0095,0.891,98,before
321018,20251111,1.0027,0.83,99,before
321020,20251111,1.0796,0.939,93,before
321021,20251111,1.0755,,96,before
321024,20251111,1.9472,,112,before
321025,20251111,1.9903,0.983,95,before
321026,20251111,1.1739,0.857,99,before
321027,20251111,1.1771,,99,before
321028,20251111,1.6988,0.87,96,before
321029,20251111,1.7141,,92,before
321030,20251111,1.7517,,98,before
321031,20251111,1.1696,0.821,87,before
321032,20251111,1.1613,,86,before
321033,20251111,1.3666,0.792,85,before
321034,20251111,1.3634,,86,before
321035,20251111,1.4688,0.799,85,before
321036,20251111,1.4303,,83,before
321037,20251111,1.3958,,85,before
321038,20251111,1.3745,,85,before
321039,20251111,1.1866,0.86,59,before
321177,20251112,1.3278,0.929,96,before
321178,20251112,1.0688,0.914,99,before
321179,20251112,1.0495,0.866,98,before
321180,20251112,1.0391,0.84,98,before
321181,20251112,1.0292,0.894,100,before
321183,20251112,1.0319,0.891,98,before
321184,20251112,1.0622,0.948,98,before
321294,20251112,1.8197,1.46,106,before
321295,20251112,1.3448,1.046,98,before
321296,20251112,1.3631,,95,before
321298,20251112,1.2253,0.828,94,before
321299,20251112,1.1685,0.786,72,before
321437,20251113,1.3576,1.163,94,before
321438,20251113,1.2591,0.923,99,before
321439,20251113,1.0913,0.818,100,before
321440,20251113,1.0554,0.812,104,before
321441,20251113,1.0369,0.868,96,before
321442,20251113,1.0371,,96,before
321443,20251113,1.0304,0.952,96,before
321444,20251113,1.0753,1.617,98,before
321446,20251113,1.0407,0.862,101,before
321447,20251113,1.0665,0.964,99,before
321448,20251113,1.0745,0.825,98,before
321449,20251113,1.0743,0.958,98,before
321450,20251113,1.0742,,98,before
321451,20251113,1.3864,1.485,97,before
321452,20251113,1.4698,1.202,97,before
321453,20251113,1.4373,,97,before
321454,20251113,1.345,0.973,96,before
321455,20251113,1.3356,,96,before
321456,20251113,1.2216,0.956,93,before
321457,20251113,1.7448,1.019,100,before
321458,20251113,1.7398,,98,before
321459,20251113,1.2678,0.928,98,before
321460,20251113,1.2481,0.921,98,before
321461,20251113,1.1847,0.824,100,before
321462,20251113,1.1395,0.872,96,before
321463,20251113,1.1376,,94,before
321464,20251113,1.419,0.843,89,before
321465,20251113,1.3908,,79,before
321466,20251113,1.2224,0.831,96,before
321467,20251113,1.2979,0.863,98,before
321468,20251113,1.0994,0.819,106,before
321604,20251114,1.3374,1.978,98,before
321605,20251114,1.2971,,98,before
321606,20251114,1.0846,1.437,98,before
321607,20251114,1.0578,1.531,94,before
321608,20251114,1.0618,1.159,93,before
321609,20251114,1.038,1.403,98,before
321610,20251114,1.031,,98,before
321611,20251114,1.0297,1.354,98,before
321612,20251114,1.0086,1.099,95,before
321613,20251114,1.0426,0.956,100,before
321614,20251114,1.0416,,100,before
321615,20251114,1.0699,0.834,96,before
321616,20251114,1.0736,1.168,97,before
321617,20251114,1.0698,,97,before
321618,20251114,1.0595,1.047,99,before
321619,20251114,1.0595,,99,before
321620,20251114,1.3234,1.074,96,before
321621,20251114,1.2968,,95,before
321622,20251114,1.2471,1.059,98,before
321623,20251114,1.2396,,97,before
321624,20251114,1.2772,1.006,97,before
321625,20251114,1.2878,,96,before
321626,20251114,1.1738,1.025,96,before
321627,20251114,1.1609,,94,before
321628,20251114,1.0897,1.127,99,before
321629,20251114,1.0838,,99,before
321630,20251114,1.05,0.931,90,before
321631,20251114,1.3984,1.076,97,before
321632,20251114,1.4437,0.935,91,before
321633,20251114,1.4106,,90,before
321634,20251114,1.1746,1.32,96,before
321635,20251114,1.0465,1.13,104,before
321929,20251116,1.1008,1.026,115,before
321930,20251116,1.1732,0.909,95,before
321931,20251116,1.1909,0.868,98,before
321932,20251116,1.0734,0.836,103,before
322403,20251120,1.6435,1.826,103,before
322404,20251120,1.3037,1.432,94,before
322405,20251120,1.3168,,90,before
322406,20251120,1.4831,1.312,94,before
322407,20251120,1.5015,,92,before
322409,20251120,1.8282,2.405,113,before
322410,20251120,1.9157,,102,before
322411,20251120,1.7758,1.85,135,before
322412,20251120,1.809,1.682,99,before
322414,20251120,1.2225,1.909,71,before
322415,20251120,1.239,1.946,91,before
322670,20251121,1.7113,2.661,103,before
322918,20251123,1.0961,1.283,115,before
322919,20251123,1.2385,1.047,99,before
323055,20251124,1.1068,0.776,98,before
323056,20251124,1.0988,0.743,97,before
323057,20251124,1.0393,0.81,98,before
323058,20251124,1.0288,0.784,97,before
323059,20251124,1.0276,0.783,102,before
323060,20251124,1.0484,0.784,97,before
323061,20251124,1.0287,0.713,101,before
323062,20251124,1.0264,0.762,99,before
323063,20251124,1.0443,0.777,98,before
323064,20251124,1.0455,0.769,99,before
323065,20251124,1.0474,0.904,97,before
323066,20251124,1.0496,0.917,100,before
323067,20251124,1.0709,0.816,98,before
323068,20251124,1.083,0.793,95,before
323069,20251124,1.0628,0.852,99,before
323070,20251124,1.0452,0.765,97,before
323071,20251124,1.3087,1.037,99,before
323072,20251124,1.4099,0.914,97,before
323073,20251124,1.401,0.897,98,before
323074,20251124,1.3365,0.915,97,before
323075,20251124,1.2066,0.842,98,before
323076,20251124,1.3492,1.049,98,before
323077,20251124,1.3233,1.041,98,before
323078,20251124,1.0908,0.862,98,before
323079,20251124,1.1278,0.766,97,before
323080,20251124,1.0895,0.795,96,before
323081,20251124,1.0238,0.843,98,before
323082,20251124,1.0051,0.868,97,before
323083,20251124,1.0014,0.943,98,before
323088,20251124,1.0969,0.967,99,before
323089,20251124,1.1919,0.912,100,before
323090,20251124,1.2906,1.031,99,before
323091,20251124,1.3508,0.878,94,before
323092,20251124,1.2731,0.951,92,before
323253,20251125,1.0678,1.064,91,before
323254,20251125,1.0159,1.232,98,before
323255,20251125,1.0145,,97,before
323256,20251125,1.0177,1.075,97,before
323257,20251125,1.0162,,97,before
323258,20251125,1.0268,1.254,98,before
323259,20251125,1.0266,,98,before
323260,20251125,1.0584,1.284,98,before
323261,20251125,1.0502,,98,before
323262,20251125,1.0497,,95,before
323264,20251125,1.0291,1.468,97,before
323265,20251125,1.021,1.449,97,before
323266,20251125,1.0199,,96,before
323267,20251125,1.513,1.265,94,before
323268,20251125,1.4951,,96,before
323269,20251125,1.2647,1.527,99,before
323270,20251125,1.2566,,97,before
323271,20251125,1.5413,1.188,96,before
323272,20251125,1.5635,,96,before
323273,20251125,1.278,1.147,97,before
323274,20251125,1.2642,,96,before
323275,20251125,1.1994,1.217,95,before
323276,20251125,1.1876,,96,before
323277,20251125,1.0339,1.188,100,before
323278,20251125,1.0203,1.04,98,before
323279,20251125,1.0033,1.075,96,before
323283,20251125,1.297,1.19,95,before
323286,20251125,1.0602,1.172,121,before
323501,20251126,1.0923,0.879,98,before
323502,20251126,1.0829,0.874,98,before
323503,20251126,1.0047,0.884,102,before
323504,20251126,1.0037,0.904,98,before
323506,20251126,1.0242,1.027,98,before
323508,20251126,1.0303,0.988,96,before
323509,20251126,1.0266,,95,before
323510,20251126,1.0518,1.002,97,before
323511,20251126,1.0473,,97,before
323512,20251126,1.0835,0.962,96,before
323513,20251126,1.0747,,94,before
323514,20251126,1.3715,0.982,97,before
323515,20251126,1.3584,,98,before
323516,20251126,1.4143,1.006,95,before
323517,20251126,1.4055,,95,before
323518,20251126,1.4177,,95,before
323532,20251126,1.1998,0.86,112,before
323533,20251126,1.1122,0.81,118,before
323535,20251126,1.0968,0.905,117,before
323536,20251126,1.0414,0.837,99,before
323539,20251126,1.0266,0.784,93,before
323675,20251127,1.0027,0.895,95,before
323676,20251127,1.0054,1.084,99,before
323677,20251127,1.0024,,100,before
323678,20251127,1.0168,0.986,97,before
323679,20251127,1.0064,,92,before
323680,20251127,1.0057,1.035,98,before
323681,20251127,1.0015,,95,before
323682,20251127,1.0124,0.959,97,before
323683,20251127,1.0285,,95,before
323684,20251127,1.0509,,97,before
323685,20251127,1.0822,0.898,98,before
323686,20251127,1.0292,0.87,100,before
323687,20251127,1.0777,0.939,99,before
323688,20251127,1.1128,0.877,99,before
323689,20251127,1.2246,0.875,98,before
323690,20251127,1.4659,0.959,94,before
323691,20251127,1.2673,0.82,96,before
323692,20251127,1.3022,0.821,94,before
323693,20251127,1.3514,0.827,97,before
323694,20251127,1.1181,0.828,98,before
323695,20251127,1.0512,0.848,95,before
323696,20251127,1.0138,0.763,98,before
323697,20251127,1.0105,,97,before
323698,20251127,1.0024,0.863,98,before
323700,20251127,1.2629,0.902,98,before
323701,20251127,1.2127,1.13,100,before
323702,20251127,1.339,0.855,97,before
323703,20251127,1.389,0.95,89,before
323704,20251127,1.2665,0.828,96,before
323705,20251127,1.1746,0.891,99,before
323706,20251127,1.0511,0.857,99,before
323840,20251128,1.1115,1.29,97,before
323841,20251128,1.0997,1.707,97,before
323842,20251128,1.1268,1.231,93,before
323843,20251128,1.2772,1.28,100,before
323844,20251128,1.1357,1.002,99,before
323845,20251128,1.0813,,99,before
323846,20251128,1.1139,1.087,94,before
323847,20251128,1.0687,,93,before
323848,20251128,1.0462,,93,before
323849,20251128,1.0178,0.863,96,before
323850,20251128,1.0182,,91,before
323851,20251128,1.5092,1.287,100,before
323852,20251128,1.4805,,99,before
323853,20251128,1.4808,,99,before
323854,20251128,1.3469,1.022,98,before
323855,20251128,1.34,,98,before
323856,20251128,1.3033,0.855,100,before
323857,20251128,1.4066,1.027,99,before
323858,20251128,1.1107,0.909,97,before
323859,20251128,1.0554,0.849,99,before
323860,20251128,1.0282,0.873,101,before
323861,20251128,1.0454,0.783,97,before
323862,20251128,1.0125,0.79,99,before
323863,20251128,1.0029,0.876,98,before
323864,20251128,1.0022,0.849,100,before
323865,20251128,1.2915,0.926,97,before
323866,20251128,1.1357,0.946,97,before
323867,20251128,1.1947,0.869,101,before
323868,20251128,1.1844,0.811,100,before
323869,20251128,1.3382,0.776,98,before
323870,20251128,1.1286,0.795,99,before
323871,20251128,1.2099,0.819,98,before
323872,20251128,1.0362,0.764,101,before
323873,20251128,1.0077,0.89,124,before
324007,20251129,1.2985,0.91,157,before
324008,20251129,1.3853,,155,before
324009,20251129,1.5997,1.128,199,before
324010,20251129,1.8795,0.893,126,before
324011,20251129,1.8853,1.045,97,before
324013,20251129,1.8287,1.901,98,before
324015,20251129,1.9752,1.107,107,before
324016,20251129,1.8737,,107,before
324018,20251129,1.3348,0.958,129,before
324019,20251129,1.5387,0.935,121,before
324020,20251129,1.3863,1.005,125,before
324021,20251129,1.4699,1.191,122,before
324022,20251129,1.7437,1.074,105,before
324023,20251129,1.7377,,104,before
324024,20251129,1.6158,1.112,130,before
324025,20251129,1.3707,1.248,99,before
324026,20251129,1.3919,,99,before
324027,20251129,1.43,,99,before
324028,20251129,1.0607,0.955,98,before
324029,20251129,1.0357,,98,before
324030,20251129,1.0251,0.946,101,before
324031,20251129,1.0085,0.886,102,before
324032,20251129,1.0037,0.963,99,before
324034,20251129,1.1817,1.026,99,before
324035,20251129,1.2135,0.958,105,before
324039,20251129,1.0686,1.001,109,before
324040,20251129,1.0624,1.026,102,before
324041,20251129,1.0777,1.115,140,before
324042,20251129,1.0546,0.978,134,before
324220,20251130,1.5283,1.278,88,before
324221,20251130,1.399,1.321,61,before
324222,20251130,1.3489,,61,before
324223,20251130,1.548,1.663,48,before
324225,20251130,1.3511,,46,before
324226,20251130,1.2586,1.819,90,before
324227,20251130,1.2255,,90,before
324228,20251130,1.2565,2.022,90,before
324229,20251130,1.1508,1.707,88,before
324230,20251130,1.1121,1.758,87,before
324231,20251130,1.1826,1.461,89,before
324232,20251130,1.1408,1.693,90,before
324233,20251130,1.1071,1.749,89,before
324234,20251130,1.0898,1.384,123,before
324235,20251130,1.1084,1.273,100,before
324236,20251130,1.3294,1.438,89,before
324237,20251130,1.3126,,87,before
324428,20251201,1.5561,1.397,89,before
324429,20251201,1.6655,,87,before
324430,20251201,1.7206,0.91,103,before
324431,20251201,1.5926,,104,before
324433,20251201,1.7923,,127,before
324434,20251201,1.7676,1.438,124,before
324436,20251201,1.5437,0.958,135,before
324437,20251201,1.7667,0.908,85,before
324438,20251201,1.6214,0.99,90,before
324440,20251201,1.5081,1.16,115,before
324441,20251201,1.5176,0.903,112,before
324442,20251201,1.3972,0.941,118,before
324443,20251201,1.259,0.77,86,before
324444,20251201,1.3055,1.019,88,before
324445,20251201,1.0976,0.763,87,before
324446,20251201,1.0905,,85,before
324447,20251201,1.1703,0.955,87,before
324448,20251201,1.2173,1.021,89,before
324449,20251201,1.2034,1.03,87,before
324450,20251201,1.156,0.953,88,before
324451,20251201,1.2053,1.036,95,before
324452,20251201,1.3796,0.848,82,before
324453,20251201,1.3071,0.819,89,before
324454,20251201,1.2294,0.762,87,before
324455,20251201,1.1623,0.812,90,before
324456,20251201,1.0482,0.944,105,before
324625,20251202,1.2251,1.039,87,before
324626,20251202,1.25,,84,before
324627,20251202,1.2118,1.25,93,before
324628,20251202,1.2729,,89,before
324630,20251202,1.6729,,75,before
324636,20251202,1.5804,1.329,66,before
324638,20251202,1.5093,1.299,78,before
324639,20251202,1.4558,,80,before
324640,20251202,1.5683,1.458,86,before
324641,20251202,1.4225,,87,before
324642,20251202,1.288,1.592,82,before
324652,20251202,1.0195,1.481,91,before
324653,20251202,1.012,,91,before
324654,20251202,1.1966,1.679,149,before
324655,20251202,1.1381,,148,before
324656,20251202,1.0531,1.336,99,before
324657,20251202,1.0452,1.539,97,before
324658,20251202,1.0726,1.662,108,before
324897,20251203,1.1429,1.56,144,before
324898,20251203,1.0971,,141,before
324899,20251203,1.0545,1.673,112,before
324900,20251203,1.0358,,111,before
325083,20251204,1.0036,0.947,98,before
325084,20251204,1.0033,,95,before
325086,20251204,1.7478,1.244,114,before
325087,20251204,1.7768,,107,before
325088,20251204,1.8184,,108,before
325089,20251204,1.5385,1.216,125,before
325090,20251204,1.6079,,124,before
325091,20251204,1.7874,1.006,96,before
325107,20251204,1.2658,1.093,79,before
325108,20251204,1.2361,,79,before
325109,20251204,1.2067,1.061,98,before
325110,20251204,1.1947,,99,before
325111,20251204,1.1778,1.04,97,before
325112,20251204,1.1749,,97,before
325113,20251204,1.0664,0.968,100,before
325114,20251204,1.0984,1.089,135,before
325115,20251204,1.0734,1.016,115,before
325116,20251204,1.0644,1.004,103,before
325117,20251204,1.0351,1.073,103,before
325258,20251205,1.0439,1.307,99,before
325259,20251205,1.0252,,99,before
325260,20251205,1.0164,1.395,95,before
325261,20251205,1.0072,,95,before
325275,20251205,1.0121,1.48,98,before
325276,20251205,1.0135,,97,before
325277,20251205,1.0309,1.223,98,before
325278,20251205,1.0506,,98,before
325290,20251205,1.725,,112,before
325291,20251205,1.8068,,111,before
325292,20251205,1.8779,,112,before
325300,20251205,1.4306,1.325,97,before
325301,20251205,1.3329,,97,before
325302,20251205,1.0849,1.192,98,before
325303,20251205,1.0621,,99,before
325305,20251205,1.2357,1.444,137,before
325306,20251205,1.1845,,136,before
325307,20251205,1.1444,1.155,157,before
325308,20251205,1.1152,,156,before
325443,20251206,1.065,0.983,95,before
325444,20251206,1.0491,0.915,97,before
325445,20251206,1.0323,0.867,99,before
325446,20251206,1.0227,0.816,101,before
325447,20251206,1.0278,0.913,96,before
325448,20251206,1.0264,0.913,99,before
325449,20251206,1.0269,,100,before
325450,20251206,1.0324,0.943,96,before
325451,20251206,1.6675,1.009,129,before
325452,20251206,1.3409,0.902,97,before
325453,20251206,1.3207,,97,before
325454,20251206,1.3226,,96,before
325455,20251206,1.7567,1.24,98,before
325456,20251206,1.7342,1.076,99,before
325457,20251206,1.2617,1.002,124,before
325458,20251206,1.2461,0.948,100,before
325459,20251206,1.6444,1.074,125,before
325460,20251206,1.6471,,126,before
325461,20251206,1.7382,1.295,111,before
325462,20251206,1.7593,,109,before
325463,20251206,1.2925,0.927,101,before
325464,20251206,1.4201,0.879,114,before
325465,20251206,1.5467,1.044,138,before
325466,20251206,1.6538,,131,before
325471,20251206,1.3276,0.863,101,before
325472,20251206,1.1979,0.813,107,before
325473,20251206,1.2071,0.81,132,before
325474,20251206,1.1994,0.842,104,before
325475,20251206,1.1941,1.147,169,before
325476,20251206,1.1871,0.795,141,before
325477,20251206,1.1917,0.957,171,before
325478,20251206,1.3119,1.048,191,before
325479,20251206,1.1212,0.796,162,before
325615,20251207,1.0333,0.995,99,before
325616,20251207,1.0264,0.847,97,before
325617,20251207,1.0174,0.854,99,before
325618,20251207,1.0091,0.863,97,before
325619,20251207,1.0171,1.736,98,before
325621,20251207,1.045,0.997,96,before
325622,20251207,1.0453,0.917,98,before
325623,20251207,1.0496,,98,before
325624,20251207,1.4927,1.002,94,before
325625,20251207,1.449,,92,before
325626,20251207,1.5336,0.975,97,before
325627,20251207,1.5171,,100,before
325628,20251207,1.3975,0.934,95,before
325629,20251207,1.3735,,95,before
325630,20251207,1.3705,,93,before
325631,20251207,1.7109,0.92,109,before
325632,20251207,1.7273,,107,before
325633,20251207,1.7047,1.085,102,before
325634,20251207,1.6946,1.182,115,before
325635,20251207,1.5559,1.215,108,before
325636,20251207,1.6477,,104,before
325637,20251207,1.6848,1.137,96,before
325638,20251207,1.5866,,95,before
325639,20251207,1.5654,1.222,96,before
325640,20251207,1.4771,,97,before
325641,20251207,1.7332,1.139,125,before
325643,20251207,1.5751,1.19,168,before
325644,20251207,1.4637,,168,before
325645,20251207,1.279,1.022,149,before
325646,20251207,1.2009,1.021,171,before
325647,20251207,1.19,0.964,140,before
325648,20251207,1.1798,1.031,167,before
325649,20251207,1.0865,0.917,143,before
325650,20251207,1.0884,0.871,141,before
325786,20251208,1.0309,1.337,98,before
325787,20251208,1.0211,1.4,97,before
325788,20251208,1.0057,0.95,99,before
325789,20251208,1.0104,0.958,98,before
325790,20251208,1.0089,0.981,98,before
325793,20251208,1.0616,0.94,96,before
325794,20251208,1.0612,1.016,98,before
325795,20251208,1.0597,0.937,98,before
325796,20251208,1.0299,0.912,96,before
325797,20251208,1.0304,,96,before
325798,20251208,1.0398,,96,before
325799,20251208,1.3225,1.164,100,before
325800,20251208,1.2905,,101,before
325801,20251208,1.2735,,101,before
325802,20251208,1.7092,1.393,112,before
325803,20251208,1.7216,,113,before
325804,20251208,1.6792,1.393,107,before
325805,20251208,1.6674,1.333,137,before
325806,20251208,1.5847,1.254,115,before
325807,20251208,1.6835,1.176,123,before
325808,20251208,1.2188,0.999,96,before
325809,20251208,1.2132,,93,before
325810,20251208,1.213,,91,before
325811,20251208,1.217,,90,before
325812,20251208,1.2685,1.227,96,before
325813,20251208,1.3427,0.997,96,before
325814,20251208,1.3403,1.147,95,before
325815,20251208,1.3256,1.222,98,before
325816,20251208,1.2845,1.333,98,before
325817,20251208,1.2809,1.131,99,before
325818,20251208,1.2928,1.226,97,before
325819,20251208,1.218,1.394,100,before
325956,20251209,1.0277,1.011,99,before
325957,20251209,1.0206,0.842,97,before
325958,20251209,1.0114,0.942,98,before
325959,20251209,1.0205,1.278,98,before
325960,20251209,1.0162,1.027,97,before
325961,20251209,1.0293,0.942,97,before
325962,20251209,1.0332,1.092,98,before
325963,20251209,1.0526,1.034,98,before
325964,20251209,1.0538,1.036,100,before
325965,20251209,1.2832,1.075,100,before
325966,20251209,1.3371,1.01,98,before
325967,20251209,1.5091,0.988,98,before
325968,20251209,1.3756,0.962,98,before
325969,20251209,1.3149,0.95,98,before
325970,20251209,1.3169,,97,before
325971,20251209,1.4083,0.881,99,before
325972,20251209,1.4418,,99,before
325973,20251209,1.2005,1.07,88,before
325974,20251209,1.18,,89,before
325975,20251209,1.1319,0.957,98,before
325976,20251209,1.1233,,98,before
325977,20251209,1.1001,0.774,96,before
325978,20251209,1.1051,0.856,97,before
325979,20251209,1.104,,97,before
325982,20251209,1.1362,0.879,93,before
325983,20251209,1.3541,0.853,94,before
325984,20251209,1.3349,,88,before
325985,20251209,1.2492,0.961,97,before
325986,20251209,1.2349,,98,before
325987,20251209,1.1307,0.816,99,before
325988,20251209,1.1238,0.925,95,before
326124,20251210,1.0266,0.916,97,before
326125,20251210,1.0183,0.955,102,before
326126,20251210,1.009,0.89,97,before
326127,20251210,1.0102,0.842,98,before
326128,20251210,1.0147,0.886,99,before
326129,20251210,1.0336,0.828,100,before
326130,20251210,1.0343,0.852,97,before
326134,20251210,1.0356,0.906,98,before
326135,20251210,1.3019,0.877,100,before
326136,20251210,1.3701,1.051,97,before
326137,20251210,1.4389,0.999,97,before
326140,20251210,1.5289,1.03,94,before
326141,20251210,1.4955,0.992,96,before
326142,20251210,1.1735,1.07,98,before
326143,20251210,1.2337,,98,before
326144,20251210,1.1857,0.892,97,before
326145,20251210,1.2308,0.889,97,before
326146,20251210,1.1693,0.835,97,before
326147,20251210,1.0474,0.884,99,before
326148,20251210,1.0246,0.941,101,before
326149,20251210,1.0118,,97,before
326150,20251210,1.0055,0.834,96,before
326151,20251210,1.0026,0.843,96,before
326152,20251210,1.0146,0.844,100,before
326155,20251210,1.068,0.914,99,before
326156,20251210,1.1012,0.904,94,before
326158,20251210,1.3137,0.927,97,before
326159,20251210,1.3013,,97,before
326160,20251210,1.239,0.941,95,before
326161,20251210,1.0872,0.976,97,before
326297,20251211,1.0208,0.894,95,before
326298,20251211,1.0051,0.917,100,before
326300,20251211,1.0115,0.876,99,before
326301,20251211,1.0127,0.818,99,before
326302,20251211,1.0173,0.794,97,before
326303,20251211,1.0184,0.773,99,before
326304,20251211,1.0197,0.832,100,before
326305,20251211,1.0391,0.866,100,before
326306,20251211,1.0392,0.789,98,before
326308,20251211,1.4187,1.142,99,before
326309,20251211,1.4043,,99,before
326310,20251211,1.4858,1.07,99,before
326311,20251211,1.4844,,99,before
326314,20251211,1.2286,0.887,110,before
326315,20251211,1.4618,1.06,99,before
326316,20251211,1.6179,0.993,99,before
326317,20251211,1.2033,0.839,97,before
326318,20251211,1.2214,0.731,95,before
326319,20251211,1.1274,0.755,100,before
326320,20251211,1.1037,0.831,96,before
326321,20251211,1.0566,0.808,96,before
326322,20251211,1.0365,0.878,100,before
326323,20251211,1.0621,1.023,103,before
326324,20251211,1.0664,0.927,97,before
326325,20251211,1.0806,0.983,101,before
326326,20251211,1.076,0.848,98,before
326327,20251211,1.025,0.956,100,before
326328,20251211,1.211,0.86,97,before
326329,20251211,1.2336,0.807,98,before
326330,20251211,1.2726,0.806,97,before
326331,20251211,1.1146,0.895,99,before
326332,20251211,1.1341,0.829,98,before
326333,20251211,1.1083,0.775,96,before
326334,20251211,1.0581,0.755,98,before
326516,20251212,1.0078,0.904,93,before
326517,20251212,1.0152,0.945,97,before
326518,20251212,1.0106,0.929,100,before
326519,20251212,1.0093,0.8,99,before
326520,20251212,1.0162,0.849,97,before
326521,20251212,1.0261,1.005,99,before
326522,20251212,1.025,0.928,94,before
326523,20251212,1.0159,0.865,97,before
326524,20251212,1.0201,,96,before
326525,20251212,1.3308,0.894,98,before
326526,20251212,1.4862,0.927,99,before
326527,20251212,1.4868,0.979,101,before
326528,20251212,1.4839,1.012,100,before
326529,20251212,1.1691,0.885,99,before
326530,20251212,1.3245,1.026,97,before
326531,20251212,1.2929,,95,before
326532,20251212,1.3297,0.833,98,before
326533,20251212,1.3083,,98,before
326534,20251212,1.2919,,98,before
326536,20251212,1.2471,1.014,99,before
326537,20251212,1.186,0.928,97,before
326538,20251212,1.1422,0.867,97,before
326540,20251212,1.1702,0.823,98,before
326548,20251212,1.0073,0.75,99,before
326549,20251212,1.0102,,98,before
326550,20251212,1.0013,0.736,98,before
326551,20251212,1.0067,0.808,97,before
326552,20251212,1.0717,0.743,99,before
326553,20251212,1.0896,0.749,97,before
326555,20251212,1.0387,0.749,94,before
326718,20251213,1.0101,0.778,99,before
326719,20251213,1.0145,0.748,97,before
326724,20251213,1.0052,0.794,95,before
326725,20251213,1.0221,0.785,98,before
326726,20251213,1.0178,,98,before
326727,20251213,1.0359,0.784,95,before
326729,20251213,1.0193,0.769,100,before
326730,20251213,1.3568,0.819,97,before
326731,20251213,1.4743,0.802,100,before
326734,20251213,1.6938,0.885,102,before
326735,20251213,1.478,0.858,98,before
326736,20251213,1.1148,0.872,98,before
326737,20251213,1.1547,0.774,97,before
326739,20251213,1.6249,0.875,119,before
326740,20251213,1.7035,0.836,142,before
326749,20251213,1.1696,0.874,100,before
326751,20251213,1.1189,0.935,97,before
326752,20251213,1.069,0.763,101,before
326753,20251213,1.0862,0.756,100,before
326754,20251213,1.1086,0.764,99,before
326755,20251213,1.1585,0.844,103,before
326756,20251213,1.1481,0.834,96,before
326757,20251213,1.1752,0.88,100,before
326758,20251213,1.1913,0.894,98,before
326759,20251213,1.1799,0.808,95,before
326761,20251213,1.2058,0.819,95,before
326762,20251213,1.115,0.744,97,before
326763,20251213,1.1683,0.755,96,before
326764,20251213,1.1202,0.791,98,before
326765,20251213,1.0817,0.786,97,before
326766,20251213,1.0549,0.748,100,before
326905,20251214,1.0123,0.819,98,before
326926,20251214,1.8632,1.139,113,before
326927,20251214,1.0531,1.076,98,before
326928,20251214,1.0317,,98,before
326929,20251214,1.0419,1.077,100,before
326930,20251214,1.0877,0.83,103,before
326931,20251214,1.1077,0.924,101,before
326932,20251214,1.1657,0.953,103,before
326933,20251214,1.1686,0.936,104,before
326934,20251214,1.1839,0.954,100,before
326935,20251214,1.1657,0.988,97,before
326936,20251214,1.143,1.278,98,before
326937,20251214,1.2672,0.908,94,before
326938,20251214,1.1961,0.958,99,before
326939,20251214,1.0085,1.038,104,before
326940,20251214,1.0194,1.092,108,before
327078,20251215,1.005,0.938,99,before
327079,20251215,1.0002,0.871,100,before
327080,20251215,1.0208,0.913,97,before
327081,20251215,1.054,0.958,95,before
327082,20251215,1.0234,0.854,96,before
327083,20251215,1.0283,0.879,99,before
327084,20251215,1.0214,0.836,99,before
327085,20251215,1.3692,0.955,97,before
327086,20251215,1.4907,1.03,100,before
327087,20251215,1.3605,1.254,99,before
327088,20251215,1.5607,1.06,97,before
327089,20251215,1.499,1.058,98,before
327090,20251215,1.1306,1.006,95,before
327091,20251215,1.1406,1.073,102,before
327092,20251215,1.1863,,102,before
327093,20251215,1.2192,1.002,95,before
327094,20251215,1.1944,0.876,94,before
327095,20251215,1.1241,0.819,94,before
327096,20251215,1.087,0.951,97,before
327098,20251215,1.0647,0.866,99,before
327099,20251215,1.0667,0.885,106,before
327100,20251215,1.0689,0.888,99,before
327101,20251215,1.1228,0.952,101,before
327102,20251215,1.1512,0.859,101,before
327103,20251215,1.2059,0.942,99,before
327104,20251215,1.2389,1.045,103,before
327105,20251215,1.1989,0.966,100,before
327106,20251215,1.1894,0.974,99,before
327107,20251215,1.1601,0.934,99,before
327108,20251215,1.1698,0.957,98,before
327109,20251215,1.2978,0.937,98,before
327110,20251215,1.1728,0.815,99,before
327111,20251215,1.1282,0.794,98,before
327112,20251215,1.0638,0.829,97,before
327113,20251215,1.0503,0.94,141,before
327114,20251215,1.0254,0.947,142,before
327115,20251215,1.0079,0.954,104,before
327259,20251216,1.006,0.979,99,before
327260,20251216,1.0186,1.132,95,before
327261,20251216,1.0167,0.841,101,before
327262,20251216,1.3564,0.971,98,before
327263,20251216,1.3606,,96,before
327264,20251216,1.331,1.21,98,before
327265,20251216,1.3088,1.07,96,before
327266,20251216,1.4334,0.986,98,before
327267,20251216,1.5158,0.997,96,before
327268,20251216,1.4267,0.874,94,before
327269,20251216,1.591,0.95,98,before
327270,20251216,1.1612,0.831,100,before
327271,20251216,1.2282,0.892,97,before
327272,20251216,1.3686,0.982,95,before
327273,20251216,1.4085,0.863,99,before
327274,20251216,1.144,1.002,105,before
327275,20251216,1.0986,0.849,100,before
327276,20251216,1.0516,0.872,99,before
327277,20251216,1.0497,0.772,98,before
327278,20251216,1.0519,0.84,97,before
327279,20251216,1.0109,0.955,99,before
327280,20251216,1.007,0.88,100,before
327281,20251216,1.0409,0.904,104,before
327283,20251216,1.4638,0.826,96,before
327284,20251216,1.433,0.87,94,before
327285,20251216,1.4125,,92,before
327286,20251216,1.3616,0.822,96,before
327287,20251216,1.2856,0.815,97,before
327288,20251216,1.2675,,96,before
327289,20251216,1.1862,0.83,99,before
327290,20251216,1.116,0.775,98,before
327291,20251216,1.1038,,97,before
327410,20251217,1.0074,0.929,98,before
327411,20251217,1.0199,1.069,100,before
327412,20251217,1.0198,1.027,101,before
327413,20251217,1.0359,0.911,100,before
327414,20251217,1.0421,1.223,97,before
327415,20251217,1.0342,1.198,97,before
327416,20251217,1.0339,0.957,98,before
327417,20251217,1.033,0.987,100,before
327418,20251217,1.377,1.024,98,before
327419,20251217,1.5028,1.082,98,before
327420,20251217,1.4786,1.146,98,before
327421,20251217,1.1014,0.993,100,before
327422,20251217,1.1544,1.104,103,before
327423,20251217,1.2675,1.234,97,before
327424,20251217,1.5334,1.006,98,before
327425,20251217,1.2749,0.982,95,before
327426,20251217,1.1778,1.006,94,before
327427,20251217,1.2534,0.942,92,before
327428,20251217,1.148,1.051,97,before
327429,20251217,1.0412,1.048,99,before
327430,20251217,1.0389,1.094,105,before
327431,20251217,1.0705,1.086,102,before
327432,20251217,1.0837,1.068,101,before
327433,20251217,1.1964,1.221,104,before
327434,20251217,1.2564,1.005,103,before
327435,20251217,1.2082,1.043,102,before
327436,20251217,1.2015,1.225,100,before
327437,20251217,1.2011,,99,before
327438,20251217,1.1825,1.138,100,before
327439,20251217,1.1786,,100,before
327440,20251217,1.1021,1.143,96,before
327441,20251217,1.1405,0.97,97,before
327442,20251217,1.0499,1.024,98,before
327443,20251217,1.062,0.806,97,before
327618,20251218,1.0048,0.804,97,before
327619,20251218,1.0128,0.84,96,before
327620,20251218,1.585,0.875,95,before
327621,20251218,1.6012,0.91,99,before
327622,20251218,1.3524,0.953,99,before
327623,20251218,1.4376,1.014,92,before
327625,20251218,1.5015,0.936,98,before
327626,20251218,1.3519,1.073,95,before
327627,20251218,1.4985,1.179,98,before
327628,20251218,1.6969,0.973,96,before
327630,20251218,1.6091,0.926,94,before
327631,20251218,1.6001,0.888,94,before
327632,20251218,1.3735,0.858,93,before
327633,20251218,1.2791,0.945,99,before
327634,20251218,1.2314,0.92,98,before
327635,20251218,1.2015,0.819,98,before
327636,20251218,1.1828,0.812,98,before
327637,20251218,1.1132,0.809,96,before
327638,20251218,1.1215,0.915,98,before
327639,20251218,1.1297,0.8,101,before
327640,20251218,1.5004,0.828,98,before
327641,20251218,1.0842,0.808,98,before
327642,20251218,1.0552,0.784,99,before
327643,20251218,1.5169,0.882,93,before
327644,20251218,1.4958,,95,before
327646,20251218,1.0611,0.896,99,before
327647,20251218,1.0853,0.85,97,before
327648,20251218,1.0838,0.893,98,before
327649,20251218,1.1168,0.866,98,before
327650,20251218,1.1283,1.088,99,before
327651,20251218,1.1399,0.897,100,before
327652,20251218,1.123,1.122,97,before
327653,20251218,1.1286,,98,before
327654,20251218,1.27,1.291,98,before
327789,20251219,1.0052,0.84,97,before
327790,20251219,1.0067,0.809,98,before
327791,20251219,1.1322,1.003,102,before
327792,20251219,1.1711,,102,before
327793,20251219,1.1049,1.044,99,before
327794,20251219,1.0873,0.83,96,before
327795,20251219,1.0883,0.857,95,before
327796,20251219,1.1573,0.918,98,before
327797,20251219,1.2766,0.883,97,before
327798,20251219,1.3037,0.816,102,before
327799,20251219,1.4883,0.847,99,before
327800,20251219,1.1072,0.868,97,before
327801,20251219,1.4413,0.895,95,before
327802,20251219,1.6878,1.288,96,before
327803,20251219,1.3708,0.879,98,before
327804,20251219,1.2856,0.929,96,before
327805,20251219,1.3199,0.881,91,before
327806,20251219,1.252,0.919,86,before
327807,20251219,1.3115,1.048,98,before
327808,20251219,1.0819,1.216,96,before
327809,20251219,1.0639,0.928,96,before
327810,20251219,1.0624,0.982,104,before
327811,20251219,1.0568,1.113,101,before
327812,20251219,1.4394,0.897,91,before
327813,20251219,1.0002,0.877,96,before
327814,20251219,1.0047,0.919,97,before
327815,20251219,1.0045,0.92,99,before
327816,20251219,1.0084,0.85,98,before
327817,20251219,1.3642,0.858,99,before
327818,20251219,1.4109,1.139,87,before
327819,20251219,1.2395,0.87,92,before
327820,20251219,1.1701,0.873,98,before
327821,20251219,1.119,1.023,96,before
327822,20251219,1.0721,1.019,98,before
327823,20251219,1.0623,0.909,99,before
327824,20251219,1.0754,0.877,97,before
327962,20251220,1.004,0.854,96,before
327963,20251220,1.0123,0.912,94,before
327964,20251220,1.168,0.91,97,before
327970,20251220,1.7591,,108,before
327971,20251220,1.0482,0.867,98,before
327972,20251220,1.6921,0.939,109,before
327973,20251220,1.5312,0.874,98,before
327974,20251220,1.4866,0.919,97,before
327975,20251220,1.5702,1.072,95,before
327976,20251220,1.5704,0.984,96,before
327977,20251220,1.613,0.932,99,before
327978,20251220,1.5699,0.962,99,before
327979,20251220,1.7381,1.011,98,before
327980,20251220,1.6538,1.034,95,before
327981,20251220,1.6808,,93,before
327982,20251220,1.1106,0.945,96,before
327983,20251220,1.0878,0.878,98,before
327984,20251220,1.0352,0.841,98,before
327985,20251220,1.0262,0.845,99,before
327986,20251220,1.0276,0.83,98,before
327987,20251220,1.0421,0.867,102,before
327988,20251220,1.1683,0.817,102,before
327989,20251220,1.2506,0.841,104,before
327990,20251220,1.4025,0.866,84,before
327991,20251220,1.3905,0.867,99,before
327992,20251220,1.469,0.829,94,before
327993,20251220,1.2343,0.903,97,before
327994,20251220,1.2016,0.988,99,before
327995,20251220,1.1201,0.927,99,before
327996,20251220,1.1418,0.842,98,before
327997,20251220,1.2389,0.799,97,before
327998,20251220,1.0781,0.759,99,before
327999,20251220,1.0702,0.748,95,before
328134,20251221,1.0025,1.002,95,before
328135,20251221,1.0097,0.866,95,before
328136,20251221,1.191,0.802,98,before
328137,20251221,1.1397,0.818,98,before
328138,20251221,1.0978,0.852,103,before
328139,20251221,1.1115,0.936,104,before
328140,20251221,1.1348,0.908,97,before
328141,20251221,1.5852,0.942,93,before
328142,20251221,1.5822,0.937,98,before
328143,20251221,1.5752,1.209,100,before
328144,20251221,1.5725,0.935,96,before
328145,20251221,1.5692,,97,before
328146,20251221,1.6264,0.929,97,before
328147,20251221,1.5961,0.972,97,before
328148,20251221,1.6063,0.903,97,before
328149,20251221,1.732,0.873,100,before
328150,20251221,1.793,0.882,99,before
328151,20251221,1.1274,0.842,98,before
328152,20251221,1.0894,0.789,95,before
328153,20251221,1.0572,0.861,98,before
328154,20251221,1.0369,0.837,98,before
328155,20251221,1.0411,0.906,99,before
328156,20251221,1.0777,0.762,98,before
328157,20251221,1.1641,0.801,102,before
328158,20251221,1.1362,0.793,99,before
328159,20251221,1.2544,0.848,111,before
328160,20251221,1.2283,0.831,105,before
328161,20251221,1.1961,0.796,99,before
328162,20251221,1.1593,0.827,104,before
328163,20251221,1.3715,0.789,92,before
328164,20251221,1.2791,0.875,96,before
328165,20251221,1.1623,0.859,97,before
328166,20251221,1.184,0.852,100,before
328167,20251221,1.104,0.87,100,before
328168,20251221,1.0708,0.791,99,before
328304,20251222,1.0111,0.953,94,before
328305,20251222,1.0057,0.873,98,before
328306,20251222,1.025,1.003,97,before
328307,20251222,1.0615,0.885,100,before
328308,20251222,1.0896,,100,before
328314,20251222,1.7499,,105,before
328315,20251222,1.7987,,104,before
328316,20251222,1.6628,1.325,131,before
328319,20251222,1.4342,,119,before
328320,20251222,1.3856,1.062,112,before
328327,20251222,1.2738,1.029,94,before
328339,20251222,1.0931,0.92,99,before
328341,20251222,1.1698,1.078,62,before
328345,20251222,1.0007,0.948,100,before
328350,20251222,1.0156,,97,before
328961,20251225,1.0089,0.942,97,before
328962,20251225,1.005,0.99,97,before
328963,20251225,1.7941,1.546,98,before
328964,20251225,1.7048,,97,before
328965,20251225,1.7799,1.37,99,before
328966,20251225,1.7429,,99,before
328967,20251225,1.616,1.129,97,before
328969,20251225,1.6212,1.051,98,before
328970,20251225,1.6145,,97,before
328971,20251225,1.5736,0.959,97,before
328973,20251225,1.5621,0.934,98,before
328974,20251225,1.7026,0.95,101,before
328975,20251225,1.652,1.376,96,before
328976,20251225,1.7808,0.943,97,before
328977,20251225,1.7864,1.006,94,before
328978,20251225,1.1209,1.029,100,before
328979,20251225,1.5716,1.005,97,before
328980,20251225,1.0512,0.847,97,before
328981,20251225,1.0269,0.822,100,before
328982,20251225,1.0141,0.886,99,before
328983,20251225,1.0343,0.83,99,before
328984,20251225,1.1082,0.869,99,before
328985,20251225,1.4354,0.956,88,before
328986,20251225,1.4139,,88,before
328987,20251225,1.4804,1.174,98,before
328988,20251225,1.4643,,99,before
328989,20251225,1.3878,0.882,94,before
328990,20251225,1.3056,0.961,98,before
328991,20251225,1.1943,0.837,100,before
328992,20251225,1.1623,0.825,96,before
328993,20251225,1.0602,0.976,101,before
328994,20251225,1.0685,1.067,97,before
329458,20251228,1.2045,1.184,99,before
329464,20251228,1.0156,1.057,96,before
329631,20251229,1.2385,1.237,100,before
329632,20251229,1.167,1.132,97,before
329638,20251229,1.0198,1.506,96,before
329639,20251229,1.0271,1.322,98,before
329640,20251229,1.0621,1.522,96,before
329642,20251229,1.0555,,93,before
329651,20251229,1.0686,1.197,101,before
329652,20251229,1.0796,1.098,99,before
330232,20260104,1.0139,1.114,98,before
330246,20260104,1.632,1.001,126,before
330247,20260104,1.8678,0.852,130,before
330250,20260104,1.8144,1.292,80,before
330255,20260104,1.4637,1.112,95,before
330256,20260104,1.3867,,96,before
330257,20260104,1.3722,1.205,94,before
330258,20260104,1.3245,,95,before
330259,20260104,1.2642,1.5,97,before
330260,20260104,1.2158,,98,before
330262,20260104,1.1782,,97,before
330263,20260104,1.059,1.307,92,before
330399,20260105,1.3094,1.227,98,before
330401,20260105,1.1462,0.975,91,before
330402,20260105,1.2305,0.98,90,before
330404,20260105,1.4092,1.112,91,before
330405,20260105,1.504,,93,before
330418,20260105,1.2113,0.947,76,before
330425,20260105,1.1699,1.075,86,before
330585,20260106,1.5092,1.088,89,before
330593,20260106,1.453,1.038,114,before
330938,20260109,1.2719,2.11,98,before
330939,20260109,1.1552,1.919,96,before
330940,20260109,1.1663,2.281,98,before
330941,20260109,1.1475,,98,before
330942,20260109,1.1394,,98,before
330944,20260109,1.0918,1.825,96,before
330945,20260109,1.0928,,96,before
330947,20260109,1.0416,1.584,98,before
330949,20260109,1.0246,1.61,98,before
330950,20260109,1.0159,1.73,94,before
330951,20260109,1.042,1.355,99,before
330952,20260109,1.0558,1.616,98,before
331252,20260111,1.0172,1.149,96,before
331253,20260111,1.7439,1.468,111,before
331257,20260111,1.2422,1.747,117,before
331258,20260111,1.2208,1.793,125,before
331259,20260111,1.3546,2.591,108,before
331260,20260111,1.4419,,106,before
331261,20260111,1.411,1.476,136,before
331262,20260111,1.6788,1.73,103,before
331263,20260111,1.675,,102,before
331264,20260111,1.8175,1.425,101,before
331265,20260111,1.8993,,97,before
331266,20260111,1.0601,1.039,102,before
331267,20260111,1.0401,,102,before
331268,20260111,1.55,1.399,98,before
331269,20260111,1.2158,1.511,97,before
331271,20260111,1.168,1.401,98,before
331272,20260111,1.2356,1.093,99,before
331273,20260111,1.4554,2.095,92,before
331274,20260111,1.4259,,92,before
331275,20260111,1.4055,,90,before
331276,20260111,1.3901,1.392,97,before
331277,20260111,1.2669,1.567,100,before
331278,20260111,1.1798,1.484,100,before
331279,20260111,1.1342,1.105,100,before
331280,20260111,1.1977,1.2,98,before
331281,20260111,1.1849,,97,before
331282,20260111,1.1248,1.205,98,before
331283,20260111,1.047,0.973,98,before
331284,20260111,1.0539,0.993,98,before
331421,20260112,1.015,0.976,99,before
331422,20260112,1.0327,1.153,99,before
331423,20260112,1.0746,1.083,97,before
331424,20260112,1.1065,1.46,96,before
331425,20260112,1.1515,1.233,99,before
331426,20260112,1.188,1.319,111,before
331427,20260112,1.1684,1.33,109,before
331428,20260112,1.3126,1.11,118,before
331432,20260112,1.6586,0.98,96,before
331433,20260112,1.7059,,97,before
331434,20260112,1.1272,1.455,100,before
331435,20260112,1.6648,1.752,97,before
331436,20260112,1.6157,,96,before
331437,20260112,1.2326,1.663,95,before
331438,20260112,1.0922,1.138,98,before
331439,20260112,1.0818,,98,before
331440,20260112,1.041,1.243,97,before
331441,20260112,1.4809,1.5,97,before
331444,20260112,1.0094,1.464,100,before
331445,20260112,1.0229,1.415,99,before
331446,20260112,1.108,1.909,98,before
331447,20260112,1.1196,1.109,97,before
331448,20260112,1.3587,1.278,98,before
331449,20260112,1.2981,1.124,98,before
331450,20260112,1.2038,1.011,93,before
331451,20260112,1.1462,1.238,98,before
331452,20260112,1.064,0.891,97,before
331453,20260112,1.0674,0.964,100,before
331454,20260112,1.0766,1.005,98,before
331455,20260112,1.0969,0.888,98,before
331456,20260112,1.0921,0.909,100,before
331457,20260112,1.0001,1.021,100,before
331592,20260113,1.0172,0.978,99,before
331599,20260113,1.7069,1.17,98,before
331600,20260113,1.6819,1.12,99,before
331601,20260113,1.6616,1.104,91,before
331602,20260113,1.1296,0.99,100,before
331603,20260113,1.1618,1.002,100,before
331604,20260113,1.133,0.932,98,before
331605,20260113,1.5492,1.351,97,before
331606,20260113,1.0554,1.129,97,before
331607,20260113,1.017,1.094,99,before
331608,20260113,1.5118,1.642,94,before
331610,20260113,1.1169,1.194,99,before
331611,20260113,1.1579,1.052,101,before
331612,20260113,1.2001,1.549,102,before
331613,20260113,1.1967,,102,before
331614,20260113,1.4025,1.119,95,before
331615,20260113,1.3868,,93,before
331617,20260113,1.3036,1.243,98,before
331618,20260113,1.2934,,98,before
331619,20260113,1.0761,1.345,97,before
331620,20260113,1.0687,,99,before
331622,20260113,1.0851,1.388,96,before
331623,20260113,1.1169,1.516,98,before
331624,20260113,1.0959,1.286,98,before
331625,20260113,1.0949,1.318,99,before
331767,20260114,1.1222,1.616,97,before
331769,20260114,1.3441,1.511,138,before
331770,20260114,1.3924,1.608,150,before
331774,20260114,1.307,1.663,116,before
331775,20260114,1.6863,1.544,99,before
331776,20260114,1.7377,,99,before
331777,20260114,1.7535,1.288,98,before
331778,20260114,1.8541,,99,before
331779,20260114,1.1355,1.651,99,before
331780,20260114,1.107,1.095,101,before
331781,20260114,1.0994,1.072,102,before
331782,20260114,1.1456,1.191,100,before
331783,20260114,1.4605,1.124,88,before
331784,20260114,1.4403,,88,before
331785,20260114,1.1516,1.222,96,before
331786,20260114,1.1547,,97,before
331789,20260114,1.1898,1.22,101,before
331790,20260114,1.1794,,101,before
331791,20260114,1.3462,1.166,96,before
331792,20260114,1.333,,96,before
331793,20260114,1.2709,1.279,98,before
331794,20260114,1.2605,,97,before
331795,20260114,1.1714,1.398,99,before
331796,20260114,1.1634,,98,before
331797,20260114,1.1045,1.348,99,before
331798,20260114,1.0457,1.201,98,before
331799,20260114,1.0001,1.202,96,before
331936,20260115,1.0225,1.189,98,before
331937,20260115,1.0506,1.2,98,before
331944,20260115,1.7201,1.001,98,before
331945,20260115,1.7777,,96,before
331946,20260115,1.2958,0.947,98,before
331947,20260115,1.2488,0.916,60,before
331948,20260115,1.341,0.868,92,before
331949,20260115,1.1482,0.84,94,before
331950,20260115,1.0426,0.858,99,before
331951,20260115,1.018,0.957,98,before
331952,20260115,1.0885,1.01,102,before
331953,20260115,1.1134,0.89,99,before
331954,20260115,1.1334,0.867,99,before
331955,20260115,1.1376,0.886,100,before
331956,20260115,1.4376,0.843,95,before
331957,20260115,1.1637,0.903,98,before
331958,20260115,1.1697,0.815,97,before
331959,20260115,1.3769,0.918,99,before
331960,20260115,1.2802,0.892,99,before
331961,20260115,1.1788,0.885,100,before
331962,20260115,1.1151,0.865,97,before
331963,20260115,1.0978,0.816,98,before
331964,20260115,1.1317,0.805,98,before
331965,20260115,1.0656,0.855,97,before
331966,20260115,1.0644,0.99,99,before
331967,20260115,1.083,0.912,96,before
331968,20260115,1.0661,1.021,98,before
331969,20260115,1.0958,0.948,94,before
331970,20260115,1.0003,0.875,95,before
331971,20260115,1.0491,0.978,97,before
332109,20260116,1.0261,0.956,100,before
332116,20260116,1.7318,1.327,103,before
332117,20260116,1.7806,,101,before
332118,20260116,1.7875,1.167,100,before
332119,20260116,1.8975,,96,before
332120,20260116,1.258,1.369,97,before
332121,20260116,1.1934,,95,before
332122,20260116,1.1019,1.377,95,before
332123,20260116,1.069,,93,before
332124,20260116,1.1421,1.002,98,before
332125,20260116,1.0742,0.969,98,before
332126,20260116,1.1044,1.09,102,before
332127,20260116,1.1224,0.956,100,before
332128,20260116,1.1462,1.078,100,before
332129,20260116,1.1501,0.957,100,before
332130,20260116,1.1773,0.923,98,before
332131,20260116,1.3924,0.958,89,before
332132,20260116,1.2484,0.915,97,before
332133,20260116,1.1768,1.048,98,before
332134,20260116,1.2081,0.964,97,before
332135,20260116,1.4208,0.914,97,before
332136,20260116,1.1013,1.078,96,before
332137,20260116,1.075,1.111,97,before
332138,20260116,1.0904,0.996,100,before
332139,20260116,1.1033,0.954,97,before
332140,20260116,1.0712,1.0,98,before
332141,20260116,1.0494,1.09,92,before
332142,20260116,1.0018,1.246,94,before
332277,20260117,1.0286,1.041,98,before
332278,20260117,1.0691,1.526,95,before
332279,20260117,1.1152,1.114,97,before
332285,20260117,1.6501,1.654,100,before
332286,20260117,1.4492,1.412,96,before
332287,20260117,1.4047,,92,before
332288,20260117,1.2725,1.419,76,before
332289,20260117,1.8618,2.755,135,before
332290,20260117,1.244,1.493,100,before
332291,20260117,1.3103,1.581,97,before
332292,20260117,1.0954,1.214,99,before
332293,20260117,1.0673,,99,before
332294,20260117,1.0999,1.274,98,before
332295,20260117,1.0843,,98,before
332296,20260117,1.1293,1.229,100,before
332297,20260117,1.1232,,100,before
332298,20260117,1.2089,1.301,100,before
332299,20260117,1.2042,,100,before
332300,20260117,1.1775,1.546,98,before
332301,20260117,1.1876,1.363,98,before
332302,20260117,1.407,1.088,97,before
332303,20260117,1.3952,,93,before
332304,20260117,1.3224,1.234,98,before
332306,20260117,1.0661,1.714,100,before
332307,20260117,1.0758,1.381,100,before
332308,20260117,1.0671,1.082,98,before
332309,20260117,1.0806,1.1,98,before
332310,20260117,1.0934,1.102,98,before
332311,20260117,1.1097,1.038,96,before
332312,20260117,1.0011,0.933,98,before
332448,20260118,1.0286,0.812,96,before
332449,20260118,1.0654,0.822,92,before
332451,20260118,1.5126,0.933,95,before
332452,20260118,1.6188,,93,before
332453,20260118,1.6921,0.849,95,before
332455,20260118,1.6852,0.956,124,before
332457,20260118,1.637,0.83,109,before
332458,20260118,1.7286,,109,before
332459,20260118,1.5795,0.94,137,before
332460,20260118,1.6318,0.999,126,before
332462,20260118,1.2674,0.818,97,before
332463,20260118,1.3162,0.88,100,before
332464,20260118,1.2756,,99,before
332465,20260118,1.1296,0.854,99,before
332466,20260118,1.1477,0.801,96,before
332467,20260118,1.198,0.799,97,before
332468,20260118,1.0959,0.804,98,before
332469,20260118,1.0821,0.786,96,before
332470,20260118,1.0581,0.806,99,before
332471,20260118,1.1431,0.808,99,before
332472,20260118,1.132,,99,before
332473,20260118,1.2084,0.847,99,before
332474,20260118,1.2038,,99,before
332475,20260118,1.1859,0.833,97,before
332476,20260118,1.1769,0.792,98,before
332477,20260118,1.1869,0.84,100,before
332478,20260118,1.2431,0.809,98,before
332479,20260118,1.1387,0.793,98,before
332480,20260118,1.126,,98,before
332481,20260118,1.0958,0.749,96,before
332482,20260118,1.0731,0.711,98,before
332483,20260118,1.1253,0.751,96,before
332484,20260118,1.1092,0.724,97,before
332485,20260118,1.0718,0.762,97,before
332486,20260118,1.0495,0.736,98,before
332487,20260118,1.0038,0.821,99,before
332621,20260119,1.0291,0.957,93,before
332622,20260119,1.0688,0.982,97,before
332623,20260119,1.1121,0.886,96,before
332624,20260119,1.4047,1.032,98,before
332626,20260119,1.4358,1.082,132,before
332627,20260119,1.3721,1.141,109,before
332629,20260119,1.5831,0.992,132,before
332630,20260119,1.709,0.916,99,before
332631,20260119,1.8334,0.978,93,before
332632,20260119,1.3307,0.866,77,before
332633,20260119,1.2549,0.83,96,before
332634,20260119,1.195,0.89,99,before
332635,20260119,1.1372,0.812,97,before
332636,20260119,1.0934,0.84,97,before
332637,20260119,1.0661,0.964,98,before
332638,20260119,1.0533,0.849,97,before
332639,20260119,1.0517,0.804,102,before
332640,20260119,1.0621,0.92,98,before
332641,20260119,1.0756,0.925,99,before
332642,20260119,1.1074,0.892,96,before
332643,20260119,1.1278,0.896,96,before
332644,20260119,1.1228,0.906,98,before
332645,20260119,1.2009,0.842,97,before
332646,20260119,1.1478,0.906,98,before
332647,20260119,1.2408,0.85,99,before
332648,20260119,1.2246,,100,before
332649,20260119,1.1581,0.748,98,before
332650,20260119,1.1297,0.795,99,before
332651,20260119,1.0809,0.777,98,before
332652,20260119,1.0876,0.792,94,before
332653,20260119,1.1125,0.763,99,before
332654,20260119,1.0629,0.778,99,before
332655,20260119,1.0026,0.709,96,before
332794,20260120,1.0326,0.996,95,before
332795,20260120,1.0756,0.983,96,before
332796,20260120,1.1198,0.907,95,before
332797,20260120,1.5004,1.075,95,before
332798,20260120,1.6395,0.992,94,before
332799,20260120,1.6476,0.991,93,before
332800,20260120,1.7455,,93,before
332801,20260120,1.7576,0.959,96,before
332802,20260120,1.8059,,93,before
332803,20260120,1.8031,0.983,97,before
332804,20260120,1.9001,,95,before
332805,20260120,1.2157,0.865,97,before
332806,20260120,1.2758,0.79,76,before
332807,20260120,1.3728,0.82,96,before
332808,20260120,1.07,0.832,100,before
332809,20260120,1.0597,0.889,98,before
332810,20260120,1.0252,0.769,97,before
332811,20260120,1.0128,0.803,99,before
332812,20260120,1.0476,0.799,98,before
332813,20260120,1.0842,0.839,100,before
332814,20260120,1.113,0.966,98,before
332815,20260120,1.1399,0.814,96,before
332816,20260120,1.3167,0.815,98,before
332817,20260120,1.2677,0.782,97,before
332818,20260120,1.3612,0.738,96,before
332819,20260120,1.2722,0.817,99,before
332820,20260120,1.1294,0.771,97,before
332821,20260120,1.1063,0.803,97,before
332822,20260120,1.12,0.831,98,before
332823,20260120,1.1165,0.818,99,before
332824,20260120,1.1404,0.731,99,before
332825,20260120,1.1713,0.78,98,before
332826,20260120,1.1064,0.739,98,before
332827,20260120,1.0557,0.863,98,before
333552,20260125,1.5491,1.488,128,before
333553,20260125,1.583,,126,before
333556,20260125,1.6682,1.263,116,before
333557,20260125,1.7181,1.109,129,before
333558,20260125,1.2133,0.867,98,before
333559,20260125,1.2868,0.859,88,before
333560,20260125,1.3939,0.805,98,before
333561,20260125,1.1541,0.88,77,before
333562,20260125,1.0998,0.839,98,before
333563,20260125,1.0133,0.952,97,before
333564,20260125,1.0653,1.314,96,before
333565,20260125,1.0599,,96,before
333566,20260125,1.0993,1.205,102,before
333567,20260125,1.0981,,102,before
333569,20260125,1.1509,0.951,98,before
333570,20260125,1.1698,1.258,98,before
333571,20260125,1.2519,1.13,95,before
333574,20260125,1.1695,1.016,99,before
333575,20260125,1.0647,1.348,100,before
333721,20260126,1.598,,74,before
333722,20260126,1.5798,1.169,89,before
333733,20260126,1.1359,1.136,99,before
333734,20260126,1.1299,,99,before
333739,20260126,1.1898,1.407,99,before
333740,20260126,1.1827,1.203,97,before
333741,20260126,1.2939,1.535,99,before
333742,20260126,1.4053,1.167,98,before
333743,20260126,1.194,1.02,98,before
333744,20260126,1.2111,0.946,94,before
333745,20260126,1.2483,0.937,99,before
333746,20260126,1.2062,0.927,97,before
333747,20260126,1.1646,0.937,98,before
333748,20260126,1.1307,0.936,99,before
333749,20260126,1.1016,0.898,100,before
333750,20260126,1.1217,0.838,98,before
333751,20260126,1.1198,0.868,99,before
333753,20260126,1.1833,0.887,97,before
333754,20260126,1.2977,0.96,98,before
334355,20260129,1.303,0.946,97,before
334356,20260129,1.3923,,97,before
334391,20260129,1.0104,1.16,98,before
334392,20260129,1.0904,1.113,98,before
334393,20260129,1.1146,0.942,97,before
334394,20260129,1.0941,0.984,98,before
334395,20260129,1.0499,1.215,98,before
334397,20260129,1.2731,1.301,100,before
334398,20260129,1.103,1.093,97,before
334399,20260129,1.0906,0.989,98,before
334599,20260130,1.1034,1.357,97,before
334600,20260130,1.0938,1.064,97,before
334601,20260130,1.1274,,97,before
334602,20260130,1.1617,1.138,96,before
334603,20260130,1.2089,,96,before
334605,20260130,1.4191,1.093,113,before
334606,20260130,1.5044,,112,before
334607,20260130,1.6684,1.309,132,before
334619,20260130,1.3843,1.182,95,before
334620,20260130,1.3118,,94,before
334621,20260130,1.2742,,94,before
334622,20260130,1.3306,1.702,99,before
334623,20260130,1.3036,,99,before
334624,20260130,1.2934,,98,before
334811,20260131,1.1774,1.006,98,before
334833,20260131,1.2833,1.224,98,before
334834,20260131,1.2696,,97,before
335003,20260201,1.1041,0.946,96,before
335155,20260202,1.123,1.095,97,before
335156,20260202,1.1621,,97,before
335157,20260202,1.2172,,96,before
335185,20260202,1.1754,0.996,99,before
335186,20260202,1.1954,,96,before
335187,20260202,1.2763,0.913,78,before
335188,20260202,1.1071,0.827,98,before
335189,20260202,1.1256,0.883,97,before
335190,20260202,1.1099,0.84,97,before
335191,20260202,1.0879,0.82,98,before
335192,20260202,1.1151,0.8,99,before
335193,20260202,1.0919,0.952,97,before
335194,20260202,1.0489,0.903,95,before
335195,20260202,1.0894,0.817,99,before
335412,20260203,1.422,1.005,128,before
335415,20260203,1.8165,1.063,100,before
335416,20260203,1.9088,,101,before
335417,20260203,1.6093,1.271,130,before
335418,20260203,1.4973,1.405,138,before
335420,20260203,1.2183,0.998,74,before
335421,20260203,1.2603,1.124,71,before
335422,20260203,1.2411,,70,before
335423,20260203,1.1371,1.041,95,before
335424,20260203,1.0967,1.058,98,before
335425,20260203,1.2494,0.962,84,before
335426,20260203,1.0915,1.11,96,before
335427,20260203,1.059,0.912,98,before
335428,20260203,1.0696,1.106,100,before
335429,20260203,1.0646,,100,before
335433,20260203,1.1318,1.249,100,before
335434,20260203,1.1561,1.192,97,before
335435,20260203,1.2154,1.249,98,before
335437,20260203,1.2296,1.185,99,before
335439,20260203,1.1861,1.162,98,before
335440,20260203,1.2063,1.133,99,before
335441,20260203,1.2856,1.223,94,before
335442,20260203,1.3284,1.129,98,before
335443,20260203,1.2938,1.135,97,before
335444,20260203,1.3327,1.086,99,before
335445,20260203,1.2901,1.242,98,before
335583,20260204,1.4141,1.614,123,before
335584,20260204,1.737,1.594,101,before
335585,20260204,1.6997,1.457,98,before
335586,20260204,1.7816,,99,before
335588,20260204,1.4641,2.127,96,before
335589,20260204,1.3664,1.392,95,before
335590,20260204,1.247,1.454,97,before
335591,20260204,1.285,1.168,100,before
335592,20260204,1.1683,1.039,75,before
335593,20260204,1.2315,1.064,83,before
335594,20260204,1.1134,1.088,99,before
335608,20260204,1.0641,1.108,100,before
335609,20260204,1.0035,0.981,98,before
335610,20260204,1.0069,0.968,93,before
335611,20260204,1.0147,0.956,99,before
335612,20260204,1.0274,0.94,103,before
335613,20260204,1.0278,1.004,97,before
335614,20260204,1.0396,0.886,98,before
335615,20260204,1.0528,0.966,101,before
335616,20260204,1.0667,1.167,95,before
335617,20260204,1.0607,1.102,99,before
335618,20260204,1.0815,1.057,98,before
335619,20260204,1.072,1.173,99,before
335620,20260204,1.085,1.369,100,before
335621,20260204,1.1128,1.036,97,before
335622,20260204,1.0919,1.195,99,before
335764,20260205,1.479,1.369,128,before
335765,20260205,1.4242,0.941,68,before
335766,20260205,1.3145,1.026,99,before
335767,20260205,1.2264,1.163,99,before
335768,20260205,1.1623,1.093,95,before
335769,20260205,1.1357,1.028,96,before
335770,20260205,1.069,1.013,96,before
335771,20260205,1.043,0.936,98,before
335772,20260205,1.0236,,98,before
335774,20260205,1.1718,1.228,96,before
335775,20260205,1.1317,1.016,97,before
335776,20260205,1.1286,1.196,98,before
335777,20260205,1.0978,0.93,99,before
335778,20260205,1.0909,0.858,99,before
335779,20260205,1.0879,,99,before
335780,20260205,1.011,1.002,97,before
335781,20260205,1.0045,0.818,96,before
335782,20260205,1.0008,0.761,93,before
335783,20260205,1.2545,0.84,99,before
335784,20260205,1.2299,,94,before
335785,20260205,1.1783,0.886,97,before
335786,20260205,1.1564,,95,before
335787,20260205,1.2008,0.923,99,before
335788,20260205,1.1829,,99,before
335789,20260205,1.151,0.841,99,before
335790,20260205,1.1359,,98,before
335791,20260205,1.0926,1.016,100,before
335792,20260205,1.2032,0.778,97,before
335793,20260205,1.1233,0.814,98,before
335794,20260205,1.147,0.813,96,before
335795,20260205,1.1708,0.94,95,before
335796,20260205,1.0827,0.78,99,before
335935,20260206,1.3996,1.127,137,before
335937,20260206,1.5311,1.138,111,before
335945,20260206,1.3453,1.296,98,before
335946,20260206,1.214,1.328,103,before
336099,20260207,1.1573,1.238,98,before
336100,20260207,1.6841,1.278,99,before
336114,20260207,1.6419,1.116,98,before
336115,20260207,1.2465,1.11,98,before
336116,20260207,1.14,1.122,97,before
336117,20260207,1.0721,1.099,96,before
336118,20260207,1.0443,1.136,94,before
336119,20260207,1.0449,1.011,94,before
336120,20260207,1.0491,1.054,100,before
336121,20260207,1.0561,1.161,98,before
336122,20260207,1.0517,,97,before
336123,20260207,1.106,1.051,97,before
336133,20260207,1.1771,1.262,100,before
336134,20260207,1.0615,1.156,99,before
336135,20260207,1.0773,0.97,102,before
336136,20260207,1.1529,0.979,98,before
336139,20260207,1.1627,0.977,97,before
336140,20260207,1.1165,1.081,99,before
336141,20260207,1.1273,1.067,97,before
336142,20260207,1.1929,0.987,97,before
336143,20260207,1.1065,0.963,100,before
336144,20260207,1.1071,1.342,96,before
336280,20260208,1.4455,1.486,143,before
336281,20260208,1.592,1.288,116,before
336282,20260208,1.558,1.134,93,before
336284,20260208,1.5767,1.347,95,before
336285,20260208,1.5316,,95,before
336286,20260208,1.1926,1.095,98,before
336287,20260208,1.1459,,98,before
336288,20260208,1.0855,1.032,99,before
336289,20260208,1.0571,1.042,98,before
336290,20260208,1.0316,,98,before
336291,20260208,1.0536,1.085,96,before
336292,20260208,1.0552,1.086,98,before
336293,20260208,1.1252,1.217,100,before
336294,20260208,1.2189,1.619,101,before
336295,20260208,1.2194,,100,before
336296,20260208,1.2357,,101,before
336297,20260208,1.4508,1.227,97,before
336298,20260208,1.4275,,96,before
336299,20260208,1.4118,,96,before
336300,20260208,1.2317,1.11,98,before
336301,20260208,1.2145,,96,before
336302,20260208,1.1548,1.361,97,before
336303,20260208,1.1324,,97,before
336305,20260208,1.108,1.638,98,before
336306,20260208,1.1185,1.395,98,before
336307,20260208,1.0001,1.562,99,before
336308,20260208,1.0926,1.477,100,before
336309,20260208,1.0924,1.575,99,before
336310,20260208,1.1175,1.655,99,before
336311,20260208,1.0871,1.374,100,before
336312,20260208,1.0865,1.404,96,before
336313,20260208,1.1062,1.57,97,before
336314,20260208,1.1222,1.48,89,before
336455,20260209,1.4924,1.864,110,before
336456,20260209,1.4375,1.767,118,before
336457,20260209,1.598,1.961,113,before
336459,20260209,1.3894,1.731,101,before
336472,20260209,1.1996,1.462,97,before
336473,20260209,1.3203,1.303,99,before
336474,20260209,1.242,1.181,100,before
336475,20260209,1.2267,1.166,100,before
336476,20260209,1.2128,1.201,104,before
336477,20260209,1.3293,1.176,97,before
336478,20260209,1.4798,0.986,97,before
336479,20260209,1.4648,,97,before
336480,20260209,1.168,1.16,95,before
336482,20260209,1.1977,1.354,98,before
336483,20260209,1.1759,,100,before
336484,20260209,1.1196,1.256,96,before
336485,20260209,1.107,,96,before
336486,20260209,1.1563,1.251,100,before
336487,20260209,1.1044,0.901,99,before
336488,20260209,1.1525,1.238,98,before
336489,20260209,1.1383,1.029,97,before
336490,20260209,1.1238,0.919,96,before
336491,20260209,1.0768,0.95,97,before
336875,20260211,1.0072,0.972,97,before
336876,20260211,1.0868,1.042,97,before
336877,20260211,1.0923,1.256,94,before
336878,20260211,1.1162,1.554,95,before
336879,20260211,1.0953,0.952,100,before
336880,20260211,1.0554,1.03,99,before
336881,20260211,1.1471,0.87,97,before
336882,20260211,1.1391,,97,before
337294,20260214,1.525,1.558,123,before
337296,20260214,1.4539,1.369,99,before
337297,20260214,1.6054,,99,before
337299,20260214,1.2308,1.908,95,before
337300,20260214,1.273,1.887,96,before
337301,20260214,1.2066,1.753,99,before
337302,20260214,1.1121,1.827,99,before
337303,20260214,1.0969,,99,before
337304,20260214,1.1295,1.479,96,before
337305,20260214,1.0869,1.574,99,before
337306,20260214,1.088,,99,before
337309,20260214,1.1881,1.506,97,before
337310,20260214,1.1949,1.065,98,before
337311,20260214,1.1754,0.941,100,before
337312,20260214,1.1262,1.245,98,before
337313,20260214,1.2087,1.602,98,before
337314,20260214,1.2674,1.232,100,before
337315,20260214,1.1658,1.038,96,before
337316,20260214,1.1989,1.154,99,before
337317,20260214,1.1864,,97,before
337318,20260214,1.0767,1.036,93,before
337319,20260214,1.1041,1.114,100,before
337320,20260214,1.1139,0.935,98,before
337321,20260214,1.0934,1.11,96,before
337327,20260214,1.2987,1.108,97,before
337468,20260215,1.4733,1.028,105,before
337469,20260215,1.6234,,104,before
337470,20260215,1.6685,1.165,97,before
337471,20260215,1.9392,1.26,98,before
337472,20260215,1.8669,1.203,97,before
337478,20260215,1.1965,1.639,100,before
337479,20260215,1.0131,1.384,97,before
337480,20260215,1.021,1.356,95,before
337481,20260215,1.4459,1.233,97,before
337483,20260215,1.0119,1.082,97,before
337484,20260215,1.0205,1.355,94,before
337489,20260215,1.0284,1.158,104,before
337490,20260215,1.0389,1.339,100,before
337491,20260215,1.0535,1.524,103,before
337492,20260215,1.0749,1.576,98,before
337493,20260215,1.0675,1.367,101,before
337494,20260215,1.0915,1.162,98,before
337495,20260215,1.0828,1.402,102,before
337496,20260215,1.1132,1.595,99,before
337769,20260217,1.2033,2.146,98,before
337770,20260217,1.1436,1.795,95,before
337771,20260217,1.1071,1.577,97,before
337772,20260217,1.2395,1.43,91,before
337773,20260217,1.176,1.146,62,before
337774,20260217,1.1623,,62,before
337775,20260217,1.0019,1.002,96,before
337776,20260217,1.0031,1.021,97,before
337777,20260217,1.4394,1.192,97,before
337778,20260217,1.3883,1.518,95,before
337779,20260217,1.3462,,99,before
337780,20260217,1.3071,,99,before
337781,20260217,1.2847,,96,before
337783,20260217,1.1412,,97,before
337790,20260217,1.0006,1.436,97,before
337791,20260217,1.1069,1.206,99,before
337792,20260217,1.1423,1.084,100,before
337793,20260217,1.1665,1.287,95,before
337794,20260217,1.1581,,95,before
337795,20260217,1.1576,,95,before
338266,20260220,1.0824,1.594,97,before
338267,20260220,1.1093,1.52,95,before
338268,20260220,1.0746,1.688,98,before
338269,20260220,1.1003,1.55,100,before
338270,20260220,1.0825,1.64,104,before
338271,20260220,1.1147,1.686,96,before
338272,20260220,1.0905,1.304,96,before
338273,20260220,1.2378,1.324,97,before
338274,20260220,1.2145,,97,before
338275,20260220,1.2196,1.228,99,before
338276,20260220,1.1614,1.008,96,before
338277,20260220,1.2046,1.12,95,before
338278,20260220,1.2419,1.179,100,before
338279,20260220,1.1732,1.109,97,before
338415,20260221,1.6933,1.253,96,before
338416,20260221,1.4424,0.891,99,before
338417,20260221,1.3931,,98,before
338456,20260221,1.0045,1.07,98,before
338469,20260221,1.165,1.033,99,before
338470,20260221,1.1337,1.032,100,before
338471,20260221,1.1167,1.04,95,before
338613,20260222,1.282,1.501,98,before
338619,20260222,1.1181,1.537,96,before
338620,20260222,1.1,,95,before
338621,20260222,1.4879,1.261,94,before
338622,20260222,1.425,,93,before
338623,20260222,1.3728,0.954,92,before
338624,20260222,1.2829,0.943,96,before
338625,20260222,1.3114,1.029,100,before
338626,20260222,1.1692,1.287,97,before
338627,20260222,1.2157,1.069,98,before
338628,20260222,1.1861,,97,before
338629,20260222,1.1987,1.25,95,before
338630,20260222,1.1742,,94,before
338631,20260222,1.2224,1.152,97,before
338632,20260222,1.2434,1.068,97,before
338633,20260222,1.2719,1.047,98,before
338634,20260222,1.2189,0.954,93,before
338635,20260222,1.2041,0.924,99,before
338636,20260222,1.2558,1.022,99,before
338637,20260222,1.2922,0.951,97,before
338639,20260222,1.153,1.032,99,before
338753,20260223,1.6504,1.019,98,before
338754,20260223,1.5503,1.063,98,before
338755,20260223,1.3566,0.887,90,before
338756,20260223,1.3115,,87,before
338762,20260223,1.1071,0.867,97,before
338763,20260223,1.0303,0.896,96,before
338764,20260223,1.6112,1.114,97,before
338765,20260223,1.4911,0.918,98,before
338766,20260223,1.3864,0.984,97,before
338767,20260223,1.2935,1.051,98,before
338768,20260223,1.2862,1.011,96,before
338769,20260223,1.2671,0.829,97,before
338770,20260223,1.2379,0.889,98,before
338771,20260223,1.2613,0.785,97,before
338772,20260223,1.2277,0.836,98,before
338773,20260223,1.2547,0.766,95,before
338774,20260223,1.2535,0.773,95,before
338775,20260223,1.295,0.768,99,before
338776,20260223,1.2484,0.716,97,before
338777,20260223,1.2888,0.75,98,before
338778,20260223,1.2371,0.739,99,before
338779,20260223,1.2737,0.72,99,before
338780,20260223,1.2995,0.75,98,before
338781,20260223,1.2228,0.779,99,before
338782,20260223,1.1508,0.796,97,before
338783,20260223,1.2485,0.754,96,before
338784,20260223,1.2897,0.759,98,before
338785,20260223,1.336,0.726,96,before
338786,20260223,1.4139,0.96,99,before
338787,20260223,1.1529,0.876,99,before
338923,20260224,1.4302,1.236,96,before
338924,20260224,1.4589,1.242,98,before
338925,20260224,1.3421,1.344,100,before
338930,20260224,1.23,1.249,99,before
338931,20260224,1.1608,1.014,100,before
338932,20260224,1.2766,1.037,99,before
338933,20260224,1.2607,,99,before
338934,20260224,1.5192,0.99,96,before
338935,20260224,1.4817,,97,before
338936,20260224,1.4218,0.928,96,before
338937,20260224,1.2831,0.927,98,before
338938,20260224,1.2916,0.876,100,before
338939,20260224,1.2288,0.925,97,before
338940,20260224,1.2403,0.903,97,before
338941,20260224,1.2409,0.89,98,before
338942,20260224,1.2098,,99,before
338943,20260224,1.0008,0.801,96,before
338945,20260224,1.2579,0.786,97,before
338946,20260224,1.2767,0.865,97,before
338947,20260224,1.2686,0.943,99,before
338948,20260224,1.2105,0.988,96,before
338949,20260224,1.1509,0.789,97,before
338950,20260224,1.4461,0.896,96,before
338951,20260224,1.2227,0.841,97,before
338952,20260224,1.1618,1.07,96,before
339108,20260225,1.5436,1.154,85,before
339110,20260225,1.3645,1.39,95,before
339111,20260225,1.2846,0.997,96,before
339112,20260225,1.2774,0.974,97,before
339118,20260225,1.5186,0.879,95,before
339119,20260225,1.461,,94,before
339120,20260225,1.4706,0.812,100,before
339121,20260225,1.4391,,99,before
339122,20260225,1.2931,0.823,98,before
339124,20260225,1.354,0.843,100,before
339125,20260225,1.2618,0.774,98,before
339126,20260225,1.2919,0.741,96,before
339127,20260225,1.2726,0.769,99,before
339128,20260225,1.3156,0.737,96,before
339129,20260225,1.3413,0.755,97,before
339132,20260225,1.1758,0.984,99,before
339133,20260225,1.2059,1.005,99,before
339134,20260225,1.2769,0.758,99,before
339135,20260225,1.3978,0.857,98,before
339136,20260225,1.1495,1.358,99,before
339271,20260226,1.5566,0.887,98,before
339274,20260226,1.745,0.822,95,before
339275,20260226,1.5604,0.792,98,before
339279,20260226,1.3576,0.809,94,before
339280,20260226,1.3501,,91,before
339281,20260226,1.4839,0.78,99,before
339283,20260226,1.1602,0.803,94,before
339285,20260226,1.3654,0.818,96,before
339286,20260226,1.3356,,98,before
339287,20260226,1.2571,0.884,99,before
339288,20260226,1.2384,,99,before
339289,20260226,1.2361,1.017,98,before
339290,20260226,1.3169,0.899,95,before
339291,20260226,1.382,1.008,93,before
339292,20260226,1.2277,1.068,95,before
339429,20260227,1.6064,1.003,92,before
339433,20260227,1.8458,1.005,102,before
339440,20260227,1.5739,1.496,98,before
339441,20260227,1.4822,,98,before
339442,20260227,1.2717,0.929,97,before
339443,20260227,1.2777,0.799,95,before
339444,20260227,1.2743,0.856,96,before
339445,20260227,1.2472,0.764,97,before
339446,20260227,1.2901,0.899,97,before
339447,20260227,1.215,0.922,100,before
339448,20260227,1.2509,0.829,99,before
339449,20260227,1.281,0.795,100,before
339450,20260227,1.2384,,100,before
339451,20260227,1.2848,0.771,99,before
339452,20260227,1.2507,,98,before
339453,20260227,1.2836,0.764,99,before
339454,20260227,1.2489,,96,before
339455,20260227,1.2323,,94,before
339456,20260227,1.053,0.975,100,before
339457,20260227,1.0953,0.874,98,before
339458,20260227,1.1171,0.788,97,before
339459,20260227,1.2911,1.013,98,before
339461,20260227,1.2221,1.443,99,before
339462,20260227,1.1927,1.214,99,before
339464,20260227,1.3254,0.853,100,before
339465,20260227,1.3843,0.845,97,before
339466,20260227,1.0874,1.007,98,before
339641,20260228,1.581,1.349,100,before
339643,20260228,1.3136,1.054,58,before
339644,20260228,1.269,,57,before
339645,20260228,1.2926,0.851,79,before
339646,20260228,1.2669,,78,before
339647,20260228,1.2496,,78,before
339652,20260228,1.1711,0.868,93,before
339663,20260228,1.0436,0.841,98,before
339665,20260228,1.086,0.731,98,before
339676,20260228,1.0613,0.84,96,before
339681,20260228,1.2177,,98,before
339682,20260228,1.2135,,95,before
339683,20260228,1.1104,1.091,94,before
339875,20260301,1.3094,0.895,90,before
339876,20260301,1.2457,0.803,96,before
339877,20260301,1.2001,,95,before
339884,20260301,1.2729,0.786,94,before
339895,20260301,1.0795,0.746,99,before
339901,20260301,1.0702,0.758,98,before
339902,20260301,1.0884,0.783,92,before
339903,20260301,1.123,0.758,97,before
339904,20260301,1.1054,0.774,95,before
339905,20260301,1.0881,0.744,100,before
339906,20260301,1.1348,0.77,96,before
339907,20260301,1.1162,0.847,94,before
339908,20260301,1.0962,0.79,98,before
339909,20260301,1.0002,0.85,101,before
339910,20260301,1.0476,0.852,97,before
339911,20260301,1.3086,0.926,98,before
339912,20260301,1.2018,0.854,97,before
339913,20260301,1.2084,0.834,99,before
339914,20260301,1.2021,0.788,99,before
339915,20260301,1.1706,0.833,98,before
339916,20260301,1.1428,0.91,96,before
339917,20260301,1.1252,0.924,98,before
340235,20260304,1.4726,1.329,98,before
340237,20260304,1.3116,1.541,97,before
340250,20260304,1.0117,1.087,100,before
340251,20260304,1.0052,0.8,100,before
340252,20260304,1.0003,0.777,98,before
340253,20260304,1.009,0.925,100,before
340255,20260304,1.0152,0.857,99,before
340256,20260304,1.0239,0.809,97,before
340257,20260304,1.0418,0.796,101,before
340258,20260304,1.062,0.833,98,before
340259,20260304,1.1037,0.85,97,before
340260,20260304,1.0912,0.85,98,before
340261,20260304,1.1176,0.925,98,before
340262,20260304,1.1055,0.863,97,before
340263,20260304,1.1387,0.916,98,before
340264,20260304,1.1515,0.797,96,before
340265,20260304,1.1268,0.872,96,before
340266,20260304,1.1025,0.824,95,before
340267,20260304,1.1513,0.854,98,before
340268,20260304,1.1209,0.799,98,before
340269,20260304,1.0955,0.899,99,before
340270,20260304,1.1486,0.848,97,before
340271,20260304,1.1152,0.844,98,before
340272,20260304,1.088,0.859,97,before
340273,20260304,1.1408,0.96,98,before
340274,20260304,1.1034,0.86,99,before
340275,20260304,1.0762,0.859,98,before
340276,20260304,1.1395,1.363,100,before
340277,20260304,1.1372,0.982,97,before
340278,20260304,1.1412,1.125,100,before
340418,20260305,1.2782,1.784,98,before
340419,20260305,1.3144,2.46,98,before
340420,20260305,1.2696,,98,before
340421,20260305,1.2898,2.154,98,before
340781,20260307,1.3532,1.369,93,before
340782,20260307,1.4123,1.782,99,before
340783,20260307,1.4086,1.693,94,before
340784,20260307,1.2538,2.099,98,before
340785,20260307,1.1714,2.049,96,before
340786,20260307,1.0909,1.346,98,before
340787,20260307,1.0554,1.366,96,before
340788,20260307,1.0949,1.398,97,before
340789,20260307,1.067,1.469,97,before
340790,20260307,1.0226,1.432,98,before
340791,20260307,1.0374,1.683,98,before
340792,20260307,1.0235,2.592,100,before
340793,20260307,1.178,1.627,97,before
340797,20260307,1.1194,1.746,99,before
340798,20260307,1.1981,1.336,100,before
340799,20260307,1.2012,,99,before
340800,20260307,1.0905,1.956,97,before
340801,20260307,1.1287,1.988,100,before
340802,20260307,1.1485,1.943,96,before
340803,20260307,1.0038,1.288,99,before
340804,20260307,1.1218,1.06,98,before
340805,20260307,1.1517,1.154,97,before
340806,20260307,1.1229,1.262,98,before
340807,20260307,1.0968,1.094,98,before
340808,20260307,1.1447,1.199,97,before
340809,20260307,1.1137,1.135,95,before
340810,20260307,1.0882,1.292,98,before
340811,20260307,1.1313,1.159,99,before
340812,20260307,1.0992,1.127,97,before
340813,20260307,1.0725,1.193,97,before
340814,20260307,1.0888,1.02,101,before
340815,20260307,1.2177,1.086,96,before
340816,20260307,1.2719,1.13,99,before
340817,20260307,1.127,0.961,92,before
340953,20260308,1.1679,1.702,94,after
340954,20260308,1.5531,1.876,99,after
340955,20260308,1.4962,,96,after
340956,20260308,1.462,,95,after
340957,20260308,1.3804,2.075,98,after
341341,20260311,1.2716,1.104,94,after
341342,20260311,1.3241,1.167,99,after
341343,20260311,1.1504,1.147,96,after
341344,20260311,1.1083,,97,after
341350,20260311,1.2847,0.984,101,after
341351,20260311,1.2418,1.085,103,after
341353,20260311,1.4161,0.958,96,after
341354,20260311,1.4229,0.864,93,after
341355,20260311,1.4563,0.94,98,after
341356,20260311,1.2512,0.975,99,after
341357,20260311,1.2676,0.971,99,after
341358,20260311,1.2907,1.024,100,after
341359,20260311,1.2781,0.885,96,after
341360,20260311,1.2916,0.998,99,after
341361,20260311,1.3939,0.95,96,after
341362,20260311,1.2652,1.237,92,after
341363,20260311,1.3232,1.109,94,after
341364,20260311,1.3019,,92,after
341365,20260311,1.4745,1.38,95,after
341366,20260311,1.4494,,94,after
341367,20260311,1.3483,1.526,96,after
341368,20260311,1.1908,1.459,97,after
341369,20260311,1.1218,1.44,97,after
341370,20260311,1.0869,1.303,105,after
341371,20260311,1.052,1.279,100,after
341372,20260311,1.0298,1.077,99,after
341373,20260311,1.0873,1.427,99,after
341510,20260312,1.2975,1.647,100,after
341511,20260312,1.1839,1.197,100,after
341517,20260312,1.0636,1.021,100,after
341518,20260312,1.0984,1.028,97,after
341519,20260312,1.5567,1.13,97,after
341520,20260312,1.527,,96,after
341521,20260312,1.4028,1.203,98,after
341522,20260312,1.3316,1.084,96,after
341523,20260312,1.2787,1.14,97,after
341524,20260312,1.2353,0.91,96,after
341525,20260312,1.2677,0.968,99,after
341526,20260312,1.3024,0.928,97,after
341527,20260312,1.3576,0.915,97,after
341528,20260312,1.2832,0.909,98,after
341529,20260312,1.3328,0.905,95,after
341530,20260312,1.4058,0.866,96,after
341531,20260312,1.2391,0.874,100,after
341532,20260312,1.2644,0.878,98,after
341533,20260312,1.4557,0.858,100,after
341534,20260312,1.3499,0.855,96,after
341535,20260312,1.1609,1.014,107,after
341536,20260312,1.1462,0.939,112,after
341537,20260312,1.0878,0.934,99,after
341538,20260312,1.0703,0.969,99,after
341674,20260313,1.3168,1.229,99,after
341675,20260313,1.1488,0.96,96,after
341680,20260313,1.0405,0.986,99,after
341681,20260313,1.0811,1.094,100,after
341682,20260313,1.0755,,100,after
341683,20260313,1.0782,,100,after
341684,20260313,1.1715,1.334,93,after
341685,20260313,1.188,1.145,96,after
341686,20260313,1.1973,1.172,95,after
341687,20260313,1.2199,1.068,100,after
341688,20260313,1.1531,0.982,100,after
341689,20260313,1.1281,0.905,96,after
341695,20260313,1.0119,0.778,97,after
341696,20260313,1.1058,0.769,95,after
341698,20260313,1.0654,0.866,100,after
341699,20260313,1.1167,0.859,99,after
341700,20260313,1.3267,0.858,95,after
341701,20260313,1.3025,,95,after
341702,20260313,1.284,0.868,99,after
341703,20260313,1.3294,0.899,97,after
341705,20260313,1.1843,0.946,96,after
341706,20260313,1.0839,0.817,98,after
341707,20260313,1.1603,0.804,112,after
341708,20260313,1.1748,0.81,114,after
341709,20260313,1.0967,0.795,100,after
341847,20260314,1.2902,1.163,98,after
341848,20260314,1.1939,1.185,95,after
341849,20260314,1.047,1.203,96,after
341855,20260314,1.2277,1.558,99,after
341856,20260314,1.2343,1.479,97,after
341857,20260314,1.5023,1.395,96,after
341858,20260314,1.4702,,87,after
341859,20260314,1.3693,1.061,97,after
341860,20260314,1.3172,1.1,98,after
341861,20260314,1.2687,1.195,95,after
341862,20260314,1.2132,1.084,99,after
341863,20260314,1.3555,1.977,96,after
341864,20260314,1.3285,,95,after
341865,20260314,1.4638,1.243,96,after
341866,20260314,1.441,,97,after
341867,20260314,1.3757,1.294,99,after
341868,20260314,1.4135,1.225,94,after
341869,20260314,1.3347,1.001,96,after
341870,20260314,1.0001,1.665,98,after
341872,20260314,1.0381,1.697,99,after
341873,20260314,1.031,,99,after
341874,20260314,1.091,1.658,114,after
341875,20260314,1.1142,1.453,97,after
342012,20260315,1.2612,1.008,97,after
342013,20260315,1.1544,1.049,96,after
342017,20260315,1.0334,0.921,95,after
342018,20260315,1.0589,0.975,96,after
342019,20260315,1.0532,,95,after
342020,20260315,1.5662,0.916,96,after
342021,20260315,1.5205,,97,after
342022,20260315,1.4238,0.798,97,after
342023,20260315,1.3795,,97,after
342024,20260315,1.3243,0.789,97,after
342025,20260315,1.2873,,98,after
342026,20260315,1.3156,0.731,99,after
342027,20260315,1.273,0.774,99,after
342028,20260315,1.3223,0.781,98,after
342029,20260315,1.3739,0.726,93,after
342030,20260315,1.3755,0.75,96,after
342031,20260315,1.4294,0.77,97,after
342032,20260315,1.341,0.754,100,after
342033,20260315,1.3943,0.744,94,after
342034,20260315,1.1401,0.842,101,after
342035,20260315,1.1683,0.883,102,after
342036,20260315,1.1849,0.868,102,after
342037,20260315,1.1778,0.923,114,after
342038,20260315,1.1628,0.996,123,after
342039,20260315,1.0774,0.972,99,after
342178,20260316,1.2329,1.036,97,after
342179,20260316,1.1572,0.977,94,after
342180,20260316,1.0937,0.896,97,after
342181,20260316,1.0796,0.903,97,after
342182,20260316,1.028,0.979,98,after
342183,20260316,1.0106,0.979,98,after
342184,20260316,1.0076,1.028,94,after
342185,20260316,1.0141,1.024,97,after
342186,20260316,1.0728,0.893,100,after
342187,20260316,1.1061,0.927,97,after
342188,20260316,1.1403,0.939,96,after
342189,20260316,1.4806,1.02,98,after
342190,20260316,1.5328,1.012,95,after
342191,20260316,1.3429,0.887,96,after
342192,20260316,1.2944,1.144,95,after
342193,20260316,1.3346,0.919,96,after
342194,20260316,1.2727,0.909,99,after
342195,20260316,1.3541,0.901,97,after
342196,20260316,1.4439,1.155,97,after
342197,20260316,1.0002,1.319,97,after
342198,20260316,1.0506,1.583,99,after
342199,20260316,1.1195,2.103,97,after
342200,20260316,1.0918,1.379,99,after
342201,20260316,1.4274,1.731,96,after
342203,20260316,1.1895,1.413,98,after
342204,20260316,1.2492,1.753,99,after
342205,20260316,1.2404,,97,after
342206,20260316,1.2947,1.046,97,after
342207,20260316,1.3221,1.438,100,after
342345,20260317,1.231,1.3,97,after
342346,20260317,1.089,1.302,96,after
342347,20260317,1.0628,,94,after
342348,20260317,1.0754,1.23,96,after
342349,20260317,1.013,1.104,97,after
342350,20260317,1.0354,1.082,100,after
342351,20260317,1.0446,1.071,98,after
342352,20260317,1.5793,1.1,98,after
342353,20260317,1.5182,1.028,97,after
342354,20260317,1.4898,1.219,98,after
342355,20260317,1.4323,1.13,95,after
342356,20260317,1.4752,0.87,100,after
342357,20260317,1.5346,0.904,96,after
342358,20260317,1.3282,0.945,96,after
342359,20260317,1.3721,0.875,100,after
342360,20260317,1.4717,0.943,100,after
342361,20260317,1.5427,1.029,95,after
342362,20260317,1.4921,1.109,98,after
342363,20260317,1.1716,1.104,99,after
342364,20260317,1.1734,,99,after
342365,20260317,1.1887,0.968,99,after
342366,20260317,1.1877,,100,after
342367,20260317,1.1943,1.131,101,after
342368,20260317,1.197,1.007,105,after
342369,20260317,1.1973,1.212,102,after
342370,20260317,1.1951,,102,after
342371,20260317,1.2053,,101,after
342372,20260317,1.2226,,101,after
342373,20260317,1.1596,1.047,121,after
342374,20260317,1.1068,0.955,96,after
342375,20260317,1.1489,1.039,95,after
342511,20260318,1.1594,1.062,98,after
342512,20260318,1.1448,1.286,100,after
342525,20260318,1.172,1.131,102,after
342526,20260318,1.171,,102,after
342527,20260318,1.1977,1.496,101,after
342528,20260318,1.1916,,101,after
342529,20260318,1.1877,1.237,100,after
342530,20260318,1.1787,,101,after
342531,20260318,1.1743,1.222,99,after
342532,20260318,1.1657,,100,after
342533,20260318,1.1647,1.133,99,after
342534,20260318,1.156,,98,after
342535,20260318,1.1937,1.261,105,after
342536,20260318,1.1792,,105,after
342537,20260318,1.1825,1.157,106,after
342538,20260318,1.1756,,106,after
342681,20260319,1.2237,1.2,98,after
342682,20260319,1.1459,1.04,99,after
342683,20260319,1.1104,,99,after
342684,20260319,1.0595,0.989,98,after
342685,20260319,1.0392,,98,after
342686,20260319,1.0094,1.171,98,after
342687,20260319,1.0688,1.051,97,after
342688,20260319,1.0685,1.036,97,after
342689,20260319,1.5341,1.19,97,after
342690,20260319,1.5176,1.006,98,after
342691,20260319,1.5004,1.101,95,after
342692,20260319,1.5538,1.006,97,after
342693,20260319,1.3568,0.94,98,after
342694,20260319,1.1838,1.178,101,after
342695,20260319,1.38,1.064,93,after
342696,20260319,1.4095,0.879,95,after
342697,20260319,1.4991,0.922,96,after
342698,20260319,1.3868,0.944,97,after
342699,20260319,1.3056,0.97,99,after
342700,20260319,1.1346,1.035,100,after
342701,20260319,1.1691,1.027,102,after
342702,20260319,1.1334,0.9,101,after
342703,20260319,1.1605,0.946,107,after
342704,20260319,1.1545,1.144,124,after
342705,20260319,1.1517,,123,after
342706,20260319,1.1422,1.222,99,after
342842,20260320,1.3163,1.163,99,after
342843,20260320,1.1455,0.948,96,after
342844,20260320,1.0499,0.818,97,after
342845,20260320,1.0224,0.916,99,after
342846,20260320,1.0215,0.923,99,after
342850,20260320,1.522,0.892,93,after
342851,20260320,1.4346,0.933,98,after
342852,20260320,1.5248,0.862,96,after
342853,20260320,1.4289,0.904,98,after
342854,20260320,1.5089,0.833,98,after
342855,20260320,1.5451,0.858,100,after
342856,20260320,1.3958,0.966,99,after
342857,20260320,1.4605,0.881,96,after
342858,20260320,1.5179,0.877,97,after
342859,20260320,1.4332,0.824,97,after
342860,20260320,1.1525,0.892,103,after
342861,20260320,1.1922,0.955,100,after
342862,20260320,1.1817,0.955,101,after
342863,20260320,1.172,0.881,102,after
342864,20260320,1.176,0.887,103,after
342865,20260320,1.1616,0.976,107,after
342866,20260320,1.1393,0.94,101,after
342867,20260320,1.1353,0.959,120,after
342868,20260320,1.1276,0.854,120,after
342869,20260320,1.1392,1.058,100,after
342870,20260320,1.1104,1.046,96,after
343013,20260321,1.1644,1.212,100,after
343014,20260321,1.1517,1.146,99,after
343015,20260321,1.1136,,99,after
343016,20260321,1.0617,0.936,98,after
343017,20260321,1.0163,0.907,97,after
343018,20260321,1.0128,0.827,99,after
343019,20260321,1.0053,0.865,99,after
343023,20260321,1.5271,0.924,96,after
343024,20260321,1.4274,0.947,94,after
343025,20260321,1.3981,0.989,95,after
343026,20260321,1.443,0.982,96,after
343027,20260321,1.5084,1.097,99,after
343028,20260321,1.4927,0.919,97,after
343029,20260321,1.5677,0.901,95,after
343030,20260321,1.4503,0.84,95,after
343031,20260321,1.1823,0.945,100,after
343032,20260321,1.1541,0.868,98,after
343033,20260321,1.1736,0.936,98,after
343034,20260321,1.1672,0.898,102,after
343035,20260321,1.1664,0.878,111,after
343036,20260321,1.1576,0.871,155,after
343037,20260321,1.1389,0.944,104,after
343038,20260321,1.1422,0.962,121,after
343039,20260321,1.1559,0.967,110,after
343040,20260321,1.1586,,111,after
343041,20260321,1.1428,1.032,120,after
343042,20260321,1.1238,1.147,98,after
343178,20260322,1.194,1.103,97,after
343179,20260322,1.2454,1.012,96,after
343180,20260322,1.1904,0.992,98,after
343182,20260322,1.0925,0.905,97,after
343183,20260322,1.0634,0.891,96,after
343184,20260322,1.0401,0.976,98,after
343185,20260322,1.0685,1.051,98,after
343186,20260322,1.0896,1.058,97,after
343187,20260322,1.1007,0.895,99,after
343188,20260322,1.1353,0.961,98,after
343189,20260322,1.1871,1.082,95,after
343190,20260322,1.1843,,94,after
343191,20260322,1.3789,0.9,95,after
343192,20260322,1.4415,0.963,97,after
343193,20260322,1.4213,,98,after
343194,20260322,1.3422,1.018,100,after
343195,20260322,1.3192,,99,after
343196,20260322,1.4045,0.944,93,after
343197,20260322,1.1503,1.296,98,after
343198,20260322,1.1512,,98,after
343199,20260322,1.1635,,97,after
343200,20260322,1.2878,1.238,96,after
343201,20260322,1.3644,0.939,97,after
343203,20260322,1.1881,1.214,98,after
343204,20260322,1.1685,1.062,113,after
343205,20260322,1.1608,,113,after
343206,20260322,1.1517,0.832,120,after
343207,20260322,1.1433,,121,after
343208,20260322,1.1347,0.891,96,after
343396,20260323,1.2078,1.273,98,after
343397,20260323,1.1097,1.312,95,after
343398,20260323,1.14,1.297,97,after
343401,20260323,1.055,1.839,97,after
343402,20260323,1.0729,1.372,99,after
343403,20260323,1.0515,1.18,99,after
343404,20260323,1.0311,1.147,99,after
343405,20260323,1.112,1.106,99,after
343406,20260323,1.146,1.062,98,after
343407,20260323,1.1423,,98,after
343408,20260323,1.1616,1.247,98,after
343409,20260323,1.1575,,94,after
343411,20260323,1.0503,1.032,98,after
343412,20260323,1.1236,0.992,98,after
343413,20260323,1.0736,1.096,96,after
343414,20260323,1.3312,1.005,96,after
343415,20260323,1.4287,0.98,101,after
343416,20260323,1.3588,0.959,97,after
343417,20260323,1.4227,1.057,98,after
343418,20260323,1.4083,,92,after
343419,20260323,1.3993,1.032,96,after
343420,20260323,1.1496,0.918,105,after
343421,20260323,1.2082,0.926,94,after
343422,20260323,1.1329,0.968,103,after
343423,20260323,1.1077,0.913,105,after
343424,20260323,1.1218,0.979,107,after
343425,20260323,1.1295,1.045,123,after
343426,20260323,1.1248,0.911,121,after
343562,20260324,1.2101,1.036,99,after
343563,20260324,1.1599,1.029,96,after
343564,20260324,1.0839,0.944,98,after
343565,20260324,1.056,,98,after
343579,20260324,1.2924,1.198,95,after
343580,20260324,1.2728,,93,after
343581,20260324,1.2221,0.908,97,after
343582,20260324,1.2209,,94,after
343583,20260324,1.5006,0.968,97,after
343584,20260324,1.4674,,96,after
343585,20260324,1.3963,0.927,97,after
343586,20260324,1.3725,,96,after
343587,20260324,1.4703,0.933,97,after
343588,20260324,1.5128,0.945,97,after
343589,20260324,1.4854,,96,after
343590,20260324,1.1597,0.996,98,after
343591,20260324,1.198,0.925,101,after
343592,20260324,1.2081,1.002,100,after
343593,20260324,1.2193,0.951,107,after
343594,20260324,1.2178,,107,after
343595,20260324,1.1211,1.021,107,after
343596,20260324,1.1282,0.968,113,after
343597,20260324,1.1372,0.846,122,after
343598,20260324,1.1083,0.776,124,after
343599,20260324,1.116,0.846,108,after
344019,20260327,1.4277,1.087,98,after
344020,20260327,1.3655,,96,after
344021,20260327,1.3901,1.166,94,after
344022,20260327,1.3417,,94,after
344037,20260327,1.0739,0.995,97,after
344038,20260327,1.0002,1.034,98,after
344039,20260327,1.1173,1.233,105,after
344040,20260327,1.095,0.958,98,after
344041,20260327,1.1159,0.925,96,after
344042,20260327,1.0897,0.885,100,after
344043,20260327,1.3334,0.99,98,after
344045,20260327,1.3408,1.046,99,after
344046,20260327,1.353,,96,after
344052,20260327,1.1028,0.919,93,after
344200,20260328,1.2768,0.915,96,after
344201,20260328,1.2867,0.909,98,after
344202,20260328,1.2548,,97,after
344203,20260328,1.1542,0.945,98,after
344204,20260328,1.2521,0.892,97,after
344707,20260401,1.1405,1.086,98,after
344708,20260401,1.1369,,98,after
344709,20260401,1.0684,1.08,97,after
344710,20260401,1.0732,,95,after
344884,20260402,1.105,1.19,97,after
344885,20260402,1.0482,1.238,98,after
344886,20260402,1.0538,,98,after
344894,20260402,1.1543,,98,after
344907,20260402,1.0938,1.039,97,after
344908,20260402,1.1149,1.132,95,after
344909,20260402,1.0857,0.943,100,after
344910,20260402,1.1025,0.913,97,after
344911,20260402,1.1061,0.995,97,after
344912,20260402,1.1178,0.992,99,after
344913,20260402,1.0743,0.956,101,after
344914,20260402,1.1161,0.896,96,after
344915,20260402,1.2673,1.27,95,after
344916,20260402,1.9113,1.513,188,after
345188,20260403,1.1036,0.952,99,after
345327,20260404,1.1275,1.226,97,after
345328,20260404,1.0757,1.226,98,after
345329,20260404,1.0663,1.288,99,after
345330,20260404,1.0436,1.543,99,after
345331,20260404,1.0449,,97,after
345332,20260404,1.1916,1.51,97,after
345333,20260404,1.2098,1.159,97,after
345334,20260404,1.2232,1.263,99,after
345336,20260404,1.4705,1.244,92,after
345337,20260404,1.4182,,88,after
345338,20260404,1.3772,,91,after
345339,20260404,1.1374,1.069,97,after
345340,20260404,1.0222,1.042,97,after
345341,20260404,1.1629,0.962,96,after
345342,20260404,1.1408,0.979,96,after
345344,20260404,1.1016,0.802,97,after
345345,20260404,1.1309,0.793,98,after
345346,20260404,1.3505,0.849,97,after
345347,20260404,1.3394,,97,after
345349,20260404,1.04,,95,after
345350,20260404,1.0533,,95,after
345351,20260404,1.073,0.795,97,after
345352,20260404,1.1198,0.832,98,after
345353,20260404,1.1028,0.926,118,after
345354,20260404,1.0942,,115,after
345493,20260405,1.0216,1.332,99,after
345494,20260405,1.078,1.151,98,after
345495,20260405,1.0563,1.13,94,after
345496,20260405,1.0392,1.083,99,after
345497,20260405,1.0292,1.039,94,after
345500,20260405,1.2171,1.275,97,after
345501,20260405,1.2084,,96,after
345639,20260406,1.1995,1.526,97,after
345640,20260406,1.2192,1.619,98,after
345641,20260406,1.2309,1.39,97,after
345642,20260406,1.2938,1.294,100,after
345643,20260406,1.1377,1.157,98,after
345644,20260406,1.4958,1.158,97,after
345646,20260406,1.1589,1.127,101,after
345647,20260406,1.1597,,100,after
345648,20260406,1.0001,0.959,97,after
345649,20260406,1.0471,0.886,99,after
345651,20260406,1.0732,0.949,95,after
345652,20260406,1.0966,0.995,96,after
345653,20260406,1.1266,0.917,98,after
345654,20260406,1.0663,0.943,99,after
345655,20260406,1.0646,,99,after
345656,20260406,1.13,0.98,97,after
345657,20260406,1.2298,0.863,95,after
345659,20260406,1.9243,1.192,260,after
345797,20260407,1.1065,0.863,95,after
345803,20260407,1.2175,0.902,98,after
345804,20260407,1.1906,0.865,97,after
345805,20260407,1.5245,0.85,94,after
345806,20260407,1.1663,0.849,96,after
345807,20260407,1.1678,0.951,101,after
345808,20260407,1.1921,0.95,98,after
345809,20260407,1.1634,0.926,98,after
345810,20260407,1.1747,0.977,100,after
345811,20260407,1.1868,1.289,102,after
345812,20260407,1.1846,,103,after
345813,20260407,1.1599,0.928,101,after
345814,20260407,1.1588,,102,after
345815,20260407,1.1325,1.108,100,after
345816,20260407,1.1274,,100,after
345817,20260407,1.0819,0.867,103,after
345818,20260407,1.079,,103,after
345819,20260407,1.0419,0.92,110,after
345820,20260407,1.1501,1.09,96,after
345821,20260407,1.1104,0.89,97,after
345822,20260407,1.1431,0.807,99,after
345823,20260407,1.1045,0.84,92,after
345824,20260407,1.0025,1.044,105,after
345826,20260407,1.6738,1.059,206,after
345966,20260408,1.0704,0.916,98,after
345968,20260408,1.0464,1.518,99,after
345969,20260408,1.0281,1.119,99,after
345970,20260408,1.0748,0.998,99,after
345971,20260408,1.1151,1.023,100,after
345972,20260408,1.1482,1.152,98,after
345973,20260408,1.4792,1.217,95,after
345974,20260408,1.1377,1.008,98,after
345975,20260408,1.1836,1.073,97,after
345976,20260408,1.1602,1.398,100,after
345977,20260408,1.1621,,97,after
345978,20260408,1.1988,1.222,101,after
345979,20260408,1.192,,101,after
345980,20260408,1.2088,1.148,99,after
345981,20260408,1.2065,,99,after
345982,20260408,1.2135,1.08,101,after
345983,20260408,1.2142,,98,after
345984,20260408,1.2295,,99,after
345985,20260408,1.1254,1.077,96,after
345986,20260408,1.109,1.336,96,after
345987,20260408,1.0998,1.113,98,after
345988,20260408,1.1382,1.115,99,after
345989,20260408,1.1067,1.215,98,after
345990,20260408,1.127,0.959,98,after
345992,20260408,1.729,1.215,237,after
346132,20260409,1.0682,1.335,97,after
346133,20260409,1.0443,1.294,97,after
346134,20260409,1.0421,,97,after
346135,20260409,1.0209,1.621,99,after
346136,20260409,1.0304,1.797,99,after
346157,20260409,1.0016,0.805,104,after
346158,20260409,1.1054,0.793,100,after
346294,20260410,1.0635,0.906,96,after
346304,20260410,1.1686,1.231,100,after
346305,20260410,1.1652,,100,after
346306,20260410,1.1474,1.071,101,after
346309,20260410,1.1746,1.379,98,after
346310,20260410,1.1646,,98,after
346455,20260411,1.2285,1.524,97,after
346456,20260411,1.2015,1.382,96,after
346457,20260411,1.2269,1.402,102,after
346458,20260411,1.2213,,98,after
346460,20260411,1.0027,1.306,97,after
346462,20260411,1.0471,1.21,101,after
346463,20260411,1.0685,1.261,101,after
346464,20260411,1.028,1.356,98,after
346465,20260411,1.1049,2.258,98,after
346466,20260411,1.0176,1.433,101,after
346467,20260411,1.148,1.258,97,after
346468,20260411,1.1588,1.354,94,after
346469,20260411,1.1344,1.275,97,after
346470,20260411,1.166,1.075,96,after
346471,20260411,1.0012,1.294,98,after
346473,20260411,1.099,1.308,98,after
346474,20260411,1.0032,1.485,98,after
346475,20260411,1.0001,,100,after
346476,20260411,1.0819,1.316,96,after
346477,20260411,1.0648,1.399,98,after
346478,20260411,1.0618,,99,after
346479,20260411,1.0936,1.609,99,after
346480,20260411,1.1341,1.642,99,after
346481,20260411,1.1362,1.662,96,after
346483,20260411,1.2782,1.236,96,after
346484,20260411,1.2407,1.396,98,after
346485,20260411,1.2069,1.136,98,after
347022,20260414,1.0391,1.285,97,after
347024,20260414,1.199,1.985,98,after
347025,20260414,1.1461,1.783,97,after
347026,20260414,1.1631,1.544,96,after
347027,20260414,1.2309,2.131,96,after
347028,20260414,1.3086,1.71,99,after
347029,20260414,1.1256,1.716,96,after
347030,20260414,1.0499,1.397,97,after
347031,20260414,1.4334,1.596,97,after
347032,20260414,1.4109,,97,after
347033,20260414,1.3958,,99,after
347034,20260414,1.1435,1.402,99,after
347035,20260414,1.0001,1.521,95,after
347036,20260414,1.0002,1.315,97,after
347037,20260414,1.0549,1.431,96,after
347038,20260414,1.294,1.264,99,after
347039,20260414,1.2419,1.06,99,after
347040,20260414,1.2319,,100,after
347041,20260414,1.1305,1.076,105,after
347042,20260414,1.1326,0.946,112,after
347043,20260414,1.0444,1.066,109,after
347044,20260414,1.1066,1.14,118,after
347045,20260414,1.1102,1.471,128,after
347046,20260414,1.1092,,128,after
347047,20260414,1.0028,0.882,102,after
347048,20260414,1.004,0.947,107,after
347049,20260414,1.0045,0.844,108,after
347050,20260414,1.1269,0.811,100,after
347197,20260415,1.0628,1.334,98,after
347198,20260415,1.0342,1.355,99,after
347199,20260415,1.0215,1.498,99,after
347200,20260415,1.0387,1.192,97,after
347201,20260415,1.1917,1.792,95,after
347202,20260415,1.214,1.489,97,after
347205,20260415,1.164,1.303,99,after
347206,20260415,1.1657,,98,after
347207,20260415,1.1587,1.145,98,after
347208,20260415,1.2008,1.276,100,after
347209,20260415,1.1541,1.047,101,after
347210,20260415,1.1771,1.207,108,after
347211,20260415,1.2008,1.051,99,after
347212,20260415,1.2045,1.23,98,after
347213,20260415,1.2471,0.903,101,after
347214,20260415,1.1237,0.915,104,after
347215,20260415,1.1106,0.827,112,after
347216,20260415,1.0883,0.833,104,after
347217,20260415,1.0957,0.806,110,after
347218,20260415,1.1091,0.867,114,after
347219,20260415,1.0967,0.847,117,after
347220,20260415,1.0834,0.886,121,after
347221,20260415,1.0449,0.83,116,after
347359,20260416,1.0529,1.242,96,after
347360,20260416,1.0319,1.221,97,after
347361,20260416,1.0187,1.299,96,after
347365,20260416,1.2538,2.383,98,after
347366,20260416,1.1061,1.593,98,after
347367,20260416,1.0877,1.292,94,after
347368,20260416,1.1567,1.128,96,after
347369,20260416,1.201,1.684,104,after
347370,20260416,1.1955,,103,after
347371,20260416,1.0188,1.052,98,after
347372,20260416,1.0033,1.724,97,after
347374,20260416,1.0019,1.489,97,after
347375,20260416,1.0021,,92,after
347377,20260416,1.0732,1.154,97,after
347378,20260416,1.0466,1.879,98,after
347382,20260416,1.0038,0.991,108,after
347383,20260416,1.1108,1.151,99,after
347520,20260417,1.2532,1.088,89,after
347521,20260417,1.0239,1.452,99,after
347522,20260417,1.1821,1.939,97,after
347523,20260417,1.1754,1.568,100,after
347524,20260417,1.232,1.75,97,after
347525,20260417,1.2681,1.684,97,after
347526,20260417,1.3352,1.777,86,after
347527,20260417,1.1055,1.619,98,after
347528,20260417,1.0455,1.215,99,after
347529,20260417,1.0737,1.224,98,after
347530,20260417,1.0248,1.879,98,after
347531,20260417,1.0177,1.239,98,after
347532,20260417,1.0111,1.369,97,after
347533,20260417,1.0647,1.856,98,after
347534,20260417,1.1475,1.436,100,after
347535,20260417,1.137,1.483,100,after
347536,20260417,1.1301,,100,after
347537,20260417,1.1358,,100,after
347538,20260417,1.2623,1.356,97,after
347539,20260417,1.2343,1.392,98,after
347540,20260417,1.1664,1.977,117,after
347541,20260417,1.1407,1.683,99,after
347542,20260417,1.1228,1.329,97,after
347543,20260417,1.1172,1.204,115,after
347544,20260417,1.109,,115,after
347546,20260417,1.1259,1.47,100,after
347547,20260417,1.1008,1.231,96,after
347548,20260417,1.8919,1.596,247,after
347549,20260417,1.0118,1.074,107,after
347698,20260418,1.0248,1.482,98,after
347699,20260418,1.008,1.821,99,after
347700,20260418,1.0189,1.81,99,after
347701,20260418,1.0418,1.225,97,after
347702,20260418,1.075,1.228,97,after
347707,20260418,1.047,1.351,95,after
347708,20260418,1.1006,1.157,97,after
347709,20260418,1.021,1.367,97,after
347710,20260418,1.0179,,96,after
347711,20260418,1.0053,1.255,96,after
347712,20260418,1.0019,,91,after
347713,20260418,1.0003,1.072,104,after
347714,20260418,1.0547,1.072,96,after
347715,20260418,1.1947,1.33,97,after
347716,20260418,1.1755,,96,after
347717,20260418,1.2758,1.326,99,after
347722,20260418,1.0993,1.258,95,after
347723,20260418,1.0983,1.166,107,after
347725,20260418,1.1261,0.98,96,after
347732,20260418,1.7267,1.645,224,after
347733,20260418,1.5891,,225,after
347869,20260419,1.1916,1.534,97,after
347870,20260419,1.2503,1.577,101,after
347879,20260419,1.2046,0.869,102,after
347881,20260419,1.2154,1.094,100,after
347882,20260419,1.2317,0.863,99,after
347883,20260419,1.2313,0.864,99,after
347884,20260419,1.2155,1.099,101,after
347885,20260419,1.2624,0.944,103,after
347886,20260419,1.2648,0.909,103,after
347887,20260419,1.2709,,102,after
347888,20260419,1.1033,1.117,106,after
347889,20260419,1.0919,0.985,109,after
347890,20260419,1.0911,0.895,112,after
347891,20260419,1.0821,1.071,115,after
347892,20260419,1.0828,0.914,115,after
347893,20260419,1.0819,,115,after
347894,20260419,1.0281,0.875,118,after
347895,20260419,1.02,0.972,119,after
347896,20260419,1.1343,1.027,99,after
348055,20260420,1.0736,1.16,100,after
348056,20260420,1.0,0.917,96,after
348057,20260420,1.1204,1.07,98,after
348058,20260420,1.0949,0.935,99,after
348062,20260420,1.1644,1.141,119,after
348063,20260420,1.2122,1.281,98,after
348065,20260420,1.1094,1.332,98,after
348066,20260420,1.1097,,98,after
348068,20260420,1.1399,1.115,94,after
348069,20260420,1.1169,1.409,96,after
348234,20260421,1.1162,1.996,100,after
348235,20260421,1.0486,1.284,118,after
348236,20260421,1.0771,1.19,111,after
348237,20260421,1.0481,0.906,125,after
348238,20260421,1.0386,1.465,114,after
348239,20260421,1.1182,1.011,98,after
348379,20260422,1.1713,1.148,95,after
348380,20260422,1.1511,,96,after
348386,20260422,1.1664,1.052,102,after
348387,20260422,1.1734,0.905,103,after
348388,20260422,1.1503,0.989,98,after
348389,20260422,1.2366,1.338,100,after
348390,20260422,1.2433,,99,after
348391,20260422,1.2241,0.953,99,after
348392,20260422,1.2362,,99,after
348393,20260422,1.1052,1.24,102,after
348394,20260422,1.1153,,101,after
348395,20260422,1.0969,1.432,107,after
348396,20260422,1.0939,,106,after
348397,20260422,1.0343,1.163,114,after
348398,20260422,1.0394,1.438,115,after
348399,20260422,1.0485,,113,after
348400,20260422,1.0679,,114,after
348561,20260423,1.1449,0.954,96,after
348562,20260423,1.1804,0.879,97,after
348563,20260423,1.1717,,96,after
348564,20260423,1.2449,0.956,94,after
348565,20260423,1.2365,,94,after
348566,20260423,1.1452,0.914,98,after
348567,20260423,1.2451,0.873,96,after
348568,20260423,1.2369,,96,after
348569,20260423,1.1478,0.887,100,after
348570,20260423,1.1248,0.891,100,after
348571,20260423,1.1239,0.908,99,after
348572,20260423,1.1005,0.91,102,after
348573,20260423,1.0911,0.967,109,after
348574,20260423,1.0778,0.832,107,after
348575,20260423,1.0825,0.844,112,after
348576,20260423,1.07,0.859,115,after
348577,20260423,1.0541,0.874,111,after
348578,20260423,1.0337,0.808,121,after
348579,20260423,1.02,0.76,113,after
348580,20260423,1.0074,0.721,102,after
348581,20260423,1.1408,0.715,99,after
348695,20260424,1.0859,0.864,96,after
348696,20260424,1.0918,0.877,98,after
348725,20260424,1.1612,0.973,111,after
348726,20260424,1.2311,0.903,97,after
348727,20260424,1.0693,0.824,119,after
348728,20260424,1.0686,,119,after
348729,20260424,1.0228,0.788,110,after
348730,20260424,1.02,,107,after
348731,20260424,1.0096,0.734,111,after
348732,20260424,1.005,0.727,101,after
348733,20260424,1.1242,0.817,97,after
348973,20260426,1.1558,1.024,88,after
348974,20260426,1.1893,1.04,95,after
348975,20260426,1.1474,1.127,95,after
348976,20260426,1.1181,1.105,99,after
348977,20260426,1.0972,1.05,99,after
348978,20260426,1.0967,1.032,98,after
348979,20260426,1.0931,1.036,97,after
348980,20260426,1.1046,1.194,97,after
348981,20260426,1.1607,1.121,98,after
348982,20260426,1.1916,1.39,103,after
348983,20260426,1.0095,0.984,96,after
348984,20260426,1.1597,1.132,97,after
348985,20260426,1.0657,0.959,95,after
348991,20260426,1.3493,1.138,99,after
348992,20260426,1.3095,1.011,98,after
348994,20260426,1.2448,0.917,97,after
348995,20260426,1.2258,1.028,100,after
348996,20260426,1.1634,0.866,96,after
348997,20260426,1.01,1.24,111,after
348998,20260426,1.004,0.816,112,after
348999,20260426,1.0156,0.785,102,after
349000,20260426,1.1277,1.332,87,after
349116,20260427,1.1278,1.749,87,after
349117,20260427,1.1687,,86,after
349118,20260427,1.1037,1.124,89,after
349126,20260427,1.1055,0.982,88,after
349127,20260427,1.0976,0.954,88,after
349128,20260427,1.14,0.941,89,after
349129,20260427,1.179,1.371,89,after
349130,20260427,1.2349,0.804,88,after
349131,20260427,1.0178,0.915,89,after
349135,20260427,1.1869,1.054,88,after
349136,20260427,1.1648,0.917,88,after
349137,20260427,1.183,0.881,87,after
349138,20260427,1.1404,1.224,89,after
349139,20260427,1.1597,0.971,89,after
349140,20260427,1.2437,0.926,88,after
349141,20260427,1.2742,0.853,89,after
349142,20260427,1.2611,0.848,90,after
349143,20260427,1.5054,0.93,78,after
349144,20260427,1.0099,0.774,93,after
349145,20260427,1.0293,0.848,90,after
349146,20260427,1.1559,0.883,87,after
349612,20260430,1.1169,1.19,99,after
349624,20260430,1.134,1.246,96,after
349769,20260501,1.1159,0.832,98,after
349770,20260501,1.1131,0.855,94,after
349771,20260501,1.0911,1.134,98,after
349804,20260501,1.1589,0.958,98,after
349805,20260501,1.1374,0.891,96,after
349806,20260501,1.2013,1.013,99,after
349807,20260501,1.3059,0.917,94,after
349808,20260501,1.3629,1.199,97,after
349809,20260501,1.4075,,97,after
349810,20260501,1.1512,1.156,99,after
350265,20260505,1.1635,1.323,101,after
350266,20260505,1.2144,1.555,110,after
350267,20260505,1.2449,,108,after
350268,20260505,1.2153,1.279,98,after
350269,20260505,1.1872,1.216,100,after
350270,20260505,1.255,1.682,93,after
350271,20260505,1.3248,1.286,98,after
350272,20260505,1.1402,1.269,98,after
350273,20260505,1.3916,1.327,176,after
350384,20260506,1.1505,1.835,98,after
350385,20260506,1.1936,,98,after
350386,20260506,1.2626,2.306,97,after
350387,20260506,1.222,1.724,97,after
350388,20260506,1.3147,1.659,98,after
350389,20260506,1.2317,1.594,98,after
350390,20260506,1.2144,1.508,98,after
350392,20260506,1.2081,1.46,98,after
350393,20260506,1.1279,1.079,98,after
350394,20260506,1.1378,1.167,97,after
350395,20260506,1.1362,,97,after
350396,20260506,1.1095,1.292,102,after
350397,20260506,1.1108,,102,after
350398,20260506,1.1213,,102,after
350399,20260506,1.1581,1.065,91,after
350400,20260506,1.0896,1.247,109,after
350401,20260506,1.1795,1.159,99,after
350402,20260506,1.1615,1.365,96,after
350403,20260506,1.1424,1.426,102,after
350404,20260506,1.2809,1.774,98,after
350405,20260506,1.3744,1.607,98,after
350406,20260506,1.1306,1.287,98,after
350407,20260506,1.4001,1.319,97,after
350614,20260507,1.595,1.963,90,after
350615,20260507,1.4477,1.445,97,after
350616,20260507,1.1711,1.083,97,after
350617,20260507,1.0462,1.348,97,after
350618,20260507,1.0411,,97,after
350619,20260507,1.2123,1.043,98,after
350620,20260507,1.0825,1.184,109,after
350621,20260507,1.0807,,109,after
350622,20260507,1.0585,1.024,105,after
350734,20260508,1.199,1.148,98,after
350735,20260508,1.116,1.186,98,after
350736,20260508,1.0005,1.913,96,after
350737,20260508,1.0113,1.134,98,after
350738,20260508,1.0455,1.296,95,after
350739,20260508,1.0411,,92,after
350740,20260508,1.1465,1.121,98,after
350741,20260508,1.1406,,98,after
350742,20260508,1.2546,1.132,100,after
350743,20260508,1.2458,,101,after
350744,20260508,1.2622,1.123,102,after
350745,20260508,1.2539,,102,after
350746,20260508,1.0983,1.127,107,after
350747,20260508,1.0832,1.221,103,after
350748,20260508,1.0722,1.15,106,after
350749,20260508,1.0699,,107,after
350750,20260508,1.071,1.144,86,after
350751,20260508,1.0593,,85,after
350752,20260508,1.2289,1.09,98,after
350753,20260508,1.028,0.979,100,after
350754,20260508,1.0422,1.09,97,after
350755,20260508,1.1148,1.029,98,after
350756,20260508,1.495,1.047,100,after
350757,20260508,1.532,0.996,85,after
350870,20260509,1.1348,2.102,93,after
350871,20260509,1.1908,1.165,100,after
350872,20260509,1.2354,1.06,96,after
350873,20260509,1.0424,1.002,97,after
350874,20260509,1.1338,1.015,98,after
350875,20260509,1.2263,1.198,99,after
350876,20260509,1.2253,1.207,99,after
350877,20260509,1.246,1.209,104,after
350878,20260509,1.2423,,102,after
350879,20260509,1.2842,1.392,101,after
350880,20260509,1.2858,,100,after
350881,20260509,1.0779,1.643,105,after
350882,20260509,1.0701,,105,after
350883,20260509,1.0663,1.104,103,after
350884,20260509,1.0715,1.187,115,after
350885,20260509,1.0684,,115,after
350886,20260509,1.0002,1.051,102,after
350887,20260509,1.0321,1.182,102,after
350888,20260509,1.0397,,101,after
350889,20260509,1.1519,1.289,102,after
350890,20260509,1.527,1.308,84,after
351003,20260510,1.202,1.224,98,after
351004,20260510,1.135,1.306,100,after
351005,20260510,1.099,1.011,94,after
351006,20260510,1.2425,1.566,103,after
351007,20260510,1.2333,,103,after
351008,20260510,1.2093,1.259,97,after
351009,20260510,1.2216,1.056,100,after
351010,20260510,1.2942,0.978,97,after
351011,20260510,1.2567,1.039,103,after
351012,20260510,1.2759,0.938,102,after
351013,20260510,1.0964,0.913,103,after
351014,20260510,1.0739,0.904,104,after
351015,20260510,1.066,1.23,98,after
351016,20260510,1.0646,,97,after
351017,20260510,1.0594,1.641,109,after
351018,20260510,1.0552,,108,after
351019,20260510,1.0238,1.256,118,after
351020,20260510,1.0251,,118,after
351021,20260510,1.0029,1.166,100,after
351022,20260510,1.0094,,100,after
351023,20260510,1.2433,1.275,99,after
351137,20260511,1.2432,1.4,97,after
351138,20260511,1.1278,1.441,97,after
351139,20260511,1.2252,1.243,97,after
351142,20260511,1.2641,1.43,95,after
351143,20260511,1.2845,1.046,103,after
351144,20260511,1.2759,,103,after
351145,20260511,1.282,1.367,97,after
351146,20260511,1.2903,,98,after
351148,20260511,1.081,1.153,100,after
351149,20260511,1.0697,1.124,101,after
351150,20260511,1.0675,1.108,103,after
351151,20260511,1.0588,1.104,103,after
351152,20260511,1.0056,0.968,101,after
351154,20260511,1.0059,1.094,101,after
351155,20260511,1.0012,,99,after
351156,20260511,1.2963,1.309,98,after
351157,20260511,1.3545,1.205,95,after
351158,20260511,1.2443,1.053,99,after
351159,20260511,1.3017,1.401,96,after
351160,20260511,1.3059,,96,after
351275,20260512,1.283,1.434,96,after
351282,20260512,1.1051,1.591,98,after
351283,20260512,1.0502,1.46,105,after
351284,20260512,1.0545,,104,after
351285,20260512,1.2436,1.518,94,after
351286,20260512,1.2049,1.359,97,after
351413,20260513,1.2562,1.006,94,after
351416,20260513,1.2294,1.019,97,after
351417,20260513,1.2214,1.12,97,after
351418,20260513,1.1312,1.014,98,after
351419,20260513,1.1364,1.086,99,after
351420,20260513,1.1196,1.212,93,after
351421,20260513,1.1213,,93,after
351422,20260513,1.1351,1.021,102,after
351423,20260513,1.1022,1.109,96,after
351424,20260513,1.0866,1.037,101,after
351425,20260513,1.0613,1.168,98,after
351426,20260513,1.0747,1.142,104,after
351427,20260513,1.0485,1.414,101,after
351428,20260513,1.0609,0.968,115,after
351429,20260513,1.0619,1.102,115,after
351430,20260513,1.0403,1.061,117,after
351431,20260513,1.0314,0.865,114,after
351432,20260513,1.3024,1.05,97,after
351433,20260513,1.1983,0.935,99,after
351434,20260513,1.0946,0.894,99,after
351435,20260513,1.0773,1.055,99,after
351436,20260513,1.1857,0.989,98,after
351437,20260513,1.7524,1.04,249,after
351553,20260514,1.0846,1.452,97,after
351554,20260514,1.138,1.402,97,after
351555,20260514,1.077,1.644,100,after
351556,20260514,1.0835,1.225,97,after
351557,20260514,1.0905,1.477,98,after
351558,20260514,1.1269,1.273,100,after
351559,20260514,1.0009,1.114,97,after
351560,20260514,1.1635,1.662,96,after
351561,20260514,1.1589,2.412,99,after
351562,20260514,1.1768,,99,after
351564,20260514,1.1537,3.092,100,after
351565,20260514,1.1614,,100,after
351566,20260514,1.1531,1.895,98,after
351567,20260514,1.116,2.124,99,after
351568,20260514,1.2327,2.099,95,after
351569,20260514,1.0445,1.415,101,after
351570,20260514,1.0117,1.48,102,after
351571,20260514,1.0091,,99,after
351572,20260514,1.0016,1.198,99,after
351573,20260514,1.0054,1.046,104,after
351574,20260514,1.1643,1.879,98,after
351575,20260514,1.3637,2.087,98,after
351576,20260514,1.3647,,97,after
351577,20260514,1.2692,0.98,93,after
351578,20260514,1.62,1.24,217,after
351705,20260515,1.2844,1.644,99,after
351706,20260515,1.1869,1.726,96,after
351707,20260515,1.1118,1.695,98,after
351708,20260515,1.1087,1.668,99,after
351709,20260515,1.1048,1.394,100,after
351710,20260515,1.0027,1.184,98,after
351711,20260515,1.0029,1.666,98,after
351712,20260515,1.0017,,91,after
351713,20260515,1.001,1.166,94,after
351714,20260515,1.0007,1.061,98,after
351715,20260515,1.0011,0.997,92,after
351717,20260515,1.0003,0.951,97,after
351718,20260515,1.0974,0.93,95,after
351719,20260515,1.1834,1.15,96,after
351720,20260515,1.0025,0.931,97,after
351721,20260515,1.0007,0.875,100,after
351722,20260515,1.0023,0.93,102,after
351723,20260515,1.0022,0.928,102,after
351724,20260515,1.0024,0.903,98,after
351725,20260515,1.0033,0.954,98,after
351726,20260515,1.012,0.91,100,after
351727,20260515,1.0217,0.912,97,after
351728,20260515,1.0497,1.033,102,after
351729,20260515,1.1981,0.951,98,after
351730,20260515,1.3926,0.927,95,after
351731,20260515,1.1514,0.935,99,after
351732,20260515,1.5488,1.042,97,after
351733,20260515,1.6333,1.081,91,after
351860,20260516,1.0942,1.204,97,after
351861,20260516,1.0693,1.13,100,after
351862,20260516,1.0042,1.115,95,after
351863,20260516,1.0016,1.267,95,after
351864,20260516,1.0029,1.467,99,after
351865,20260516,1.0031,1.337,99,after
351867,20260516,1.0022,1.615,98,after
351868,20260516,1.0011,1.363,99,after
351869,20260516,1.0008,1.121,100,after
351870,20260516,1.0002,1.136,94,after
351871,20260516,1.0001,0.987,101,after
351872,20260516,1.0006,1.544,98,after
351873,20260516,1.0023,1.855,99,after
352151,20260518,1.3104,1.515,95,after
352152,20260518,1.2317,1.477,97,after
352153,20260518,1.105,1.572,99,after
352154,20260518,1.1033,1.45,99,after
352155,20260518,1.1043,1.332,98,after
352156,20260518,1.0779,1.373,98,after
352157,20260518,1.0718,,99,after
352158,20260518,1.1316,1.144,100,after
352159,20260518,1.1253,1.478,99,after
352160,20260518,1.0009,0.938,100,after
352161,20260518,1.0024,0.931,98,after
352162,20260518,1.0014,1.111,97,after
352163,20260518,1.0015,1.161,101,after
352164,20260518,1.0088,0.937,98,after
352165,20260518,1.0008,1.055,100,after
352167,20260518,1.0027,1.133,101,after
352168,20260518,1.0031,1.226,99,after
352169,20260518,1.0053,1.202,98,after
352170,20260518,1.0139,1.045,99,after
352171,20260518,1.0256,1.08,104,after
352172,20260518,1.0715,0.932,95,after
352173,20260518,1.1659,0.972,98,after
352174,20260518,1.2504,1.011,95,after
352175,20260518,1.3347,1.163,99,after
352176,20260518,1.5766,1.219,98,after
352313,20260519,1.1884,1.01,97,after
352314,20260519,1.0532,1.101,107,after
352315,20260519,1.0504,0.991,112,after
352316,20260519,1.0306,0.938,106,after
352317,20260519,1.0125,0.95,110,after
352318,20260519,1.0079,0.871,105,after
352319,20260519,1.0103,0.807,101,after
352320,20260519,1.0577,0.818,98,after
352321,20260519,1.1115,0.867,97,after
352322,20260519,1.8388,0.91,242,after
352323,20260519,1.2357,0.935,97,after
352324,20260519,1.4622,1.062,201,after
352449,20260520,1.0651,0.956,95,after
352450,20260520,1.2356,0.966,97,after
352451,20260520,1.1292,0.938,98,after
352452,20260520,1.1388,1.246,97,after
352453,20260520,1.1355,,98,after
352454,20260520,1.1357,1.548,98,after
352455,20260520,1.1265,,98,after
352456,20260520,1.2429,1.27,99,after
352458,20260520,1.1939,2.278,100,after
352459,20260520,1.0176,1.182,98,after
352460,20260520,1.0098,1.356,100,after
352461,20260520,1.0349,1.11,104,after
352462,20260520,1.0486,1.024,102,after
352463,20260520,1.0455,0.917,107,after
352464,20260520,1.0367,0.958,112,after
352465,20260520,1.0175,0.865,103,after
352466,20260520,1.0993,0.863,95,after
352467,20260520,1.204,0.915,100,after
352468,20260520,1.0741,0.874,99,after
352469,20260520,1.1552,0.984,96,after
352470,20260520,1.3415,1.251,98,after
352471,20260520,1.2843,1.218,98,after
352472,20260520,1.1284,1.113,111,after
352474,20260520,1.2946,1.134,266,after
352599,20260521,1.4868,1.323,93,after
352600,20260521,1.0264,1.283,101,after
352601,20260521,1.0945,1.529,99,after
352602,20260521,1.1964,1.283,97,after
352603,20260521,1.292,1.597,96,after
352604,20260521,1.2608,1.282,98,after
352606,20260521,1.1299,1.18,100,after
352607,20260521,1.1176,1.096,99,after
352608,20260521,1.1155,,99,after
352609,20260521,1.0659,0.975,99,after
352610,20260521,1.0594,0.932,109,after
352611,20260521,1.0523,0.974,101,after
352612,20260521,1.0371,0.885,108,after
352613,20260521,1.049,1.002,113,after
352614,20260521,1.0494,1.02,117,after
352615,20260521,1.0187,0.979,112,after
352616,20260521,1.0063,0.967,114,after
352617,20260521,1.0218,1.066,102,after
352618,20260521,1.1191,0.883,100,after
352619,20260521,1.2095,0.814,97,after
352620,20260521,1.0769,0.803,102,after
352621,20260521,1.137,0.875,100,after
352622,20260521,1.1361,0.824,99,after
352623,20260521,1.2473,0.83,103,after
352624,20260521,1.3028,0.885,271,after
352625,20260521,1.3545,0.86,253,after
352753,20260522,1.314,1.457,93,after
352754,20260522,1.0158,1.114,98,after
352755,20260522,1.0781,1.19,100,after
352756,20260522,1.1875,0.972,98,after
352757,20260522,1.1199,1.364,98,after
352758,20260522,1.1174,,98,after
352759,20260522,1.2539,1.118,102,after
352760,20260522,1.2481,,102,after
352761,20260522,1.0693,1.073,102,after
352762,20260522,1.0695,,103,after
352763,20260522,1.0453,1.084,102,after
352764,20260522,1.0315,0.954,107,after
352765,20260522,1.0416,0.948,108,after
352766,20260522,1.0381,,107,after
352767,20260522,1.0177,0.864,110,after
352768,20260522,1.0125,0.915,97,after
352769,20260522,1.1595,0.908,103,after
352770,20260522,1.1288,0.893,97,after
352771,20260522,1.1092,0.885,98,after
352772,20260522,1.0539,0.849,108,after
352773,20260522,1.1207,0.934,100,after
352774,20260522,1.4232,1.231,100,after
352776,20260522,1.226,1.031,245,after
352904,20260523,1.2879,1.924,99,after
352905,20260523,1.4112,1.524,97,after
352906,20260523,1.5261,1.411,99,after
352908,20260523,1.1494,1.152,97,after
352909,20260523,1.2658,1.29,97,after
352910,20260523,1.2253,1.559,97,after
352919,20260523,1.0348,1.154,102,after
352920,20260523,1.0287,,102,after
352921,20260523,1.0069,0.982,100,after
352922,20260523,1.0185,0.97,123,after
352923,20260523,1.3756,1.018,98,after
352924,20260523,1.2768,1.062,94,after
352925,20260523,1.2034,1.09,99,after
352926,20260523,1.0757,1.124,97,after
352927,20260523,1.0883,0.984,101,after
352928,20260523,1.1908,1.109,97,after
352929,20260523,1.264,1.161,99,after
352930,20260523,1.62,1.256,93,after
353109,20260524,1.3959,1.468,98,after
353110,20260524,1.4781,,98,after
353111,20260524,1.1445,1.264,98,after
353112,20260524,1.2346,1.468,100,after
353124,20260524,1.0565,1.089,100,after
353125,20260524,1.0377,0.996,98,after
353126,20260524,1.0621,1.011,109,after
353127,20260524,1.095,1.014,102,after
353128,20260524,1.4577,1.022,98,after
353129,20260524,1.3541,1.03,103,after
353259,20260525,1.0843,1.383,96,after
353260,20260525,1.1016,1.825,102,after
353261,20260525,1.1455,1.322,101,after
353265,20260525,1.2953,1.208,98,after
353266,20260525,1.4322,0.951,96,after
353267,20260525,1.2271,1.008,98,after
353280,20260525,1.028,0.951,99,after
353281,20260525,1.0414,0.811,104,after
353282,20260525,1.1104,0.907,113,after
353283,20260525,1.2907,0.97,102,after
353284,20260525,1.1419,1.033,98,after
353285,20260525,1.1767,0.948,98,after
353286,20260525,1.4634,1.065,238,after
353287,20260525,1.3574,1.201,268,after
353452,20260526,1.6902,2.838,148,after
353453,20260526,1.5561,,149,after
353456,20260526,1.5437,,97,after
353919,20260529,1.3746,1.554,98,after
353920,20260529,1.4601,,97,after
353921,20260529,1.1813,1.007,95,after
353922,20260529,1.2506,0.995,98,after
353923,20260529,1.0211,0.897,99,after
353924,20260529,1.0565,0.976,98,after
353945,20260529,1.6583,0.99,256,after
353946,20260529,1.5461,,256,after
353947,20260529,1.5144,1.113,240,after
353948,20260529,1.4286,,239,after
353949,20260529,1.4831,1.13,232,after
353950,20260529,1.4145,,226,after
354111,20260530,1.4346,1.175,97,after
354112,20260530,1.4868,,95,after
354116,20260530,1.5692,1.142,106,after
354117,20260530,1.43,,104,after
354256,20260531,1.1969,1.236,99,after
354257,20260531,1.2449,,97,after
354270,20260531,1.2614,1.311,98,after
354271,20260531,1.5014,1.272,97,after
354273,20260531,1.8674,1.245,221,after
354275,20260531,1.5284,1.263,252,after
354276,20260531,1.4305,,251,after
354277,20260531,1.7587,1.238,112,after
354278,20260531,1.5813,,110,after
354279,20260531,1.6457,1.018,95,after
354411,20260601,1.0079,1.396,97,after
354412,20260601,1.3152,1.847,98,after
354413,20260601,1.374,,96,after
354414,20260601,1.2179,1.18,96,after
354415,20260601,1.5446,1.4,94,after
354436,20260601,1.8818,1.33,116,after
354438,20260601,1.6816,1.12,98,after
354439,20260601,1.5421,,95,after
354588,20260602,1.3483,1.033,97,after
354589,20260602,1.3068,1.261,101,after
354590,20260602,1.1881,1.836,97,after
354591,20260602,1.2307,1.852,97,after
354592,20260602,1.0098,1.458,100,after
354593,20260602,1.045,1.279,96,after
354594,20260602,1.4416,1.301,97,after
354595,20260602,1.5322,1.071,103,after
354596,20260602,1.2337,1.038,96,after
354597,20260602,1.7201,1.412,98,after
354628,20260602,1.8489,1.103,98,after
354629,20260602,1.6832,,97,after
354630,20260602,1.6741,0.95,90,after
354631,20260602,1.6718,1.011,96,after
354760,20260603,1.1822,1.334,101,after
354761,20260603,1.238,1.382,100,after
354762,20260603,1.2547,1.254,102,after
354763,20260603,1.0199,1.545,101,after
354764,20260603,1.0549,1.23,98,after
354765,20260603,1.2153,1.242,94,after
354767,20260603,1.7986,1.429,102,after
354793,20260603,1.9089,1.19,97,after
354795,20260603,1.7328,1.171,94,after
354796,20260603,1.5779,,93,after
354797,20260603,1.4684,0.875,98,after
354925,20260604,1.2027,1.315,100,after
354926,20260604,1.2628,1.609,98,after
354927,20260604,1.0573,2.003,97,after
354928,20260604,1.4444,1.424,100,after
354929,20260604,1.2355,1.474,94,after
354930,20260604,1.0537,1.415,101,after
354931,20260604,1.0463,1.155,113,after
354932,20260604,1.0479,,112,after
354933,20260604,1.0342,1.205,101,after
354934,20260604,1.0302,,100,after
354952,20260604,1.3469,1.114,98,after
354953,20260604,1.3724,,97,after
354954,20260604,1.4152,,94,after
354955,20260604,1.4369,1.195,96,after
355083,20260605,1.3667,1.649,90,after
355084,20260605,1.3536,1.041,95,after
355085,20260605,1.122,1.154,100,after
355086,20260605,1.1231,,99,after
355087,20260605,1.1086,1.191,100,after
355088,20260605,1.1035,,100,after
355089,20260605,1.0875,1.216,99,after
355090,20260605,1.0908,,98,after
355091,20260605,1.1282,1.427,97,after
355092,20260605,1.0371,1.354,102,after
355094,20260605,1.0248,1.022,105,after
355095,20260605,1.0235,,104,after
355096,20260605,1.0232,0.962,105,after
355097,20260605,1.0284,,104,after
355098,20260605,1.3474,1.206,98,after
355099,20260605,1.8183,1.377,93,after
355107,20260605,1.6879,1.858,85,after
355108,20260605,1.4934,1.276,92,after
355109,20260605,1.401,,91,after
355257,20260606,1.3727,1.439,99,after
355258,20260606,1.4098,,98,after
355263,20260606,1.4699,1.008,95,after
355416,20260607,1.4674,,96,after
355418,20260607,1.0106,1.157,104,after
355419,20260607,1.0537,1.372,99,after
355421,20260607,1.0031,1.02,99,after
355422,20260607,1.004,,92,after
355424,20260607,1.2168,1.76,94,after
355425,20260607,1.2238,,93,after
355426,20260607,1.234,,92,after
355435,20260607,1.0912,1.294,99,after
355436,20260607,1.0962,,98,after
355437,20260607,1.0692,1.117,101,after
355438,20260607,1.087,,100,after
355439,20260607,1.1024,1.106,98,after
355440,20260607,1.1296,,98,after
355441,20260607,1.1644,1.493,99,after
355442,20260607,1.2296,,98,after
355443,20260607,1.286,,98,after
355583,20260608,1.1828,1.234,103,after
355584,20260608,1.236,1.425,99,after
355585,20260608,1.1146,1.434,94,after
355593,20260608,1.1341,1.418,101,after
355594,20260608,1.0265,1.387,103,after
355595,20260608,1.0254,,103,after
355596,20260608,1.0257,1.116,111,after
355597,20260608,1.0118,1.079,103,after
355598,20260608,1.0178,,102,after
355599,20260608,1.0146,1.122,99,after
355600,20260608,1.0429,1.278,103,after
355601,20260608,1.1093,1.155,103,after
355602,20260608,1.1299,,102,after
355603,20260608,1.1834,1.222,99,after
355604,20260608,1.2132,,99,after
355605,20260608,1.2755,1.165,99,after
355606,20260608,1.3116,,98,after
355607,20260608,1.4039,1.26,100,after
355744,20260609,1.1882,0.918,102,after
355745,20260609,1.2135,1.001,101,after
355746,20260609,1.1189,1.027,99,after
355747,20260609,1.269,1.034,105,after
355748,20260609,1.0916,0.973,99,after
355749,20260609,1.0445,1.017,102,after
355750,20260609,1.0473,1.011,101,after
355751,20260609,1.0344,0.929,106,after
355752,20260609,1.0182,1.054,102,after
355753,20260609,1.0182,0.966,107,after
355754,20260609,1.0122,1.161,105,after
355755,20260609,1.1814,0.948,100,after
355756,20260609,1.0176,0.855,100,after
355757,20260609,1.022,0.845,130,after
355758,20260609,1.0609,0.845,99,after
355759,20260609,1.0897,0.886,97,after
355760,20260609,1.3612,1.085,93,after
355761,20260609,1.3771,,95,after
355762,20260609,1.2013,0.957,99,after
355763,20260609,1.2716,0.939,100,after
355764,20260609,1.3529,1.004,97,after
355765,20260609,1.4932,1.003,98,after
355902,20260610,1.0416,1.634,102,after
355904,20260610,1.0753,1.506,102,after
355905,20260610,1.0724,,102,after
355906,20260610,1.0888,1.595,102,after
355907,20260610,1.2429,1.304,99,after
355913,20260610,1.0051,1.241,105,after
355914,20260610,1.0129,,98,after
356210,20260612,1.3665,1.165,197,after
356211,20260612,1.0712,1.229,96,after
356212,20260612,1.0868,,95,after
356213,20260612,1.3587,1.073,96,after
356214,20260612,1.3147,,97,after
356215,20260612,1.3739,1.253,99,after
356216,20260612,1.3423,,98,after
356217,20260612,1.4693,1.051,97,after
356218,20260612,1.4382,,97,after
356219,20260612,1.4283,1.064,101,after
356348,20260613,1.3557,1.436,191,after
356349,20260613,1.3155,1.141,99,after
356350,20260613,1.3219,,96,after
356351,20260613,1.3043,1.106,100,after
356352,20260613,1.3178,,100,after
356354,20260613,1.2653,1.222,97,after
356355,20260613,1.2846,,96,after
356356,20260613,1.3132,,95,after
356357,20260613,1.1949,1.153,99,after
356358,20260613,1.2206,,98,after
356359,20260613,1.1989,1.005,100,after
356360,20260613,1.2335,,99,after
356361,20260613,1.5059,0.929,98,after
356362,20260613,1.3598,1.164,89,after
356363,20260613,1.3601,1.241,87,after
356364,20260613,1.3629,,85,after
356365,20260613,1.2705,0.992,105,after
356366,20260613,1.2931,0.935,107,after
356367,20260613,1.1316,0.979,100,after
356368,20260613,1.123,0.96,100,after
356369,20260613,1.4377,1.026,148,after
356499,20260614,1.3588,1.15,169,after
356500,20260614,1.3142,1.238,97,after
356501,20260614,1.3121,,97,after
356502,20260614,1.3157,1.07,98,after
356503,20260614,1.3296,,94,after
356504,20260614,1.2088,1.116,97,after
356505,20260614,1.223,,97,after
356508,20260614,1.313,0.938,199,after
356509,20260614,1.204,0.872,103,after
356510,20260614,1.2132,0.957,99,after
356511,20260614,1.2469,,98,after
356512,20260614,1.4883,1.027,98,after
356513,20260614,1.4873,1.055,97,after
356514,20260614,1.4329,,97,after
356515,20260614,1.2623,0.914,104,after
356520,20260614,1.5092,1.109,157,after
356521,20260614,1.5415,1.12,111,after
356522,20260614,1.5643,1.134,99,after
356523,20260614,1.6791,1.108,104,after
356661,20260615,1.2329,1.478,99,after
356662,20260615,1.2344,,99,after
356663,20260615,1.2684,1.026,98,after
356664,20260615,1.3002,,97,after
356665,20260615,1.3365,,95,after
356666,20260615,1.2057,1.128,105,after
356667,20260615,1.2222,,105,after
356668,20260615,1.2076,0.897,107,after
356669,20260615,1.1609,0.977,99,after
356670,20260615,1.4099,1.114,99,after
356671,20260615,1.3623,,99,after
356672,20260615,1.2803,1.095,103,after
356673,20260615,1.3869,0.999,99,after
356674,20260615,1.4328,1.134,102,after
356675,20260615,1.4079,,102,after
356676,20260615,1.4312,1.068,100,after
356677,20260615,1.4687,1.115,139,after
356678,20260615,1.49,1.129,114,after
356815,20260616,1.003,1.258,98,after
356816,20260616,1.0115,1.123,99,after
356817,20260616,1.0053,1.059,98,after
356818,20260616,1.0113,1.134,98,after
356819,20260616,1.0169,1.197,96,after
356827,20260616,1.389,1.062,83,after
356828,20260616,1.3621,1.055,84,after
356829,20260616,1.3544,,84,after
356830,20260616,1.1029,0.972,99,after
356831,20260616,1.1815,1.073,100,after
356832,20260616,1.2327,0.998,99,after
356833,20260616,1.258,0.979,97,after
356834,20260616,1.1132,0.926,99,after
356835,20260616,1.0756,0.851,99,after
356836,20260616,1.0754,0.885,104,after
356837,20260616,1.0485,1.006,101,after
356838,20260616,1.0373,1.015,132,after
356839,20260616,1.0534,1.006,104,after
356968,20260617,1.3268,1.661,190,after
356969,20260617,1.4246,1.377,100,after
356970,20260617,1.3295,1.204,98,after
356971,20260617,1.3427,,94,after
356972,20260617,1.3713,,93,after
356973,20260617,1.0182,1.042,96,after
356974,20260617,1.0199,0.998,97,after
356975,20260617,1.0259,1.082,101,after
356976,20260617,1.0326,1.058,99,after
356977,20260617,1.076,1.185,100,after
356980,20260617,1.5167,1.493,190,after
356981,20260617,1.2983,1.49,98,after
356982,20260617,1.2477,,96,after
356983,20260617,1.4824,1.445,99,after
356984,20260617,1.4427,,98,after
356985,20260617,1.1039,1.443,103,after
356986,20260617,1.1199,1.485,110,after
357116,20260618,1.3414,1.629,222,after
357117,20260618,1.3336,1.571,181,after
357118,20260618,1.4529,1.337,110,after
357119,20260618,1.2768,1.714,97,after
357120,20260618,1.2865,,96,after
357121,20260618,1.3059,,95,after
357122,20260618,1.2194,1.356,99,after
357123,20260618,1.2419,,97,after
357124,20260618,1.271,,97,after
357125,20260618,1.0783,1.461,99,after
357126,20260618,1.178,1.25,97,after
357127,20260618,1.1992,,97,after
357128,20260618,1.5044,1.294,98,after
357129,20260618,1.4166,,95,after
357130,20260618,1.3401,1.156,97,after
357131,20260618,1.3049,,97,after
357132,20260618,1.4142,1.087,103,after
357133,20260618,1.3816,,103,after
357134,20260618,1.4357,1.318,100,after
357135,20260618,1.4468,1.258,97,after
357136,20260618,1.4667,1.508,132,after
357278,20260619,1.218,1.731,98,after
357282,20260619,1.103,1.386,98,after
357283,20260619,1.3865,1.756,258,after
357284,20260619,1.4115,1.983,253,after
357285,20260619,1.4736,,250,after
357286,20260619,1.3065,2.033,204,after
357287,20260619,1.3611,,203,after
357288,20260619,1.6531,1.844,104,after
357295,20260619,1.1765,1.365,104,after
357296,20260619,1.2282,,103,after
357297,20260619,1.3086,1.394,101,after
357298,20260619,1.4334,,97,after
357299,20260619,1.0883,1.138,104,after
357300,20260619,1.0909,1.101,98,after
357301,20260619,1.0505,1.267,102,after
357302,20260619,1.1097,1.15,100,after
357430,20260620,1.8585,1.084,152,after
357431,20260620,1.5556,1.115,97,after
357433,20260620,1.7777,1.919,118,after
357434,20260620,1.8573,,117,after
357436,20260620,1.1908,1.813,99,after
357437,20260620,1.2104,,98,after
357444,20260620,1.2677,1.081,100,after
357448,20260620,1.2782,0.973,136,after
357449,20260620,1.2779,0.908,93,after
357450,20260620,1.3102,0.86,98,after
357451,20260620,1.3998,0.928,98,after
357452,20260620,1.4682,0.906,97,after
357453,20260620,1.4543,1.183,99,after
357454,20260620,1.459,0.959,98,after
357455,20260620,1.4672,1.057,149,after
357456,20260620,1.5506,0.965,98,after
357647,20260621,1.214,1.129,97,after
357649,20260621,1.9085,,194,after
357651,20260621,1.2142,1.042,98,after
357652,20260621,1.2387,,98,after
357653,20260621,1.2716,,98,after
357654,20260621,1.1995,1.03,105,after
357655,20260621,1.2271,,104,after
357656,20260621,1.1137,1.06,96,after
357657,20260621,1.44,1.031,98,after
357658,20260621,1.3901,,98,after
357659,20260621,1.3248,1.091,107,after
357660,20260621,1.4242,1.05,99,after
357661,20260621,1.3955,,96,after
357662,20260621,1.4477,1.059,99,after
357663,20260621,1.4817,1.163,97,after
357664,20260621,1.5349,1.164,96,after
357665,20260621,1.5539,1.332,99,after
357666,20260621,1.4778,1.16,142,after
357799,20260622,1.2477,1.268,96,after
357800,20260622,1.3783,1.174,125,after
357801,20260622,1.3078,,121,after
357802,20260622,1.2571,1.231,171,after
357803,20260622,1.2359,1.216,85,after
357809,20260622,1.1373,1.756,146,after
357810,20260622,1.1542,1.238,122,after
357811,20260622,1.1638,,121,after
357812,20260622,1.089,1.084,108,after
357813,20260622,1.5426,1.218,100,after
357814,20260622,1.4505,,98,after
357815,20260622,1.3394,1.032,109,after
357816,20260622,1.3743,1.01,99,after
357817,20260622,1.4369,0.974,102,after
357818,20260622,1.4821,0.87,98,after
357819,20260622,1.4876,0.93,96,after
357820,20260622,1.4675,0.923,96,after
357821,20260622,1.4814,1.083,147,after
357822,20260622,1.4913,0.927,105,after
357953,20260623,1.2098,1.438,98,after
357954,20260623,1.2117,1.381,190,after
358100,20260624,1.0591,1.378,99,after
358101,20260624,1.0861,,99,after
358102,20260624,1.2438,1.172,99,after
358103,20260624,1.1751,1.251,168,after
358104,20260624,1.1526,,168,after
358105,20260624,1.1223,1.2,149,after
358106,20260624,1.0719,1.079,129,after
358107,20260624,1.9373,1.044,116,after
358109,20260624,1.7296,0.971,99,after
358111,20260624,1.7368,0.94,97,after
358112,20260624,1.6168,,93,after
358113,20260624,1.5521,,91,after
358114,20260624,1.4624,0.96,99,after
358115,20260624,1.4347,,99,after
358116,20260624,1.4699,1.051,98,after
358117,20260624,1.4918,0.919,97,after
358118,20260624,1.5778,1.001,98,after
358119,20260624,1.4705,1.03,98,after
358120,20260624,1.5081,1.002,106,after
358121,20260624,1.4359,0.882,181,after
358252,20260625,1.03,1.216,113,after
358253,20260625,1.2126,1.156,97,after
358254,20260625,1.2426,1.137,141,after
358255,20260625,1.1941,,142,after
358256,20260625,1.1726,1.797,138,after
358263,20260625,1.856,0.964,181,after
358264,20260625,1.8135,1.013,95,after
358265,20260625,1.8064,1.155,144,after
358266,20260625,1.7246,,141,after
358267,20260625,1.4971,0.929,101,after
358506,20260626,1.261,1.166,99,after
358514,20260626,1.7372,1.319,149,after
358515,20260626,1.6166,,141,after
358516,20260626,1.5823,1.221,135,after
358517,20260626,1.541,1.191,108,after
358518,20260626,1.8133,1.054,103,after
358520,20260626,1.7637,1.102,131,after
358522,20260626,1.465,1.401,98,after
358523,20260626,1.3738,,98,after
358524,20260626,1.3579,1.028,95,after
358525,20260626,1.4527,0.912,79,after
358526,20260626,1.7039,1.069,99,after
358655,20260627,1.2405,1.094,98,after
358675,20260627,1.4618,1.032,148,after
358676,20260627,1.3901,,146,after
358680,20260627,1.8873,1.903,125,after
358681,20260627,1.7469,,125,after
358682,20260627,1.1195,1.007,109,after
358684,20260627,1.2419,0.902,89,after
358685,20260627,1.1961,1.573,98,after
358686,20260627,1.1681,1.378,96,after
358814,20260628,1.2384,1.366,98,after
358815,20260628,1.6604,1.296,84,after
358817,20260628,1.1606,1.291,101,after
359104,20260630,1.0689,0.974,102,after
359136,20260630,1.3637,1.152,96,after
359137,20260630,1.2844,,98,after
359138,20260630,1.2309,1.12,95,after
359139,20260630,1.1916,0.945,94,after
359140,20260630,1.1397,1.017,97,after
359270,20260701,1.3738,1.738,178,after
359271,20260701,1.016,1.031,95,after
359272,20260701,1.016,0.79,100,after
359273,20260701,1.0307,,100,after
359293,20260701,1.3015,1.332,163,after
359294,20260701,1.3982,,162,after
359484,20260702,1.3807,1.429,218,after
359485,20260702,1.1898,1.421,96,after
359488,20260702,1.3236,1.182,222,after
359489,20260702,1.3076,1.163,182,after
359490,20260702,1.24,1.257,124,after
359507,20260702,1.3786,1.231,99,after
359508,20260702,1.2757,,100,after
359509,20260702,1.2721,0.954,96,after
359510,20260702,1.227,0.996,98,after
359511,20260702,1.202,0.997,95,after
359512,20260702,1.1573,,96,after
360082,20260705,1.4297,1.52,101,after
360083,20260705,1.4658,,100,after
360084,20260705,1.4475,2.184,124,after
360085,20260705,1.4994,,125,after
360086,20260705,1.3868,1.755,189,after
360087,20260705,1.3908,1.187,143,after
360088,20260705,1.1557,1.258,91,after
360089,20260705,1.1753,,91,after
360091,20260705,1.2884,1.051,129,after
360092,20260705,1.3787,1.167,166,after
360093,20260705,1.4001,1.025,183,after
360094,20260705,1.6085,1.079,149,after
360095,20260705,1.7824,1.111,162,after
360096,20260705,1.7482,,163,after
360097,20260705,1.9876,1.112,129,after
360098,20260705,1.9808,,130,after
360099,20260705,1.4512,0.918,214,after
360237,20260706,1.4588,1.295,98,after
360238,20260706,1.5989,1.407,151,after
360239,20260706,1.5481,1.793,114,after
360240,20260706,1.6214,1.582,152,after
360241,20260706,1.7114,,151,after
360242,20260706,1.5118,1.344,175,after
360243,20260706,1.6978,1.502,97,after
360244,20260706,1.5693,,95,after
360245,20260706,1.5916,1.365,139,after
360246,20260706,1.5323,,138,after
360249,20260706,1.4819,1.21,172,after
360255,20260706,1.8693,1.136,107,after
360256,20260706,1.8629,,108,after
360257,20260706,1.6653,1.184,124,after
360533,20260708,1.6403,1.275,119,after
360534,20260708,1.4781,1.121,97,after
360535,20260708,1.4394,1.074,92,after
360536,20260708,1.4366,,92,after
360537,20260708,1.4553,0.989,143,after
360804,20260710,1.1194,1.411,99,after
360805,20260710,1.6827,1.574,149,after
360806,20260710,1.7381,,150,after
360807,20260710,1.6823,1.344,153,after
361284,20260714,1.1844,1.262,98,after
361286,20260714,1.2786,1.109,96,after
361965,20260719,1.3258,1.014,166,after
361966,20260719,1.1071,0.995,102,after
361967,20260719,1.1273,,102,after
361968,20260719,1.4972,1.244,96,after
361969,20260719,1.3507,1.009,98,after
361970,20260719,1.3176,,98,after
361972,20260719,1.523,1.07,124,after
