EXPID,WIYN_FWHM,WIYN_DT_MIN,WIYN_SOURCE,WIYN_UT
293415,0.81,-13.1,Est. from Guider,2025-05-16T03:15:18Z
293416,0.81,-21.41,Est. from Guider,2025-05-16T03:15:18Z
293634,1.5,-14.74,Est. from Guider,2025-05-17T03:10:26Z
293635,1.5,-22.67,Est. from Guider,2025-05-17T03:10:26Z
293649,2.0,21.41,Est. from Guider,2025-05-17T08:15:27Z
293650,2.0,2.87,Est. from Guider,2025-05-17T08:15:27Z
293651,1.7,-14.87,Est. from Guider,2025-05-17T08:15:41Z
293652,1.7,-26.4,Est. from Guider,2025-05-17T08:15:41Z
293653,0.8,20.43,Est. from Guider,2025-05-17T09:24:23Z
293655,0.8,-5.71,Est. from Guider,2025-05-17T09:24:23Z
293656,0.8,-10.46,Est. from Guider,2025-05-17T09:37:38Z
293657,0.9,9.3,Est. from Guider,2025-05-17T10:18:52Z
293658,0.9,-13.95,Est. from Guider,2025-05-17T10:18:52Z
293659,1.1,1.36,Est. from Guider,2025-05-17T10:50:44Z
293661,0.8,-4.04,Est. from Guider,2025-05-17T11:07:57Z
293662,0.8,-19.07,Est. from Guider,2025-05-17T11:07:57Z
293791,0.7,-15.13,Est. from Guider,2025-05-18T03:17:43Z
293792,0.7,-26.59,Est. from Guider,2025-05-18T03:17:43Z
294758,0.8,17.44,Focus,2025-05-22T07:33:59Z
294759,0.8,-8.06,Focus,2025-05-22T07:33:59Z
294761,1.0,27.64,Focus,2025-05-22T08:51:00Z
294762,1.0,9.23,Focus,2025-05-22T08:51:00Z
294763,1.0,-12.15,Focus,2025-05-22T08:51:00Z
294765,0.8,20.74,Focus - Tip-Tilt,2025-05-22T10:09:20Z
294766,0.8,1.92,Focus - Tip-Tilt,2025-05-22T10:09:20Z
294767,0.7,-20.23,Focus,2025-05-22T10:09:20Z
294768,0.5,4.14,Science Image,2025-05-22T10:51:48Z
294769,0.5,-9.48,Science Image,2025-05-22T10:51:48Z
294770,0.5,-28.62,Science Image,2025-05-22T10:51:48Z
294900,0.55,-3.97,Est. from Guider,2025-05-23T03:21:47Z
294901,0.55,-12.9,Est. from Guider,2025-05-23T03:21:47Z
294902,1.4,18.42,Est. from Guider,2025-05-23T04:01:33Z
294903,1.4,0.19,Est. from Guider,2025-05-23T04:01:33Z
294904,1.0,6.38,Est. from Guider,2025-05-23T04:33:25Z
294905,1.0,5.1,Est. from Guider,2025-05-23T04:54:12Z
294906,0.6,1.52,Est. from Guider,2025-05-23T05:11:29Z
294908,0.6,-2.85,Est. from Guider,2025-05-23T05:34:11Z
294909,0.8,-9.1,Est. from Guider,2025-05-23T05:47:31Z
294910,0.8,-27.58,Est. from Guider,2025-05-23T05:47:31Z
294911,1.2,20.49,Est. from Guider,2025-05-23T06:53:06Z
294912,1.2,3.26,Est. from Guider,2025-05-23T06:53:06Z
294913,1.2,-13.73,Est. from Guider,2025-05-23T06:53:06Z
294914,1.2,-2.29,Est. from Guider,2025-05-23T07:20:37Z
294915,0.85,0.43,Est. from Guider,2025-05-23T07:39:18Z
294916,0.7,7.71,Est. from Guider,2025-05-23T08:02:26Z
294917,0.7,-10.23,Est. from Guider,2025-05-23T08:02:26Z
294918,0.7,18.23,Est. from Guider,2025-05-23T08:56:35Z
294919,0.65,5.17,Est. from Guider,2025-05-23T09:11:31Z
294920,0.7,5.35,Est. from Guider,2025-05-23T09:32:08Z
294921,0.6,-3.48,Est. from Guider,2025-05-23T09:42:47Z
294922,0.5,12.3,Est. from Guider,2025-05-23T10:19:29Z
294923,0.5,-9.37,Est. from Guider,2025-05-23T10:19:29Z
295311,3.0,25.44,Focus,2025-05-25T09:25:43Z
295312,3.0,6.38,Focus,2025-05-25T09:25:43Z
295313,2.6,1.69,Focus,2025-05-25T09:41:38Z
295314,1.64,-10.66,Focus,2025-05-25T09:53:29Z
295315,0.94,10.19,Focus,2025-05-25T10:36:47Z
295316,1.27,1.38,Focus,2025-05-25T10:49:47Z
295317,1.27,-12.29,Focus,2025-05-25T10:49:47Z
295450,1.09,-8.27,Focus,2025-05-26T03:26:42Z
295451,1.09,-19.96,Focus,2025-05-26T03:26:42Z
295452,1.8,15.65,Focus,2025-05-26T04:20:37Z
295454,2.51,22.76,Focus,2025-05-26T05:08:04Z
295456,2.51,0.57,Focus,2025-05-26T05:08:04Z
295458,1.75,-9.23,Focus,2025-05-26T05:20:16Z
295459,1.75,-29.1,Focus,2025-05-26T05:20:16Z
295460,1.0,22.8,Focus,2025-05-26T06:35:37Z
295461,1.0,-4.6,Focus,2025-05-26T06:35:37Z
295462,1.0,-27.86,Focus,2025-05-26T06:35:37Z
295463,0.78,18.2,Focus,2025-05-26T07:40:35Z
295464,0.78,-0.77,Focus,2025-05-26T07:40:35Z
295465,0.78,-18.7,Focus,2025-05-26T07:40:35Z
295468,0.8,22.39,Focus,2025-05-26T09:13:14Z
295469,0.8,9.26,Focus,2025-05-26T09:13:14Z
295470,0.8,-4.23,Focus,2025-05-26T09:13:14Z
295471,0.8,-21.91,Focus,2025-05-26T09:13:14Z
295473,0.75,22.75,Focus,2025-05-26T10:32:30Z
295474,0.75,5.54,Focus,2025-05-26T10:32:30Z
295475,0.75,-13.96,Focus,2025-05-26T10:32:30Z
295476,0.75,-29.07,Focus,2025-05-26T10:32:30Z
295606,1.1,13.43,Focus,2025-05-27T03:56:00Z
295607,1.1,-8.46,Focus,2025-05-27T03:56:00Z
295608,2.0,5.49,Focus,2025-05-27T04:32:59Z
295609,2.0,-10.76,Focus,2025-05-27T04:32:59Z
295610,1.38,9.69,Focus,2025-05-27T05:12:12Z
295612,1.38,-15.51,Focus,2025-05-27T05:12:12Z
295617,1.23,23.46,Focus,2025-05-27T07:24:20Z
295618,1.23,3.77,Focus,2025-05-27T07:24:20Z
295619,1.23,-18.97,Focus,2025-05-27T07:24:20Z
295620,1.01,-0.11,Focus,2025-05-27T08:04:54Z
295621,0.7,19.54,Focus,2025-05-27T08:46:48Z
295622,0.7,-3.5,Focus,2025-05-27T08:46:48Z
295623,1.14,12.48,Focus,2025-05-27T09:25:29Z
295624,0.68,9.83,Focus,2025-05-27T09:48:11Z
295625,0.68,-12.82,Focus,2025-05-27T09:48:11Z
295626,0.68,-28.41,Focus,2025-05-27T09:48:11Z
295759,1.02,-4.81,Focus,2025-05-28T03:26:19Z
295760,1.02,-14.63,Focus,2025-05-28T03:26:19Z
295762,0.97,20.95,Focus,2025-05-28T04:46:58Z
295763,0.97,-3.53,Focus,2025-05-28T04:46:58Z
295764,0.97,-25.19,Focus,2025-05-28T04:46:58Z
295766,1.0,6.63,Focus,2025-05-28T05:44:08Z
295767,0.8,0.74,Focus,2025-05-28T05:57:52Z
295768,0.8,-4.64,Focus,2025-05-28T06:11:59Z
295769,0.8,-24.46,Focus,2025-05-28T06:11:59Z
295774,1.0,9.63,Focus,2025-05-28T08:27:46Z
295775,1.0,-10.53,Focus,2025-05-28T08:27:46Z
295776,1.0,-29.34,Focus,2025-05-28T08:27:46Z
295777,0.7,25.57,Focus,2025-05-28T09:43:58Z
295778,0.7,4.1,Focus,2025-05-28T09:43:58Z
295779,0.7,-15.24,Focus,2025-05-28T09:43:58Z
295780,0.8,16.45,Focus,2025-05-28T10:34:49Z
295781,0.8,-2.59,Focus,2025-05-28T10:34:49Z
295782,0.8,-21.92,Focus,2025-05-28T10:34:49Z
295916,2.5,11.68,Focus,2025-05-29T04:06:42Z
295917,2.66,-2.84,Focus,2025-05-29T04:08:18Z
295918,1.7,-6.0,Focus,2025-05-29T04:17:09Z
295919,1.5,-2.06,Focus,2025-05-29T04:44:15Z
295921,1.11,20.8,Focus,2025-05-29T06:05:53Z
295925,1.11,-28.79,Focus,2025-05-29T06:05:53Z
295933,1.08,14.93,Focus,2025-05-29T09:12:40Z
295934,1.08,4.43,Focus,2025-05-29T09:12:40Z
295935,1.08,-12.52,Focus,2025-05-29T09:12:40Z
295936,1.13,-7.56,Focus,2025-05-29T09:38:41Z
295937,1.3,22.35,Focus,2025-05-29T10:29:33Z
295938,1.3,-0.73,Focus,2025-05-29T10:29:33Z
295939,1.3,-25.8,Focus,2025-05-29T10:29:33Z
296070,0.85,12.11,Focus,2025-05-30T03:50:03Z
296071,0.85,1.71,Focus,2025-05-30T03:50:03Z
296072,0.85,-14.48,Focus,2025-05-30T03:50:03Z
296073,0.9,13.5,Focus,2025-05-30T04:38:53Z
296074,0.9,-4.36,Focus,2025-05-30T04:38:53Z
296075,0.9,19.93,Focus,2025-05-30T05:20:11Z
296077,0.9,-3.61,Focus,2025-05-30T05:20:11Z
296078,1.1,8.28,Focus,2025-05-30T05:52:17Z
296079,1.1,-12.27,Focus,2025-05-30T05:52:17Z
296081,0.9,21.32,Focus,2025-05-30T07:01:16Z
296082,0.9,3.58,Focus,2025-05-30T07:01:16Z
296083,0.9,-14.67,Focus,2025-05-30T07:01:16Z
296085,0.8,19.37,Focus,2025-05-30T08:11:45Z
296086,0.8,0.98,Focus,2025-05-30T08:11:45Z
296087,0.8,-14.35,Focus,2025-05-30T08:11:45Z
296088,1.0,20.65,Focus,2025-05-30T09:05:50Z
296090,0.6,0.66,Focus,2025-05-30T09:34:08Z
296091,0.7,-0.74,Focus,2025-05-30T09:52:03Z
296092,0.7,-13.82,Focus,2025-05-30T09:58:35Z
296093,0.9,15.09,Focus,2025-05-30T10:42:26Z
296229,1.6,18.51,Focus,2025-05-31T05:50:17Z
296230,1.6,-2.14,Focus,2025-05-31T05:50:17Z
296231,1.6,-28.37,Focus,2025-05-31T05:50:17Z
296232,1.1,8.13,Focus,2025-05-31T06:52:15Z
296233,1.1,-15.9,Focus,2025-05-31T06:52:15Z
296235,1.75,13.27,Focus,2025-05-31T08:14:59Z
296236,1.75,-8.84,Focus,2025-05-31T08:14:59Z
296237,1.5,22.14,Focus,2025-05-31T09:03:08Z
296238,1.5,3.79,Focus,2025-05-31T09:03:08Z
296239,1.5,-15.41,Focus,2025-05-31T09:03:08Z
296240,1.3,2.69,Focus,2025-05-31T09:45:11Z
296377,1.2,-7.97,Focus,2025-06-01T03:56:53Z
296378,1.1,1.11,Focus,2025-06-01T04:23:41Z
296379,1.1,-12.72,Focus,2025-06-01T04:23:41Z
296382,1.2,-0.36,Focus,2025-06-01T05:36:18Z
296383,1.0,8.46,Focus,2025-06-01T06:11:46Z
296384,1.0,-8.12,Focus,2025-06-01T06:20:24Z
296385,0.9,-4.03,Focus,2025-06-01T06:40:57Z
296628,1.15,29.45,Focus,2025-06-03T10:32:02Z
296629,1.15,14.49,Focus,2025-06-03T10:32:02Z
296630,1.15,-4.54,Focus,2025-06-03T10:32:02Z
296631,1.1,-4.88,Focus,2025-06-03T10:50:25Z
296738,1.2,27.92,Focus,2025-06-04T06:00:23Z
296739,1.2,9.46,Focus,2025-06-04T06:00:23Z
296740,1.1,-0.27,Focus,2025-06-04T06:15:55Z
296741,1.1,-23.46,Focus,2025-06-04T06:15:55Z
296743,1.2,20.77,Focus,2025-06-04T07:38:41Z
296744,0.95,1.88,Focus,2025-06-04T07:46:28Z
296745,0.95,-21.63,Focus,2025-06-04T07:46:28Z
296749,1.2,11.34,Focus,2025-06-04T09:40:36Z
296750,1.2,-10.24,Focus,2025-06-04T09:40:36Z
296940,0.85,-5.56,Focus,2025-06-05T03:45:12Z
296941,1.15,7.41,Focus,2025-06-05T04:18:06Z
296947,0.85,8.92,Focus,2025-06-05T05:40:45Z
296948,0.95,0.71,Focus,2025-06-05T05:54:31Z
296949,0.95,-19.76,Focus,2025-06-05T05:54:31Z
296950,0.95,9.81,Focus,2025-06-05T06:44:27Z
296961,0.8,-0.79,Focus,2025-06-05T07:57:58Z
296962,0.9,-3.54,Focus,2025-06-05T08:23:18Z
296963,0.8,14.1,Focus,2025-06-05T09:06:42Z
296964,0.8,-10.88,Focus,2025-06-05T09:06:42Z
296965,1.0,-5.49,Focus,2025-06-05T09:34:10Z
296966,0.95,-10.85,Focus,2025-06-05T09:47:46Z
296967,0.8,-0.97,Focus,2025-06-05T10:18:00Z
296968,0.78,5.72,Focus,2025-06-05T10:47:39Z
296969,0.78,-10.81,Focus,2025-06-05T10:47:39Z
296970,0.78,-23.66,Focus,2025-06-05T10:47:39Z
297107,0.8,-16.61,Science Image,2025-06-06T05:04:03Z
297110,0.7,26.35,Science Image,2025-06-06T06:34:47Z
297111,0.7,11.45,Science Image,2025-06-06T06:34:47Z
297112,0.7,-4.09,Science Image,2025-06-06T06:34:47Z
297113,0.7,-22.65,Science Image,2025-06-06T06:34:47Z
297114,1.05,14.29,Science Image,2025-06-06T07:29:46Z
297115,1.05,-5.6,Science Image,2025-06-06T07:29:46Z
297123,1.0,17.84,Science Image,2025-06-06T08:54:26Z
297124,1.0,-0.74,Science Image,2025-06-06T08:54:26Z
297125,0.58,7.86,Science Image,2025-06-06T09:26:01Z
297126,0.59,12.07,Science Image,2025-06-06T09:53:28Z
297127,0.65,4.65,Science Image,2025-06-06T10:06:34Z
297128,0.63,5.56,Science Image,2025-06-06T10:31:25Z
297129,0.63,-22.63,Science Image,2025-06-06T10:31:25Z
297266,0.8,2.32,Science Image,2025-06-07T04:55:55Z
297267,0.8,12.14,Science Image,2025-06-07T05:24:05Z
297268,0.8,-6.28,Science Image,2025-06-07T05:24:05Z
297269,0.8,-28.32,Science Image,2025-06-07T05:24:05Z
297271,0.7,22.76,Science Image,2025-06-07T06:53:28Z
297272,0.7,4.6,Science Image,2025-06-07T06:53:28Z
297273,0.7,-14.27,Science Image,2025-06-07T06:53:28Z
297274,0.6,-3.43,Science Image,2025-06-07T07:23:23Z
297275,0.5,-3.83,Science Image,2025-06-07T07:42:31Z
297282,0.55,-3.22,Science Image,2025-06-07T08:55:31Z
297283,0.6,2.74,Science Image,2025-06-07T09:22:51Z
297284,0.6,-23.88,Science Image,2025-06-07T09:22:51Z
297285,0.8,-5.31,Science Image,2025-06-07T10:10:57Z
297286,1.0,0.12,Science Image,2025-06-07T10:43:13Z
297287,1.0,-15.45,Science Image,2025-06-07T10:43:13Z
297288,1.0,-24.97,Science Image,2025-06-07T10:43:13Z
297423,0.8,-13.61,Science Image,2025-06-08T04:33:42Z
297424,0.75,17.36,Science Image,2025-06-08T05:23:41Z
297427,0.9,7.62,Science Image,2025-06-08T06:00:32Z
297428,0.9,-16.17,Science Image,2025-06-08T06:00:32Z
297431,0.8,-10.16,Science Image,2025-06-08T06:55:30Z
297432,0.8,-0.03,Science Image,2025-06-08T07:24:19Z
297433,0.8,-20.11,Science Image,2025-06-08T07:24:19Z
297434,0.7,6.95,Science Image,2025-06-08T08:13:30Z
297445,0.7,-29.17,Science Image,2025-06-08T09:20:47Z
297447,0.8,19.38,Science Image,2025-06-08T10:40:51Z
297448,0.8,-2.64,Science Image,2025-06-08T10:40:51Z
297449,0.8,-17.55,Science Image,2025-06-08T10:40:51Z
297579,0.6,-3.83,Science Image,2025-06-09T03:35:18Z
297580,0.7,1.79,Science Image,2025-06-09T03:58:00Z
297590,0.7,1.34,Science Image,2025-06-09T06:47:50Z
297606,0.9,-4.89,Science Image,2025-06-09T10:20:33Z
297748,0.9,-10.55,Science Image,2025-06-10T05:24:55Z
297749,0.9,-3.86,Science Image,2025-06-10T05:54:57Z
297771,1.0,-14.56,Science Image,2025-06-10T10:14:19Z
297924,0.6,-10.3,Science Image,2025-06-11T08:34:11Z
297925,0.6,20.69,Science Image,2025-06-11T09:29:44Z
297926,0.6,3.3,Science Image,2025-06-11T09:29:44Z
297934,0.7,-17.94,Science Image,2025-06-11T10:39:55Z
298086,0.95,-21.28,Est. from Guider,2025-06-12T03:37:40Z
298088,1.1,27.03,Est. from Guider,2025-06-12T05:03:14Z
298089,1.1,7.09,Est. from Guider,2025-06-12T05:03:14Z
298090,1.3,-1.74,Est. from Guider,2025-06-12T05:22:19Z
298095,0.82,19.14,Est. from Guider,2025-06-12T07:20:33Z
298103,0.72,-3.81,Est. from Guider,2025-06-12T08:12:55Z
298104,0.58,18.2,Est. from Guider,2025-06-12T08:56:47Z
298105,0.58,-7.88,Est. from Guider,2025-06-12T08:56:47Z
298106,0.87,15.41,Est. from Guider,2025-06-12T09:45:16Z
298107,0.87,-5.41,Est. from Guider,2025-06-12T09:45:16Z
298110,0.94,11.27,Est. from Guider,2025-06-12T10:41:13Z
298111,0.94,-10.18,Est. from Guider,2025-06-12T10:41:13Z
299862,1.0,-29.54,Focus,2025-06-29T03:40:34Z
299863,1.3,24.55,Focus,2025-06-29T04:52:42Z
299864,1.3,3.12,Focus,2025-06-29T04:52:42Z
299865,1.3,-23.54,Focus,2025-06-29T04:52:42Z
299866,0.6,28.05,Focus,2025-06-29T06:20:26Z
299867,0.6,10.36,Focus,2025-06-29T06:20:26Z
299868,0.6,-5.46,Focus,2025-06-29T06:20:26Z
299869,0.52,-8.28,Focus,2025-06-29T06:33:02Z
299870,0.52,-24.29,Focus,2025-06-29T06:33:02Z
299872,1.0,16.26,Focus,2025-06-29T07:46:51Z
299873,1.0,-0.4,Focus,2025-06-29T07:46:51Z
299874,1.0,-18.09,Focus,2025-06-29T07:46:51Z
300017,0.6,-22.15,Est. from Guider,2025-06-30T03:55:33Z
300018,1.15,20.1,Est. from Guider,2025-06-30T04:54:04Z
300019,1.15,-0.29,Est. from Guider,2025-06-30T04:54:04Z
300020,0.9,26.13,Est. from Guider,2025-06-30T05:46:47Z
300021,0.9,-1.54,Est. from Guider,2025-06-30T05:46:47Z
300022,0.9,-20.8,Est. from Guider,2025-06-30T05:46:47Z
300023,0.93,12.73,Est. from Guider,2025-06-30T06:40:55Z
300024,0.93,-8.65,Est. from Guider,2025-06-30T06:40:55Z
300025,0.98,9.01,Est. from Guider,2025-06-30T07:19:32Z
300026,0.98,-11.72,Est. from Guider,2025-06-30T07:19:32Z
300027,1.54,12.61,Est. from Guider,2025-06-30T08:08:21Z
300036,1.09,13.18,Est. from Guider,2025-06-30T10:27:40Z
300037,1.09,-1.01,Est. from Guider,2025-06-30T10:27:40Z
300038,0.82,-2.22,Est. from Guider,2025-06-30T10:43:26Z
300039,0.82,-18.48,Est. from Guider,2025-06-30T10:43:26Z
300794,0.7,-26.7,Science Image,2025-07-06T06:20:02Z
300795,1.0,13.1,Science Image,2025-07-06T07:21:31Z
300796,1.0,-9.31,Science Image,2025-07-06T07:21:31Z
300797,0.9,-3.19,Science Image,2025-07-06T07:51:21Z
300798,1.0,-7.58,Science Image,2025-07-06T08:15:11Z
300799,0.8,0.48,Science Image,2025-07-06T08:54:03Z
300800,0.9,-4.5,Science Image,2025-07-06T09:22:06Z
300801,0.7,19.48,Science Image,2025-07-06T10:09:31Z
300802,0.7,0.27,Science Image,2025-07-06T10:09:31Z
300803,0.9,-14.8,Science Image,2025-07-06T10:20:09Z
300938,0.75,-10.09,Science Image,2025-07-07T03:44:04Z
300939,1.0,4.0,Science Image,2025-07-07T04:11:02Z
300940,1.0,-8.36,Science Image,2025-07-07T04:11:02Z
300941,0.8,3.37,Science Image,2025-07-07T04:35:19Z
300942,0.9,-3.92,Science Image,2025-07-07T04:46:36Z
300943,0.8,8.54,Science Image,2025-07-07T05:20:46Z
300944,0.8,5.74,Science Image,2025-07-07T05:35:21Z
300945,0.8,-9.0,Science Image,2025-07-07T05:35:21Z
300946,0.7,10.76,Science Image,2025-07-07T06:10:03Z
300947,0.7,-4.67,Science Image,2025-07-07T06:10:03Z
300948,0.75,12.68,Science Image,2025-07-07T06:43:38Z
300949,0.75,-6.53,Science Image,2025-07-07T06:43:38Z
300950,0.7,19.75,Science Image,2025-07-07T07:31:00Z
300951,0.7,-1.53,Science Image,2025-07-07T07:31:00Z
300960,0.8,0.93,Science Image,2025-07-07T09:38:08Z
300961,0.55,-12.23,Science Image,2025-07-07T09:44:51Z
301095,1.05,1.09,Science Image,2025-07-08T06:17:28Z
301096,1.05,-21.27,Science Image,2025-07-08T06:17:28Z
301238,0.7,7.63,Science Image,2025-07-09T08:45:26Z
301240,0.9,-2.77,Science Image,2025-07-09T10:34:36Z
301241,0.9,-23.08,Science Image,2025-07-09T10:34:36Z
301376,0.74,-14.58,Science Image,2025-07-10T04:00:28Z
301378,1.02,19.31,Science Image,2025-07-10T05:16:47Z
301379,1.02,-5.43,Science Image,2025-07-10T05:16:47Z
301532,1.0,-18.01,Science Image,2025-07-11T03:37:30Z
301533,1.06,0.25,Science Image,2025-07-11T04:13:45Z
302350,0.8,-5.84,Est. from Guider,2025-07-18T08:04:06Z
302351,0.9,4.06,Est. from Guider,2025-07-18T08:38:05Z
302352,0.97,-13.21,Est. from Guider,2025-07-18T08:49:26Z
302353,0.8,-6.15,Est. from Guider,2025-07-18T09:19:28Z
302354,0.76,8.71,Est. from Guider,2025-07-18T09:54:04Z
302355,0.9,4.62,Est. from Guider,2025-07-18T10:12:41Z
302356,0.81,-3.49,Est. from Guider,2025-07-18T10:26:59Z
302357,0.95,7.27,Est. from Guider,2025-07-18T11:00:16Z
302358,0.85,1.51,Est. from Guider,2025-07-18T11:13:42Z
307509,0.53,19.19,Science Image,2025-08-21T09:00:20Z
307510,0.53,-1.69,Science Image,2025-08-21T09:00:20Z
307991,0.6,12.91,Focus,2025-08-24T07:42:27Z
307992,0.7,2.53,Focus,2025-08-24T07:51:04Z
307993,0.7,-15.6,Focus,2025-08-24T07:51:04Z
307995,0.9,29.8,Focus,2025-08-24T09:19:45Z
307996,0.9,10.8,Focus,2025-08-24T09:19:45Z
307997,0.9,-4.05,Focus,2025-08-24T09:19:45Z
307998,1.4,14.81,Focus,2025-08-24T09:51:24Z
307999,1.6,-1.53,Focus,2025-08-24T10:00:40Z
308000,1.6,-14.57,Focus,2025-08-24T10:00:40Z
308004,0.8,27.3,Focus,2025-08-24T11:35:36Z
308005,0.8,5.68,Focus,2025-08-24T11:35:36Z
308006,0.8,-14.01,Focus,2025-08-24T11:35:36Z
308442,1.2,11.65,Focus,2025-08-27T08:19:13Z
308443,1.2,-8.87,Focus,2025-08-27T08:19:13Z
308444,1.0,5.62,Focus,2025-08-27T08:55:44Z
308445,0.9,12.59,Focus,2025-08-27T09:22:32Z
308446,0.9,-4.77,Focus,2025-08-27T09:22:32Z
308452,1.1,-28.79,Focus,2025-08-27T09:40:26Z
308601,0.8,-6.72,Focus,2025-08-28T09:46:42Z
308602,0.7,-9.64,Focus,2025-08-28T10:03:53Z
308603,0.9,-1.87,Focus,2025-08-28T10:30:49Z
308604,0.8,-0.04,Focus,2025-08-28T10:53:29Z
308605,0.7,-10.74,Focus,2025-08-28T11:05:25Z
308606,0.7,-0.87,Focus,2025-08-28T11:35:47Z
308886,0.9,-2.7,Est. from Guider,2025-08-30T02:53:10Z
308887,0.9,-16.63,Est. from Guider,2025-08-30T02:53:10Z
308900,0.65,3.4,Est. from Guider,2025-08-30T07:55:48Z
308901,0.65,-20.11,Est. from Guider,2025-08-30T07:55:48Z
309049,1.3,-6.93,Est. from Guider,2025-08-31T02:51:09Z
309065,0.6,25.37,Est. from Guider,2025-08-31T07:56:18Z
309066,0.6,-3.17,Est. from Guider,2025-08-31T07:56:18Z
309067,0.6,-25.29,Est. from Guider,2025-08-31T07:56:18Z
309077,0.7,14.53,Est. from Guider,2025-08-31T11:45:16Z
309078,0.7,-2.53,Est. from Guider,2025-08-31T11:45:16Z
309079,0.7,-18.34,Est. from Guider,2025-08-31T11:45:16Z
310097,0.8,6.29,Science Image,2025-09-09T03:02:09Z
310098,0.9,-3.04,Science Image,2025-09-09T03:09:28Z
310099,0.75,21.75,Science Image,2025-09-09T03:53:53Z
310100,0.75,-0.88,Science Image,2025-09-09T03:53:53Z
310108,0.9,15.86,Science Image,2025-09-09T06:45:49Z
310109,0.9,-7.6,Science Image,2025-09-09T06:45:49Z
310110,1.0,11.35,Science Image,2025-09-09T07:27:00Z
310111,0.8,-2.06,Science Image,2025-09-09T07:35:57Z
310112,0.65,21.71,Science Image,2025-09-09T08:20:56Z
310113,0.65,1.48,Science Image,2025-09-09T08:20:56Z
310114,0.65,-21.6,Science Image,2025-09-09T08:20:56Z
310115,0.65,24.19,Science Image,2025-09-09T09:38:35Z
310117,0.65,-6.97,Science Image,2025-09-09T09:38:35Z
310135,0.55,-21.83,Science Image,2025-09-09T11:39:40Z
310326,2.0,-2.78,Science Image,2025-09-10T04:52:27Z
310327,2.0,-26.57,Science Image,2025-09-10T04:52:27Z
310342,1.1,-0.26,Science Image,2025-09-10T08:25:45Z
310343,1.1,-21.81,Science Image,2025-09-10T08:25:45Z
310344,0.9,2.62,Science Image,2025-09-10T09:16:27Z
310350,0.8,13.04,Science Image,2025-09-10T11:02:26Z
310351,0.8,-10.58,Science Image,2025-09-10T11:02:26Z
310352,0.7,-9.2,Science Image,2025-09-10T11:24:16Z
311032,0.86,-16.22,Focus,2025-09-14T02:29:02Z
311033,0.86,-28.46,Focus,2025-09-14T02:29:02Z
311039,0.75,7.47,Science Image,2025-09-14T05:05:12Z
311040,0.75,-20.91,Science Image,2025-09-14T05:05:12Z
311048,0.65,15.72,Science Image,2025-09-14T08:51:00Z
311049,0.65,-5.96,Science Image,2025-09-14T08:51:00Z
312109,0.9,14.88,Est. from Guider,2025-09-21T08:13:59Z
312110,0.9,-7.23,Est. from Guider,2025-09-21T08:13:59Z
312111,0.67,2.77,Est. from Guider,2025-09-21T08:44:43Z
312112,0.8,-10.73,Est. from Guider,2025-09-21T08:54:00Z
312113,0.68,19.23,Est. from Guider,2025-09-21T09:47:27Z
312114,0.68,-3.21,Est. from Guider,2025-09-21T09:47:27Z
312115,0.75,13.57,Est. from Guider,2025-09-21T10:25:31Z
312116,0.75,-6.16,Est. from Guider,2025-09-21T10:25:31Z
312117,0.77,20.78,Est. from Guider,2025-09-21T11:11:34Z
312118,0.77,1.37,Est. from Guider,2025-09-21T11:11:34Z
312119,0.77,-17.79,Est. from Guider,2025-09-21T11:11:34Z
312260,0.62,-1.17,Est. from Guider,2025-09-22T05:51:22Z
312261,0.62,-22.53,Est. from Guider,2025-09-22T05:51:22Z
312262,0.7,11.39,Est. from Guider,2025-09-22T06:41:55Z
312263,0.65,0.13,Est. from Guider,2025-09-22T06:48:55Z
312264,0.65,-19.9,Est. from Guider,2025-09-22T06:48:55Z
312773,0.85,8.05,Science Image,2025-09-25T02:33:55Z
312774,0.85,-8.79,Science Image,2025-09-25T02:33:55Z
312775,0.7,-3.12,Science Image,2025-09-25T03:04:01Z
312776,0.7,-28.56,Science Image,2025-09-25T03:04:01Z
312781,0.42,15.17,Science Image,2025-09-25T05:50:53Z
312782,0.42,-9.08,Science Image,2025-09-25T05:50:53Z
312783,0.5,5.37,Science Image,2025-09-25T06:29:17Z
312784,0.5,1.65,Science Image,2025-09-25T06:48:10Z
312785,0.7,1.26,Science Image,2025-09-25T07:09:52Z
312786,0.7,-21.34,Science Image,2025-09-25T07:09:52Z
313346,1.25,15.75,Est. from Guider,2025-09-28T03:28:46Z
313507,0.75,-10.2,Est. from Guider,2025-09-29T02:12:51Z
313508,0.75,-28.92,Est. from Guider,2025-09-29T02:12:51Z
313517,1.25,-23.94,Est. from Guider,2025-09-29T06:07:22Z
313523,0.9,12.51,Est. from Guider,2025-09-29T08:58:44Z
313524,0.9,-7.79,Est. from Guider,2025-09-29T08:58:44Z
313525,0.9,-27.36,Est. from Guider,2025-09-29T08:58:44Z
313531,0.77,17.02,Est. from Guider,2025-09-29T12:05:26Z
313532,0.77,-2.76,Est. from Guider,2025-09-29T12:05:26Z
313533,0.77,-13.38,Est. from Guider,2025-09-29T12:05:26Z
313534,0.77,-23.99,Est. from Guider,2025-09-29T12:05:26Z
313714,1.2,12.77,Est. from Guider,2025-09-30T08:29:55Z
313715,1.3,-3.82,Est. from Guider,2025-09-30T08:30:04Z
313716,1.3,-20.5,Est. from Guider,2025-09-30T08:30:04Z
313723,0.7,4.24,Est. from Guider,2025-09-30T11:22:23Z
313724,0.7,-12.76,Est. from Guider,2025-09-30T11:22:23Z
313725,0.7,-28.23,Est. from Guider,2025-09-30T11:22:23Z
313913,0.6,6.94,Science Image,2025-10-01T02:26:50Z
313914,0.6,-11.33,Science Image,2025-10-01T02:26:50Z
313916,0.75,24.34,Science Image,2025-10-01T03:54:03Z
313917,0.75,-1.33,Science Image,2025-10-01T03:54:03Z
313919,1.1,-12.22,Science Image,2025-10-01T04:11:10Z
313920,1.1,-29.33,Science Image,2025-10-01T04:11:10Z
313923,0.85,20.85,Science Image,2025-10-01T05:52:06Z
313924,0.85,7.63,Science Image,2025-10-01T05:52:06Z
313925,0.85,-3.76,Science Image,2025-10-01T05:52:06Z
313926,0.85,-22.39,Science Image,2025-10-01T05:52:06Z
313935,0.9,6.35,Est. from Guider,2025-10-01T10:15:09Z
313936,0.75,-16.08,Science Image,2025-10-01T10:17:30Z
314111,0.86,22.82,Est. from Guider,2025-10-02T04:47:55Z
314112,0.86,6.8,Est. from Guider,2025-10-02T04:47:55Z
314113,0.86,-8.25,Est. from Guider,2025-10-02T04:47:55Z
314114,1.1,16.03,Est. from Guider,2025-10-02T05:27:04Z
314115,1.1,2.3,Est. from Guider,2025-10-02T05:27:04Z
314116,1.1,-11.33,Est. from Guider,2025-10-02T05:27:04Z
314117,1.1,-23.82,Est. from Guider,2025-10-02T05:27:04Z
314119,0.91,19.43,Est. from Guider,2025-10-02T06:38:02Z
314120,0.91,-4.02,Est. from Guider,2025-10-02T06:38:02Z
314121,0.77,-15.42,Est. from Guider,2025-10-02T06:49:38Z
314125,0.75,25.77,Est. from Guider,2025-10-02T08:56:06Z
314126,0.75,7.57,Est. from Guider,2025-10-02T08:56:06Z
314127,0.75,-10.05,Est. from Guider,2025-10-02T08:56:06Z
314128,0.75,-29.36,Est. from Guider,2025-10-02T08:56:06Z
314133,1.2,17.86,Est. from Guider,2025-10-02T11:34:44Z
314134,1.2,-5.5,Est. from Guider,2025-10-02T11:34:44Z
314260,1.3,21.72,Est. from Guider,2025-10-03T02:55:43Z
314261,1.3,-2.19,Est. from Guider,2025-10-03T02:55:43Z
314264,1.0,11.18,Est. from Guider,2025-10-03T04:27:35Z
314265,1.0,-7.78,Est. from Guider,2025-10-03T04:27:35Z
314266,1.0,-22.6,Est. from Guider,2025-10-03T04:27:35Z
314272,0.65,26.85,Est. from Guider,2025-10-03T06:46:20Z
314273,0.65,-2.37,Est. from Guider,2025-10-03T06:46:20Z
314274,0.65,-29.88,Est. from Guider,2025-10-03T06:46:20Z
314277,0.59,19.87,Est. from Guider,2025-10-03T08:57:33Z
314278,0.59,0.82,Est. from Guider,2025-10-03T08:57:33Z
314279,0.59,-20.96,Est. from Guider,2025-10-03T08:57:33Z
314292,0.75,-12.65,Est. from Guider,2025-10-03T11:56:19Z
314293,0.75,-29.22,Est. from Guider,2025-10-03T11:56:19Z
314444,0.8,2.03,Science Image,2025-10-04T02:15:26Z
314447,1.36,7.58,Science Image,2025-10-04T03:14:09Z
314448,1.36,-11.04,Science Image,2025-10-04T03:14:09Z
314449,0.7,18.52,Science Image,2025-10-04T04:00:24Z
314450,0.7,-2.75,Science Image,2025-10-04T04:00:24Z
314451,0.7,-20.07,Science Image,2025-10-04T04:00:24Z
314456,1.3,27.66,Science Image,2025-10-04T06:36:23Z
314457,1.3,6.7,Science Image,2025-10-04T06:36:23Z
314458,1.3,-14.82,Science Image,2025-10-04T06:36:23Z
314459,1.0,15.83,Science Image,2025-10-04T07:28:37Z
314460,1.0,-7.21,Science Image,2025-10-04T07:28:37Z
314461,1.0,-24.73,Science Image,2025-10-04T07:28:37Z
314466,1.2,21.51,Science Image,2025-10-04T09:47:45Z
314467,1.2,5.66,Science Image,2025-10-04T09:47:45Z
314468,1.2,-10.08,Science Image,2025-10-04T09:47:45Z
314469,1.2,-25.32,Science Image,2025-10-04T09:47:45Z
314470,1.3,11.64,Science Image,2025-10-04T10:38:25Z
314471,1.3,-0.28,Science Image,2025-10-04T10:38:25Z
314472,0.6,7.53,Science Image,2025-10-04T11:03:18Z
314473,0.6,-11.59,Science Image,2025-10-04T11:03:18Z
314597,0.55,6.34,Science Image,2025-10-05T03:02:04Z
314609,1.15,-14.01,Science Image,2025-10-05T05:36:48Z
314611,0.6,10.56,Science Image,2025-10-05T06:49:14Z
314612,0.6,-11.66,Science Image,2025-10-05T06:49:14Z
314620,1.0,14.1,Science Image,2025-10-05T09:32:04Z
314621,1.0,-7.99,Science Image,2025-10-05T09:32:04Z
314768,0.9,-28.13,Science Image,2025-10-06T02:47:33Z
314771,1.05,9.51,Science Image,2025-10-06T04:34:28Z
314772,1.05,-17.66,Science Image,2025-10-06T04:34:28Z
314777,0.7,18.14,Science Image,2025-10-06T06:54:53Z
314779,0.7,-12.7,Science Image,2025-10-06T06:54:53Z
314780,1.05,-2.19,Science Image,2025-10-06T07:30:28Z
314782,1.0,-2.67,Science Image,2025-10-06T08:22:48Z
314783,1.0,-24.94,Science Image,2025-10-06T08:22:48Z
314784,1.2,17.89,Science Image,2025-10-06T09:31:05Z
314785,1.2,-8.52,Science Image,2025-10-06T09:31:05Z
314786,1.2,-28.97,Science Image,2025-10-06T09:31:05Z
314944,0.9,-6.78,Science Image,2025-10-07T03:51:09Z
314948,1.01,-0.11,Science Image,2025-10-07T05:28:56Z
314949,1.01,-26.13,Science Image,2025-10-07T05:28:56Z
314971,1.2,-25.21,Science Image,2025-10-07T10:00:45Z
314972,0.82,10.35,Science Image,2025-10-07T11:04:48Z
316228,1.5,-19.2,Est. from Guider,2025-10-15T02:07:05Z
316229,1.25,3.21,Est. from Guider,2025-10-15T02:51:52Z
316230,1.25,-17.21,Est. from Guider,2025-10-15T02:51:52Z
316231,2.0,1.91,Est. from Guider,2025-10-15T03:33:08Z
316232,2.0,-24.42,Est. from Guider,2025-10-15T03:33:08Z
316400,2.0,29.25,Est. from Guider,2025-10-16T03:26:25Z
316402,2.0,-2.84,Est. from Guider,2025-10-16T03:26:25Z
316403,2.0,-25.1,Est. from Guider,2025-10-16T03:26:25Z
316409,1.8,13.71,Est. from Guider,2025-10-16T06:14:38Z
316410,1.8,-15.31,Est. from Guider,2025-10-16T06:14:38Z
316424,1.85,28.8,Est. from Guider,2025-10-16T11:56:21Z
316425,1.85,6.06,Est. from Guider,2025-10-16T11:56:21Z
316426,1.85,-18.57,Est. from Guider,2025-10-16T11:56:21Z
316564,1.8,-17.77,Est. from Guider,2025-10-17T02:07:12Z
316565,1.5,13.94,Est. from Guider,2025-10-17T02:57:08Z
316566,1.5,2.28,Est. from Guider,2025-10-17T02:57:08Z
316567,1.5,-12.07,Est. from Guider,2025-10-17T02:57:08Z
316568,1.2,28.0,Est. from Guider,2025-10-17T03:57:31Z
316569,1.2,-0.08,Est. from Guider,2025-10-17T03:57:31Z
316570,1.1,23.34,Est. from Guider,2025-10-17T04:48:34Z
316571,1.1,-5.08,Est. from Guider,2025-10-17T04:48:34Z
316572,1.2,26.29,Est. from Guider,2025-10-17T05:47:32Z
316573,1.2,-0.66,Est. from Guider,2025-10-17T05:47:32Z
316574,1.2,-28.28,Est. from Guider,2025-10-17T05:47:32Z
316576,1.2,13.83,Est. from Guider,2025-10-17T07:10:53Z
316577,1.2,-10.63,Est. from Guider,2025-10-17T07:10:53Z
316742,1.4,8.71,Est. from Guider,2025-10-18T02:11:04Z
316743,1.4,-14.22,Est. from Guider,2025-10-18T02:11:04Z
316744,1.7,4.53,Est. from Guider,2025-10-18T02:50:15Z
316745,1.8,14.48,Est. from Guider,2025-10-18T03:23:17Z
316746,1.8,-8.02,Est. from Guider,2025-10-18T03:23:17Z
316747,1.2,-0.17,Est. from Guider,2025-10-18T03:54:49Z
316748,0.98,13.21,Est. from Guider,2025-10-18T04:25:46Z
316749,0.98,-7.5,Est. from Guider,2025-10-18T04:25:46Z
316750,1.05,-11.53,Est. from Guider,2025-10-18T04:48:33Z
316751,1.5,1.73,Est. from Guider,2025-10-18T05:29:21Z
316752,1.04,-1.5,Est. from Guider,2025-10-18T05:49:19Z
316753,1.1,3.87,Est. from Guider,2025-10-18T06:14:25Z
316754,1.1,-14.22,Est. from Guider,2025-10-18T06:14:25Z
316755,0.88,17.05,Est. from Guider,2025-10-18T07:03:27Z
316756,0.88,-0.25,Est. from Guider,2025-10-18T07:03:27Z
316757,0.89,0.58,Est. from Guider,2025-10-18T07:26:41Z
316758,0.77,7.43,Est. from Guider,2025-10-18T07:56:20Z
316759,1.05,3.89,Est. from Guider,2025-10-18T08:11:49Z
316760,0.87,12.83,Est. from Guider,2025-10-18T08:40:54Z
316761,0.95,3.96,Est. from Guider,2025-10-18T08:50:35Z
316762,0.95,-15.03,Est. from Guider,2025-10-18T08:50:35Z
316763,2.1,-1.86,Est. from Guider,2025-10-18T09:23:30Z
316764,2.05,2.12,Est. from Guider,2025-10-18T09:50:40Z
316766,1.05,3.6,Est. from Guider,2025-10-18T10:32:02Z
316767,0.98,-6.75,Est. from Guider,2025-10-18T10:50:34Z
316768,0.95,9.61,Est. from Guider,2025-10-18T11:31:45Z
316769,1.1,12.05,Est. from Guider,2025-10-18T11:56:36Z
316770,1.3,1.52,Est. from Guider,2025-10-18T12:14:36Z
316906,1.0,28.65,Est. from Guider,2025-10-19T02:22:46Z
316907,1.0,19.83,Est. from Guider,2025-10-19T02:22:46Z
316908,1.0,3.37,Est. from Guider,2025-10-19T02:22:46Z
316909,1.0,-19.93,Est. from Guider,2025-10-19T02:22:46Z
316912,0.95,6.9,Est. from Guider,2025-10-19T03:55:58Z
316915,0.9,25.42,Est. from Guider,2025-10-19T05:01:38Z
316916,0.9,11.05,Est. from Guider,2025-10-19T05:01:38Z
316917,0.9,-8.77,Est. from Guider,2025-10-19T05:01:38Z
316918,0.9,-29.77,Est. from Guider,2025-10-19T05:01:38Z
316928,0.9,23.87,Est. from Guider,2025-10-19T09:30:06Z
316929,0.9,7.32,Est. from Guider,2025-10-19T09:30:06Z
316930,0.9,-10.35,Est. from Guider,2025-10-19T09:30:06Z
316933,1.1,19.95,Est. from Guider,2025-10-19T11:07:55Z
316934,1.1,-5.7,Est. from Guider,2025-10-19T11:07:55Z
316935,1.1,-28.1,Est. from Guider,2025-10-19T11:07:55Z
317075,1.2,-2.27,Est. from Guider,2025-10-20T01:59:18Z
317076,1.2,-12.62,Est. from Guider,2025-10-20T01:59:18Z
317077,1.1,7.69,Est. from Guider,2025-10-20T02:38:50Z
317078,1.1,15.57,Est. from Guider,2025-10-20T03:15:04Z
317079,1.1,-12.13,Est. from Guider,2025-10-20T03:15:04Z
317083,1.3,21.3,Est. from Guider,2025-10-20T05:29:17Z
317084,1.3,-3.53,Est. from Guider,2025-10-20T05:29:17Z
317085,1.4,6.36,Est. from Guider,2025-10-20T05:57:32Z
317086,1.4,-13.64,Est. from Guider,2025-10-20T05:57:32Z
317090,1.4,27.24,Est. from Guider,2025-10-20T08:10:29Z
317091,1.4,7.09,Est. from Guider,2025-10-20T08:10:29Z
317092,1.4,-13.35,Est. from Guider,2025-10-20T08:10:29Z
317093,1.1,20.25,Est. from Guider,2025-10-20T09:07:22Z
317094,1.1,-4.68,Est. from Guider,2025-10-20T09:07:22Z
317095,1.1,-14.22,Est. from Guider,2025-10-20T09:22:11Z
317098,1.0,17.47,Est. from Guider,2025-10-20T11:08:21Z
317099,1.0,-4.86,Est. from Guider,2025-10-20T11:08:21Z
317100,1.0,-23.09,Est. from Guider,2025-10-20T11:08:21Z
317101,1.0,24.15,Est. from Guider,2025-10-20T12:13:46Z
317102,1.0,2.58,Est. from Guider,2025-10-20T12:13:46Z
317103,1.0,-19.16,Est. from Guider,2025-10-20T12:13:46Z
317242,1.2,2.3,Est. from Guider,2025-10-21T01:54:59Z
317243,1.2,-11.89,Est. from Guider,2025-10-21T01:54:59Z
317244,1.3,1.24,Est. from Guider,2025-10-21T02:30:02Z
317245,1.3,-26.34,Est. from Guider,2025-10-21T02:30:02Z
317246,1.3,27.32,Est. from Guider,2025-10-21T03:47:59Z
317247,1.3,7.87,Est. from Guider,2025-10-21T03:47:59Z
317248,1.3,-16.06,Est. from Guider,2025-10-21T03:47:59Z
317249,1.1,0.4,Est. from Guider,2025-10-21T04:36:07Z
317250,1.1,-25.15,Est. from Guider,2025-10-21T04:36:07Z
317254,1.0,23.1,Est. from Guider,2025-10-21T06:59:54Z
317256,1.0,-8.43,Est. from Guider,2025-10-21T06:59:54Z
317257,1.2,27.09,Est. from Guider,2025-10-21T07:55:54Z
317258,1.2,8.05,Est. from Guider,2025-10-21T07:55:54Z
317259,1.2,-12.35,Est. from Guider,2025-10-21T07:55:54Z
317260,1.3,-1.02,Est. from Guider,2025-10-21T08:28:25Z
317261,0.85,6.45,Est. from Guider,2025-10-21T08:55:27Z
317262,0.85,-16.15,Est. from Guider,2025-10-21T08:55:27Z
317263,0.8,1.37,Est. from Guider,2025-10-21T09:35:27Z
317264,0.75,1.29,Est. from Guider,2025-10-21T09:56:21Z
317265,0.8,0.51,Est. from Guider,2025-10-21T10:18:06Z
317266,0.82,-15.31,Est. from Guider,2025-10-21T10:24:20Z
317267,0.77,-1.59,Est. from Guider,2025-10-21T10:57:23Z
317268,0.75,-0.78,Est. from Guider,2025-10-21T11:18:29Z
317269,0.85,3.14,Est. from Guider,2025-10-21T11:46:43Z
317270,0.95,-1.43,Est. from Guider,2025-10-21T12:08:42Z
317271,0.85,-6.7,Est. from Guider,2025-10-21T12:22:47Z
317409,1.4,0.84,Science Image,2025-10-22T02:50:37Z
317410,1.4,-18.7,Science Image,2025-10-22T02:50:37Z
317411,1.0,-1.76,Focus,2025-10-22T03:35:35Z
317415,0.8,-8.4,Science Image,2025-10-22T05:40:36Z
317919,0.8,20.49,Est. from Guider,2025-10-25T03:22:50Z
317920,0.8,-4.88,Est. from Guider,2025-10-25T03:22:50Z
317921,0.8,26.49,Science Image,2025-10-25T04:16:17Z
317922,0.8,8.95,Science Image,2025-10-25T04:16:17Z
317923,0.75,10.79,Science Image,2025-10-25T04:41:04Z
317924,0.75,-11.4,Science Image,2025-10-25T04:41:04Z
317936,0.7,25.44,Science Image,2025-10-25T09:51:44Z
317937,0.7,4.16,Science Image,2025-10-25T09:51:44Z
317938,0.7,-17.39,Science Image,2025-10-25T09:51:44Z
318415,0.85,13.4,Est. from Guider,2025-10-28T02:00:31Z
318416,0.85,0.0,Est. from Guider,2025-10-28T02:00:31Z
318417,0.8,8.75,Est. from Guider,2025-10-28T02:31:12Z
318418,0.8,-17.91,Est. from Guider,2025-10-28T02:31:12Z
318420,0.84,28.87,Est. from Guider,2025-10-28T04:07:58Z
318421,0.84,1.36,Est. from Guider,2025-10-28T04:07:58Z
318422,0.84,-22.45,Est. from Guider,2025-10-28T04:07:58Z
318424,1.27,7.4,Est. from Guider,2025-10-28T05:00:23Z
318425,1.27,-11.97,Est. from Guider,2025-10-28T05:00:23Z
318432,0.61,7.87,Est. from Guider,2025-10-28T07:54:32Z
318433,0.61,-15.0,Est. from Guider,2025-10-28T07:54:32Z
318442,1.1,26.17,Est. from Guider,2025-10-28T12:23:04Z
318443,1.1,12.54,Est. from Guider,2025-10-28T12:23:04Z
318444,1.1,-4.64,Est. from Guider,2025-10-28T12:23:04Z
318445,1.1,-17.51,Est. from Guider,2025-10-28T12:23:04Z
318584,1.7,4.71,Est. from Guider,2025-10-29T01:48:19Z
318585,2.0,9.83,Est. from Guider,2025-10-29T02:13:01Z
318586,2.0,-10.53,Est. from Guider,2025-10-29T02:13:01Z
318587,1.8,6.61,Est. from Guider,2025-10-29T02:46:23Z
318588,1.8,-8.92,Est. from Guider,2025-10-29T02:46:23Z
318589,1.16,7.19,Est. from Guider,2025-10-29T03:21:58Z
318590,1.16,-7.25,Est. from Guider,2025-10-29T03:21:58Z
318591,1.16,-21.59,Est. from Guider,2025-10-29T03:21:58Z
318595,0.74,8.46,Est. from Guider,2025-10-29T05:33:17Z
318596,0.74,-11.41,Est. from Guider,2025-10-29T05:33:17Z
318600,0.96,20.05,Est. from Guider,2025-10-29T07:21:26Z
318601,0.96,-2.37,Est. from Guider,2025-10-29T07:21:26Z
318602,0.96,-26.13,Est. from Guider,2025-10-29T07:21:26Z
318614,0.83,20.14,Est. from Guider,2025-10-29T12:21:31Z
318616,0.83,-0.18,Est. from Guider,2025-10-29T12:21:31Z
318617,0.83,-12.25,Est. from Guider,2025-10-29T12:21:31Z
318618,0.83,-24.54,Est. from Guider,2025-10-29T12:21:31Z
318743,0.77,8.68,Est. from Guider,2025-10-30T04:02:52Z
318744,0.77,-15.98,Est. from Guider,2025-10-30T04:02:52Z
318749,0.6,10.71,Est. from Guider,2025-10-30T06:21:51Z
318750,0.67,-4.37,Est. from Guider,2025-10-30T06:31:55Z
318751,0.78,15.49,Est. from Guider,2025-10-30T07:16:22Z
318752,0.78,-5.39,Est. from Guider,2025-10-30T07:16:22Z
318753,0.78,-23.7,Est. from Guider,2025-10-30T07:16:22Z
318763,0.81,14.83,Est. from Guider,2025-10-30T11:24:06Z
318764,0.81,-4.62,Est. from Guider,2025-10-30T11:24:06Z
318765,0.81,-23.14,Est. from Guider,2025-10-30T11:24:06Z
318766,0.95,9.97,Est. from Guider,2025-10-30T12:21:40Z
318767,0.95,-9.7,Est. from Guider,2025-10-30T12:21:40Z
318768,0.95,-23.79,Est. from Guider,2025-10-30T12:21:40Z
318905,0.79,0.62,Est. from Guider,2025-10-31T01:47:00Z
318906,0.79,-13.44,Est. from Guider,2025-10-31T01:47:00Z
318907,0.64,2.54,Est. from Guider,2025-10-31T02:21:39Z
318908,0.64,-18.35,Est. from Guider,2025-10-31T02:21:39Z
318912,0.81,24.65,Est. from Guider,2025-10-31T04:35:30Z
318913,0.81,2.25,Est. from Guider,2025-10-31T04:35:30Z
318914,0.81,-25.97,Est. from Guider,2025-10-31T04:35:30Z
318916,0.88,19.18,Est. from Guider,2025-10-31T06:03:26Z
318917,0.88,-6.63,Est. from Guider,2025-10-31T06:03:26Z
318936,0.93,15.05,Est. from Guider,2025-10-31T12:20:43Z
318937,0.93,-1.83,Est. from Guider,2025-10-31T12:20:43Z
318938,0.93,-15.08,Est. from Guider,2025-10-31T12:20:43Z
318939,0.93,-26.23,Est. from Guider,2025-10-31T12:20:43Z
319078,0.7,-2.62,Est. from Guider,2025-11-01T01:51:44Z
319079,0.7,-22.02,Est. from Guider,2025-11-01T01:51:44Z
319090,0.84,20.34,Est. from Guider,2025-11-01T06:56:05Z
319091,0.84,2.1,Est. from Guider,2025-11-01T06:56:05Z
319092,0.84,-21.79,Est. from Guider,2025-11-01T06:56:05Z
319093,1.2,0.4,Est. from Guider,2025-11-01T07:42:41Z
319094,1.2,-23.68,Est. from Guider,2025-11-01T07:42:41Z
319100,1.25,13.92,Est. from Guider,2025-11-01T10:40:56Z
319101,1.25,-12.69,Est. from Guider,2025-11-01T10:40:56Z
319104,0.75,9.61,Est. from Guider,2025-11-01T12:15:12Z
319105,0.75,-13.74,Est. from Guider,2025-11-01T12:15:12Z
319245,0.75,-11.22,Est. from Guider,2025-11-02T01:42:51Z
319246,0.82,-11.77,Est. from Guider,2025-11-02T02:05:48Z
319252,0.65,19.78,Est. from Guider,2025-11-02T04:32:22Z
319253,0.65,1.89,Est. from Guider,2025-11-02T04:32:22Z
319254,0.8,9.82,Est. from Guider,2025-11-02T05:00:20Z
319255,0.8,-7.93,Est. from Guider,2025-11-02T05:00:20Z
319256,0.58,2.47,Est. from Guider,2025-11-02T05:26:50Z
319257,0.5,5.08,Est. from Guider,2025-11-02T05:43:46Z
319258,0.95,11.55,Est. from Guider,2025-11-02T06:08:41Z
319259,0.95,-14.3,Est. from Guider,2025-11-02T06:08:41Z
319260,0.6,-7.93,Est. from Guider,2025-11-02T06:41:58Z
319261,0.8,16.73,Est. from Guider,2025-11-02T07:29:09Z
319262,0.8,-5.63,Est. from Guider,2025-11-02T07:29:09Z
319263,1.3,4.03,Est. from Guider,2025-11-02T08:01:30Z
319264,0.8,2.0,Est. from Guider,2025-11-02T08:22:31Z
319265,0.68,3.06,Est. from Guider,2025-11-02T08:46:30Z
319266,0.73,3.86,Est. from Guider,2025-11-02T09:12:38Z
319267,0.63,-3.13,Est. from Guider,2025-11-02T09:30:31Z
319268,1.0,-6.33,Est. from Guider,2025-11-02T09:52:32Z
319269,0.54,7.42,Est. from Guider,2025-11-02T10:30:28Z
319270,0.63,-13.4,Est. from Guider,2025-11-02T10:30:34Z
319271,0.9,-4.72,Est. from Guider,2025-11-02T11:03:33Z
319272,0.68,-9.61,Est. from Guider,2025-11-02T11:20:16Z
319273,0.65,3.7,Est. from Guider,2025-11-02T11:53:08Z
319274,0.7,-8.49,Est. from Guider,2025-11-02T11:58:28Z
319275,0.7,-24.95,Est. from Guider,2025-11-02T11:58:28Z
319413,0.77,9.09,Est. from Guider,2025-11-03T01:53:04Z
319414,0.74,-1.5,Est. from Guider,2025-11-03T02:08:15Z
319428,0.71,7.57,Est. from Guider,2025-11-03T03:55:20Z
319429,0.65,-2.82,Est. from Guider,2025-11-03T04:13:22Z
319430,0.52,4.15,Est. from Guider,2025-11-03T04:46:47Z
319431,0.8,-8.58,Est. from Guider,2025-11-03T05:01:44Z
319432,0.75,-2.73,Est. from Guider,2025-11-03T05:26:30Z
319433,0.55,-14.89,Est. from Guider,2025-11-03T05:35:43Z
319434,0.9,24.62,Est. from Guider,2025-11-03T06:36:40Z
319435,0.9,-1.56,Est. from Guider,2025-11-03T06:36:40Z
319436,1.1,-8.26,Est. from Guider,2025-11-03T06:54:23Z
319437,0.8,-2.45,Est. from Guider,2025-11-03T07:17:43Z
319438,0.57,-0.18,Est. from Guider,2025-11-03T07:44:24Z
319439,0.65,11.51,Est. from Guider,2025-11-03T08:25:59Z
319440,0.95,-3.08,Est. from Guider,2025-11-03T08:37:33Z
319441,0.95,-25.61,Est. from Guider,2025-11-03T08:37:33Z
319622,0.82,14.08,Est. from Guider,2025-11-04T09:07:35Z
319623,0.82,-6.3,Est. from Guider,2025-11-04T09:07:35Z
319624,0.62,2.42,Est. from Guider,2025-11-04T09:36:24Z
319625,0.57,-3.39,Est. from Guider,2025-11-04T09:51:06Z
319626,0.47,-3.68,Est. from Guider,2025-11-04T10:13:04Z
319627,0.64,-14.85,Est. from Guider,2025-11-04T10:25:24Z
319628,0.55,-5.25,Est. from Guider,2025-11-04T11:03:13Z
319629,0.65,6.8,Est. from Guider,2025-11-04T11:41:53Z
319631,0.65,16.65,Est. from Guider,2025-11-04T12:15:46Z
319632,0.65,1.25,Est. from Guider,2025-11-04T12:15:46Z
319633,0.65,-11.21,Est. from Guider,2025-11-04T12:15:46Z
319634,0.65,-24.75,Est. from Guider,2025-11-04T12:15:46Z
319785,0.76,2.11,Est. from Guider,2025-11-05T02:58:49Z
319786,0.6,2.68,Est. from Guider,2025-11-05T03:27:16Z
319787,0.6,-23.8,Est. from Guider,2025-11-05T03:27:16Z
319788,0.9,20.01,Est. from Guider,2025-11-05T04:31:08Z
319789,0.9,0.16,Est. from Guider,2025-11-05T04:31:08Z
319790,0.9,4.78,Est. from Guider,2025-11-05T04:54:32Z
319791,0.9,-13.0,Est. from Guider,2025-11-05T04:54:32Z
319792,0.56,2.36,Est. from Guider,2025-11-05T05:28:19Z
319808,1.0,4.02,Est. from Guider,2025-11-05T11:36:09Z
319809,1.0,-18.21,Est. from Guider,2025-11-05T11:36:09Z
319810,0.55,8.02,Est. from Guider,2025-11-05T12:22:39Z
319811,0.55,-13.35,Est. from Guider,2025-11-05T12:22:39Z
320672,1.4,23.78,Est. from Guider,2025-11-10T01:59:54Z
320673,1.4,4.82,Est. from Guider,2025-11-10T01:59:54Z
320674,1.4,-12.77,Est. from Guider,2025-11-10T01:59:54Z
320675,1.7,2.71,Est. from Guider,2025-11-10T02:32:41Z
320676,1.3,15.73,Est. from Guider,2025-11-10T03:09:07Z
320677,1.3,-4.33,Est. from Guider,2025-11-10T03:09:07Z
320678,1.2,4.3,Est. from Guider,2025-11-10T03:29:01Z
320679,1.2,4.7,Est. from Guider,2025-11-10T03:50:53Z
320680,1.2,-13.95,Est. from Guider,2025-11-10T03:50:53Z
320681,1.1,8.14,Est. from Guider,2025-11-10T04:31:42Z
320682,1.1,-10.66,Est. from Guider,2025-11-10T04:31:42Z
320683,1.0,7.39,Est. from Guider,2025-11-10T05:09:00Z
320684,1.0,-14.41,Est. from Guider,2025-11-10T05:09:00Z
320685,0.9,10.31,Est. from Guider,2025-11-10T05:52:41Z
320686,0.9,-0.42,Est. from Guider,2025-11-10T05:52:41Z
320687,1.4,7.04,Est. from Guider,2025-11-10T06:18:20Z
320689,1.4,-23.99,Est. from Guider,2025-11-10T06:18:20Z
320690,1.2,17.47,Est. from Guider,2025-11-10T07:19:19Z
320691,1.2,-1.84,Est. from Guider,2025-11-10T07:19:19Z
320692,1.2,-25.49,Est. from Guider,2025-11-10T07:19:19Z
320693,1.1,29.38,Est. from Guider,2025-11-10T08:34:13Z
320694,1.1,13.78,Est. from Guider,2025-11-10T08:34:13Z
320695,1.1,-2.22,Est. from Guider,2025-11-10T08:34:13Z
320696,1.1,-19.11,Est. from Guider,2025-11-10T08:34:13Z
320697,1.2,16.78,Est. from Guider,2025-11-10T09:28:07Z
320698,1.2,-5.57,Est. from Guider,2025-11-10T09:28:07Z
320699,1.3,-0.67,Est. from Guider,2025-11-10T09:51:02Z
320701,1.0,4.25,Est. from Guider,2025-11-10T10:15:21Z
320702,0.8,9.58,Est. from Guider,2025-11-10T10:44:09Z
320703,0.8,-9.54,Est. from Guider,2025-11-10T10:44:09Z
320705,0.8,29.95,Est. from Guider,2025-11-10T12:09:27Z
320706,0.8,0.2,Est. from Guider,2025-11-10T12:09:27Z
320707,0.8,-24.3,Est. from Guider,2025-11-10T12:09:27Z
320842,0.6,-6.78,Est. from Guider,2025-11-11T01:43:40Z
320843,0.55,0.5,Est. from Guider,2025-11-11T02:11:16Z
320844,0.55,-19.66,Est. from Guider,2025-11-11T02:11:16Z
320848,0.7,10.22,Est. from Guider,2025-11-11T04:16:14Z
320852,0.7,-19.09,Est. from Guider,2025-11-11T04:32:46Z
321015,0.97,26.12,Est. from Guider,2025-11-12T05:21:38Z
321016,0.97,15.09,Est. from Guider,2025-11-12T05:21:38Z
321017,0.97,-4.85,Est. from Guider,2025-11-12T05:21:38Z
321018,0.97,-29.08,Est. from Guider,2025-11-12T05:21:38Z
321021,1.38,20.94,Est. from Guider,2025-11-12T07:02:53Z
321030,0.9,13.3,Est. from Guider,2025-11-12T09:58:11Z
321031,1.0,6.5,Est. from Guider,2025-11-12T10:11:44Z
321032,1.0,-13.0,Est. from Guider,2025-11-12T10:11:44Z
321034,1.08,14.4,Est. from Guider,2025-11-12T11:19:39Z
321035,1.08,-10.21,Est. from Guider,2025-11-12T11:19:39Z
321177,0.82,-0.7,Est. from Guider,2025-11-13T02:01:17Z
321178,0.8,-7.43,Est. from Guider,2025-11-13T02:12:42Z
321179,0.8,-26.34,Est. from Guider,2025-11-13T02:12:42Z
321181,0.85,28.69,Est. from Guider,2025-11-13T03:57:25Z
321183,0.85,-1.97,Est. from Guider,2025-11-13T03:57:25Z
321294,1.09,2.0,Est. from Guider,2025-11-13T07:16:21Z
321295,1.09,-16.04,Est. from Guider,2025-11-13T07:16:21Z
321298,1.0,-9.73,Est. from Guider,2025-11-13T11:14:48Z
321299,1.0,-29.27,Est. from Guider,2025-11-13T11:14:48Z
321437,1.0,8.13,Est. from Guider,2025-11-14T01:43:27Z
321438,1.0,-4.63,Est. from Guider,2025-11-14T01:43:27Z
321439,1.0,-24.7,Est. from Guider,2025-11-14T01:43:27Z
321446,1.0,28.99,Est. from Guider,2025-11-14T04:56:30Z
321447,1.0,6.16,Est. from Guider,2025-11-14T04:56:30Z
321448,1.0,2.97,Est. from Guider,2025-11-14T05:17:16Z
321449,1.0,-22.64,Est. from Guider,2025-11-14T05:17:16Z
321455,1.2,16.74,Est. from Guider,2025-11-14T08:05:09Z
321456,1.2,-7.93,Est. from Guider,2025-11-14T08:05:09Z
321458,1.0,21.01,Est. from Guider,2025-11-14T09:26:26Z
321459,1.0,-5.94,Est. from Guider,2025-11-14T09:26:26Z
321462,1.0,13.83,Est. from Guider,2025-11-14T11:08:32Z
321463,1.0,-6.08,Est. from Guider,2025-11-14T11:08:32Z
321464,1.0,-27.28,Est. from Guider,2025-11-14T11:08:32Z
321605,2.0,26.47,Est. from Guider,2025-11-15T02:31:07Z
321606,2.0,6.09,Est. from Guider,2025-11-15T02:31:07Z
321607,2.0,-12.64,Est. from Guider,2025-11-15T02:31:07Z
321608,2.0,-26.15,Est. from Guider,2025-11-15T02:31:07Z
321611,1.0,26.5,Est. from Guider,2025-11-15T04:24:41Z
321612,1.0,5.06,Est. from Guider,2025-11-15T04:24:41Z
321613,1.0,-12.05,Est. from Guider,2025-11-15T04:24:41Z
321616,1.0,10.51,Est. from Guider,2025-11-15T05:52:44Z
321617,1.0,-10.23,Est. from Guider,2025-11-15T05:52:44Z
321621,1.1,18.31,Est. from Guider,2025-11-15T08:03:49Z
321622,1.1,-2.81,Est. from Guider,2025-11-15T08:03:49Z
321623,1.2,13.85,Est. from Guider,2025-11-15T08:41:50Z
321624,1.2,-10.4,Est. from Guider,2025-11-15T08:41:50Z
321630,1.3,16.17,Est. from Guider,2025-11-15T11:20:19Z
321631,1.3,-7.72,Est. from Guider,2025-11-15T11:20:19Z
321632,1.3,2.75,Est. from Guider,2025-11-15T11:51:51Z
321633,1.3,-23.44,Est. from Guider,2025-11-15T11:51:51Z
323061,0.75,21.57,Science Image,2025-11-25T03:29:30Z
323062,0.75,1.61,Science Image,2025-11-25T03:29:30Z
323063,0.75,-15.61,Science Image,2025-11-25T03:29:30Z
323066,1.1,17.71,Science Image,2025-11-25T04:55:08Z
323067,1.1,-0.28,Science Image,2025-11-25T04:55:08Z
323068,1.3,14.52,Science Image,2025-11-25T05:28:55Z
323069,1.3,-5.47,Science Image,2025-11-25T05:28:55Z
323070,1.3,-28.48,Science Image,2025-11-25T05:28:55Z
323073,0.8,10.03,Est. from Guider,2025-11-25T07:15:20Z
323074,0.8,-12.32,Est. from Guider,2025-11-25T07:15:20Z
323078,1.2,13.0,Est. from Guider,2025-11-25T09:20:34Z
323079,1.2,-5.17,Est. from Guider,2025-11-25T09:20:34Z
323080,1.2,-23.45,Est. from Guider,2025-11-25T09:20:34Z
323088,0.8,-3.53,Science Image,2025-11-25T11:38:33Z
323089,0.7,3.97,Science Image,2025-11-25T11:59:13Z
323090,0.7,2.45,Science Image,2025-11-25T12:15:43Z
323091,0.7,-19.59,Science Image,2025-11-25T12:15:43Z
323264,1.5,15.66,Science Image,2025-11-26T05:41:01Z
323265,1.5,-1.45,Science Image,2025-11-26T05:41:01Z
323266,1.5,-24.8,Science Image,2025-11-26T05:41:01Z
323267,1.4,22.32,Science Image,2025-11-26T06:52:04Z
323268,1.4,-2.77,Science Image,2025-11-26T06:52:04Z
323269,1.1,23.22,Science Image,2025-11-26T07:44:23Z
323270,1.1,1.78,Science Image,2025-11-26T07:44:23Z
323271,1.1,-18.24,Science Image,2025-11-26T07:44:23Z
323272,1.6,12.22,Science Image,2025-11-26T08:35:31Z
323273,1.6,-10.92,Science Image,2025-11-26T08:35:31Z
323274,1.6,-29.29,Science Image,2025-11-26T08:35:31Z
323275,1.7,13.19,Science Image,2025-11-26T09:39:34Z
323276,2.1,8.5,Science Image,2025-11-26T09:58:05Z
323277,1.3,-7.95,Science Image,2025-11-26T10:08:32Z
323279,1.0,12.31,Science Image,2025-11-26T11:21:59Z
323283,0.6,12.03,Science Image,2025-11-26T12:43:09Z
323286,0.9,-12.89,Science Image,2025-11-26T12:48:26Z
323504,1.13,10.99,Est. from Guider,2025-11-27T02:30:08Z
323506,1.13,-17.18,Est. from Guider,2025-11-27T02:30:08Z
323508,1.15,26.05,Est. from Guider,2025-11-27T04:01:01Z
323509,1.15,4.0,Est. from Guider,2025-11-27T04:01:01Z
323510,1.15,-17.78,Est. from Guider,2025-11-27T04:01:01Z
323517,0.99,5.65,Est. from Guider,2025-11-27T07:17:34Z
323518,0.99,-16.2,Est. from Guider,2025-11-27T07:17:34Z
323535,0.96,27.28,Est. from Guider,2025-11-27T12:23:04Z
323536,0.96,15.02,Est. from Guider,2025-11-27T12:23:04Z
323675,0.96,-10.88,Est. from Guider,2025-11-28T02:58:49Z
323676,1.05,24.76,Est. from Guider,2025-11-28T03:52:03Z
323677,1.05,4.9,Est. from Guider,2025-11-28T03:52:03Z
323678,1.05,-18.92,Est. from Guider,2025-11-28T03:52:03Z
323695,1.2,20.55,Est. from Guider,2025-11-28T10:11:31Z
323696,1.2,1.3,Est. from Guider,2025-11-28T10:11:31Z
323697,1.2,-15.43,Est. from Guider,2025-11-28T10:11:31Z
323703,1.13,13.86,Est. from Guider,2025-11-28T12:25:36Z
323704,1.13,-8.24,Est. from Guider,2025-11-28T12:25:36Z
323705,1.13,-25.06,Est. from Guider,2025-11-28T12:25:36Z
323840,1.37,10.23,Est. from Guider,2025-11-29T01:43:55Z
323841,1.37,-12.9,Est. from Guider,2025-11-29T01:43:55Z
323843,1.3,12.94,Est. from Guider,2025-11-29T02:44:41Z
323844,1.2,3.32,Est. from Guider,2025-11-29T02:58:27Z
323845,1.2,-25.6,Est. from Guider,2025-11-29T02:58:27Z
323846,1.25,29.37,Est. from Guider,2025-11-29T04:27:53Z
323847,1.25,-0.43,Est. from Guider,2025-11-29T04:27:53Z
323848,1.25,-27.32,Est. from Guider,2025-11-29T04:27:53Z
323852,1.32,7.86,Est. from Guider,2025-11-29T06:52:18Z
323853,1.32,-12.35,Est. from Guider,2025-11-29T06:52:18Z
323856,1.75,8.73,Est. from Guider,2025-11-29T08:13:57Z
323857,1.75,-17.08,Est. from Guider,2025-11-29T08:13:57Z
323858,1.8,-1.78,Est. from Guider,2025-11-29T08:53:11Z
323859,1.8,-20.4,Est. from Guider,2025-11-29T08:53:11Z
323863,1.3,20.73,Est. from Guider,2025-11-29T10:43:49Z
323864,1.3,3.64,Est. from Guider,2025-11-29T10:43:49Z
323865,1.3,-14.8,Est. from Guider,2025-11-29T10:43:49Z
323869,1.42,27.68,Est. from Guider,2025-11-29T12:41:14Z
323870,1.42,10.35,Est. from Guider,2025-11-29T12:41:14Z
323871,1.42,-5.96,Est. from Guider,2025-11-29T12:41:14Z
323872,1.42,-18.24,Est. from Guider,2025-11-29T12:41:14Z
323873,1.42,-26.11,Est. from Guider,2025-11-29T12:41:14Z
324007,1.2,28.79,Est. from Guider,2025-11-30T02:03:40Z
324008,1.2,7.43,Est. from Guider,2025-11-30T02:03:40Z
324009,1.2,-14.68,Est. from Guider,2025-11-30T02:03:40Z
324011,1.0,27.89,Est. from Guider,2025-11-30T04:16:07Z
324013,1.0,-8.57,Est. from Guider,2025-11-30T04:16:07Z
324026,1.0,23.86,Est. from Guider,2025-11-30T08:41:51Z
324027,1.0,0.41,Est. from Guider,2025-11-30T08:41:51Z
324028,1.0,11.88,Est. from Guider,2025-11-30T09:17:15Z
324029,1.5,-3.88,Est. from Guider,2025-11-30T09:17:38Z
324030,1.5,-23.35,Est. from Guider,2025-11-30T09:17:38Z
324034,1.5,20.07,Est. from Guider,2025-11-30T11:16:42Z
324035,1.5,6.2,Est. from Guider,2025-11-30T11:16:42Z
324041,3.3,23.71,Est. from Guider,2025-11-30T12:48:45Z
324042,3.3,14.93,Est. from Guider,2025-11-30T12:48:45Z
324428,0.75,3.85,Est. from Guider,2025-12-02T03:56:39Z
324429,0.93,-2.97,Est. from Guider,2025-12-02T04:17:09Z
324430,0.73,-10.73,Est. from Guider,2025-12-02T04:39:03Z
324431,0.73,-0.84,Est. from Guider,2025-12-02T05:12:15Z
324433,0.83,10.03,Est. from Guider,2025-12-02T06:00:36Z
324434,0.83,-12.37,Est. from Guider,2025-12-02T06:00:36Z
324436,0.7,7.73,Est. from Guider,2025-12-02T06:54:58Z
324437,0.82,1.51,Est. from Guider,2025-12-02T07:12:25Z
324438,0.8,0.68,Est. from Guider,2025-12-02T07:35:24Z
324440,0.9,-10.67,Est. from Guider,2025-12-02T07:51:37Z
324441,0.9,-0.01,Est. from Guider,2025-12-02T08:25:32Z
324442,0.9,-23.72,Est. from Guider,2025-12-02T08:25:32Z
324445,1.05,15.09,Est. from Guider,2025-12-02T09:57:27Z
324446,1.05,-13.22,Est. from Guider,2025-12-02T09:57:27Z
324447,0.8,21.64,Est. from Guider,2025-12-02T10:56:53Z
324448,0.8,5.98,Est. from Guider,2025-12-02T10:56:53Z
324449,0.8,-7.97,Est. from Guider,2025-12-02T10:56:53Z
324450,0.74,2.87,Est. from Guider,2025-12-02T11:19:08Z
324451,0.8,-1.01,Est. from Guider,2025-12-02T11:33:36Z
324452,0.59,5.74,Est. from Guider,2025-12-02T12:06:42Z
324453,0.65,6.44,Est. from Guider,2025-12-02T12:27:20Z
324454,0.65,-11.46,Est. from Guider,2025-12-02T12:27:20Z
324455,0.65,-27.11,Est. from Guider,2025-12-02T12:27:20Z
324625,0.9,19.32,Science Image,2025-12-03T03:29:53Z
324626,0.9,-0.64,Science Image,2025-12-03T03:29:53Z
324627,0.9,-25.21,Science Image,2025-12-03T03:29:53Z
324628,1.1,5.01,Science Image,2025-12-03T04:21:27Z
324630,0.86,-11.32,Science Image,2025-12-03T04:53:54Z
324636,0.72,10.89,Science Image,2025-12-03T07:16:36Z
324638,0.7,6.22,Science Image,2025-12-03T07:42:21Z
324639,0.7,-14.89,Science Image,2025-12-03T07:42:21Z
324640,0.85,5.25,Science Image,2025-12-03T08:30:47Z
324641,0.73,-4.65,Science Image,2025-12-03T08:49:45Z
324642,1.5,4.3,Science Image,2025-12-03T09:23:47Z
324652,1.2,1.33,Science Image,2025-12-03T11:18:17Z
324653,1.2,-15.38,Science Image,2025-12-03T11:18:17Z
324654,1.3,12.48,Science Image,2025-12-03T12:04:52Z
324655,1.05,1.43,Science Image,2025-12-03T12:16:34Z
324656,1.05,-17.51,Science Image,2025-12-03T12:16:34Z
324657,1.1,13.87,Science Image,2025-12-03T13:02:51Z
324658,1.1,-0.71,Science Image,2025-12-03T13:02:51Z
324897,1.65,-15.06,Science Image,2025-12-04T11:57:28Z
325083,1.0,15.2,Science Image,2025-12-05T03:34:10Z
325084,1.0,-6.61,Science Image,2025-12-05T03:34:10Z
325086,0.9,-14.81,Science Image,2025-12-05T04:08:46Z
325089,1.0,16.77,Science Image,2025-12-05T05:44:39Z
325090,0.9,3.64,Science Image,2025-12-05T05:53:51Z
325091,0.9,-21.34,Science Image,2025-12-05T05:53:51Z
325107,0.9,-4.92,Science Image,2025-12-05T09:39:04Z
325108,1.0,7.56,Science Image,2025-12-05T10:12:51Z
325109,1.0,-12.08,Science Image,2025-12-05T10:12:51Z
325110,1.2,17.08,Science Image,2025-12-05T11:00:50Z
325111,1.2,-2.5,Science Image,2025-12-05T11:00:50Z
325112,1.0,-5.07,Science Image,2025-12-05T11:16:21Z
325113,1.1,25.13,Science Image,2025-12-05T12:09:05Z
325114,1.1,-0.53,Science Image,2025-12-05T12:09:05Z
325115,1.1,10.29,Science Image,2025-12-05T12:40:20Z
325116,1.1,-8.85,Science Image,2025-12-05T12:40:20Z
325117,1.1,-28.15,Science Image,2025-12-05T12:40:20Z
325261,1.3,28.5,Science Image,2025-12-06T02:51:29Z
325275,0.9,-0.5,Science Image,2025-12-06T03:54:45Z
325276,0.7,-5.71,Science Image,2025-12-06T04:06:54Z
325277,1.3,-4.0,Science Image,2025-12-06T04:26:38Z
325278,1.1,-1.34,Science Image,2025-12-06T04:49:14Z
325290,0.8,-8.26,Science Image,2025-12-06T07:39:37Z
325291,0.7,-6.22,Science Image,2025-12-06T08:06:22Z
325292,0.8,-3.86,Science Image,2025-12-06T08:27:37Z
325301,1.6,4.25,Science Image,2025-12-06T11:00:44Z
325302,0.9,-0.59,Science Image,2025-12-06T11:19:11Z
325303,0.9,-20.41,Science Image,2025-12-06T11:19:11Z
325306,0.8,26.92,Science Image,2025-12-06T12:56:06Z
325307,0.8,9.45,Science Image,2025-12-06T12:56:06Z
325308,0.8,-7.55,Science Image,2025-12-06T12:56:06Z
325443,0.7,15.23,Science Image,2025-12-07T01:42:48Z
325444,0.7,6.16,Science Image,2025-12-07T01:42:48Z
325445,0.7,-2.29,Science Image,2025-12-07T01:42:48Z
325446,0.7,-17.96,Science Image,2025-12-07T01:42:48Z
325447,0.7,-5.44,Science Image,2025-12-07T02:20:43Z
325448,0.9,-9.59,Science Image,2025-12-07T02:44:51Z
325449,0.8,7.06,Science Image,2025-12-07T03:28:48Z
325450,0.8,-16.37,Science Image,2025-12-07T03:28:48Z
325451,0.7,16.7,Science Image,2025-12-07T04:19:41Z
325452,0.7,-6.95,Science Image,2025-12-07T04:19:41Z
325453,0.8,-13.65,Science Image,2025-12-07T04:40:19Z
325455,0.8,6.22,Science Image,2025-12-07T05:51:45Z
325456,0.9,6.76,Science Image,2025-12-07T06:17:14Z
325457,0.9,-14.31,Science Image,2025-12-07T06:17:14Z
325459,0.9,12.62,Science Image,2025-12-07T07:20:11Z
325460,0.9,-6.35,Science Image,2025-12-07T07:20:11Z
325461,0.8,-11.12,Science Image,2025-12-07T07:34:08Z
325462,0.7,-1.25,Science Image,2025-12-07T08:01:25Z
325463,0.7,14.3,Science Image,2025-12-07T08:35:36Z
325464,0.7,-9.65,Science Image,2025-12-07T08:35:36Z
325465,0.65,13.96,Science Image,2025-12-07T09:23:02Z
325466,0.65,-4.55,Science Image,2025-12-07T09:23:02Z
325471,0.8,-12.04,Science Image,2025-12-07T10:48:39Z
325474,1.2,23.07,Science Image,2025-12-07T12:13:59Z
325475,1.2,7.29,Science Image,2025-12-07T12:13:59Z
325476,1.2,-7.87,Science Image,2025-12-07T12:13:59Z
325477,1.2,-22.98,Science Image,2025-12-07T12:13:59Z
325615,0.8,15.27,Science Image,2025-12-08T01:46:10Z
325616,0.8,7.04,Science Image,2025-12-08T01:46:10Z
325617,0.8,-9.44,Science Image,2025-12-08T01:46:10Z
325618,1.1,14.62,Science Image,2025-12-08T02:37:54Z
325619,1.1,-15.73,Science Image,2025-12-08T02:37:54Z
325621,0.9,15.72,Science Image,2025-12-08T03:37:51Z
325622,1.0,6.06,Science Image,2025-12-08T03:56:12Z
325623,1.0,-14.08,Science Image,2025-12-08T03:56:12Z
325624,1.0,10.39,Science Image,2025-12-08T04:43:14Z
325625,1.0,-10.97,Science Image,2025-12-08T04:43:14Z
325628,0.9,23.62,Science Image,2025-12-08T06:17:57Z
325629,0.9,-3.4,Science Image,2025-12-08T06:17:57Z
325630,0.8,-19.54,Science Image,2025-12-08T06:29:20Z
325631,0.7,8.66,Science Image,2025-12-08T07:20:00Z
325632,0.7,-7.91,Science Image,2025-12-08T07:20:00Z
325633,0.8,3.62,Science Image,2025-12-08T07:55:04Z
325634,0.7,1.78,Science Image,2025-12-08T08:24:12Z
325635,0.8,-3.12,Science Image,2025-12-08T08:43:43Z
325636,0.8,-21.63,Science Image,2025-12-08T08:43:43Z
325639,0.85,28.48,Science Image,2025-12-08T10:37:19Z
325640,0.85,10.01,Science Image,2025-12-08T10:37:19Z
325641,0.85,-13.9,Science Image,2025-12-08T10:37:19Z
325643,0.9,-6.56,Science Image,2025-12-08T11:10:23Z
325644,0.65,-5.62,Science Image,2025-12-08T11:29:08Z
325645,0.7,2.06,Science Image,2025-12-08T11:56:46Z
325646,0.7,-18.23,Science Image,2025-12-08T11:56:46Z
325647,0.65,2.65,Science Image,2025-12-08T12:35:11Z
325648,0.65,-13.12,Science Image,2025-12-08T12:35:11Z
325649,0.65,-27.6,Science Image,2025-12-08T12:35:11Z
325788,1.0,22.43,Science Image,2025-12-09T02:22:50Z
325789,1.0,0.51,Science Image,2025-12-09T02:22:50Z
325790,1.0,3.29,Science Image,2025-12-09T02:48:06Z
325797,1.1,23.76,Science Image,2025-12-09T05:31:58Z
325798,1.1,5.3,Science Image,2025-12-09T05:31:58Z
325799,1.1,-14.2,Science Image,2025-12-09T05:31:58Z
325800,0.67,9.66,Science Image,2025-12-09T06:21:18Z
325801,1.0,-19.44,Science Image,2025-12-09T06:21:27Z
325813,0.8,12.84,Science Image,2025-12-09T11:22:00Z
325814,0.8,-5.18,Science Image,2025-12-09T11:22:00Z
325815,0.8,-22.66,Science Image,2025-12-09T11:22:00Z
325956,0.8,12.29,Est. from Guider,2025-12-10T01:42:32Z
325957,0.8,3.61,Est. from Guider,2025-12-10T01:42:32Z
325958,0.8,-13.34,Est. from Guider,2025-12-10T01:42:32Z
325960,0.6,9.28,Est. from Guider,2025-12-10T02:56:26Z
325961,0.6,-13.68,Est. from Guider,2025-12-10T02:56:26Z
325962,0.7,-1.52,Est. from Guider,2025-12-10T03:36:33Z
325963,0.7,-14.48,Est. from Guider,2025-12-10T03:47:26Z
325964,0.8,-6.86,Est. from Guider,2025-12-10T04:20:04Z
325965,0.6,4.53,Est. from Guider,2025-12-10T04:56:58Z
325966,0.6,-2.91,Est. from Guider,2025-12-10T05:11:52Z
325967,0.5,0.39,Est. from Guider,2025-12-10T05:42:47Z
325968,0.6,5.07,Est. from Guider,2025-12-10T06:19:29Z
325969,0.6,4.22,Est. from Guider,2025-12-10T06:44:32Z
325970,0.6,-17.57,Est. from Guider,2025-12-10T06:44:32Z
325971,0.8,18.97,Est. from Guider,2025-12-10T07:43:12Z
325972,0.8,-3.64,Est. from Guider,2025-12-10T07:43:12Z
325973,0.6,-19.69,Est. from Guider,2025-12-10T07:54:07Z
325975,0.6,28.5,Est. from Guider,2025-12-10T09:30:17Z
325976,0.6,6.03,Est. from Guider,2025-12-10T09:30:17Z
325977,0.6,-20.93,Est. from Guider,2025-12-10T09:30:17Z
325982,0.55,-2.34,Est. from Guider,2025-12-10T11:24:42Z
325983,0.55,-19.73,Est. from Guider,2025-12-10T11:24:42Z
325984,0.55,22.08,Est. from Guider,2025-12-10T12:30:29Z
325985,0.55,0.36,Est. from Guider,2025-12-10T12:30:29Z
325986,0.55,-18.94,Est. from Guider,2025-12-10T12:30:29Z
326124,0.8,17.02,Est. from Guider,2025-12-11T01:45:43Z
326125,0.8,7.6,Est. from Guider,2025-12-11T01:45:43Z
326126,0.6,3.41,Est. from Guider,2025-12-11T01:54:47Z
326127,0.7,1.21,Est. from Guider,2025-12-11T02:10:33Z
326128,0.7,-4.32,Est. from Guider,2025-12-11T02:23:09Z
326129,0.65,-0.66,Est. from Guider,2025-12-11T02:45:44Z
326130,0.65,-19.79,Est. from Guider,2025-12-11T02:45:44Z
326134,0.8,-4.16,Est. from Guider,2025-12-11T04:01:25Z
326135,0.8,-12.16,Est. from Guider,2025-12-11T04:19:16Z
326136,0.7,16.99,Est. from Guider,2025-12-11T05:09:28Z
326137,0.7,-5.19,Est. from Guider,2025-12-11T05:09:28Z
326140,0.7,2.49,Est. from Guider,2025-12-11T05:56:16Z
326141,0.7,-8.11,Est. from Guider,2025-12-11T06:12:55Z
326142,0.7,-1.09,Est. from Guider,2025-12-11T06:45:48Z
326143,0.7,-20.38,Est. from Guider,2025-12-11T06:45:48Z
326144,0.7,0.32,Focus,2025-12-11T07:29:25Z
326145,0.6,2.96,Est. from Guider,2025-12-11T07:59:15Z
326146,0.6,-10.24,Est. from Guider,2025-12-11T08:12:16Z
326147,0.7,-2.53,Est. from Guider,2025-12-11T08:45:28Z
326148,0.6,1.09,Est. from Guider,2025-12-11T09:10:14Z
326149,0.55,-11.37,Est. from Guider,2025-12-11T09:15:37Z
326150,1.1,2.64,Est. from Guider,2025-12-11T09:51:40Z
326151,0.7,8.87,Est. from Guider,2025-12-11T10:25:26Z
326152,0.6,3.13,Est. from Guider,2025-12-11T10:46:37Z
326155,0.7,-3.26,Est. from Guider,2025-12-11T11:48:15Z
326156,0.65,1.78,Est. from Guider,2025-12-11T12:01:45Z
326158,0.7,4.28,Est. from Guider,2025-12-11T12:26:27Z
326159,1.0,-1.63,Est. from Guider,2025-12-11T12:42:00Z
326160,0.9,1.39,Est. from Guider,2025-12-11T13:02:35Z
326161,0.9,-11.04,Est. from Guider,2025-12-11T13:02:35Z
326300,0.84,25.05,Est. from Guider,2025-12-12T02:38:02Z
326301,0.84,4.76,Est. from Guider,2025-12-12T02:38:02Z
326302,0.7,-10.23,Est. from Guider,2025-12-12T02:41:30Z
326303,0.67,3.96,Est. from Guider,2025-12-12T03:13:28Z
326304,0.67,-17.28,Est. from Guider,2025-12-12T03:13:28Z
326305,0.73,4.13,Est. from Guider,2025-12-12T03:55:02Z
326306,0.73,-17.82,Est. from Guider,2025-12-12T03:55:02Z
326308,0.85,13.34,Est. from Guider,2025-12-12T05:00:30Z
326309,0.81,1.05,Est. from Guider,2025-12-12T05:06:34Z
326310,0.81,-16.28,Est. from Guider,2025-12-12T05:06:34Z
326314,0.65,7.27,Est. from Guider,2025-12-12T06:13:48Z
326315,0.65,-9.9,Est. from Guider,2025-12-12T06:13:48Z
326316,0.65,-12.91,Est. from Guider,2025-12-12T06:36:40Z
326317,0.7,14.69,Est. from Guider,2025-12-12T07:23:02Z
326318,0.7,1.98,Est. from Guider,2025-12-12T07:23:02Z
326319,0.7,-20.29,Est. from Guider,2025-12-12T07:23:02Z
326320,0.6,11.52,Est. from Guider,2025-12-12T08:18:44Z
326321,0.6,-11.93,Est. from Guider,2025-12-12T08:18:44Z
326322,0.6,23.72,Est. from Guider,2025-12-12T09:19:25Z
326323,0.6,-2.84,Est. from Guider,2025-12-12T09:19:25Z
326324,0.6,26.51,Est. from Guider,2025-12-12T10:15:14Z
326325,0.6,-0.02,Est. from Guider,2025-12-12T10:15:14Z
326326,0.6,1.2,Est. from Guider,2025-12-12T10:44:14Z
326327,0.6,-27.89,Est. from Guider,2025-12-12T10:44:14Z
326330,0.6,28.85,Est. from Guider,2025-12-12T12:45:09Z
326331,0.6,8.04,Est. from Guider,2025-12-12T12:45:09Z
326332,0.6,-13.17,Est. from Guider,2025-12-12T12:45:09Z
326333,0.6,-26.58,Est. from Guider,2025-12-12T12:45:09Z
326516,0.82,-3.54,Est. from Guider,2025-12-13T01:47:36Z
326517,0.82,-21.52,Est. from Guider,2025-12-13T01:47:36Z
326518,0.79,14.8,Est. from Guider,2025-12-13T02:45:56Z
326519,0.79,-5.17,Est. from Guider,2025-12-13T02:45:56Z
326520,0.94,4.17,Est. from Guider,2025-12-13T03:17:21Z
326521,0.94,-22.17,Est. from Guider,2025-12-13T03:17:21Z
326522,0.7,8.53,Est. from Guider,2025-12-13T04:13:00Z
326523,0.7,-13.37,Est. from Guider,2025-12-13T04:13:00Z
326525,0.79,10.83,Est. from Guider,2025-12-13T05:13:21Z
326526,0.67,8.78,Est. from Guider,2025-12-13T05:33:02Z
326527,0.67,-14.49,Est. from Guider,2025-12-13T05:33:02Z
326528,0.78,-0.68,Est. from Guider,2025-12-13T06:11:26Z
326529,0.69,-6.2,Est. from Guider,2025-12-13T06:34:13Z
326530,0.71,-11.78,Est. from Guider,2025-12-13T06:55:39Z
326537,0.64,21.36,Est. from Guider,2025-12-13T09:53:46Z
326538,0.64,1.11,Est. from Guider,2025-12-13T09:53:46Z
326540,0.5,0.4,Est. from Guider,2025-12-13T10:20:18Z
326549,0.84,18.14,Est. from Guider,2025-12-13T12:30:38Z
326550,0.84,10.27,Est. from Guider,2025-12-13T12:30:38Z
326551,0.84,1.72,Est. from Guider,2025-12-13T12:30:38Z
326552,0.84,-13.24,Est. from Guider,2025-12-13T12:30:38Z
326718,0.78,0.78,Est. from Guider,2025-12-14T01:49:05Z
326719,0.78,-9.93,Est. from Guider,2025-12-14T01:49:05Z
326724,0.7,4.71,Est. from Guider,2025-12-14T02:36:21Z
326725,0.7,-14.31,Est. from Guider,2025-12-14T02:36:21Z
326726,0.62,4.22,Est. from Guider,2025-12-14T03:14:12Z
326727,0.62,-20.98,Est. from Guider,2025-12-14T03:14:12Z
326729,0.62,14.86,Est. from Guider,2025-12-14T04:10:56Z
326730,0.62,-1.78,Est. from Guider,2025-12-14T04:10:56Z
326731,0.62,1.29,Est. from Guider,2025-12-14T04:33:27Z
326736,0.73,15.82,Est. from Guider,2025-12-14T06:08:45Z
326737,0.6,-7.86,Est. from Guider,2025-12-14T06:09:05Z
326749,1.04,-7.89,Est. from Guider,2025-12-14T08:54:13Z
326751,0.7,1.1,Est. from Guider,2025-12-14T09:19:11Z
326752,0.6,5.66,Est. from Guider,2025-12-14T09:37:20Z
326753,0.59,-5.11,Est. from Guider,2025-12-14T09:44:38Z
326754,0.59,-22.7,Est. from Guider,2025-12-14T09:44:38Z
326755,0.71,5.66,Est. from Guider,2025-12-14T10:32:14Z
326756,0.71,-14.44,Est. from Guider,2025-12-14T10:32:14Z
326757,0.61,3.01,Est. from Guider,2025-12-14T11:10:50Z
326758,0.61,-19.58,Est. from Guider,2025-12-14T11:10:50Z
326759,0.76,18.67,Est. from Guider,2025-12-14T12:11:21Z
326761,0.76,-3.36,Est. from Guider,2025-12-14T12:11:21Z
326762,0.76,-17.58,Est. from Guider,2025-12-14T12:11:21Z
326763,0.77,8.02,Est. from Guider,2025-12-14T12:50:22Z
326764,0.77,-9.04,Est. from Guider,2025-12-14T12:50:22Z
326765,0.77,-21.12,Est. from Guider,2025-12-14T12:50:22Z
326766,0.77,-28.34,Est. from Guider,2025-12-14T12:50:22Z
326905,0.73,-19.78,Est. from Guider,2025-12-15T01:45:23Z
326926,0.71,13.46,Est. from Guider,2025-12-15T08:40:04Z
326927,0.71,-6.43,Est. from Guider,2025-12-15T08:40:04Z
326928,0.71,-23.17,Est. from Guider,2025-12-15T08:40:04Z
326930,0.9,10.48,Est. from Guider,2025-12-15T09:49:56Z
326931,0.89,-0.33,Est. from Guider,2025-12-15T10:00:55Z
326932,0.89,-24.36,Est. from Guider,2025-12-15T10:00:55Z
326934,0.68,23.8,Est. from Guider,2025-12-15T11:37:13Z
326935,0.68,-3.11,Est. from Guider,2025-12-15T11:37:13Z
326937,1.07,18.8,Est. from Guider,2025-12-15T12:53:57Z
326938,1.07,-4.37,Est. from Guider,2025-12-15T12:53:57Z
326939,1.07,-21.41,Est. from Guider,2025-12-15T12:53:57Z
327078,0.95,2.06,Est. from Guider,2025-12-16T01:47:39Z
327079,0.95,-14.77,Est. from Guider,2025-12-16T01:47:39Z
327081,0.84,29.59,Est. from Guider,2025-12-16T03:13:24Z
327082,0.84,17.75,Est. from Guider,2025-12-16T03:13:24Z
327083,0.84,5.07,Est. from Guider,2025-12-16T03:13:24Z
327084,0.9,13.4,Est. from Guider,2025-12-16T03:41:57Z
327085,0.9,-4.98,Est. from Guider,2025-12-16T03:41:57Z
327086,0.83,0.06,Est. from Guider,2025-12-16T04:06:41Z
327087,0.88,-5.91,Est. from Guider,2025-12-16T04:24:21Z
327088,0.65,-6.79,Est. from Guider,2025-12-16T04:49:22Z
327089,0.78,22.95,Est. from Guider,2025-12-16T05:47:01Z
327090,0.78,-4.17,Est. from Guider,2025-12-16T05:47:01Z
327091,0.8,-12.01,Est. from Guider,2025-12-16T06:01:02Z
327092,0.8,-28.61,Est. from Guider,2025-12-16T06:01:02Z
327093,0.85,27.8,Est. from Guider,2025-12-16T07:20:35Z
327094,0.85,4.84,Est. from Guider,2025-12-16T07:20:35Z
327095,1.1,4.66,Est. from Guider,2025-12-16T07:40:32Z
327096,1.1,-16.31,Est. from Guider,2025-12-16T07:40:32Z
327098,0.7,-13.9,Est. from Guider,2025-12-16T08:13:36Z
327099,0.88,17.44,Est. from Guider,2025-12-16T09:04:00Z
327100,0.88,-1.12,Est. from Guider,2025-12-16T09:04:00Z
327101,0.88,-20.31,Est. from Guider,2025-12-16T09:04:00Z
327102,1.05,9.06,Est. from Guider,2025-12-16T09:52:37Z
327103,1.05,-11.28,Est. from Guider,2025-12-16T09:52:37Z
327109,0.86,11.57,Est. from Guider,2025-12-16T12:20:43Z
327110,0.86,-5.31,Est. from Guider,2025-12-16T12:20:43Z
327111,0.86,-21.0,Est. from Guider,2025-12-16T12:20:43Z
327419,1.1,9.23,Est. from Guider,2025-12-18T04:34:48Z
327420,1.1,-16.72,Est. from Guider,2025-12-18T04:34:48Z
327620,1.0,13.77,Est. from Guider,2025-12-19T02:13:20Z
327621,1.0,-9.52,Est. from Guider,2025-12-19T02:13:20Z
327632,0.8,26.28,Est. from Guider,2025-12-19T06:36:46Z
327633,0.8,3.86,Est. from Guider,2025-12-19T06:36:46Z
327634,0.9,10.24,Est. from Guider,2025-12-19T07:02:45Z
327635,0.9,4.27,Est. from Guider,2025-12-19T07:16:18Z
327636,0.9,-10.24,Est. from Guider,2025-12-19T07:16:18Z
327643,1.0,26.68,Est. from Guider,2025-12-19T10:17:40Z
327644,1.0,7.83,Est. from Guider,2025-12-19T10:17:40Z
327646,1.0,-21.13,Est. from Guider,2025-12-19T10:17:40Z
327647,1.1,22.91,Est. from Guider,2025-12-19T11:09:27Z
327648,1.1,8.55,Est. from Guider,2025-12-19T11:09:27Z
327649,1.1,-14.25,Est. from Guider,2025-12-19T11:09:27Z
327650,1.1,22.43,Est. from Guider,2025-12-19T12:12:28Z
327651,1.1,-6.95,Est. from Guider,2025-12-19T12:12:28Z
327652,1.0,-7.49,Est. from Guider,2025-12-19T12:37:05Z
327653,1.0,-27.22,Est. from Guider,2025-12-19T12:37:05Z
327790,0.62,26.04,Est. from Guider,2025-12-20T02:07:37Z
327791,0.62,11.49,Est. from Guider,2025-12-20T02:07:37Z
327792,0.62,-7.66,Est. from Guider,2025-12-20T02:07:37Z
327793,0.76,-4.89,Est. from Guider,2025-12-20T02:31:55Z
327794,0.73,7.74,Est. from Guider,2025-12-20T03:06:58Z
327795,0.55,-1.32,Est. from Guider,2025-12-20T03:17:44Z
327796,0.69,-4.3,Est. from Guider,2025-12-20T03:40:35Z
327797,0.69,-24.97,Est. from Guider,2025-12-20T03:40:35Z
327798,0.7,26.73,Est. from Guider,2025-12-20T04:52:22Z
327799,0.7,4.53,Est. from Guider,2025-12-20T04:52:22Z
327800,0.8,-9.66,Est. from Guider,2025-12-20T05:01:45Z
327801,0.75,7.53,Est. from Guider,2025-12-20T05:37:55Z
327802,0.7,8.78,Est. from Guider,2025-12-20T05:56:53Z
327803,0.67,-2.46,Est. from Guider,2025-12-20T06:09:07Z
327804,0.62,7.7,Est. from Guider,2025-12-20T06:40:23Z
327805,0.74,-1.64,Est. from Guider,2025-12-20T06:51:41Z
327806,0.86,-2.47,Est. from Guider,2025-12-20T07:13:01Z
327807,1.1,1.57,Est. from Guider,2025-12-20T07:42:01Z
327808,1.0,-10.02,Est. from Guider,2025-12-20T07:55:25Z
327809,1.0,13.03,Est. from Guider,2025-12-20T08:39:51Z
327810,1.0,9.43,Est. from Guider,2025-12-20T09:01:54Z
327811,0.9,1.44,Est. from Guider,2025-12-20T09:20:05Z
327812,0.7,-6.3,Est. from Guider,2025-12-20T09:38:55Z
327813,0.7,2.58,Est. from Guider,2025-12-20T10:11:36Z
327814,0.76,-5.31,Est. from Guider,2025-12-20T10:23:11Z
327815,0.65,-2.91,Est. from Guider,2025-12-20T10:42:52Z
327816,0.8,0.08,Est. from Guider,2025-12-20T11:02:30Z
327817,0.85,-14.61,Est. from Guider,2025-12-20T11:08:58Z
327818,0.73,14.17,Est. from Guider,2025-12-20T12:00:10Z
327819,0.73,-6.19,Est. from Guider,2025-12-20T12:00:10Z
327820,0.73,2.08,Est. from Guider,2025-12-20T12:26:28Z
327821,0.73,-15.96,Est. from Guider,2025-12-20T12:26:28Z
327962,1.0,22.77,Est. from Guider,2025-12-21T01:51:44Z
327963,1.0,15.71,Est. from Guider,2025-12-21T01:51:44Z
327964,1.0,-2.16,Est. from Guider,2025-12-21T01:51:44Z
327970,0.77,-14.61,Est. from Guider,2025-12-21T03:12:37Z
327973,0.56,17.35,Est. from Guider,2025-12-21T04:42:37Z
327974,0.56,-6.31,Est. from Guider,2025-12-21T04:42:37Z
327978,0.57,13.26,Est. from Guider,2025-12-21T06:39:19Z
327979,0.57,-13.19,Est. from Guider,2025-12-21T06:39:19Z
328143,0.7,3.63,Est. from Guider,2025-12-22T04:43:45Z
328144,0.6,4.34,Est. from Guider,2025-12-22T05:06:25Z
328145,0.8,14.01,Est. from Guider,2025-12-22T05:36:25Z
328146,0.8,-0.28,Est. from Guider,2025-12-22T05:45:30Z
328147,0.9,6.17,Est. from Guider,2025-12-22T06:15:43Z
328148,1.3,-4.67,Est. from Guider,2025-12-22T06:29:36Z
328149,1.3,-27.71,Est. from Guider,2025-12-22T06:29:36Z
328150,0.7,24.14,Est. from Guider,2025-12-22T07:43:51Z
328151,0.7,1.58,Est. from Guider,2025-12-22T07:43:51Z
328152,0.65,-4.97,Est. from Guider,2025-12-22T07:55:35Z
328153,0.55,2.03,Est. from Guider,2025-12-22T08:19:32Z
328154,1.5,9.63,Est. from Guider,2025-12-22T08:44:24Z
328155,1.5,-8.71,Est. from Guider,2025-12-22T08:44:24Z
328156,0.65,-9.57,Est. from Guider,2025-12-22T09:01:51Z
328157,0.55,2.91,Est. from Guider,2025-12-22T09:32:55Z
328158,0.6,12.55,Est. from Guider,2025-12-22T10:00:23Z
328159,0.6,-5.94,Est. from Guider,2025-12-22T10:00:23Z
328160,0.7,-4.06,Est. from Guider,2025-12-22T10:21:25Z
328161,0.6,-13.21,Est. from Guider,2025-12-22T10:32:13Z
328314,1.0,-5.48,Est. from Guider,2025-12-23T04:31:12Z
328315,0.9,11.53,Est. from Guider,2025-12-23T05:02:21Z
328316,0.9,-7.02,Est. from Guider,2025-12-23T05:02:21Z
328319,0.8,8.32,Est. from Guider,2025-12-23T06:03:27Z
328320,0.9,-5.54,Est. from Guider,2025-12-23T06:03:36Z
328327,1.4,8.23,Est. from Guider,2025-12-23T07:44:32Z
328341,0.7,9.63,Est. from Guider,2025-12-23T10:09:31Z
328345,1.5,4.77,Est. from Guider,2025-12-23T11:04:00Z
329458,1.0,-17.35,Est. from Guider,2025-12-29T08:52:23Z
329631,1.12,-0.61,Est. from Guider,2025-12-30T08:14:25Z
329632,1.12,-23.84,Est. from Guider,2025-12-30T08:14:25Z
329640,1.08,6.16,Est. from Guider,2025-12-30T10:49:56Z
329642,0.97,-10.03,Est. from Guider,2025-12-30T11:07:23Z
330246,0.9,7.99,Science Image,2026-01-05T06:52:54Z
330247,0.9,-12.8,Science Image,2026-01-05T06:52:54Z
330250,0.8,27.23,Science Image,2026-01-05T08:21:43Z
330399,0.9,26.31,Science Image,2026-01-06T05:10:14Z
330401,0.9,10.73,Science Image,2026-01-06T05:10:14Z
330402,0.9,-9.32,Science Image,2026-01-06T05:10:14Z
330418,0.7,-20.02,Science Image,2026-01-06T08:52:09Z
330425,1.9,20.37,Science Image,2026-01-06T11:10:44Z
330938,1.2,-16.54,Est. from Guider,2026-01-10T06:56:19Z
331253,1.06,18.26,Est. from Guider,2026-01-12T02:32:02Z
331259,1.32,8.91,Est. from Guider,2026-01-12T04:20:09Z
331260,1.7,-9.12,Est. from Guider,2026-01-12T04:20:21Z
331261,1.39,3.46,Est. from Guider,2026-01-12T04:43:14Z
331262,1.39,-14.24,Est. from Guider,2026-01-12T04:43:14Z
331268,1.3,27.07,Est. from Guider,2026-01-12T07:40:00Z
331269,1.3,5.76,Est. from Guider,2026-01-12T07:40:00Z
331274,1.2,16.52,Est. from Guider,2026-01-12T09:34:51Z
331275,1.2,-10.14,Est. from Guider,2026-01-12T09:34:51Z
331276,1.4,21.73,Est. from Guider,2026-01-12T10:34:28Z
331277,1.4,-3.3,Est. from Guider,2026-01-12T10:34:28Z
331278,1.4,-15.89,Est. from Guider,2026-01-12T10:34:28Z
331279,1.4,-27.46,Est. from Guider,2026-01-12T10:34:28Z
331282,0.97,9.07,Est. from Guider,2026-01-12T12:19:59Z
331283,1.16,-4.8,Est. from Guider,2026-01-12T12:33:15Z
331284,0.86,-9.63,Est. from Guider,2026-01-12T12:55:13Z
331421,0.97,0.9,Est. from Guider,2026-01-13T01:48:13Z
331422,0.97,-11.91,Est. from Guider,2026-01-13T01:48:13Z
331423,0.97,-27.85,Est. from Guider,2026-01-13T01:48:13Z
331432,0.95,-27.84,Est. from Guider,2026-01-13T04:32:41Z
331434,1.28,21.66,Est. from Guider,2026-01-13T06:05:38Z
331435,1.2,-1.75,Est. from Guider,2026-01-13T06:05:48Z
331436,1.2,-30.0,Est. from Guider,2026-01-13T06:05:48Z
331438,1.4,11.08,Est. from Guider,2026-01-13T07:34:13Z
331439,1.4,-7.5,Est. from Guider,2026-01-13T07:34:13Z
331441,1.3,25.76,Est. from Guider,2026-01-13T09:06:14Z
331444,1.3,-22.83,Est. from Guider,2026-01-13T09:06:14Z
331451,0.76,19.41,Est. from Guider,2026-01-13T12:31:21Z
331452,0.76,2.84,Est. from Guider,2026-01-13T12:31:21Z
331453,0.76,-10.12,Est. from Guider,2026-01-13T12:31:21Z
331454,0.76,-28.26,Est. from Guider,2026-01-13T12:31:21Z
331592,0.92,1.27,Est. from Guider,2026-01-14T01:51:07Z
331599,0.6,20.95,Est. from Guider,2026-01-14T04:46:10Z
331600,0.6,-1.38,Est. from Guider,2026-01-14T04:46:10Z
331610,1.2,8.47,Est. from Guider,2026-01-14T08:51:26Z
331611,1.03,2.64,Est. from Guider,2026-01-14T09:15:02Z
331612,1.28,13.64,Est. from Guider,2026-01-14T09:53:34Z
331613,1.28,-5.24,Est. from Guider,2026-01-14T09:53:34Z
331614,1.0,8.13,Est. from Guider,2026-01-14T10:27:27Z
331615,1.0,-18.36,Est. from Guider,2026-01-14T10:27:27Z
331617,1.5,22.37,Est. from Guider,2026-01-14T11:42:02Z
331618,1.5,0.47,Est. from Guider,2026-01-14T11:42:02Z
331619,1.8,14.17,Est. from Guider,2026-01-14T12:18:06Z
331620,1.8,-9.51,Est. from Guider,2026-01-14T12:18:06Z
331622,1.9,0.37,Est. from Guider,2026-01-14T12:53:37Z
331623,1.9,-10.42,Est. from Guider,2026-01-14T12:53:37Z
331624,1.9,-20.38,Est. from Guider,2026-01-14T12:53:37Z
331767,1.2,12.11,Est. from Guider,2026-01-15T02:52:00Z
331769,1.2,-22.36,Est. from Guider,2026-01-15T02:52:00Z
331770,1.1,-4.03,Est. from Guider,2026-01-15T03:37:54Z
331774,1.0,-2.83,Est. from Guider,2026-01-15T04:15:43Z
331775,1.0,-23.88,Est. from Guider,2026-01-15T04:15:43Z
331776,0.8,3.01,Est. from Guider,2026-01-15T05:08:57Z
331777,1.06,19.98,Est. from Guider,2026-01-15T05:49:12Z
331778,1.06,-3.95,Est. from Guider,2026-01-15T05:49:12Z
331779,0.9,3.71,Est. from Guider,2026-01-15T06:27:01Z
331780,0.9,-24.81,Est. from Guider,2026-01-15T06:27:01Z
331781,1.09,5.4,Est. from Guider,2026-01-15T07:26:26Z
331782,1.11,17.89,Est. from Guider,2026-01-15T08:07:27Z
331783,1.11,-8.16,Est. from Guider,2026-01-15T08:07:27Z
331784,1.0,5.1,Est. from Guider,2026-01-15T08:42:08Z
331785,1.14,10.02,Est. from Guider,2026-01-15T09:11:41Z
331786,1.14,-10.88,Est. from Guider,2026-01-15T09:11:41Z
331790,0.9,15.85,Est. from Guider,2026-01-15T10:26:31Z
331791,0.9,-6.87,Est. from Guider,2026-01-15T10:26:31Z
331792,0.91,-3.28,Est. from Guider,2026-01-15T10:51:49Z
331793,0.87,21.41,Est. from Guider,2026-01-15T11:39:24Z
331794,0.87,-1.45,Est. from Guider,2026-01-15T11:39:24Z
331795,0.87,-25.17,Est. from Guider,2026-01-15T11:39:24Z
331796,1.07,26.38,Est. from Guider,2026-01-15T12:54:27Z
331797,1.07,5.85,Est. from Guider,2026-01-15T12:54:27Z
331798,1.07,-13.52,Est. from Guider,2026-01-15T12:54:27Z
331936,1.1,-4.87,Est. from Guider,2026-01-16T01:48:43Z
331937,1.0,8.06,Est. from Guider,2026-01-16T02:11:37Z
331944,0.85,-4.51,Est. from Guider,2026-01-16T04:31:39Z
331945,1.3,10.48,Est. from Guider,2026-01-16T05:08:14Z
331946,1.3,-17.41,Est. from Guider,2026-01-16T05:08:14Z
331950,0.91,26.2,Est. from Guider,2026-01-16T07:36:42Z
331951,0.91,3.34,Est. from Guider,2026-01-16T07:36:42Z
331952,0.91,-18.67,Est. from Guider,2026-01-16T07:36:42Z
331957,0.92,28.48,Est. from Guider,2026-01-16T10:18:10Z
331958,0.92,8.16,Est. from Guider,2026-01-16T10:18:10Z
331959,0.92,-8.71,Est. from Guider,2026-01-16T10:18:10Z
331960,0.92,-29.22,Est. from Guider,2026-01-16T10:18:10Z
331962,0.65,18.49,Est. from Guider,2026-01-16T11:45:39Z
331963,0.65,1.36,Est. from Guider,2026-01-16T11:45:39Z
331964,0.65,-15.48,Est. from Guider,2026-01-16T11:45:39Z
331965,1.1,24.86,Est. from Guider,2026-01-16T12:38:15Z
331966,1.1,12.79,Est. from Guider,2026-01-16T12:38:15Z
331967,1.1,-4.81,Est. from Guider,2026-01-16T12:38:15Z
331968,1.0,7.68,Est. from Guider,2026-01-16T13:08:27Z
331969,1.0,-5.44,Est. from Guider,2026-01-16T13:08:27Z
331970,1.0,-13.46,Est. from Guider,2026-01-16T13:08:27Z
331971,1.0,-24.07,Est. from Guider,2026-01-16T13:08:27Z
332116,1.15,23.26,Est. from Guider,2026-01-17T04:51:31Z
332117,1.15,2.05,Est. from Guider,2026-01-17T04:51:31Z
332118,1.15,-19.83,Est. from Guider,2026-01-17T04:51:31Z
332120,1.17,23.27,Est. from Guider,2026-01-17T06:18:47Z
332121,1.17,-0.1,Est. from Guider,2026-01-17T06:18:47Z
332122,1.17,-23.36,Est. from Guider,2026-01-17T06:18:47Z
332124,0.91,20.87,Est. from Guider,2026-01-17T07:44:10Z
332125,0.91,-4.66,Est. from Guider,2026-01-17T07:44:10Z
332126,1.1,6.44,Est. from Guider,2026-01-17T08:18:17Z
332127,1.05,-3.51,Est. from Guider,2026-01-17T08:31:52Z
332128,0.8,8.92,Est. from Guider,2026-01-17T09:08:23Z
332129,0.8,-15.04,Est. from Guider,2026-01-17T09:08:23Z
332130,0.95,11.41,Est. from Guider,2026-01-17T09:58:23Z
332131,0.95,-12.62,Est. from Guider,2026-01-17T09:58:23Z
332133,0.85,21.81,Est. from Guider,2026-01-17T11:11:22Z
332134,0.85,3.39,Est. from Guider,2026-01-17T11:11:22Z
332135,1.03,18.77,Est. from Guider,2026-01-17T11:49:44Z
332136,1.03,-5.36,Est. from Guider,2026-01-17T11:49:44Z
332137,1.2,-11.97,Est. from Guider,2026-01-17T12:03:38Z
332138,1.2,-4.42,Est. from Guider,2026-01-17T12:32:27Z
332139,1.2,-23.2,Est. from Guider,2026-01-17T12:32:27Z
332286,1.5,17.06,Est. from Guider,2026-01-18T05:06:20Z
332287,1.5,-8.19,Est. from Guider,2026-01-18T05:06:20Z
332293,1.25,20.52,Est. from Guider,2026-01-18T07:44:06Z
332294,1.25,-2.74,Est. from Guider,2026-01-18T07:44:06Z
332295,1.25,-27.62,Est. from Guider,2026-01-18T07:44:06Z
332298,1.0,20.6,Est. from Guider,2026-01-18T09:40:19Z
332299,1.0,-5.71,Est. from Guider,2026-01-18T09:40:19Z
332300,1.0,-28.07,Est. from Guider,2026-01-18T09:40:19Z
332303,0.86,27.63,Est. from Guider,2026-01-18T11:31:02Z
332304,0.86,4.66,Est. from Guider,2026-01-18T11:31:02Z
332306,0.86,-21.49,Est. from Guider,2026-01-18T11:31:02Z
332307,0.78,20.1,Est. from Guider,2026-01-18T12:24:13Z
332308,0.78,2.22,Est. from Guider,2026-01-18T12:24:13Z
332309,0.68,2.84,Est. from Guider,2026-01-18T12:42:33Z
332310,0.68,-13.25,Est. from Guider,2026-01-18T12:42:33Z
332448,0.63,6.13,Est. from Guider,2026-01-19T01:58:54Z
332449,0.63,-3.77,Est. from Guider,2026-01-19T01:58:54Z
332451,0.58,4.29,Est. from Guider,2026-01-19T02:36:55Z
332452,0.56,12.34,Est. from Guider,2026-01-19T03:10:52Z
332453,0.56,-17.93,Est. from Guider,2026-01-19T03:10:52Z
332467,0.82,29.65,Est. from Guider,2026-01-19T08:17:21Z
332468,0.82,12.78,Est. from Guider,2026-01-19T08:17:21Z
332469,0.82,-3.82,Est. from Guider,2026-01-19T08:17:21Z
332470,0.82,-15.32,Est. from Guider,2026-01-19T08:17:21Z
332473,0.66,16.53,Est. from Guider,2026-01-19T09:46:30Z
332474,0.66,-2.89,Est. from Guider,2026-01-19T09:46:30Z
332475,0.58,-3.71,Est. from Guider,2026-01-19T10:00:05Z
332476,0.55,16.72,Est. from Guider,2026-01-19T10:38:03Z
332477,0.55,1.61,Est. from Guider,2026-01-19T10:38:03Z
332478,0.53,6.2,Est. from Guider,2026-01-19T10:53:18Z
332479,0.6,8.6,Est. from Guider,2026-01-19T11:12:46Z
332480,0.6,-11.76,Est. from Guider,2026-01-19T11:12:46Z
332481,0.52,3.81,Est. from Guider,2026-01-19T11:51:07Z
332482,0.52,-9.01,Est. from Guider,2026-01-19T12:03:59Z
332483,0.49,-11.64,Est. from Guider,2026-01-19T12:22:17Z
332484,0.47,-6.33,Est. from Guider,2026-01-19T12:45:46Z
332485,0.7,-7.5,Est. from Guider,2026-01-19T13:02:49Z
332486,0.7,-20.14,Est. from Guider,2026-01-19T13:02:49Z
332487,0.7,-27.65,Est. from Guider,2026-01-19T13:02:49Z
332621,0.9,4.3,Est. from Guider,2026-01-20T01:54:45Z
332622,1.1,3.71,Est. from Guider,2026-01-20T02:05:26Z
332623,1.1,-6.2,Est. from Guider,2026-01-20T02:05:26Z
332624,1.1,-26.48,Est. from Guider,2026-01-20T02:05:26Z
332626,1.1,-0.23,Est. from Guider,2026-01-20T03:06:41Z
332627,1.1,-12.33,Est. from Guider,2026-01-20T03:06:41Z
332629,1.1,-28.99,Est. from Guider,2026-01-20T03:06:41Z
332647,0.91,23.16,Est. from Guider,2026-01-20T10:49:48Z
332648,0.91,3.04,Est. from Guider,2026-01-20T10:49:48Z
332649,0.91,-22.07,Est. from Guider,2026-01-20T10:49:48Z
332650,0.65,26.73,Est. from Guider,2026-01-20T12:05:09Z
332651,0.65,3.18,Est. from Guider,2026-01-20T12:05:09Z
332652,0.65,15.05,Est. from Guider,2026-01-20T12:39:31Z
332653,0.65,-7.93,Est. from Guider,2026-01-20T12:39:31Z
332654,0.65,-28.85,Est. from Guider,2026-01-20T12:39:31Z
332797,0.75,11.19,Est. from Guider,2026-01-21T02:44:56Z
332798,0.75,-13.17,Est. from Guider,2026-01-21T02:44:56Z
332803,0.5,20.36,Est. from Guider,2026-01-21T05:00:54Z
332804,0.5,1.66,Est. from Guider,2026-01-21T05:00:54Z
332805,0.65,3.64,Est. from Guider,2026-01-21T05:26:37Z
332806,0.65,-20.96,Est. from Guider,2026-01-21T05:26:37Z
332807,0.6,6.92,Est. from Guider,2026-01-21T06:18:02Z
332808,0.6,-15.41,Est. from Guider,2026-01-21T06:18:02Z
332809,0.7,26.43,Est. from Guider,2026-01-21T07:19:36Z
332810,0.7,6.45,Est. from Guider,2026-01-21T07:19:36Z
332811,0.5,9.45,Est. from Guider,2026-01-21T07:42:57Z
332812,0.7,-1.68,Est. from Guider,2026-01-21T07:52:48Z
332813,0.5,18.84,Est. from Guider,2026-01-21T08:35:12Z
332814,0.5,5.16,Est. from Guider,2026-01-21T08:46:47Z
332815,0.5,-24.01,Est. from Guider,2026-01-21T08:46:47Z
332816,0.6,-3.36,Est. from Guider,2026-01-21T09:39:32Z
332817,0.7,-10.39,Est. from Guider,2026-01-21T09:57:53Z
332820,0.9,29.11,Est. from Guider,2026-01-21T11:50:15Z
332821,0.9,10.02,Est. from Guider,2026-01-21T11:50:15Z
332822,0.9,-8.8,Est. from Guider,2026-01-21T11:50:15Z
332823,0.7,-7.0,Est. from Guider,2026-01-21T12:10:09Z
332824,0.6,0.01,Est. from Guider,2026-01-21T12:35:40Z
332825,0.6,5.75,Est. from Guider,2026-01-21T12:59:40Z
332826,0.6,-10.33,Est. from Guider,2026-01-21T12:59:40Z
332827,0.6,-22.89,Est. from Guider,2026-01-21T12:59:40Z
333722,0.75,23.29,Est. from Guider,2026-01-27T03:57:34Z
333743,0.73,19.1,Est. from Guider,2026-01-27T10:29:52Z
333744,0.73,0.53,Est. from Guider,2026-01-27T10:29:52Z
333745,0.73,-19.58,Est. from Guider,2026-01-27T10:29:52Z
333749,0.73,23.58,Est. from Guider,2026-01-27T12:34:43Z
333750,0.73,5.9,Est. from Guider,2026-01-27T12:34:43Z
333751,0.73,-7.59,Est. from Guider,2026-01-27T12:34:43Z
333753,0.73,2.84,Est. from Guider,2026-01-27T13:14:02Z
333754,0.73,-15.44,Est. from Guider,2026-01-27T13:14:02Z
334355,1.12,-22.76,Est. from Guider,2026-01-30T03:16:53Z
334356,1.25,21.08,Est. from Guider,2026-01-30T04:25:15Z
334391,1.6,-3.73,Est. from Guider,2026-01-30T11:33:10Z
334392,1.17,-7.08,Est. from Guider,2026-01-30T11:44:42Z
334393,1.17,-19.63,Est. from Guider,2026-01-30T11:44:42Z
334601,0.98,24.98,Est. from Guider,2026-01-31T03:21:49Z
334602,0.98,5.4,Est. from Guider,2026-01-31T03:21:49Z
334603,1.0,5.85,Est. from Guider,2026-01-31T03:41:26Z
334605,0.95,-0.16,Est. from Guider,2026-01-31T04:00:03Z
334606,0.96,-7.49,Est. from Guider,2026-01-31T04:13:06Z
334607,0.95,0.95,Est. from Guider,2026-01-31T04:46:33Z
334619,1.1,2.95,Est. from Guider,2026-01-31T07:46:05Z
334620,1.1,-6.8,Est. from Guider,2026-01-31T07:58:29Z
334621,1.1,-26.16,Est. from Guider,2026-01-31T07:58:29Z
334622,1.4,8.94,Est. from Guider,2026-01-31T08:55:31Z
334623,1.2,10.36,Est. from Guider,2026-01-31T09:18:05Z
334624,1.2,-6.28,Est. from Guider,2026-01-31T09:18:05Z
335003,1.55,26.79,Science Image,2026-02-02T10:40:13Z
335155,1.08,-11.83,Science Image,2026-02-03T02:02:41Z
335156,1.14,6.65,Science Image,2026-02-03T02:41:31Z
335157,1.14,-10.12,Science Image,2026-02-03T02:41:31Z
335185,0.9,-29.03,Science Image,2026-02-03T09:11:33Z
335187,0.9,14.3,Science Image,2026-02-03T10:38:44Z
335188,0.9,-14.16,Science Image,2026-02-03T10:38:44Z
335189,0.87,-3.94,Science Image,2026-02-03T11:12:03Z
335190,0.72,11.01,Science Image,2026-02-03T11:47:59Z
335191,0.72,-8.01,Science Image,2026-02-03T11:47:59Z
335192,1.2,6.56,Science Image,2026-02-03T12:21:40Z
335193,1.2,-12.28,Science Image,2026-02-03T12:21:40Z
335194,1.25,0.73,Science Image,2026-02-03T12:55:02Z
335195,1.25,-18.27,Science Image,2026-02-03T12:55:02Z
335412,0.8,-6.99,Science Image,2026-02-04T02:01:43Z
335415,1.02,4.6,Science Image,2026-02-04T03:16:04Z
335416,1.02,-18.65,Science Image,2026-02-04T03:16:04Z
335420,1.0,4.4,Science Image,2026-02-04T05:13:12Z
335421,1.0,-14.94,Science Image,2026-02-04T05:13:12Z
335424,1.1,16.22,Science Image,2026-02-04T06:37:10Z
335425,0.92,4.6,Science Image,2026-02-04T06:47:14Z
335426,0.92,-16.76,Science Image,2026-02-04T06:47:14Z
335427,1.25,11.28,Science Image,2026-02-04T07:34:58Z
335428,1.18,4.62,Science Image,2026-02-04T07:47:57Z
335429,1.18,-12.81,Science Image,2026-02-04T07:47:57Z
335433,1.05,7.05,Science Image,2026-02-04T08:57:47Z
335434,1.05,-19.55,Science Image,2026-02-04T08:57:47Z
335437,1.07,5.28,Science Image,2026-02-04T10:19:42Z
335439,1.07,-27.56,Science Image,2026-02-04T10:19:42Z
335440,1.1,23.82,Science Image,2026-02-04T11:33:11Z
335441,1.1,-1.15,Science Image,2026-02-04T11:33:11Z
335442,0.9,1.91,Science Image,2026-02-04T12:05:50Z
335443,0.82,7.69,Science Image,2026-02-04T12:34:58Z
335444,0.9,-1.38,Science Image,2026-02-04T12:50:53Z
335445,0.8,-16.9,Science Image,2026-02-04T13:02:32Z
335586,1.7,27.06,Science Image,2026-02-05T03:49:29Z
335588,1.9,4.97,Science Image,2026-02-05T04:20:07Z
335589,2.0,2.5,Science Image,2026-02-05T04:41:37Z
335590,2.0,-23.93,Science Image,2026-02-05T04:41:37Z
335608,0.75,2.76,Science Image,2026-02-05T07:52:58Z
335609,0.9,-2.6,Science Image,2026-02-05T08:02:25Z
335610,0.9,-16.01,Science Image,2026-02-05T08:02:25Z
335611,0.9,-29.63,Science Image,2026-02-05T08:02:25Z
335612,0.7,19.41,Science Image,2026-02-05T09:04:34Z
335613,0.7,6.21,Science Image,2026-02-05T09:04:34Z
335614,0.7,-7.34,Science Image,2026-02-05T09:04:34Z
335615,1.7,15.53,Science Image,2026-02-05T09:41:59Z
335616,1.7,-2.58,Science Image,2026-02-05T09:41:59Z
335617,1.7,-21.91,Science Image,2026-02-05T09:41:59Z
335619,1.1,27.28,Science Image,2026-02-05T11:06:40Z
335620,1.1,7.97,Science Image,2026-02-05T11:06:40Z
335621,1.1,-9.9,Science Image,2026-02-05T11:06:40Z
335764,0.9,-17.5,Science Image,2026-02-06T02:48:11Z
335767,0.9,14.9,Science Image,2026-02-06T04:38:06Z
335768,0.9,-6.58,Science Image,2026-02-06T04:38:06Z
335769,1.0,4.32,Science Image,2026-02-06T05:13:32Z
335770,0.7,-12.15,Science Image,2026-02-06T05:26:06Z
335771,0.8,-10.89,Science Image,2026-02-06T05:52:32Z
335774,0.8,9.97,Science Image,2026-02-06T06:55:40Z
335775,0.8,-3.49,Science Image,2026-02-06T06:55:40Z
335776,0.9,-3.71,Science Image,2026-02-06T07:08:25Z
335777,0.6,-1.0,Science Image,2026-02-06T07:22:51Z
335778,0.6,-0.9,Science Image,2026-02-06T07:40:10Z
335779,0.65,7.09,Science Image,2026-02-06T08:13:42Z
335780,0.7,7.89,Science Image,2026-02-06T08:33:56Z
335781,0.7,-1.77,Science Image,2026-02-06T08:33:56Z
335782,0.7,-10.98,Science Image,2026-02-06T08:33:56Z
335783,0.8,-4.89,Science Image,2026-02-06T08:56:09Z
335784,0.7,-2.11,Science Image,2026-02-06T09:17:52Z
335785,0.7,-1.13,Science Image,2026-02-06T09:37:07Z
335786,0.65,-2.77,Science Image,2026-02-06T09:54:06Z
335787,0.5,13.04,Science Image,2026-02-06T10:28:46Z
335788,0.5,-5.97,Science Image,2026-02-06T10:28:46Z
335789,0.55,1.41,Science Image,2026-02-06T10:56:23Z
335790,0.6,-7.41,Science Image,2026-02-06T11:06:05Z
335791,0.5,3.21,Science Image,2026-02-06T11:39:55Z
335792,0.7,6.75,Science Image,2026-02-06T12:02:54Z
335793,0.7,2.11,Science Image,2026-02-06T12:17:19Z
335794,0.65,-11.79,Science Image,2026-02-06T12:32:25Z
335935,0.8,7.37,Est. from Guider,2026-02-07T02:34:59Z
335937,0.75,16.57,Est. from Guider,2026-02-07T03:22:45Z
335945,0.8,-16.94,Est. from Guider,2026-02-07T04:11:13Z
335946,1.0,4.55,Est. from Guider,2026-02-07T04:48:59Z
336099,1.3,-4.96,Est. from Guider,2026-02-08T02:16:32Z
336100,0.9,2.96,Est. from Guider,2026-02-08T02:43:22Z
336114,1.0,-10.2,Est. from Guider,2026-02-08T04:01:39Z
336115,0.85,0.14,Est. from Guider,2026-02-08T04:36:36Z
336116,0.9,-17.3,Est. from Guider,2026-02-08T04:47:02Z
336117,1.0,-6.18,Est. from Guider,2026-02-08T05:25:03Z
336118,1.1,8.44,Est. from Guider,2026-02-08T06:02:58Z
336119,1.1,-10.81,Est. from Guider,2026-02-08T06:02:58Z
336120,0.75,-5.85,Est. from Guider,2026-02-08T06:30:12Z
336121,0.8,-5.85,Est. from Guider,2026-02-08T06:54:15Z
336122,0.85,20.11,Est. from Guider,2026-02-08T07:39:11Z
336123,0.85,-0.66,Est. from Guider,2026-02-08T07:39:11Z
336133,0.9,8.85,Est. from Guider,2026-02-08T09:56:44Z
336134,0.9,-7.71,Est. from Guider,2026-02-08T09:56:44Z
336135,0.9,-17.59,Est. from Guider,2026-02-08T09:56:44Z
336136,0.8,6.93,Est. from Guider,2026-02-08T10:40:48Z
336139,0.7,0.11,Est. from Guider,2026-02-08T11:08:30Z
336140,0.9,-4.73,Est. from Guider,2026-02-08T11:33:01Z
336141,0.8,1.11,Est. from Guider,2026-02-08T12:07:55Z
336142,1.0,-4.65,Est. from Guider,2026-02-08T12:25:50Z
336143,1.0,14.24,Est. from Guider,2026-02-08T13:08:38Z
336144,1.0,-6.61,Est. from Guider,2026-02-08T13:08:38Z
336280,1.2,10.63,Est. from Guider,2026-02-09T02:26:09Z
336281,1.2,-5.37,Est. from Guider,2026-02-09T02:26:09Z
336285,1.0,10.84,Est. from Guider,2026-02-09T04:06:57Z
336286,1.1,7.98,Est. from Guider,2026-02-09T04:51:53Z
336287,1.1,-8.77,Est. from Guider,2026-02-09T04:51:53Z
336288,1.3,3.1,Est. from Guider,2026-02-09T05:23:04Z
336289,1.3,-2.11,Est. from Guider,2026-02-09T05:41:46Z
336290,1.0,11.04,Est. from Guider,2026-02-09T06:13:04Z
336291,1.0,-6.68,Est. from Guider,2026-02-09T06:13:04Z
336293,0.95,13.42,Focus,2026-02-09T07:18:20Z
336294,0.95,-11.2,Focus,2026-02-09T07:18:20Z
336295,1.5,10.58,Est. from Guider,2026-02-09T08:07:23Z
336296,1.5,-6.69,Est. from Guider,2026-02-09T08:07:23Z
336297,1.1,-0.03,Est. from Guider,2026-02-09T08:33:16Z
336298,1.0,-1.98,Est. from Guider,2026-02-09T08:51:26Z
336299,0.9,5.09,Est. from Guider,2026-02-09T09:16:14Z
336300,1.3,7.78,Est. from Guider,2026-02-09T09:37:46Z
336301,1.9,1.06,Est. from Guider,2026-02-09T09:51:00Z
336302,1.6,0.92,Est. from Guider,2026-02-09T10:15:37Z
336303,1.3,-3.0,Est. from Guider,2026-02-09T10:41:07Z
336305,1.9,-19.99,Est. from Guider,2026-02-09T10:52:17Z
336306,1.2,14.79,Est. from Guider,2026-02-09T11:41:51Z
336307,1.2,-1.98,Est. from Guider,2026-02-09T11:41:51Z
336308,1.2,-19.26,Est. from Guider,2026-02-09T11:41:51Z
336309,1.4,8.21,Est. from Guider,2026-02-09T12:24:42Z
336310,1.4,-5.61,Est. from Guider,2026-02-09T12:24:42Z
336311,1.2,8.98,Est. from Guider,2026-02-09T12:52:06Z
336312,1.2,-3.37,Est. from Guider,2026-02-09T12:52:06Z
336313,1.2,-16.96,Est. from Guider,2026-02-09T12:52:06Z
336455,1.5,-2.13,Est. from Guider,2026-02-10T02:34:02Z
336456,1.5,-19.97,Est. from Guider,2026-02-10T02:34:02Z
336457,1.5,20.5,Est. from Guider,2026-02-10T03:36:52Z
336459,1.5,-18.32,Est. from Guider,2026-02-10T03:36:52Z
336472,1.0,4.94,Est. from Guider,2026-02-10T06:28:18Z
336473,1.0,-16.28,Est. from Guider,2026-02-10T06:28:18Z
336475,1.0,17.46,Est. from Guider,2026-02-10T07:58:00Z
336476,1.0,-10.92,Est. from Guider,2026-02-10T07:58:00Z
336487,1.5,5.98,Est. from Guider,2026-02-10T12:24:01Z
336488,1.5,-22.14,Est. from Guider,2026-02-10T12:24:01Z
337294,1.0,-10.96,Est. from Guider,2026-02-15T03:01:04Z
337296,0.85,4.0,Est. from Guider,2026-02-15T03:48:19Z
337297,1.0,4.02,Est. from Guider,2026-02-15T04:13:00Z
337299,1.5,10.6,Est. from Guider,2026-02-15T04:49:38Z
337300,1.5,-7.68,Est. from Guider,2026-02-15T04:49:38Z
337301,1.44,-8.78,Est. from Guider,2026-02-15T05:07:22Z
337302,1.44,-27.95,Est. from Guider,2026-02-15T05:07:22Z
337304,1.35,14.5,Est. from Guider,2026-02-15T06:34:36Z
337305,1.35,-10.5,Est. from Guider,2026-02-15T06:34:36Z
337306,1.2,16.26,Est. from Guider,2026-02-15T07:17:12Z
337309,1.02,7.34,Est. from Guider,2026-02-15T07:37:07Z
337310,1.02,-6.94,Est. from Guider,2026-02-15T07:37:07Z
337311,1.25,-1.3,Est. from Guider,2026-02-15T07:58:10Z
337312,1.6,10.71,Est. from Guider,2026-02-15T08:32:43Z
337313,1.65,2.21,Est. from Guider,2026-02-15T08:47:45Z
337314,1.2,0.76,Est. from Guider,2026-02-15T09:01:50Z
337315,0.9,4.99,Est. from Guider,2026-02-15T09:22:09Z
337316,0.82,-0.38,Est. from Guider,2026-02-15T09:33:19Z
337317,0.9,-2.89,Est. from Guider,2026-02-15T09:52:00Z
337318,1.1,14.26,Est. from Guider,2026-02-15T10:27:42Z
337319,1.1,2.36,Est. from Guider,2026-02-15T10:27:42Z
337320,1.1,-9.91,Est. from Guider,2026-02-15T10:27:42Z
337321,0.82,11.99,Est. from Guider,2026-02-15T11:01:58Z
337471,1.2,21.71,Est. from Guider,2026-02-16T04:13:22Z
337472,1.2,7.48,Est. from Guider,2026-02-16T04:13:22Z
337479,1.2,26.32,Est. from Guider,2026-02-16T07:13:59Z
337480,1.2,15.71,Est. from Guider,2026-02-16T07:13:59Z
337481,1.2,-7.04,Est. from Guider,2026-02-16T07:13:59Z
337483,1.1,16.02,Est. from Guider,2026-02-16T08:25:45Z
337484,1.1,7.71,Est. from Guider,2026-02-16T08:25:45Z
337489,1.1,21.95,Est. from Guider,2026-02-16T09:11:20Z
337490,1.1,8.69,Est. from Guider,2026-02-16T09:11:20Z
337491,1.1,-3.27,Est. from Guider,2026-02-16T09:11:20Z
337492,1.1,-15.59,Est. from Guider,2026-02-16T09:11:20Z
337493,1.1,-27.85,Est. from Guider,2026-02-16T09:11:20Z
337769,1.0,-23.43,Est. from Guider,2026-02-18T04:09:53Z
337773,1.45,22.07,Est. from Guider,2026-02-18T06:00:58Z
337774,1.45,-3.21,Est. from Guider,2026-02-18T06:00:58Z
337775,0.75,-8.91,Est. from Guider,2026-02-18T06:17:27Z
337776,1.0,16.99,Est. from Guider,2026-02-18T07:04:55Z
337777,1.0,-5.32,Est. from Guider,2026-02-18T07:04:55Z
337778,1.0,-26.68,Est. from Guider,2026-02-18T07:04:55Z
337779,1.25,11.2,Est. from Guider,2026-02-18T08:06:52Z
337780,1.25,-10.27,Est. from Guider,2026-02-18T08:06:52Z
337781,0.97,-2.49,Est. from Guider,2026-02-18T08:30:25Z
337783,1.2,-12.83,Est. from Guider,2026-02-18T09:09:05Z
337790,1.25,5.44,Est. from Guider,2026-02-18T10:56:04Z
337791,1.45,4.87,Est. from Guider,2026-02-18T11:11:05Z
337792,1.5,-3.7,Est. from Guider,2026-02-18T11:25:32Z
337793,1.18,-6.8,Est. from Guider,2026-02-18T11:49:19Z
337794,1.6,9.45,Est. from Guider,2026-02-18T12:31:22Z
337795,1.6,-14.38,Est. from Guider,2026-02-18T12:31:22Z
338269,0.9,26.82,Est. from Guider,2026-02-21T10:16:23Z
338270,0.9,12.45,Est. from Guider,2026-02-21T10:16:23Z
338271,0.9,-0.23,Est. from Guider,2026-02-21T10:16:23Z
338272,1.0,3.35,Est. from Guider,2026-02-21T10:30:56Z
338273,0.6,7.29,Est. from Guider,2026-02-21T10:51:47Z
338274,0.7,-0.63,Est. from Guider,2026-02-21T11:06:28Z
338275,1.4,-5.98,Est. from Guider,2026-02-21T11:26:39Z
338277,1.1,13.1,Est. from Guider,2026-02-21T12:32:55Z
338278,1.1,-10.63,Est. from Guider,2026-02-21T12:32:55Z
338415,1.0,-19.06,Est. from Guider,2026-02-22T02:08:52Z
338416,0.9,12.13,Est. from Guider,2026-02-22T03:04:32Z
338417,0.9,-13.27,Est. from Guider,2026-02-22T03:04:32Z
338469,0.6,14.55,Est. from Guider,2026-02-22T13:04:05Z
338470,0.6,4.89,Est. from Guider,2026-02-22T13:04:05Z
338471,0.6,-5.38,Est. from Guider,2026-02-22T13:04:05Z
338613,1.5,27.93,Est. from Guider,2026-02-23T04:21:52Z
338619,0.7,-19.07,Est. from Guider,2026-02-23T05:28:18Z
338623,1.1,18.84,Est. from Guider,2026-02-23T07:44:00Z
338624,0.9,3.4,Est. from Guider,2026-02-23T07:52:40Z
338625,0.9,-20.52,Est. from Guider,2026-02-23T07:52:40Z
338627,1.6,26.56,Est. from Guider,2026-02-23T09:23:27Z
338628,1.6,7.66,Est. from Guider,2026-02-23T09:23:27Z
338629,1.6,-12.25,Est. from Guider,2026-02-23T09:23:27Z
338632,0.7,17.61,Est. from Guider,2026-02-23T11:02:11Z
338633,0.6,-0.54,Est. from Guider,2026-02-23T11:07:42Z
338634,0.9,0.12,Est. from Guider,2026-02-23T11:31:04Z
338635,0.9,-21.81,Est. from Guider,2026-02-23T11:31:04Z
338753,0.7,8.34,Est. from Guider,2026-02-24T02:33:10Z
338754,0.7,-3.46,Est. from Guider,2026-02-24T02:33:10Z
338755,0.7,-21.2,Est. from Guider,2026-02-24T02:33:10Z
338762,0.55,-12.08,Est. from Guider,2026-02-24T05:11:53Z
338764,0.5,0.96,Est. from Guider,2026-02-24T06:17:42Z
338766,0.5,10.19,Est. from Guider,2026-02-24T07:27:13Z
338767,0.5,-18.35,Est. from Guider,2026-02-24T07:27:13Z
338768,0.5,20.4,Est. from Guider,2026-02-24T08:30:10Z
338769,0.5,2.48,Est. from Guider,2026-02-24T08:30:10Z
338770,0.5,7.87,Est. from Guider,2026-02-24T08:52:00Z
338771,0.5,0.05,Est. from Guider,2026-02-24T09:00:03Z
338772,0.7,2.38,Est. from Guider,2026-02-24T09:17:47Z
338773,0.45,-1.82,Est. from Guider,2026-02-24T09:28:28Z
338774,0.5,16.2,Est. from Guider,2026-02-24T10:01:21Z
338775,0.5,1.22,Est. from Guider,2026-02-24T10:01:21Z
338776,0.6,5.17,Est. from Guider,2026-02-24T10:20:02Z
338777,0.5,-3.8,Est. from Guider,2026-02-24T10:26:00Z
338778,0.5,-19.02,Est. from Guider,2026-02-24T10:26:00Z
338779,0.4,15.01,Est. from Guider,2026-02-24T11:15:22Z
338780,0.4,-0.86,Est. from Guider,2026-02-24T11:15:22Z
338781,0.4,-16.78,Est. from Guider,2026-02-24T11:15:22Z
338923,0.85,-14.12,Est. from Guider,2026-02-25T02:43:00Z
338924,1.17,24.42,Est. from Guider,2026-02-25T03:41:41Z
338925,1.17,7.54,Est. from Guider,2026-02-25T03:41:41Z
338930,0.86,11.99,Est. from Guider,2026-02-25T05:33:54Z
338931,0.86,1.1,Est. from Guider,2026-02-25T05:33:54Z
338932,0.86,-14.36,Est. from Guider,2026-02-25T05:33:54Z
338935,0.74,10.56,Est. from Guider,2026-02-25T07:07:20Z
338936,0.6,0.44,Est. from Guider,2026-02-25T07:20:49Z
338937,0.77,0.82,Est. from Guider,2026-02-25T07:50:22Z
338938,0.81,-8.78,Est. from Guider,2026-02-25T08:09:33Z
338940,0.84,6.04,Est. from Guider,2026-02-25T09:14:53Z
338941,0.79,7.71,Est. from Guider,2026-02-25T09:40:56Z
338942,0.79,-10.52,Est. from Guider,2026-02-25T09:40:56Z
338943,0.77,3.8,Est. from Guider,2026-02-25T10:15:33Z
338945,0.79,-0.52,Est. from Guider,2026-02-25T10:34:06Z
338946,0.96,-3.52,Est. from Guider,2026-02-25T10:50:13Z
338947,0.99,-1.02,Est. from Guider,2026-02-25T11:12:14Z
338948,1.07,3.37,Est. from Guider,2026-02-25T11:36:10Z
338949,0.89,6.98,Est. from Guider,2026-02-25T11:59:28Z
338950,0.89,-4.82,Est. from Guider,2026-02-25T12:09:41Z
338951,0.89,-28.87,Est. from Guider,2026-02-25T12:09:41Z
339108,0.93,-27.13,Est. from Guider,2026-02-26T02:36:53Z
339110,1.17,-0.94,Est. from Guider,2026-02-26T03:36:09Z
339111,1.0,2.41,Est. from Guider,2026-02-26T04:00:05Z
339112,0.77,-1.44,Est. from Guider,2026-02-26T04:09:59Z
339118,0.64,-5.75,Est. from Guider,2026-02-26T06:13:09Z
339119,0.64,-26.03,Est. from Guider,2026-02-26T06:13:09Z
339120,0.75,19.63,Est. from Guider,2026-02-26T07:17:55Z
339121,0.75,0.78,Est. from Guider,2026-02-26T07:17:55Z
339122,0.99,8.82,Est. from Guider,2026-02-26T07:51:39Z
339124,0.78,-5.28,Est. from Guider,2026-02-26T08:22:24Z
339125,0.58,-3.15,Est. from Guider,2026-02-26T08:51:55Z
339126,0.6,-2.58,Est. from Guider,2026-02-26T09:17:58Z
339127,0.64,-1.79,Est. from Guider,2026-02-26T09:44:02Z
339128,0.68,15.74,Est. from Guider,2026-02-26T10:24:50Z
339129,0.68,-5.21,Est. from Guider,2026-02-26T10:24:50Z
339271,0.58,-0.52,Est. from Guider,2026-02-27T02:28:12Z
339275,0.58,29.01,Est. from Guider,2026-02-27T04:41:02Z
339279,0.67,2.07,Est. from Guider,2026-02-27T05:47:58Z
339280,0.59,7.75,Est. from Guider,2026-02-27T06:22:16Z
339281,0.59,-12.51,Est. from Guider,2026-02-27T06:22:16Z
339283,0.83,-1.85,Est. from Guider,2026-02-27T08:01:56Z
339285,1.22,1.29,Est. from Guider,2026-02-27T10:07:01Z
339286,1.22,-20.68,Est. from Guider,2026-02-27T10:07:01Z
339287,1.25,6.79,Est. from Guider,2026-02-27T10:55:17Z
339288,1.25,-11.75,Est. from Guider,2026-02-27T10:55:17Z
339290,1.05,24.93,Est. from Guider,2026-02-27T12:19:48Z
339291,1.05,-3.86,Est. from Guider,2026-02-27T12:19:48Z
339292,1.05,-29.96,Est. from Guider,2026-02-27T12:19:48Z
339429,0.72,-19.46,Est. from Guider,2026-02-28T02:17:57Z
339440,0.74,2.83,Est. from Guider,2026-02-28T05:44:07Z
339441,0.69,7.2,Est. from Guider,2026-02-28T06:09:56Z
339442,0.69,-13.2,Est. from Guider,2026-02-28T06:09:56Z
339443,0.69,-28.29,Est. from Guider,2026-02-28T06:09:56Z
339444,0.84,23.06,Est. from Guider,2026-02-28T07:15:51Z
339445,0.84,9.32,Est. from Guider,2026-02-28T07:15:51Z
339446,0.84,-4.65,Est. from Guider,2026-02-28T07:15:51Z
339447,0.6,-6.59,Est. from Guider,2026-02-28T07:27:46Z
339448,0.6,-19.28,Est. from Guider,2026-02-28T07:27:46Z
339449,0.84,7.73,Est. from Guider,2026-02-28T08:13:07Z
339450,0.64,-3.89,Est. from Guider,2026-02-28T08:26:01Z
339451,0.64,-27.3,Est. from Guider,2026-02-28T08:26:01Z
339453,0.86,4.55,Est. from Guider,2026-02-28T09:46:26Z
339454,0.8,17.46,Est. from Guider,2026-02-28T10:23:00Z
339455,0.8,1.46,Est. from Guider,2026-02-28T10:23:00Z
339456,0.8,-11.55,Est. from Guider,2026-02-28T10:23:00Z
339457,0.8,-23.34,Est. from Guider,2026-02-28T10:23:00Z
339459,1.77,25.07,Est. from Guider,2026-02-28T11:37:30Z
339461,1.77,-9.84,Est. from Guider,2026-02-28T11:37:30Z
339462,1.45,-5.96,Est. from Guider,2026-02-28T11:58:16Z
339464,0.75,-7.21,Est. from Guider,2026-02-28T12:23:59Z
339465,0.75,-22.4,Est. from Guider,2026-02-28T12:23:59Z
339641,0.9,-14.99,Est. from Guider,2026-03-01T02:20:58Z
339643,0.99,6.72,Est. from Guider,2026-03-01T03:19:09Z
339644,0.99,-18.3,Est. from Guider,2026-03-01T03:19:09Z
339645,0.83,10.59,Est. from Guider,2026-03-01T04:14:23Z
339646,0.83,-9.64,Est. from Guider,2026-03-01T04:14:23Z
339647,0.6,18.63,Est. from Guider,2026-03-01T04:59:12Z
339652,0.5,10.18,Est. from Guider,2026-03-01T05:51:53Z
339663,0.69,8.66,Est. from Guider,2026-03-01T08:04:28Z
339665,0.69,-13.43,Est. from Guider,2026-03-01T08:04:28Z
339676,0.65,12.17,Est. from Guider,2026-03-01T10:31:21Z
339681,0.59,0.18,Est. from Guider,2026-03-01T11:33:35Z
339682,0.83,-2.5,Est. from Guider,2026-03-01T11:48:24Z
339683,0.83,-13.56,Est. from Guider,2026-03-01T11:48:24Z
339905,0.96,15.9,Est. from Guider,2026-03-02T09:34:25Z
339906,0.96,-0.34,Est. from Guider,2026-03-02T09:34:25Z
339907,0.68,14.9,Est. from Guider,2026-03-02T10:05:03Z
339908,0.68,-0.64,Est. from Guider,2026-03-02T10:05:03Z
339909,0.68,-22.62,Est. from Guider,2026-03-02T10:05:03Z
339910,0.87,26.78,Est. from Guider,2026-03-02T11:16:29Z
339911,0.87,7.73,Est. from Guider,2026-03-02T11:16:29Z
339912,0.87,-11.64,Est. from Guider,2026-03-02T11:16:29Z
340235,0.95,-0.07,Science Image,2026-03-05T02:40:31Z
340237,2.0,5.99,Science Image,2026-03-05T03:20:49Z
340250,0.67,2.28,Science Image,2026-03-05T06:12:39Z
340251,0.67,-13.06,Science Image,2026-03-05T06:12:39Z
340252,0.69,5.58,Science Image,2026-03-05T06:46:39Z
340253,0.8,1.41,Science Image,2026-03-05T06:58:14Z
340255,0.8,-17.62,Science Image,2026-03-05T06:58:14Z
340259,0.76,24.32,Science Image,2026-03-05T08:31:46Z
340260,0.76,9.87,Science Image,2026-03-05T08:31:46Z
340261,0.76,-4.74,Science Image,2026-03-05T08:31:46Z
340262,1.2,0.89,Science Image,2026-03-05T08:51:51Z
340263,0.85,-4.51,Science Image,2026-03-05T09:00:24Z
340264,0.85,-18.35,Science Image,2026-03-05T09:00:24Z
340267,0.63,18.57,Science Image,2026-03-05T10:19:26Z
340268,0.63,5.75,Science Image,2026-03-05T10:19:26Z
340269,0.63,-7.41,Science Image,2026-03-05T10:19:26Z
340270,0.63,-20.52,Science Image,2026-03-05T10:19:26Z
340271,0.76,20.86,Science Image,2026-03-05T11:13:24Z
340272,0.76,8.02,Science Image,2026-03-05T11:13:24Z
340273,0.76,-4.93,Science Image,2026-03-05T11:13:24Z
340274,0.76,-17.89,Science Image,2026-03-05T11:13:24Z
340275,0.83,15.18,Science Image,2026-03-05T11:58:53Z
340276,0.83,-4.87,Science Image,2026-03-05T11:58:53Z
340277,0.7,-2.12,Science Image,2026-03-05T12:20:27Z
340278,0.7,-20.33,Science Image,2026-03-05T12:20:27Z
340418,1.15,12.17,Science Image,2026-03-06T03:13:57Z
340419,1.15,-8.8,Science Image,2026-03-06T03:13:57Z
340420,1.05,-2.85,Science Image,2026-03-06T03:38:41Z
340421,1.2,-4.0,Science Image,2026-03-06T03:58:44Z
340781,1.0,-2.91,Science Image,2026-03-08T02:25:24Z
340782,1.5,-3.61,Science Image,2026-03-08T02:44:27Z
340783,1.2,-2.09,Science Image,2026-03-08T03:05:22Z
340784,2.1,-2.29,Science Image,2026-03-08T03:25:45Z
340785,1.3,7.8,Science Image,2026-03-08T03:58:26Z
340786,1.3,-9.18,Science Image,2026-03-08T03:58:26Z
340788,1.5,21.91,Science Image,2026-03-08T05:04:12Z
340789,1.5,8.06,Science Image,2026-03-08T05:04:12Z
340790,1.5,-7.52,Science Image,2026-03-08T05:04:12Z
340791,1.9,13.66,Science Image,2026-03-08T05:46:54Z
340792,1.9,-11.41,Science Image,2026-03-08T05:46:54Z
340793,2.3,10.48,Science Image,2026-03-08T06:31:49Z
340797,3.2,-20.84,Science Image,2026-03-08T06:52:06Z
340799,2.6,29.83,Science Image,2026-03-08T08:19:57Z
340800,2.6,1.15,Science Image,2026-03-08T08:19:57Z
340801,1.3,8.44,Science Image,2026-03-08T08:53:06Z
340802,1.3,-14.73,Science Image,2026-03-08T08:53:06Z
340803,1.0,5.57,Science Image,2026-03-08T09:34:17Z
340804,1.1,9.22,Science Image,2026-03-08T09:52:49Z
340805,1.1,-2.9,Science Image,2026-03-08T09:52:49Z
340806,0.9,-7.11,Science Image,2026-03-08T10:01:15Z
340807,0.9,7.41,Science Image,2026-03-08T10:27:55Z
340808,0.9,-5.71,Science Image,2026-03-08T10:27:55Z
340809,0.9,-20.77,Science Image,2026-03-08T10:27:55Z
340810,1.3,17.84,Science Image,2026-03-08T11:21:37Z
340811,1.3,2.64,Science Image,2026-03-08T11:21:37Z
340812,1.3,-12.65,Science Image,2026-03-08T11:21:37Z
340813,0.9,16.72,Science Image,2026-03-08T12:05:01Z
340814,0.9,4.36,Science Image,2026-03-08T12:05:01Z
340815,0.9,-8.52,Science Image,2026-03-08T12:05:01Z
340816,1.1,17.58,Science Image,2026-03-08T12:46:06Z
340817,1.1,0.88,Science Image,2026-03-08T12:46:06Z
340953,1.0,-6.55,Est. from Guider,2026-03-09T05:04:05Z
340954,1.1,8.35,Est. from Guider,2026-03-09T05:41:01Z
340955,1.6,-2.43,Est. from Guider,2026-03-09T05:51:52Z
340956,1.6,-21.59,Est. from Guider,2026-03-09T05:51:52Z
341341,1.6,-2.82,Est. from Guider,2026-03-12T02:29:27Z
341342,1.6,-15.57,Est. from Guider,2026-03-12T02:29:27Z
341343,1.78,16.92,Est. from Guider,2026-03-12T03:18:40Z
341344,3.4,-2.04,Est. from Guider,2026-03-12T03:18:51Z
341350,2.65,-16.9,Est. from Guider,2026-03-12T04:51:14Z
341353,1.09,24.07,Est. from Guider,2026-03-12T06:29:40Z
341354,1.09,5.57,Est. from Guider,2026-03-12T06:29:40Z
341355,1.16,-9.46,Est. from Guider,2026-03-12T06:37:17Z
341359,1.2,27.19,Est. from Guider,2026-03-12T08:31:42Z
341360,1.2,6.04,Est. from Guider,2026-03-12T08:31:42Z
341361,1.57,0.81,Est. from Guider,2026-03-12T08:49:45Z
341362,1.03,-4.61,Est. from Guider,2026-03-12T09:07:42Z
341363,1.03,-27.88,Est. from Guider,2026-03-12T09:07:42Z
341368,1.87,18.04,Est. from Guider,2026-03-12T11:42:17Z
341369,1.87,5.99,Est. from Guider,2026-03-12T11:42:17Z
341370,1.87,-5.37,Est. from Guider,2026-03-12T11:42:17Z
341371,1.87,-24.91,Est. from Guider,2026-03-12T11:42:17Z
341510,1.2,20.56,Est. from Guider,2026-03-13T03:03:31Z
341511,1.2,7.76,Est. from Guider,2026-03-13T03:03:31Z
341517,1.0,12.99,Est. from Guider,2026-03-13T05:19:58Z
341518,1.0,-12.84,Est. from Guider,2026-03-13T05:19:58Z
341520,1.0,13.62,Est. from Guider,2026-03-13T06:35:09Z
341521,1.0,-12.4,Est. from Guider,2026-03-13T06:35:09Z
341528,1.0,17.98,Est. from Guider,2026-03-13T09:39:51Z
341529,1.0,-2.89,Est. from Guider,2026-03-13T09:40:02Z
341530,1.0,-22.82,Est. from Guider,2026-03-13T09:40:02Z
341674,1.2,8.42,Est. from Guider,2026-03-14T02:44:57Z
341675,1.2,-9.31,Est. from Guider,2026-03-14T02:44:57Z
341680,1.2,4.47,Est. from Guider,2026-03-14T04:57:50Z
341681,1.5,-19.14,Est. from Guider,2026-03-14T04:58:01Z
341682,1.2,18.06,Est. from Guider,2026-03-14T05:56:10Z
341683,1.2,1.48,Est. from Guider,2026-03-14T05:56:10Z
341684,1.2,-14.89,Est. from Guider,2026-03-14T05:56:10Z
341686,1.0,23.29,Est. from Guider,2026-03-14T07:08:54Z
341687,1.0,7.22,Est. from Guider,2026-03-14T07:08:54Z
341688,1.0,-9.46,Est. from Guider,2026-03-14T07:08:54Z
341689,1.0,-24.8,Est. from Guider,2026-03-14T07:08:54Z
341855,1.1,-25.19,Est. from Guider,2026-03-15T05:08:58Z
341856,1.1,10.11,Est. from Guider,2026-03-15T06:00:09Z
341857,1.2,11.12,Est. from Guider,2026-03-15T06:22:25Z
341858,1.2,-10.78,Est. from Guider,2026-03-15T06:22:25Z
341859,1.2,1.88,Est. from Guider,2026-03-15T06:57:29Z
341860,1.2,-21.94,Est. from Guider,2026-03-15T06:57:29Z
341861,1.1,1.52,Est. from Guider,2026-03-15T07:45:39Z
341862,1.1,21.83,Est. from Guider,2026-03-15T08:33:02Z
341863,1.1,-4.21,Est. from Guider,2026-03-15T08:33:02Z
341864,1.1,1.39,Est. from Guider,2026-03-15T09:00:01Z
341865,1.1,-22.0,Est. from Guider,2026-03-15T09:00:01Z
341868,1.2,10.1,Est. from Guider,2026-03-15T10:43:21Z
341869,1.2,-17.29,Est. from Guider,2026-03-15T10:43:21Z
342012,0.86,-5.81,Est. from Guider,2026-03-16T02:32:15Z
342013,0.86,-20.24,Est. from Guider,2026-03-16T02:32:15Z
342017,0.67,-13.91,Est. from Guider,2026-03-16T04:06:06Z
342018,0.56,27.97,Est. from Guider,2026-03-16T05:12:57Z
342019,0.56,9.96,Est. from Guider,2026-03-16T05:12:57Z
342020,0.56,-11.92,Est. from Guider,2026-03-16T05:12:57Z
342021,0.61,8.2,Est. from Guider,2026-03-16T05:57:17Z
342022,0.61,-17.37,Est. from Guider,2026-03-16T05:57:17Z
342031,0.5,14.8,Est. from Guider,2026-03-16T10:03:15Z
342032,0.5,-6.69,Est. from Guider,2026-03-16T10:03:15Z
342033,0.5,-25.99,Est. from Guider,2026-03-16T10:03:15Z
342036,0.6,7.79,Est. from Guider,2026-03-16T11:43:50Z
342037,0.6,-16.61,Est. from Guider,2026-03-16T11:43:50Z
342178,1.5,8.9,Est. from Guider,2026-03-17T02:47:39Z
342179,1.5,0.08,Est. from Guider,2026-03-17T02:47:39Z
342180,1.5,-19.4,Est. from Guider,2026-03-17T02:47:39Z
342185,1.2,20.05,Est. from Guider,2026-03-17T05:09:56Z
342186,1.2,-3.35,Est. from Guider,2026-03-17T05:09:56Z
342187,1.1,0.25,Est. from Guider,2026-03-17T05:32:27Z
342188,1.1,12.27,Est. from Guider,2026-03-17T06:03:02Z
342189,1.1,-10.25,Est. from Guider,2026-03-17T06:03:02Z
342190,1.0,-4.41,Est. from Guider,2026-03-17T06:29:49Z
342191,1.0,-25.85,Est. from Guider,2026-03-17T06:29:49Z
342195,1.2,14.84,Est. from Guider,2026-03-17T08:32:00Z
342196,1.2,-10.35,Est. from Guider,2026-03-17T08:32:00Z
342200,1.4,28.24,Est. from Guider,2026-03-17T10:17:16Z
342201,1.4,8.52,Est. from Guider,2026-03-17T10:17:16Z
342203,1.4,14.25,Est. from Guider,2026-03-17T11:03:13Z
342204,1.4,-6.93,Est. from Guider,2026-03-17T11:03:13Z
342205,1.4,-29.3,Est. from Guider,2026-03-17T11:03:13Z
342206,1.3,8.91,Est. from Guider,2026-03-17T12:07:20Z
342207,1.3,-19.27,Est. from Guider,2026-03-17T12:07:20Z
342345,1.1,0.45,Est. from Guider,2026-03-18T02:42:35Z
342346,1.1,5.2,Est. from Guider,2026-03-18T03:06:59Z
342347,1.1,-16.06,Est. from Guider,2026-03-18T03:06:59Z
342350,1.1,13.39,Est. from Guider,2026-03-18T04:48:23Z
342351,1.0,-8.53,Est. from Guider,2026-03-18T04:51:51Z
342353,1.0,15.75,Est. from Guider,2026-03-18T06:05:47Z
342354,1.0,-9.53,Est. from Guider,2026-03-18T06:05:47Z
342355,1.1,9.87,Est. from Guider,2026-03-18T06:48:07Z
342356,1.1,-8.78,Est. from Guider,2026-03-18T06:48:07Z
342357,1.1,-23.91,Est. from Guider,2026-03-18T06:48:07Z
342361,1.2,27.85,Est. from Guider,2026-03-18T08:35:00Z
342362,1.2,13.04,Est. from Guider,2026-03-18T08:35:00Z
342363,1.2,-13.59,Est. from Guider,2026-03-18T08:35:00Z
342364,1.2,6.43,Est. from Guider,2026-03-18T09:10:28Z
342365,1.2,-13.26,Est. from Guider,2026-03-18T09:10:28Z
342366,1.1,-1.63,Est. from Guider,2026-03-18T09:42:21Z
342367,1.1,-27.9,Est. from Guider,2026-03-18T09:42:21Z
342368,1.1,10.06,Est. from Guider,2026-03-18T10:46:04Z
342369,1.1,-15.66,Est. from Guider,2026-03-18T10:46:04Z
342371,1.1,28.66,Est. from Guider,2026-03-18T12:14:09Z
342372,1.1,12.0,Est. from Guider,2026-03-18T12:14:09Z
342373,1.1,-2.38,Est. from Guider,2026-03-18T12:14:09Z
342374,1.1,-13.3,Est. from Guider,2026-03-18T12:14:09Z
342375,1.1,-26.11,Est. from Guider,2026-03-18T12:14:09Z
342528,1.0,15.74,Est. from Guider,2026-03-19T08:26:57Z
342529,1.0,-7.01,Est. from Guider,2026-03-19T08:26:57Z
342531,1.0,13.27,Est. from Guider,2026-03-19T09:36:31Z
342532,1.0,-0.39,Est. from Guider,2026-03-19T09:45:49Z
342533,1.0,-22.66,Est. from Guider,2026-03-19T09:45:49Z
342535,0.9,27.82,Est. from Guider,2026-03-19T11:21:14Z
342536,0.9,1.65,Est. from Guider,2026-03-19T11:21:14Z
342537,0.9,-24.65,Est. from Guider,2026-03-19T11:21:14Z
342681,0.7,-8.79,Est. from Guider,2026-03-20T02:30:38Z
342682,0.8,-4.42,Est. from Guider,2026-03-20T02:52:04Z
342683,0.84,16.64,Est. from Guider,2026-03-20T03:31:50Z
342684,0.84,-2.32,Est. from Guider,2026-03-20T03:31:50Z
342685,0.62,10.86,Est. from Guider,2026-03-20T04:03:52Z
342686,1.0,-1.7,Est. from Guider,2026-03-20T04:14:34Z
342687,0.85,-7.92,Est. from Guider,2026-03-20T04:39:22Z
342688,0.76,-1.83,Est. from Guider,2026-03-20T05:12:41Z
342689,1.0,1.12,Est. from Guider,2026-03-20T05:46:59Z
342690,0.8,-7.11,Est. from Guider,2026-03-20T06:08:12Z
342691,0.75,11.21,Est. from Guider,2026-03-20T06:53:34Z
342692,0.75,-13.48,Est. from Guider,2026-03-20T06:53:34Z
342695,0.65,20.49,Est. from Guider,2026-03-20T08:45:27Z
342696,0.65,-2.0,Est. from Guider,2026-03-20T08:45:27Z
342697,0.65,-24.51,Est. from Guider,2026-03-20T08:45:27Z
342698,0.6,21.53,Est. from Guider,2026-03-20T09:54:59Z
342699,0.6,-1.08,Est. from Guider,2026-03-20T09:54:59Z
342700,0.75,18.52,Est. from Guider,2026-03-20T10:38:59Z
342701,0.75,-4.06,Est. from Guider,2026-03-20T10:38:59Z
342702,0.75,-26.93,Est. from Guider,2026-03-20T10:38:59Z
342704,1.0,4.65,Est. from Guider,2026-03-20T12:03:07Z
342705,1.0,-15.15,Est. from Guider,2026-03-20T12:03:07Z
342842,0.9,-10.26,Est. from Guider,2026-03-21T02:32:03Z
342843,1.15,19.72,Est. from Guider,2026-03-21T03:22:20Z
342844,1.15,-2.11,Est. from Guider,2026-03-21T03:22:20Z
342845,0.75,8.49,Est. from Guider,2026-03-21T03:55:16Z
342846,0.75,-10.48,Est. from Guider,2026-03-21T03:55:16Z
342850,0.75,4.07,Est. from Guider,2026-03-21T05:54:12Z
342851,0.75,-15.81,Est. from Guider,2026-03-21T05:54:12Z
342855,1.15,19.0,Est. from Guider,2026-03-21T07:51:40Z
342856,1.15,-1.95,Est. from Guider,2026-03-21T07:51:40Z
342857,1.15,-21.64,Est. from Guider,2026-03-21T07:51:40Z
342858,0.65,16.43,Science Image,2026-03-21T08:49:08Z
342859,0.65,-1.75,Science Image,2026-03-21T08:49:08Z
342860,0.6,18.13,Est. from Guider,2026-03-21T09:33:01Z
342861,0.6,-1.36,Est. from Guider,2026-03-21T09:33:01Z
342862,0.51,-8.48,Est. from Guider,2026-03-21T09:46:34Z
342863,0.51,-28.8,Est. from Guider,2026-03-21T09:46:34Z
342865,0.7,14.75,Est. from Guider,2026-03-21T11:13:17Z
342866,0.7,-10.08,Est. from Guider,2026-03-21T11:13:17Z
343013,1.0,-14.2,Est. from Guider,2026-03-22T02:33:34Z
343014,1.2,4.71,Est. from Guider,2026-03-22T03:08:27Z
343015,1.2,-13.43,Est. from Guider,2026-03-22T03:08:27Z
343016,0.8,13.76,Est. from Guider,2026-03-22T03:54:56Z
343017,0.8,-5.77,Est. from Guider,2026-03-22T03:54:56Z
343018,0.95,9.09,Est. from Guider,2026-03-22T04:26:49Z
343019,0.95,-7.33,Est. from Guider,2026-03-22T04:26:49Z
343023,1.23,-23.12,Est. from Guider,2026-03-22T05:44:48Z
343026,0.72,28.27,Est. from Guider,2026-03-22T07:37:30Z
343027,0.72,5.56,Est. from Guider,2026-03-22T07:37:30Z
343028,0.72,-18.53,Est. from Guider,2026-03-22T07:37:30Z
343030,0.5,17.78,Est. from Guider,2026-03-22T08:58:03Z
343031,0.5,-4.34,Est. from Guider,2026-03-22T08:58:03Z
343032,0.5,-23.39,Est. from Guider,2026-03-22T08:58:03Z
343038,0.9,27.91,Est. from Guider,2026-03-22T11:54:36Z
343039,0.9,13.27,Est. from Guider,2026-03-22T11:54:36Z
343040,0.9,-5.88,Est. from Guider,2026-03-22T11:54:36Z
343041,0.9,-22.3,Est. from Guider,2026-03-22T11:54:36Z
343178,1.0,-11.47,Est. from Guider,2026-03-23T02:31:43Z
343179,0.86,13.48,Est. from Guider,2026-03-23T03:13:07Z
343180,0.86,2.33,Est. from Guider,2026-03-23T03:13:07Z
343182,0.7,-16.15,Est. from Guider,2026-03-23T03:24:58Z
343183,0.7,-29.22,Est. from Guider,2026-03-23T03:24:58Z
343185,1.0,18.99,Est. from Guider,2026-03-23T04:40:00Z
343186,1.0,-4.89,Est. from Guider,2026-03-23T04:40:00Z
343193,1.3,24.98,Est. from Guider,2026-03-23T07:53:31Z
343194,1.3,-0.9,Est. from Guider,2026-03-23T07:53:31Z
343195,0.85,-12.19,Est. from Guider,2026-03-23T08:01:40Z
343196,1.5,4.64,Est. from Guider,2026-03-23T08:40:20Z
343197,1.0,10.25,Est. from Guider,2026-03-23T09:13:25Z
343198,1.0,-12.32,Est. from Guider,2026-03-23T09:13:25Z
344037,0.92,-11.08,Est. from Guider,2026-03-28T08:06:13Z
344038,0.92,-23.97,Est. from Guider,2026-03-28T08:06:13Z
344707,1.01,2.61,Science Image,2026-04-02T03:26:12Z
344708,1.05,5.79,Science Image,2026-04-02T03:48:21Z
344709,0.8,-0.41,Science Image,2026-04-02T04:00:42Z
344710,1.3,1.55,Science Image,2026-04-02T04:22:50Z
344884,0.9,16.59,Science Image,2026-04-03T04:00:21Z
344885,0.9,-5.75,Science Image,2026-04-03T04:00:21Z
344886,0.6,2.25,Science Image,2026-04-03T04:27:09Z
344894,1.0,26.92,Science Image,2026-04-03T06:43:08Z
344907,1.35,-4.62,Science Image,2026-04-03T08:52:31Z
344908,1.15,-1.77,Science Image,2026-04-03T09:13:03Z
344909,1.15,-18.71,Science Image,2026-04-03T09:13:03Z
344913,1.0,26.62,Science Image,2026-04-03T11:28:39Z
344914,1.0,10.08,Science Image,2026-04-03T11:28:39Z
344915,1.0,-8.11,Science Image,2026-04-03T11:28:39Z
344916,0.9,-12.28,Science Image,2026-04-03T11:51:51Z
345188,0.9,-26.97,Science Image,2026-04-04T11:38:12Z
345966,0.6,3.03,Focus,2026-04-09T02:58:36Z
345968,0.8,13.47,Est. from Guider,2026-04-09T03:46:14Z
345969,0.8,3.4,Est. from Guider,2026-04-09T03:46:14Z
345970,0.8,2.28,Est. from Guider,2026-04-09T04:02:46Z
345971,0.65,0.02,Est. from Guider,2026-04-09T04:25:40Z
345972,0.7,-5.52,Est. from Guider,2026-04-09T04:46:52Z
345973,0.7,5.95,Est. from Guider,2026-04-09T05:33:19Z
345974,0.8,-6.74,Est. from Guider,2026-04-09T05:50:10Z
345975,0.7,-19.85,Est. from Guider,2026-04-09T06:04:54Z
345976,1.1,15.88,Est. from Guider,2026-04-09T07:10:08Z
345977,1.1,-9.36,Est. from Guider,2026-04-09T07:10:08Z
345978,1.2,-9.39,Est. from Guider,2026-04-09T07:31:15Z
345979,0.8,-4.47,Est. from Guider,2026-04-09T07:54:26Z
345980,1.1,-8.45,Est. from Guider,2026-04-09T08:10:32Z
345981,0.8,-1.7,Est. from Guider,2026-04-09T08:40:08Z
345982,0.8,-27.03,Est. from Guider,2026-04-09T08:40:08Z
345983,1.1,5.96,Est. from Guider,2026-04-09T09:38:09Z
345984,1.1,-12.0,Est. from Guider,2026-04-09T09:38:09Z
345985,1.4,13.71,Est. from Guider,2026-04-09T10:19:17Z
345986,1.4,-3.36,Est. from Guider,2026-04-09T10:19:17Z
345987,1.4,-17.53,Est. from Guider,2026-04-09T10:19:17Z
345988,1.1,7.74,Est. from Guider,2026-04-09T10:58:03Z
345989,1.1,-7.01,Est. from Guider,2026-04-09T10:58:03Z
345990,1.1,-21.3,Est. from Guider,2026-04-09T10:58:03Z
345992,1.0,-1.32,Est. from Guider,2026-04-09T12:06:56Z
346132,1.2,29.26,Est. from Guider,2026-04-10T03:29:06Z
346133,1.2,10.87,Est. from Guider,2026-04-10T03:29:06Z
346134,1.2,-2.98,Est. from Guider,2026-04-10T03:29:06Z
346135,1.2,-19.56,Est. from Guider,2026-04-10T03:29:06Z
346294,1.0,6.94,Est. from Guider,2026-04-11T03:01:29Z
346457,1.2,15.17,Est. from Guider,2026-04-12T04:43:43Z
346458,1.2,-8.62,Est. from Guider,2026-04-12T04:43:43Z
346460,1.0,-7.34,Est. from Guider,2026-04-12T05:12:24Z
346462,1.5,9.87,Est. from Guider,2026-04-12T05:50:22Z
346463,1.5,-0.52,Est. from Guider,2026-04-12T05:50:22Z
346464,1.2,-11.52,Est. from Guider,2026-04-12T05:55:07Z
346469,1.5,24.5,Est. from Guider,2026-04-12T07:44:47Z
346470,1.5,15.17,Est. from Guider,2026-04-12T07:44:47Z
346471,1.5,-0.25,Est. from Guider,2026-04-12T07:44:47Z
346473,1.5,-18.68,Est. from Guider,2026-04-12T07:44:47Z
346478,1.2,18.34,Est. from Guider,2026-04-12T09:58:37Z
346479,1.2,-2.87,Est. from Guider,2026-04-12T09:58:37Z
346480,1.0,6.57,Est. from Guider,2026-04-12T10:21:20Z
346481,1.0,-6.38,Est. from Guider,2026-04-12T10:21:20Z
347024,2.0,-7.74,Est. from Guider,2026-04-15T03:45:07Z
347025,2.0,-23.96,Est. from Guider,2026-04-15T03:45:07Z
347032,1.8,14.87,Est. from Guider,2026-04-15T06:48:20Z
347033,1.8,-8.41,Est. from Guider,2026-04-15T06:48:20Z
347034,1.8,-26.81,Est. from Guider,2026-04-15T06:48:20Z
347035,1.6,26.1,Est. from Guider,2026-04-15T07:52:28Z
347036,1.6,15.77,Est. from Guider,2026-04-15T07:52:28Z
347037,1.6,0.77,Est. from Guider,2026-04-15T07:52:28Z
347038,1.6,-11.28,Est. from Guider,2026-04-15T07:52:28Z
347039,1.6,-28.17,Est. from Guider,2026-04-15T07:52:28Z
347040,1.5,10.98,Est. from Guider,2026-04-15T08:54:12Z
347041,1.5,-14.52,Est. from Guider,2026-04-15T08:54:12Z
347044,1.4,29.08,Est. from Guider,2026-04-15T10:54:11Z
347045,1.4,12.9,Est. from Guider,2026-04-15T10:54:11Z
347046,1.4,-9.31,Est. from Guider,2026-04-15T10:54:11Z
347047,1.4,-28.48,Est. from Guider,2026-04-15T10:54:11Z
347197,1.3,-0.14,Est. from Guider,2026-04-16T03:02:12Z
347198,1.3,-12.85,Est. from Guider,2026-04-16T03:02:12Z
347199,1.3,-25.56,Est. from Guider,2026-04-16T03:02:12Z
347200,1.3,22.91,Est. from Guider,2026-04-16T04:03:23Z
347201,1.3,9.28,Est. from Guider,2026-04-16T04:03:23Z
347202,1.3,-4.28,Est. from Guider,2026-04-16T04:03:23Z
347205,1.1,-23.35,Est. from Guider,2026-04-16T04:47:18Z
347208,1.2,27.48,Est. from Guider,2026-04-16T06:56:56Z
347209,1.2,3.75,Est. from Guider,2026-04-16T06:56:56Z
347210,1.2,11.37,Est. from Guider,2026-04-16T07:26:41Z
347211,1.2,-16.43,Est. from Guider,2026-04-16T07:26:41Z
347212,1.1,23.35,Est. from Guider,2026-04-16T08:33:57Z
347213,1.1,-3.46,Est. from Guider,2026-04-16T08:33:57Z
347214,1.1,-26.43,Est. from Guider,2026-04-16T08:33:57Z
347217,1.1,25.4,Est. from Guider,2026-04-16T10:21:35Z
347218,1.1,6.56,Est. from Guider,2026-04-16T10:21:35Z
347219,1.1,-15.08,Est. from Guider,2026-04-16T10:21:35Z
347359,0.95,6.07,Est. from Guider,2026-04-17T03:08:44Z
347360,0.95,-5.27,Est. from Guider,2026-04-17T03:08:44Z
347361,1.1,13.21,Est. from Guider,2026-04-17T03:38:19Z
347365,1.2,16.68,Est. from Guider,2026-04-17T05:06:01Z
347366,1.2,0.86,Est. from Guider,2026-04-17T05:06:01Z
347367,1.2,-10.78,Est. from Guider,2026-04-17T05:06:01Z
347368,1.0,-0.3,Est. from Guider,2026-04-17T05:36:46Z
347369,1.0,8.4,Est. from Guider,2026-04-17T06:09:51Z
347370,1.15,6.84,Est. from Guider,2026-04-17T06:30:32Z
347371,1.15,-11.45,Est. from Guider,2026-04-17T06:30:32Z
347372,1.16,21.32,Est. from Guider,2026-04-17T07:16:45Z
347374,1.16,-6.78,Est. from Guider,2026-04-17T07:16:45Z
347375,1.16,-26.68,Est. from Guider,2026-04-17T07:16:45Z
347377,1.05,-2.89,Est. from Guider,2026-04-17T09:18:11Z
347378,0.93,1.15,Est. from Guider,2026-04-17T09:33:34Z
347382,0.83,5.76,Est. from Guider,2026-04-17T11:47:37Z
347383,0.95,2.87,Est. from Guider,2026-04-17T11:58:11Z
347524,1.3,21.34,Est. from Guider,2026-04-18T04:32:55Z
347525,1.3,3.41,Est. from Guider,2026-04-18T04:32:55Z
347526,1.3,-16.85,Est. from Guider,2026-04-18T04:32:55Z
347532,1.2,20.33,Est. from Guider,2026-04-18T06:55:18Z
347533,1.2,2.56,Est. from Guider,2026-04-18T06:55:18Z
347534,1.2,-10.54,Est. from Guider,2026-04-18T06:55:18Z
347535,1.1,1.48,Est. from Guider,2026-04-18T07:26:31Z
347536,1.1,-23.23,Est. from Guider,2026-04-18T07:26:31Z
347537,1.1,10.81,Est. from Guider,2026-04-18T08:18:52Z
347538,1.1,-6.64,Est. from Guider,2026-04-18T08:18:52Z
347539,1.1,-27.46,Est. from Guider,2026-04-18T08:18:52Z
347540,1.0,28.14,Est. from Guider,2026-04-18T09:32:45Z
347541,1.0,13.09,Est. from Guider,2026-04-18T09:32:45Z
347542,1.0,0.2,Est. from Guider,2026-04-18T09:32:45Z
347543,1.0,0.28,Est. from Guider,2026-04-18T09:51:44Z
347544,1.0,2.83,Est. from Guider,2026-04-18T10:21:11Z
347546,1.0,-19.2,Est. from Guider,2026-04-18T10:21:11Z
347707,1.5,29.21,Est. from Guider,2026-04-19T05:58:16Z
347708,1.5,18.07,Est. from Guider,2026-04-19T05:58:16Z
347709,1.5,2.8,Est. from Guider,2026-04-19T05:58:16Z
347710,1.5,-18.53,Est. from Guider,2026-04-19T05:58:16Z
347722,1.2,4.08,Est. from Guider,2026-04-19T09:33:43Z
347723,1.2,-12.12,Est. from Guider,2026-04-19T09:33:43Z
347869,1.1,12.81,Est. from Guider,2026-04-20T03:50:12Z
347870,1.1,-1.57,Est. from Guider,2026-04-20T03:50:12Z
347879,1.1,7.27,Est. from Guider,2026-04-20T06:19:50Z
347881,1.1,-17.93,Est. from Guider,2026-04-20T06:19:50Z
347882,1.0,-3.48,Est. from Guider,2026-04-20T06:59:04Z
347885,1.0,2.75,Est. from Guider,2026-04-20T08:29:53Z
347886,1.0,-23.14,Est. from Guider,2026-04-20T08:29:53Z
347887,1.1,22.09,Est. from Guider,2026-04-20T09:33:43Z
347888,1.1,9.76,Est. from Guider,2026-04-20T09:33:43Z
347889,1.1,-4.82,Est. from Guider,2026-04-20T09:33:43Z
347890,1.1,-25.81,Est. from Guider,2026-04-20T09:33:43Z
347891,1.0,14.18,Est. from Guider,2026-04-20T10:37:06Z
347892,1.0,-7.9,Est. from Guider,2026-04-20T10:37:06Z
347893,1.1,-5.34,Est. from Guider,2026-04-20T10:58:23Z
347894,1.1,-25.77,Est. from Guider,2026-04-20T10:58:23Z
348234,1.6,-10.68,Est. from Guider,2026-04-22T09:41:27Z
348235,0.95,1.24,Est. from Guider,2026-04-22T10:13:00Z
348236,0.8,12.39,Est. from Guider,2026-04-22T10:52:46Z
348237,0.7,11.86,Est. from Guider,2026-04-22T11:21:33Z
348238,0.7,-10.63,Est. from Guider,2026-04-22T11:21:33Z
348239,0.7,-25.87,Est. from Guider,2026-04-22T11:21:33Z
348379,0.7,9.21,Est. from Guider,2026-04-23T04:08:19Z
348380,0.7,-11.91,Est. from Guider,2026-04-23T04:08:19Z
348389,1.2,27.21,Est. from Guider,2026-04-23T08:04:44Z
348390,1.2,8.57,Est. from Guider,2026-04-23T08:04:44Z
348391,0.9,-1.83,Est. from Guider,2026-04-23T08:15:07Z
348392,0.9,-27.44,Est. from Guider,2026-04-23T08:15:07Z
348398,0.6,21.87,Est. from Guider,2026-04-23T11:20:05Z
348399,0.6,-2.54,Est. from Guider,2026-04-23T11:20:05Z
348400,0.5,-8.19,Est. from Guider,2026-04-23T11:34:35Z
348561,0.9,19.32,Est. from Guider,2026-04-24T04:45:08Z
348562,0.9,2.73,Est. from Guider,2026-04-24T04:45:08Z
348563,0.7,10.75,Est. from Guider,2026-04-24T05:16:00Z
348564,0.8,5.27,Est. from Guider,2026-04-24T05:37:36Z
348565,0.8,-17.02,Est. from Guider,2026-04-24T05:37:36Z
348567,1.0,29.1,Est. from Guider,2026-04-24T07:16:52Z
348568,1.0,8.99,Est. from Guider,2026-04-24T07:16:52Z
348569,1.0,-13.9,Est. from Guider,2026-04-24T07:16:52Z
348570,0.9,29.97,Est. from Guider,2026-04-24T08:26:01Z
348571,0.9,5.14,Est. from Guider,2026-04-24T08:26:01Z
348572,0.9,-19.14,Est. from Guider,2026-04-24T08:26:01Z
348574,0.65,22.76,Est. from Guider,2026-04-24T09:51:45Z
348575,0.65,3.08,Est. from Guider,2026-04-24T09:51:45Z
348576,0.6,-7.4,Est. from Guider,2026-04-24T10:01:53Z
348577,0.7,-3.89,Est. from Guider,2026-04-24T10:28:16Z
348578,0.65,-5.5,Est. from Guider,2026-04-24T10:47:35Z
348579,0.6,0.95,Est. from Guider,2026-04-24T11:11:34Z
348580,0.6,-17.37,Est. from Guider,2026-04-24T11:11:34Z
348581,0.6,-29.97,Est. from Guider,2026-04-24T11:11:34Z
348695,1.1,-29.41,Est. from Guider,2026-04-25T02:52:24Z
348973,0.98,20.08,Est. from Guider,2026-04-27T04:02:48Z
348974,0.98,-1.78,Est. from Guider,2026-04-27T04:02:48Z
348975,0.73,10.13,Est. from Guider,2026-04-27T04:38:03Z
348976,0.73,-11.57,Est. from Guider,2026-04-27T04:38:03Z
348978,0.89,18.62,Est. from Guider,2026-04-27T05:52:57Z
348979,0.89,-2.42,Est. from Guider,2026-04-27T05:52:57Z
348980,0.89,-24.37,Est. from Guider,2026-04-27T05:52:57Z
348982,0.79,23.65,Est. from Guider,2026-04-27T07:25:15Z
348983,0.79,2.16,Est. from Guider,2026-04-27T07:25:15Z
348984,3.6,13.89,Est. from Guider,2026-04-27T07:56:33Z
348985,3.6,-5.5,Est. from Guider,2026-04-27T07:56:33Z
348991,0.85,-19.41,Est. from Guider,2026-04-27T08:47:28Z
349116,0.78,-27.88,Est. from Guider,2026-04-28T03:04:26Z
349118,0.86,9.05,Est. from Guider,2026-04-28T04:24:41Z
349130,0.79,22.09,Est. from Guider,2026-04-28T07:25:06Z
349131,0.79,-4.28,Est. from Guider,2026-04-28T07:25:06Z
349137,1.2,15.64,Est. from Guider,2026-04-28T09:27:48Z
349138,1.2,-0.59,Est. from Guider,2026-04-28T09:27:48Z
349139,1.2,-13.68,Est. from Guider,2026-04-28T09:27:48Z
349140,1.2,2.57,Est. from Guider,2026-04-28T10:02:19Z
349141,1.2,-16.27,Est. from Guider,2026-04-28T10:02:19Z
349142,0.78,13.88,Est. from Guider,2026-04-28T10:47:04Z
349143,0.78,-2.82,Est. from Guider,2026-04-28T10:47:04Z
349144,0.75,-5.77,Est. from Guider,2026-04-28T11:04:20Z
349145,0.75,-22.1,Est. from Guider,2026-04-28T11:04:20Z
349612,1.2,25.98,Est. from Guider,2026-05-01T09:06:32Z
349769,0.7,-13.35,Science Image,2026-05-02T03:03:24Z
349770,0.6,6.5,Science Image,2026-05-02T03:40:19Z
349771,0.6,-14.55,Science Image,2026-05-02T03:40:19Z
349804,0.9,4.18,Science Image,2026-05-02T09:25:57Z
349805,0.9,-1.93,Science Image,2026-05-02T09:39:42Z
349806,0.7,-3.09,Science Image,2026-05-02T09:57:52Z
349807,1.0,-3.13,Science Image,2026-05-02T10:19:14Z
349808,0.7,-0.12,Science Image,2026-05-02T10:44:15Z
349809,1.0,-4.79,Science Image,2026-05-02T10:59:27Z
349810,0.8,-2.63,Science Image,2026-05-02T11:22:46Z
350265,1.1,12.64,Science Image,2026-05-06T08:48:15Z
350266,1.0,-0.64,Science Image,2026-05-06T08:56:10Z
350267,0.9,-6.7,Science Image,2026-05-06T09:08:12Z
350268,1.0,1.37,Science Image,2026-05-06T09:38:34Z
350269,1.0,-21.58,Science Image,2026-05-06T09:38:34Z
350384,1.5,26.5,Science Image,2026-05-07T03:46:28Z
350385,1.5,8.94,Science Image,2026-05-07T03:46:28Z
350386,1.5,-13.29,Science Image,2026-05-07T03:46:28Z
350389,1.5,25.27,Science Image,2026-05-07T05:16:12Z
350390,1.5,5.96,Science Image,2026-05-07T05:16:12Z
350392,1.2,-12.24,Science Image,2026-05-07T05:28:21Z
350393,0.8,-11.82,Science Image,2026-05-07T05:56:18Z
350397,1.1,8.05,Science Image,2026-05-07T07:46:49Z
350398,1.1,-12.4,Science Image,2026-05-07T07:46:49Z
350399,1.1,-28.51,Science Image,2026-05-07T07:46:49Z
350403,1.4,23.33,Science Image,2026-05-07T09:52:32Z
350404,1.4,4.85,Science Image,2026-05-07T09:52:32Z
350405,1.4,-17.42,Science Image,2026-05-07T09:52:32Z
350616,0.9,16.59,Science Image,2026-05-08T06:41:46Z
350617,0.9,0.94,Science Image,2026-05-08T06:41:46Z
350618,0.9,-18.21,Science Image,2026-05-08T06:41:46Z
350619,0.75,24.39,Science Image,2026-05-08T08:53:57Z
350620,0.75,9.46,Science Image,2026-05-08T08:53:57Z
350621,0.75,-8.33,Science Image,2026-05-08T08:53:57Z
350734,0.7,-13.34,Est. from Guider,2026-05-09T03:13:31Z
350735,0.8,11.39,Est. from Guider,2026-05-09T03:49:50Z
350736,0.8,-2.63,Est. from Guider,2026-05-09T03:49:50Z
350737,1.3,-1.97,Est. from Guider,2026-05-09T04:14:21Z
350738,1.1,20.48,Est. from Guider,2026-05-09T05:00:53Z
350739,1.1,4.68,Est. from Guider,2026-05-09T05:00:53Z
350740,0.9,-14.27,Est. from Guider,2026-05-09T05:03:33Z
350742,1.1,14.11,Est. from Guider,2026-05-09T06:15:02Z
350743,1.1,-7.87,Est. from Guider,2026-05-09T06:15:02Z
350745,1.0,9.39,Est. from Guider,2026-05-09T07:18:32Z
350746,1.0,-17.03,Est. from Guider,2026-05-09T07:18:32Z
350750,0.7,14.27,Est. from Guider,2026-05-09T09:21:04Z
350751,0.9,-11.54,Est. from Guider,2026-05-09T09:21:24Z
350752,0.8,4.98,Est. from Guider,2026-05-09T09:57:54Z
350753,0.8,-8.37,Est. from Guider,2026-05-09T09:57:54Z
350754,0.9,11.74,Est. from Guider,2026-05-09T10:40:27Z
350755,0.9,-3.23,Est. from Guider,2026-05-09T10:56:20Z
350756,0.7,-13.58,Est. from Guider,2026-05-09T11:08:55Z
350757,0.7,-26.09,Est. from Guider,2026-05-09T11:08:55Z
350870,0.7,-27.03,Focus,2026-05-10T03:03:34Z
350871,0.75,7.01,Est. from Guider,2026-05-10T03:59:23Z
350872,0.65,-6.9,Est. from Guider,2026-05-10T04:14:36Z
350873,0.9,7.99,Est. from Guider,2026-05-10T04:49:47Z
350874,0.9,-9.66,Est. from Guider,2026-05-10T04:49:47Z
350875,0.9,2.85,Est. from Guider,2026-05-10T05:29:31Z
350876,0.9,-8.59,Est. from Guider,2026-05-10T05:50:08Z
350877,1.0,20.55,Est. from Guider,2026-05-10T06:42:44Z
350878,1.0,-0.72,Est. from Guider,2026-05-10T06:42:44Z
350879,1.0,-2.78,Est. from Guider,2026-05-10T07:05:39Z
350880,1.15,-13.92,Est. from Guider,2026-05-10T07:21:37Z
350881,1.4,4.36,Est. from Guider,2026-05-10T08:05:10Z
350882,0.9,14.4,Est. from Guider,2026-05-10T08:35:55Z
350883,0.9,-9.06,Est. from Guider,2026-05-10T08:35:55Z
350886,1.6,29.86,Est. from Guider,2026-05-10T10:24:54Z
350887,1.6,-0.06,Est. from Guider,2026-05-10T10:24:54Z
350888,1.0,21.71,Est. from Guider,2026-05-10T11:09:09Z
350889,1.0,0.34,Est. from Guider,2026-05-10T11:09:09Z
350890,1.0,-19.36,Est. from Guider,2026-05-10T11:09:09Z
351003,0.69,-16.24,Est. from Guider,2026-05-11T03:12:52Z
351006,1.16,15.38,Est. from Guider,2026-05-11T04:29:34Z
351007,1.16,-6.49,Est. from Guider,2026-05-11T04:29:34Z
351008,0.91,6.95,Est. from Guider,2026-05-11T05:08:10Z
351009,0.88,19.85,Est. from Guider,2026-05-11T05:51:30Z
351010,0.88,-6.27,Est. from Guider,2026-05-11T05:51:30Z
351013,0.81,16.24,Est. from Guider,2026-05-11T07:32:09Z
351014,0.81,-5.69,Est. from Guider,2026-05-11T07:32:09Z
351015,1.21,17.22,Est. from Guider,2026-05-11T08:16:36Z
351016,1.21,-4.48,Est. from Guider,2026-05-11T08:16:36Z
351017,1.2,-7.95,Est. from Guider,2026-05-11T08:37:34Z
351022,1.25,13.51,Est. from Guider,2026-05-11T10:40:06Z
351023,1.25,-7.84,Est. from Guider,2026-05-11T10:40:06Z
351137,2.0,-6.33,Est. from Guider,2026-05-12T03:18:40Z
351138,2.0,-20.84,Est. from Guider,2026-05-12T03:18:40Z
351142,1.2,-28.1,Est. from Guider,2026-05-12T04:41:02Z
351144,1.25,13.39,Est. from Guider,2026-05-12T06:06:22Z
351145,1.25,-10.61,Est. from Guider,2026-05-12T06:06:22Z
351146,1.0,12.27,Est. from Guider,2026-05-12T06:50:54Z
351148,1.0,-23.74,Est. from Guider,2026-05-12T06:50:54Z
351149,1.0,10.57,Est. from Guider,2026-05-12T07:53:01Z
351150,1.0,-14.99,Est. from Guider,2026-05-12T07:53:01Z
351154,1.1,28.17,Est. from Guider,2026-05-12T09:48:24Z
351155,1.1,4.67,Est. from Guider,2026-05-12T09:48:24Z
351156,1.1,-13.36,Est. from Guider,2026-05-12T09:48:24Z
351157,1.1,-22.85,Est. from Guider,2026-05-12T09:48:24Z
351275,2.0,-27.3,Est. from Guider,2026-05-13T03:19:34Z
351282,1.8,-22.98,Est. from Guider,2026-05-13T07:01:18Z
351283,1.3,13.13,Est. from Guider,2026-05-13T07:52:52Z
351284,1.3,-8.51,Est. from Guider,2026-05-13T07:52:52Z
351285,1.3,-28.77,Est. from Guider,2026-05-13T07:52:52Z
